doc_id,PC0,PC1,PC2,PC3,PC4,PC5,PC6,PC7,PC8,PC9
church_councils__the_fifth_general_council_of_the_lateran__1512_17,-9.255366686353968,-1.0345165394884956,-6.970709310982277,3.0078124328358173,3.8093676580950366,-1.1666080735319397,-1.3991696110907095,-3.0383420907713887,0.9713610423782527,-0.8611393786238616
church_councils__the_first_general_council_of_constantinople__381,-8.09316585562652,-1.3979364041463604,-5.698969248942912,0.9643743859518649,2.3900568596309046,-0.4899559198445933,-0.42818491630407585,-2.263124968208767,0.16161151506642812,0.22537731510889408
church_councils__the_first_general_council_of_lyons__1245,-9.138158715062767,-1.1703608905598397,-9.708591725181188,2.8790015031047087,5.280274256769561,-1.7477861017585625,-2.1776410481718123,-3.7292132737762453,1.9118720594315142,-1.6190413796464682
church_councils__the_first_general_council_of_nicaea__325,-5.330177768585963,-0.07335258643649309,-7.7752336961793995,0.729082451825198,0.6876437076503139,0.22356975943907154,-0.38029369428761406,-1.278364463030375,0.374785269480549,0.19195197122121482
church_councils__the_first_general_council_of_the_lateran__1123,-4.982769757320796,2.1619215395330573,-10.429435604540135,3.2600402760339144,2.0617784325264026,0.0781064260130718,0.38679823972388294,-5.318202773189704,0.3157580057371829,-0.23241688334411356
church_councils__the_first_general_council_of_the_vatican__1869_70,-4.662536519210952,1.115115405678518,-6.76240048047202,-0.5096909848459554,0.4372880973143465,-0.011651549399135045,-0.1704517771318218,-1.0199685758798276,0.19996080150249043,0.2886938213898312
church_councils__the_fourth_general_council_of_constantinople__869_,-10.37135989679274,-1.1090806283314272,-3.3203169868417524,3.4219740569952948,4.797282499231691,-2.107099915830005,-2.0710584786776427,-3.0142119364803865,0.9218768517507,-0.29499353608027257
church_councils__the_fourth_general_council_of_the_lateran__1215,-10.015301274107918,-1.900599987331427,-8.534882051255408,2.9878567804031495,5.439149013422197,-1.562063902128018,-2.393519808513279,-2.535889119017862,1.2046230604052626,-1.551335613969327
church_councils__the_general_council_of_basel_ferrara_florence__143,-9.466767358133778,-1.016144884262756,-5.307904642782135,3.0659579705723323,3.2624590069447716,-1.515676219835225,-0.7527388658610997,-3.281695899343451,0.5242092058677229,-0.49373649340243975
church_councils__the_general_council_of_chalcedon__451,-8.784953955452535,-1.7183340970442964,-4.543401020815953,1.371635303248513,2.734328116906941,-0.9238355532744809,-0.5817638671684651,-1.260210387787181,-0.17267642787726417,-0.11765618727293248
church_councils__the_general_council_of_constance__1414_18,-8.3434853450903,-0.19450586727241365,-7.318977512730024,3.6039619294461462,3.846248797782547,-0.927754223075584,-1.8322536421240116,-3.2117118070587583,1.1782189719767198,-0.6422072818067562
church_councils__the_general_council_of_ephesus__431,-8.031895150039958,-0.5568068907123442,-3.1343015607389946,1.9817597581014925,1.922690062556397,-0.8467046773039026,-0.6408134507514701,-0.4297285627641208,-0.18967357257428002,0.7792002367120487
church_councils__the_general_council_of_trent__1545_63,-2.148567482168147,1.3082510691643672,-7.584851967935027,-0.009196476492424844,-1.4999516962641262,1.0847860112853502,0.3281243260422313,-1.5680834091626268,0.33875809410046703,0.81221395210296
church_councils__the_general_council_of_vienne__1311_12,-9.675957475623871,-0.9266695789226612,-6.898664469135931,3.4943227299795283,3.8206989353728185,-1.7421706181314938,-1.9599840025678712,-0.9314830914183506,1.2800452578467099,-1.4073202603173054
church_councils__the_second_general_council_of_constantinople__553,-8.301157211033338,-1.0819617352083803,-7.439734176753999,1.732108953501032,2.621259669441208,-0.7489249261961439,-0.6277546948720993,-0.9843530832199079,0.2887218066840563,-0.4004310254392781
church_councils__the_second_general_council_of_lyons__1274,-9.580868493189582,-1.3024733396349373,-10.115504206885882,2.3386409613011345,4.618819931850127,-1.5456509949908657,-1.8468019436587526,-3.119942745724126,1.4755298950910005,-1.8430860302551204
church_councils__the_second_general_council_of_nicaea__787,-8.729441781447195,-1.3458870314061724,-6.35640310787239,2.198268370720611,2.9449932339265676,-1.1772641318450994,-1.0507492016889002,-0.2706748625108589,-0.22737740534387388,-0.07546543325292668
church_councils__the_second_general_council_of_the_lateran__1139,-7.80014531717333,-0.4645063984869046,-12.269730829230866,2.9994237142700135,3.5025466665091063,-1.196186811802912,-1.4648521614169436,-1.5661179587344183,1.0949153684973711,-1.2076681348986247
church_councils__the_third_general_council_of_constantinople__680_6,-6.858582836809147,-0.6831899962203026,-4.363021938734353,0.5470489548351237,0.8479592167204363,0.14794539843175653,-0.06325055681694894,-1.401029351099789,-0.13431601844010063,0.26407684259982617
church_councils__the_third_general_council_of_the_lateran__1179,-8.306311937509985,-0.9195324593670549,-9.991787818341727,2.424773986009012,3.462455185803041,-1.0076317515305462,-1.4062035951651621,-2.1581850515463312,1.145152910171528,-1.282935230027929
church_councils__vatican_ii___1962_1965,-0.32504098208013643,2.294152476151442,-3.2751715344926318,-1.8410246726423722,-3.946718911351218,2.267081174510819,1.0525478200542646,-0.9777693204681657,0.1992971604745789,1.0839469124419052
pope_alexander_iv__clara_claris_praeclara,2.727218233925509,116.01950915538451,21.73250243165201,136.55841556122797,-33.40585299468907,-14.302101800634867,-34.05554672688002,254.61771397243973,-15.388482505853624,-8.79441588917511
pope_alexander_iv__petitionibus_vestris_benignum_impertientes,4.566906898488038,21.928014547284516,-7.1039699561344225,-7.999562819053734,-13.818585180378365,28.00413189076089,-1.2381433214844566,-4.836617012739627,0.5458456858131101,1.4625372445457647
pope_alexander_vi__inter_caetera,-6.951597195948753,-0.36433953900541,-11.537385233870195,1.9824330186993726,2.3040570221750296,-0.6142523951837785,-0.32381268932003987,-0.18163103194050376,0.17432637149650945,-0.3256520567726523
pope_alexander_vii__super_cathedram_principis_apostolorum,8.1229211969151,52.67641985146965,-8.155379442872247,-14.164445175427172,-32.986597025969374,80.41670840688455,-1.7193323828737659,-8.188895839325808,-8.086777856506858,-5.037624973433922
pope_benedict_xii__benedictus_deus,-3.8840500142167196,0.6345251493237881,-5.969506992377314,-0.32171616262921043,-0.49795375514500334,0.614959854833018,0.24741699572428674,-0.6382113542467053,0.03278908274781713,0.45370168438948066
pope_benedict_xiv__a_quo_primum,-7.9457718376875635,-0.724543140666251,-9.684056971277752,1.3577343518929395,2.9657112001738137,-0.6771226049199178,-0.46271819906170614,-1.2568587191290146,0.32298537822445544,-0.948966106295406
pope_benedict_xiv__accepimus_praestantium,70.76463152551503,-4.890607598108927,3.3385887285319384,-2.178914033571823,-0.23734247971624717,-5.192639504472622,-35.50764994851321,-9.501694402979963,-6.766712095332105,-5.026543592372461
pope_benedict_xiv__allatae_sunt,-7.363916567746577,3.5898512454204425,-6.565781306669933,6.717066350742323,3.1745402733872465,-0.0949832362727548,-2.4757994666782337,-5.026168722881053,0.34678938296052036,1.1144648087050257
pope_benedict_xiv__annus_qui_hunc,-6.988639886862167,2.793286416731858,-3.617885083093853,7.5008057817593645,7.637822741595048,-1.5937190472684313,-5.3879153489112745,-6.749802205324407,0.24730439101385449,0.4719811406562365
pope_benedict_xiv__apostolica_constitutio,-8.60492282615036,1.210274738027145,-5.776926408976135,5.566712273492763,4.774603140368083,-0.9361969480693202,-4.088211874669317,-0.2355791443021125,2.006665622526651,1.4804047285409259
pope_benedict_xiv__benedictus_deus,73.26075910503837,-4.844573225529901,-0.7487833372282506,-10.000755310526573,-38.23352098302043,-19.17287096840152,-5.618637700568027,2.332829884039914,12.45383950284337,-4.268608011328479
pope_benedict_xiv__celebrationem_magni,90.22902260632549,-6.823254265041433,7.940564584422155,2.997554916013998,5.034820759674958,-3.287749758267236,-22.48151851785251,1.16578998529618,26.438003360087222,-5.378848803741843
pope_benedict_xiv__certiores_effecti,55.085331282903745,-3.6648490451509343,-2.9652531687289434,-8.056693512666005,-24.868175972963808,-10.395554738554985,-13.26867777217655,0.1844576739612516,-17.9958525524194,4.751210875663855
pope_benedict_xiv__cum_illud_semper,87.14313236024933,-9.333448567054079,5.796643681095438,-0.28392843082411706,5.441216123884762,-10.084970138045833,-30.86423267814087,8.133813653383651,-40.75490675837841,12.197951577904432
pope_benedict_xiv__cum_multorum_charitate,35.02785473861477,-0.4087148180385294,-6.809506833117878,-10.326049458010523,-28.015419692564578,-8.302232763719585,8.372004057281039,0.1216225883008289,3.6863535189592174,-1.9145520848265818
pope_benedict_xiv__cum_religiosi,-7.137880784184852,-0.9241390697313271,-8.135416868765429,0.8065850354842631,1.804363746234622,-0.32243994305982154,-0.0901308673176479,-1.2833214567387428,0.15402147428042395,-0.031389705439639703
pope_benedict_xiv__cum_semper_oblatas,81.70262881342003,-5.485735256455395,5.362563499526795,-1.1462936329541964,4.358675307096459,-12.463578547977221,-42.884119191405624,5.48472200350618,-21.996890496970746,12.915376753563221
pope_benedict_xiv__elapso_proxime_anno,43.12991365457754,2.4473833537625214,-4.362341726299607,-6.227801071052621,-17.913072127990844,-2.000315308022612,-3.4434668166436153,-1.4259422140883424,17.60814946672146,3.7387733672813424
pope_benedict_xiv__etsi_minime,86.43715467098836,-8.535900226183275,4.573714663769481,-9.372082637413127,-23.43125646020903,-20.544060119216137,-31.654502836268684,-5.39612800230828,-100.35261399273574,-59.359143669074804
pope_benedict_xiv__ex_omnibus,-7.091214335748044,-0.7034436024363024,-9.946632836988679,1.3327840115397092,2.0468062221323855,-0.6451392567825641,-0.2630974593442706,-1.1035636630195538,0.1906515023516168,-0.6184293826999631
pope_benedict_xiv__ex_quo,-7.8195299993474325,2.672582083180744,-3.349437770252465,6.94352808645497,5.007802176872731,0.7899969644545104,-5.846684993853911,-4.504936216349036,1.962291383943912,2.9942810517928335
pope_benedict_xiv__gravissimo_animi,48.25440879109606,0.3349101340558152,-3.417155845410245,-6.143651051082004,-19.354751960091598,-7.4679705942479835,-12.705955710693928,-2.303155026688448,19.26031141098552,8.169890393299626
pope_benedict_xiv__gravissimum_supremi,76.2667633442686,-7.674916219897808,3.169394395026996,-7.156229179578618,-6.251526442886277,-16.544180252314572,4.7885683735201106,-3.97032634032021,-38.30897812615434,-7.100312356533523
pope_benedict_xiv__in_suprema_catholicae,64.89959539665962,-3.2473955685620766,-3.9178999879604635,-13.588961179678128,-49.330464264958735,-22.24205537628104,-0.8124100942353818,0.897427252487729,37.46390661176908,-16.847706171207957
pope_benedict_xiv__in_suprema_universalis,44.94449678707264,-2.41804574207482,-5.590226143237283,-10.229036813401553,-30.794732448526272,-11.606959974661653,4.922568436337535,1.6063991490858522,2.994719944547685,-0.18751872128893515
pope_benedict_xiv__inter_caetera,72.57825059542125,-4.247353186132979,2.8894211846790614,5.140229943109784,-3.4497435089069994,-15.776047920072665,-67.62669635365978,-20.32943147961931,127.13600590495655,31.166802042180535
pope_benedict_xiv__inter_omnigenas,85.20220215899415,-7.933546320916787,6.6048649607312555,-0.9989266027755797,-3.1880352075662506,-13.783281870415681,-15.15844096308281,-9.092029978925439,-54.11132493937605,-66.93808100185188
pope_benedict_xiv__inter_praeteritos,90.1302980144306,25.663171281192678,26.45570867567018,62.2342935770933,52.85733897619635,19.348783233008778,-103.80642157956635,-7.581564493704239,33.63233474171691,40.50849140767796
pope_benedict_xiv__libentissime_quidem,90.1736081423897,-5.812879986095957,9.618332643789813,1.8885791967262013,8.924191942527713,-12.531363540520662,-16.97771825559195,11.886568239309366,-18.012240697292313,20.386342403444388
pope_benedict_xiv__magnae_nobis,-6.302628865008205,0.019695745583773207,-10.518619616596103,1.936425298124951,1.8817021915373027,-0.3205427934087362,-0.7214245293033148,-1.3715878939278303,0.4453003344943522,-0.7117902081818059
pope_benedict_xiv__magno_cum_animi,82.6888591032449,-1.7604559680989937,8.343569426182848,10.232232746547343,16.147912234210658,1.6937653666650547,-61.11353938244191,-2.520448667180825,10.48846555661484,6.064695012957766
pope_benedict_xiv__nimiam_licentiam,-7.523415018216975,-0.7748929290414309,-11.09233207144456,1.370164636015883,2.567262620175583,-0.7083144480401915,-0.4896884782253904,-1.5135646468308273,0.4168602587538993,-0.8693899790534981
pope_benedict_xiv__non_ambigimus,56.82287315741301,-3.4755494464728804,-5.483779110177578,-16.910016588741144,-45.62376000552658,-19.19089947386869,-4.303338392040604,2.139208266464232,-9.040192914019038,-3.740251382007733
pope_benedict_xiv__officii_nostri,83.12926292838465,-6.362646279202704,2.638649841216863,-4.946128581621488,-14.176826719872027,-11.085961510525738,-13.398821438713941,5.930861153072548,14.910037151090272,-12.801581048127025
pope_benedict_xiv__peregrinantes,-8.346253891118275,-1.2215009048867005,-9.776859458591199,1.6094698186202336,2.890119447124006,-0.9010011775944373,-0.22497224829151152,0.5432012444307884,-0.33963707170582236,-0.07263214850800928
pope_benedict_xiv__pro_eximia_tua,34.164765853432705,-1.186812969272125,-6.721480772704053,-8.193231362907657,-23.131242024913725,-5.31830583045103,6.198401321842622,1.1399888347131395,4.346570134867558,-2.0982085317731967
pope_benedict_xiv__prodiit_jamdudum,65.07679179957874,2.4174216256256567,3.504811093983211,1.7688938936309515,0.35539099720932416,0.8080187789633657,-68.37073022095012,-7.095847437455156,131.4310672510493,72.3194733982054
pope_benedict_xiv__providas_romanorum,74.79283083393094,-5.6469108887536805,0.95811248772076,-10.696926029595243,-16.9108673310792,-8.369657061925901,-6.567392161811821,-9.192625387881336,14.537399716013903,-2.5827580754771717
pope_benedict_xiv__quam_ex_sublimi,55.07269951654704,-2.346488470778023,-4.355205151121174,-12.117406344895645,-30.64461155312294,-14.243512114307183,1.5271129097380394,2.3440720815549385,-5.298837668649169,-9.21584984472282
pope_benedict_xiv__quam_grave,76.24711419626823,-6.032248666922984,1.8395269572674784,-2.0003323687121717,-8.71979754204715,-1.78017562148489,-17.763931927621655,2.761020735720212,11.073431028610619,-11.036524698640505
pope_benedict_xiv__quamvis_paternae,62.359112595430275,-6.020421790599913,-5.003808479305589,-13.40051570030409,-39.247324871162334,-14.59064848838031,-15.343739541235571,6.722985503878081,-21.757111122797333,-2.7088002798576465
pope_benedict_xiv__quanta_cura,-5.868277570237442,-0.16125217640824135,-11.236292917249349,1.1412626773337538,1.4733883640894627,-0.006069823465219653,-0.017217184401288062,-0.7484751804031332,0.09630629423575662,-0.05258801416433869
pope_benedict_xiv__quemadmodum_nihil,46.778275504460886,-0.773828141253251,-4.62658094116416,-9.568270301788685,-30.403826572287112,-12.41335951032021,0.041454912723114516,-1.4544155385161837,1.967994480054655,-3.358387224014376
pope_benedict_xiv__quemadmodum_preces,51.45019579602293,-1.9097547138111122,-3.7356124152526475,-10.308266075221201,-20.386541854186177,-6.7309255202616365,5.750975267629528,0.35768359925137866,-1.1618313710142163,-1.7456236224964055
pope_benedict_xiv__quod_provinciale,-5.982305182942368,-0.46092639554231835,-10.844624201278185,1.1376739024845364,1.6531279342556442,-0.4966946572427934,-0.06153497240081778,-0.49539087981033103,0.28037080382072266,-0.3786385829890207
pope_benedict_xiv__satis_vobis_compertum,75.43724199876199,-8.011993205742492,-0.7061613435803775,-9.98056232025945,-31.509339209732364,-15.222210626658194,-18.880408245621233,6.776772215100904,-61.88105895595131,-16.79836486746747
pope_benedict_xiv__ubi_primum,-7.594810624582931,-0.7054946674535688,-9.266964528019008,0.6966894711911981,2.5115256294300385,-0.7046338712412713,-0.05532772446656776,-0.6482313871853741,-0.038983212040216667,-0.3720302506225883
pope_benedict_xiv__vix_pervenit,-8.455133549251789,-1.399366270202259,-7.851323396910747,1.2523797775394359,2.8215482212115313,-0.7989755500780341,-0.5540998478999889,-0.634994300973209,0.11232485438842311,-1.1174458434590604
pope_benedict_xv__ad_beatissimi_apostolorum,-8.535275367329826,-1.6448517083473488,-5.9549241167885,0.928575957483272,3.2550677469872467,-1.0556020308357479,-0.6158444077227122,0.39773306335048847,-0.24134325803016551,-0.5419542358663173
pope_benedict_xv__annus_iam_plenus,-7.466443127633365,-1.2775076891300248,-8.034086794043056,0.8345010834472713,2.035677164714344,-0.44467938799505224,0.3165637165155858,0.11314971284940799,-0.3561567806306412,-0.13578787708221754
pope_benedict_xv__fausto_appetente_die,-7.1531133847975035,-0.8159296799525287,-9.421001698047215,1.6501506029900215,2.2400413256605813,-0.8156411670002764,-0.005089323638409567,-0.11887050770491138,-0.19156222827413083,-0.003476438368637397
pope_benedict_xv__humani_generis_redemptionem,-8.179351019271852,-0.7273523645513822,-6.188979674091125,1.8907412224967244,2.744214165267525,-1.045914983454467,-0.43035506010031077,0.0018014547179863627,-0.10207361052329994,-0.24646663856703774
pope_benedict_xv__in_hac_tanta,-7.319717377728164,-1.0711731538153444,-7.202746814241213,0.7674556145702899,1.7234513901293087,-0.22201181610694648,0.14235393981837416,-0.26178229107747014,-0.19006053700529874,0.2936012416700449
pope_benedict_xv__in_praeclara_summorum,-8.415889370481317,-1.5987766969039865,-4.219820358405518,1.193641587980457,2.1642817845606848,-0.9312878798344901,-0.04125991773520174,0.627125052795354,-0.3187117109862728,0.1318046937496393
pope_benedict_xv__pacem__dei_munus_pulcherrimum,-8.797994034518467,-2.0017086169897693,-6.240090044049394,0.8345705447966719,2.8011742364615846,-0.9440964610173768,-0.04045676909318355,-0.322004152466543,-0.3558978635912742,-0.248344666044582
pope_benedict_xv__paterno_iam_diu,-6.630090251748104,-0.9433599963479307,-7.617532319908665,0.5491369430102379,1.507166473859478,-0.04490497048652722,0.3416564023783423,-0.7773199506609181,-0.4302122813894783,-0.14415176509095978
pope_benedict_xv__principi_apostolorum_petro,-8.456247543634774,-0.5709600530883215,-8.3167038257763,2.3799990279585606,3.2038953450049807,-1.0222442907736282,-0.9067414666726779,1.7615644069115013,-0.5760963948100464,0.27700172209519985
pope_benedict_xv__quod_iam_diu,-5.308762250584838,-0.46998740564468716,-7.537869872891335,0.14555447729216955,0.5274645898833462,0.16478260528207658,0.3612396591904902,-0.5562347505020243,-0.1162346730305396,0.07208203604778358
pope_benedict_xv__sacra_propediem,-8.722234909449279,-0.9750968879694983,-2.6842647627500407,0.8356693004686414,2.084282974953755,-0.7709580651609725,-0.14634257930054423,0.9753861280646835,-0.2795712463589941,-0.14010908287194498
pope_benedict_xv__spiritus_paraclitus,-10.645636836851363,-1.8913008246123717,-1.7247441632994556,2.911419810378071,3.450432505493953,-2.048775762012346,-0.6573446496775904,0.7110063276289977,-0.17961066358618327,-0.09970596023541976
pope_benedict_xvi__africae_munus,-11.952556835171617,-6.244946063236945,41.54984110930531,-7.133002851771318,-5.323231468410824,2.1161837979022056,0.46236481641271093,1.6968220280125437,0.01554066186729367,1.2373871901333935
pope_benedict_xvi__anglicanorum_coetibus,-5.125120855003052,0.2694256534265947,-1.6562682802421116,-0.6477768361736779,-1.3586914214718901,1.3725291199991154,0.14149119627561332,-0.6688996394543917,0.014966580205234796,0.5013930598723442
pope_benedict_xvi__caritas_in_veritate,-19.80081583345107,-15.973097297835825,114.04140792172937,-20.26449505291006,-12.849282983269534,4.4490651393485745,1.2633965889930867,5.729424011641691,4.245998941666414,-6.312303692203564
pope_benedict_xvi__complementary_norms_for_the_apostolic_constitution,-4.387326349386728,0.24460348123497144,-2.8123357397526196,-0.9639981298460638,-1.3692545727749896,1.6828461590420325,-0.0009329505005344666,-1.7858001476659353,0.1256711621821416,0.393605754542364
pope_benedict_xvi__deus_caritas_est,-13.595885357582391,-5.341808477214703,40.784026671205645,-4.3994198791850705,-3.163590487156778,0.297490104986292,0.8818522394989476,0.08333640406711561,-0.39182867065949945,0.985216852711015
pope_benedict_xvi__doctrinal_note_on_some_aspects_of_evangelization,-9.038299482873823,-2.315196196657541,18.727427102712415,-2.583234909666241,-2.66935914225184,1.0084271231895279,0.8542303068280102,-0.6370352091133619,-0.4480110759189676,1.2350907633654187
pope_benedict_xvi__guide_to_understanding_basic_cdf_procedures_concer,-3.9689829071773244,0.8444241661024808,-4.626761664474096,-1.031385534257505,-1.0676485492075543,0.9626247556435386,-0.02849837933743435,-0.9427276902034335,0.4300337581996411,0.014852107190440217
pope_benedict_xvi__instruction_concerning_the_criteria_for_the_discer,-5.450537241412385,0.013939695708031047,4.463944172003954,-2.1370234642493036,-1.8156875687206662,1.0901937194687172,0.46446327061227044,-1.6451570879681674,-0.2849017797138563,0.5990167411369695
pope_benedict_xvi__instruction_dignitas_personae_on_certain_bioethica,-13.499496495665097,-8.017645361537319,48.64502226659901,-10.381480479249092,-5.652796961400133,2.9354235110054603,-4.608549079643058,-1.4359218475764268,-4.584787420627842,-0.9643369374674812
pope_benedict_xvi__instruction_on_the_application_of_the_apostolic_le,-4.595706226977513,3.413074686749373,-2.609626812266598,-3.2555198926113986,0.09622874493463257,0.7187500777857537,-0.11382060175397017,-1.6689761772128897,-0.18275043118883683,0.4961475387398887
pope_benedict_xvi__letter_to_bishops_which_accompanied_summorum_ponti,-7.378419347269375,0.1306378846235192,2.5206811198651375,-2.396512647949983,0.21591416206602176,0.24096172601516364,0.16804372475858836,-0.7363216247235416,-0.4669399853525659,0.43167236866197334
pope_benedict_xvi__letter_to_the_bishops__priests__consecrated_person,-8.623014322873273,-2.6300674567886375,13.676540679999198,-2.5681212478764315,-1.4633287352569293,1.032469118643613,0.06286548280639165,-0.37687696234222867,-0.660789491459216,1.047907188614331
pope_benedict_xvi__meeting_with_the_representatives_of_science,-11.660550035124912,-2.192631458688915,30.349585903719102,0.11977303220187209,-2.8892130864448795,-0.29386670793152014,1.368746262416049,-1.0051009639495037,1.702362279952244,-2.8267767524317646
pope_benedict_xvi__motu_proprio,5.577380425485519,29.816502489469176,-6.160462363175067,-12.478529055280662,-11.254613778128437,24.856014340549955,-0.7678816255371206,-1.32493976710552,-1.0540970016382947,0.9241378592198689
pope_benedict_xvi__proclamation_of_st_john_of_avila_and_st_hildegarde,-8.511869085757537,-2.6234270778695308,9.821950548383214,-2.5074526378883633,-1.1428878648613348,0.6640897875911198,0.3941024978766428,0.01255508865228046,-0.8052675031100932,1.6518083419858098
pope_benedict_xvi__redactional_note_on_the_instruction_universae_eccl,-2.498109312369211,2.5217571332002495,-5.7963573988981825,-1.4624630883091312,-1.731338124646129,2.3428144824471895,0.16619792575704503,-1.6108364400203086,0.0794702664279372,0.6797635358795092
pope_benedict_xvi__responses_to_certain_questions_of_the_united_state,-2.4223772825221994,0.6899722159447742,-4.250048758858954,-0.9091416051530571,-1.8030027287782178,1.0850174440856315,0.42450999014058255,-1.2338963095103246,0.19821781270944674,0.220550613436418
pope_benedict_xvi__responses_to_some_questions_regarding_certain_aspe,-4.3389870587038715,9.578718277912175,4.833006378520544,2.8233470244975334,-3.536393921838987,0.9599724583640459,0.8433843306181814,1.7184601605579737,-0.9365513980370849,0.4470086686333521
pope_benedict_xvi__sacramentum_caritatis,-10.56482366424289,-2.367317713974568,31.302758199330594,-1.757633090818718,-4.0594205291532965,1.6876494442724588,-0.16060114363182226,2.4838542607789686,-1.39006306590138,2.8041764748477265
pope_benedict_xvi__spe_salvi,-12.338203548842856,-4.051899930897939,27.8954682580044,-1.8953490633380774,-1.6396303888107884,-0.33652454095522555,0.6273933845892382,-0.5819631272136029,0.24942003874484572,0.2539522356102779
pope_benedict_xvi__summorum_pontificum,-5.242227294379491,1.5315323279184592,-4.897712473437542,-0.04446533304179936,-0.16080467945129165,0.7240595310089901,-0.11276788814418502,0.5609814768640566,-0.17998384223416583,0.47001185041503457
pope_bl__pius_ix__amantissimi_redemptoris,-6.666404785071317,-0.43401389006512586,-9.062185236578253,0.8653472234467197,1.7036169134835204,-0.38064114361881135,-0.0913893187334664,-0.6492937978323718,-0.0964767110899301,0.06222124050919363
pope_bl__pius_ix__amantissimus,-7.516815277423095,-0.9446429258384045,-8.920835682765174,1.1258590675925777,2.125066383525713,-0.6325569104953691,-0.0032650815544956243,0.00101604213041083,-0.23822905957912263,-0.2610586474100492
pope_bl__pius_ix__apostolicae_nostrae_caritatis,-7.176497882099254,-0.10061842301998075,-11.334698712877682,0.7617261131720557,2.481978041370284,-0.6293912599460001,0.09303476590752897,-0.4084662404233881,-0.21777284937411648,-0.2227024507740524
pope_bl__pius_ix__beneficia_dei,-7.29292899639012,-0.9989808093310946,-10.978036085341834,1.309906851113919,2.4376683385567532,-0.676568244779219,0.20673100996743762,-0.7707765343642408,-0.22287883962162566,-0.21759556233893437
pope_bl__pius_ix__cum_nuper,-7.910699251958844,-1.2362559417777979,-11.740437307975593,1.4313888702117132,3.1319551586235126,-0.5762610530977383,0.33330891379797306,-0.859236898756068,0.433622593578211,-1.0472807361980854
pope_bl__pius_ix__cum_sancta_mater_ecclesia,-4.9450971951806295,-0.1862247678169093,-9.285236716875797,0.5134646861622929,0.662522429729105,0.1562572424541053,0.29770017972753393,-0.792184756269742,-0.05267099293770327,0.2788980843043591
pope_bl__pius_ix__dives_in_misericordia_deus,1.4341755015193491,1.8734699725231236,-5.065317914685853,-0.8381457543729078,-2.870511973640523,1.1781916298339168,0.6446657674118438,-0.7899325281990235,0.37379011754025937,0.42575032130661744
pope_bl__pius_ix__etsi_multa,-8.235194199971595,-1.1478111960487412,-10.406361679057708,2.1873302170275966,3.8783639547321105,-1.0409819131664193,-0.2237128434220662,-1.558382474652793,0.15275110197181585,-0.531856607961922
pope_bl__pius_ix__exultavit_cor_nostrum,-7.335440393017414,-0.7407449533621663,-11.414789968039688,1.7137564056268053,2.2981128351084155,-0.596505365861043,0.22976879184476656,0.06935756648606704,-0.35200386799192857,-0.12321586930046871
pope_bl__pius_ix__graves_ac_diuturnae,-7.462467355682617,-1.319125993742111,-10.439218123162275,0.8603111595760187,2.679643986326876,-0.7524496024897698,0.0906574341724878,-1.27538616021448,0.026910940100936157,-0.5027830729894482
pope_bl__pius_ix__gravibus_ecclesiae,-7.170040619456154,-0.30122955197816803,-10.231580792684847,1.531507015459754,2.0818064289041107,-0.04610420327546853,-0.6171835694724281,-0.5942043929781031,0.07843278676312103,-0.12826295900324455
pope_bl__pius_ix__incredibili,-7.170197523620628,-0.7872014387300874,-13.8092853120946,1.8911633029369732,2.891327553014881,-0.9823860198218822,0.022295654126765433,-1.2145061388802036,0.15445537818527436,-0.8970503939514135
pope_bl__pius_ix__ineffabilis_deus,-7.911069921609605,-0.5954792635035406,-8.6145412564545,1.8002978965160532,2.4294106987384643,-0.9669991746937489,-0.27738936385613655,0.8313793743167314,-0.5962874755180172,-0.15001826561286985
pope_bl__pius_ix__inter_multiplices,-7.106336709212324,-0.3283297766896948,-11.792291689867088,2.170066257989674,2.4061959175025933,-0.938551865599054,0.3957482410606604,-0.9358224363370437,-0.10059915402509985,-0.5075774736341186
pope_bl__pius_ix__levate,-7.248730468139843,-0.7361366503026909,-13.212825388549485,1.7872088856545894,2.8414446946604786,-0.7954672171077118,-0.10818901925282551,-0.9276851167730048,0.070588240192372,-0.7866121653562529
pope_bl__pius_ix__maximae_quidem,-6.466037698474439,-0.7790702729527251,-10.61057778186082,0.8076624217584266,1.9321737668424093,-0.43941401766157623,0.1184897242004933,-0.8673298285941351,-0.016854556159195653,-0.4885999758587433
pope_bl__pius_ix__meridionali_americae,-4.253800646715177,-0.01980695076824722,-8.75893529001887,0.10187314254933964,0.03308167603522598,0.27784839368587555,0.4627156216579583,-0.5831049433188092,0.02223903319392348,-0.032642866665535716
pope_bl__pius_ix__neminem_vestrum,-7.8209236895482,-0.7429431175635968,-10.06568924905786,2.015976027123339,2.706492389951266,-0.9741851578951761,-0.15973705104969665,-0.40360923600052157,-0.17394530028527064,-0.5213591312706759
pope_bl__pius_ix__nemo_certe_ignorat,-6.753940063374095,-0.6542727580991479,-10.49624856403289,1.1167396867018884,1.9656855300509488,-0.5676787809935172,0.14495204613486254,-0.5155389277833228,0.005833952118129573,-0.3718108082738596
pope_bl__pius_ix__nostis_et_nobiscum,-8.891887608777777,-1.881450704831656,-9.33715853557131,1.3682826270220305,3.5731010464591946,-1.2805319082915334,-0.25787055029294204,-0.9237966761321753,0.022575872452653942,-0.9476036946632064
pope_bl__pius_ix__nullis_certe_verbis,-6.944138957846014,-0.5982298531400079,-10.800996211325993,1.3867462074856147,2.319089425342509,-0.8832772193898907,-0.06260482298940123,-0.4556418381820461,-0.0066725555260916045,-0.6628583153676965
pope_bl__pius_ix__omnem_sollicitudinem,-6.620097693516612,0.1156654629347272,-11.484417638635565,1.18969723794553,2.1857042062135816,-0.6523548134363795,0.03789728534436585,-1.6766250455099723,0.09204768411228996,-0.4198446316327158
pope_bl__pius_ix__optime_noscitis,-6.717524272871363,-0.6921063019088646,-9.529363777724168,0.8403020369957728,1.5350011910731591,-0.2183221752552453,0.09021660204438506,-0.3484909712772212,-0.14280437080981753,-0.18694724668325524
pope_bl__pius_ix__praedecessores_nostros,-6.022554388103983,-0.3422455782431186,-9.832864922988586,0.9271697305223054,1.3332282661962638,-0.11972031971966308,0.16366772897752602,-0.23414618234492357,-0.18310090733303486,0.07527234268774416
pope_bl__pius_ix__probe_noscitis_venerabiles,-6.583685255135445,-0.6562217909645213,-10.290196531230588,0.8739093855279725,1.734313585520087,-0.5647641883140266,0.26677909681820244,-0.4880002270814199,-0.029946539913894607,-0.32980903567034214
pope_bl__pius_ix__quae_in_patriarchatu,-6.8691562211006705,-0.5145335935501694,-11.394449184512471,1.4923040345356349,2.2233377872105082,-0.6000713681011929,-0.08405721927329234,-1.6699902157939663,0.13782595761791883,-0.5275326022743199
pope_bl__pius_ix__quanta_cura,-7.439078213604799,-0.27692468475310517,-11.47897547652022,1.6079460119265903,2.9538610434827093,-0.9161163735609116,-0.15171436267113356,-0.6605545623380267,0.04652973744757244,-0.7990704682879632
pope_bl__pius_ix__quanto_conficiamur_moerore,-8.408406068389302,-1.360962736409727,-11.754458510904922,2.0431881764443727,3.5881930884641142,-1.2578992810576508,-0.3278636218689921,0.12922927725723238,-0.23916229944894368,-0.6897165317944381
pope_bl__pius_ix__quartus_supra,-8.099869916772139,-0.9735864400342639,-7.57134090384815,1.0959207245507958,2.99129216061297,-0.9735838166032988,-0.3503184439196395,-1.1502924856741286,0.23081406988420336,-0.8705901126360633
pope_bl__pius_ix__qui_nuper,-4.6712479311227515,0.30437539151004644,-11.038527109904013,1.1627716623148772,0.6988212587757218,-0.09953056345099046,0.40216092124803854,-1.0363971891965265,0.07421381888863109,-0.0824557865110347
pope_bl__pius_ix__qui_pluribus,-9.333046429284686,-1.9969595438884642,-9.27102918710795,1.2687492311048427,3.755422811825291,-1.2185091568543918,-0.10138167886582901,-0.47529859715119416,-0.12343803409827903,-0.7027035084287363
pope_bl__pius_ix__quod_nunquam,-7.005516292770942,-0.6837947999741498,-11.243038742655733,1.6042347997963358,2.3097187504329075,-0.7431171836339855,-0.15387676762534533,-0.2090152227559011,0.14967244310206648,-0.7168765833377373
pope_bl__pius_ix__respicientes,-8.485333072482709,-1.412066875141117,-12.861812876254024,2.0005888622169437,3.807974216564181,-1.343135973937205,-0.22296330597273728,-1.04969442255412,0.0908325564574854,-0.931196600865218
pope_bl__pius_ix__saepe_venerabiles_fratre,-7.045820846628194,-1.0697490091385773,-10.487314399755572,0.9108763742048057,1.9971744440013914,-0.3240492874845688,0.46691950486667194,-0.27871287189039756,-0.621049455908696,0.1458156888756897
pope_bl__pius_ix__saepe_venerabiles_fratres,-7.045820846628194,-1.0697490091385773,-10.487314399755572,0.9108763742048057,1.9971744440013914,-0.3240492874845688,0.46691950486667194,-0.27871287189039756,-0.621049455908696,0.1458156888756897
pope_bl__pius_ix__singulari_quidem,-7.903192145058518,-1.3825333846607395,-8.613929490373891,0.9750905816351687,2.5102925412551365,-0.7285673757031824,-0.06721873027395522,-0.6242901887111577,-0.12863919128688184,-0.39422375145420724
pope_bl__pius_ix__the_syllabus_of_errors,-6.352889772713234,3.2047764259288765,-5.778922234727064,0.9095803774631158,1.045555460227671,0.3246290303403704,0.330926870239141,-2.070595824854597,0.19943462630810818,-0.9167816879603627
pope_bl__pius_ix__ubi_nos,-7.6104393666797625,-0.9555366205634173,-10.338176262955844,1.7457443272034872,2.6543064669744094,-0.8878244653236699,-0.05386145650217634,0.06031297409577132,-0.1363726798952309,-0.5398431157214644
pope_bl__pius_ix__ubi_primum,-8.532824283028123,-1.3475474986681784,-9.320313691115073,1.1665213780292993,3.0771130049424316,-0.9513043353245454,-0.18266679889221135,-0.22870472900852212,-0.15358257132298536,-0.503455348575204
pope_bl__pius_ix__vix_dum_a_nobis,-6.9147623739368616,-1.0177422461069163,-10.090795241087411,0.9148691280410377,2.5032708272770745,-0.6494692089223457,-0.21402804315937438,-1.207776836498164,0.2683795017384704,-0.7300056872343207
pope_boniface_viii__unam_sanctam,-4.724707289485542,0.08445628431162278,-6.881358868182704,0.5065481189698146,0.2187847971311179,0.06702901298926792,0.05744630985103495,-0.06274265016418938,-0.039898129117891076,0.23017641728888996
pope_clement_v__exivi_de_paradiso,-5.543356994621647,1.0658429479420677,-11.083298287406627,2.3271732906248124,1.2712621832552848,-0.19431571243247403,-0.9871461009820558,0.8970966140562854,0.4019427542953827,-0.4804964826134446
pope_clement_viii__ex_supernae_dispositionis_arbitrio,8.129104567231215,97.69795371536789,-9.767059654433778,-35.21540791646707,-68.4319848060264,193.85057581451383,-15.255470687533734,-16.848357066855254,-9.220576213061674,0.5226804988423176
pope_clement_xi__latin_w_partial_french_translation,14.570527070506769,168.71273528996562,52.84003547808637,222.51710681339588,-57.12586774204006,-57.072512396993915,75.06686318473344,-146.57872148023966,4.256603878761677,-5.693020317053313
pope_clement_xi__unigenitus,-6.846298576270499,0.42072713864012556,-4.8253637580695345,2.498567679731124,0.8078730995940241,-0.16052570848464268,-0.14729173029226142,-0.8363658331684672,-0.1633651295524886,0.1009155160487559
pope_clement_xii__in_eminenti,-6.0524661144359895,0.2770436367440736,-10.663712883439578,1.0921191436655147,1.9220231357100985,-0.8710839648982723,-0.2186071246946205,-0.3810731643541355,0.3589723819756958,-0.57870626311685
pope_clement_xiii__a_quo_die,-7.582821701271938,-1.1862431352735319,-6.039936993223973,1.0764231676694045,2.077802148926811,-0.8193688892004919,-0.045322428838392326,0.09560268654550017,-0.04234265265325709,-0.21199865911888796
pope_clement_xiii__accedamus_cum_fiducia,52.72025390147392,-2.913027415556224,-5.04882065064502,-11.406648752563742,-41.672682491450495,-18.58476254092798,-6.903325905823337,-3.174789922145596,26.82508135005103,-3.7629284810669787
pope_clement_xiii__appetente_sacro,-6.451632903597577,-0.6807902846033674,-8.482116137593428,0.7298659334061759,1.3131782633499915,-0.29737866306005717,-0.07434436964275985,-0.4345696297348517,-0.10686196124182262,-0.015650762514343382
pope_clement_xiii__christianae_reipublicae,-8.866872632474292,-1.5966242123906234,-11.616364285596863,1.9182140043255413,3.771059408237121,-1.595551766009192,-0.38061235955131467,0.00280718436619023,0.24099743147861324,-1.128425797259508
pope_clement_xiii__cum_primum,-8.804790568036736,-1.57569866971376,-8.459432132803112,1.2093585012583843,3.204724170995128,-1.0411745368841818,-0.6256425004802852,-1.139814549291976,0.384243671122394,-1.2022364113634207
pope_clement_xiii__in_dominico_agro,-8.141446994342546,-1.2260990703801042,-8.40128693247982,1.2546923854360144,2.4600810362586163,-0.692613623400776,-0.2558095514451256,0.5599205531243288,-0.22813344991967582,-0.3616139059801915
pope_clement_xiii__pastoralis_officii,-8.389682760971215,-1.6043238740595576,-13.50484116691592,1.7310233371726025,3.5935021033672236,-1.4602156004962843,-0.9200598229522372,-2.277879127872425,0.7953516920565167,-2.9809247776084975
pope_clement_xiii__quam_graviter,35.665310017568764,-1.1431666292554865,-6.459634316454931,-9.275198250087204,-22.00930622312054,-5.170993006050648,12.059801479799491,0.05262725191287303,-1.8375775448904852,-0.5533484038500794
pope_clement_xiii__quanta_auxilii,54.33623988948729,-3.8113597743804952,-4.339154804588617,-11.324102057816193,-27.710735019525117,-13.31014473824766,21.111776337752257,0.9116759215321636,-3.4506086833000076,-15.536198788208297
pope_clement_xiii__quanto_in_dolore,55.68648045385509,-4.176938751892384,-3.4910034233271223,-12.08430879808221,-19.14887975597254,-9.471887360817405,28.06783035388078,1.6683319109857866,-1.1970061476091685,-17.230818827557343
pope_clement_xiii__summa_quae,-7.256406865309477,-0.9728741177879697,-9.63395532374737,0.9542106758694533,2.2635930105739477,-0.7598640784401155,0.058895393130110676,-0.6037746968958332,0.006325428381494282,-0.4323281925848607
pope_clement_xiii__ubi_primum_accepimus,34.38797379801073,-0.6779321780715352,-5.956918694943841,-8.873009450445213,-20.984598062509978,-7.2400656383088675,11.910226126222232,0.8905600803549698,0.01505368703152225,-1.6529546832025654
pope_clement_xiii__venimus_in_altitudinem,57.65462718452266,-3.071219539973678,-4.636227382946237,-12.635029894451886,-43.39433629376079,-19.261204718349212,-0.33860292343397114,-0.521571237534704,26.072428885728876,-6.829091226899302
pope_clement_xiv__cum_summi,-7.930282149830404,-1.120003392046857,-9.725899358057687,1.4948146045664759,2.5788698752548274,-0.7969164254061761,-0.08388944856092179,0.6151552262360591,-0.23142749134930424,-0.4262047002884199
pope_clement_xiv__decet_quam_maxime,-7.79214356030699,0.33019475053372055,-8.330679452716474,3.176414783608182,2.9225521195597035,-1.0349173465166672,-1.6478717262462488,-0.2798653873986527,0.6142396341001554,-0.603296303675573
pope_clement_xiv__inscrutabili_divinae_sapientiae,-6.182614326911893,-0.03613658241366261,-9.231341526097733,1.083713196710865,0.9318114023373272,0.3842189928921004,-0.27430989726186533,-0.8405258698599976,0.16578822903685303,-0.0933541057487175
pope_clement_xiv__salutis_nostrae,-7.297855392081186,-0.9103550166241913,-9.354131059235073,1.063143710541969,1.9981404202914639,-0.4669948009397569,0.041893802446310885,-0.42751921016573624,-0.3282867789216643,0.2881570743166202
pope_eugene_iv__sicut_dudum,-5.297167874049408,-0.14480050341169784,-10.07588834420286,0.8968552434876031,1.0519731045329748,-0.03085256324161138,0.017136443437247018,-1.4170756046201536,0.17562755889856974,-0.18484342057101436
pope_francis__amoris_laetitia___post_synodal_apostolic_exhortati,0.6676111497194338,1.7155705244650992,-5.780931116086718,-0.8252258480468188,-2.811092614542121,1.1777876584185953,0.6989055402923635,-0.9092504400311681,0.3423557860095232,0.4917420770199908
pope_francis__belarusian,1.38533344637978,2.4176812187792427,-3.2237784917516934,-0.9003721562772691,-3.0752986516517136,1.7842100344081477,0.15339395624041094,-1.0538145379922748,0.30805350441104673,0.8102719041097031
pope_francis__chinese_simple,1.520716641027118,10.50392523180699,-5.1118594534578525,-1.1757492804457126,-7.5660291323019555,6.58243088547623,1.2469295517285284,-2.7592209386186295,-1.8277956721800115,0.8151237372652194
pope_francis__dilexit_nos_,-11.284241471803458,-2.053968254294685,35.43376872929283,2.331558083277476,-2.3853915881407666,0.3089557393484121,-1.4893119500735397,-2.0218593466899555,-0.23355989531456592,2.175211484752038
pope_francis__evangelii_guadium,-16.266369301467883,-8.759699605365126,69.29142360061188,-7.607185004777865,-8.16135887690665,1.6344620025066274,0.4179605618365202,-0.2380176079411575,2.5082684245057827,0.019254633082397398
pope_francis__fratelli_tutti_,-18.563901213282726,-11.61989642225582,99.07336342386816,-11.508144901112212,-12.371198857587022,2.7359729972232976,-0.45282685197451555,1.0521760821246533,6.059153649980932,-4.236210490845455
pope_francis__laudato_si_,-20.939473633963374,-16.148582425680477,116.78162782474696,-17.44105583875911,-13.407515750429182,3.9395007683432874,-2.456077592000553,3.489634038602264,7.759210761775547,-7.097692523306596
pope_francis__lumen_fidei,-12.341201060608878,-4.50200450819187,29.97230297081829,-3.3321256207060075,-2.2545041459014126,1.1306972648838527,-0.7329217801474894,0.6677298428319074,-0.4405934874819917,2.1722905841808307
pope_francis__misericordia_et_misera,-10.779589955484505,-3.267687067378368,16.127298050186752,-1.6679838227122417,-0.44684056689715274,0.3137714810610783,-0.42140649168102906,2.159062384600478,-1.1484340586432749,1.7929050838491079
pope_francis__placuit_deo,-8.590462712593691,-2.6290812123806653,16.3563375590078,-2.5582733611519193,-2.2302953187521024,1.2719008585668041,0.28990826635650974,-0.6910496184243016,-0.3065212662631845,1.5599016501185319
pope_gregory_ix__mira_circa_nos,-8.615547489690963,-0.4515064314846101,-9.095825739698519,3.818460985001229,2.5897720010053615,-1.5557556381043391,-0.2380793578311507,6.511761514424355,-0.6826172827153755,0.641918723748004
pope_gregory_x__protection_of_the_jews,-6.119216203644887,-0.6629053309685738,-8.741666997463348,0.7181843539266539,1.376643794223418,-0.2565836193970407,-0.13906561202696902,-1.6651566102339757,0.3117143308187775,-0.2928360816379232
pope_gregory_xiii__english___alternate_wikisource_translation,-6.068270635422201,0.17908574237277358,-9.402161558291974,1.7801176340894411,1.2148597198995417,-0.12298357594444291,-0.30890824378601217,-1.799210538569501,0.1172551974066499,-0.46541899899547284
pope_gregory_xiii__inter_gravissimas,-1.4899936201839081,3.4874969738587898,-6.491859110368435,0.6333370472939792,-3.309781591598104,3.2225453794971126,0.697728235486899,-1.8597509062962105,0.2300519022925961,0.48026625833560316
pope_gregory_xvi__commissum_divinitus,-7.4831703719583365,-1.090527652156396,-9.036325623094552,0.8322611549161577,2.225995284783561,-0.533091468461136,-0.11680813236869574,-1.4423763884934337,0.18292474062166617,-0.5926392465495042
pope_gregory_xvi__cum_primum,-6.778782248367522,-0.7628763346277434,-10.873115590313931,1.342297593504376,2.146884879223972,-0.6836409521833504,-0.07721625895743195,-0.3397816066184794,-0.02571586161974366,-0.38286731419574055
pope_gregory_xvi__in_supremo_apostolatus,-7.039744300940892,-0.9379521683803851,-9.305443900509276,0.944109818942864,2.1950623715554642,-0.6481602834163539,-0.19879417502705962,-1.3412008602201986,0.20564295395927293,-0.589154092025659
pope_gregory_xvi__inter_praecipuas,-6.534137271419506,0.12076610780622066,-10.42777607174965,2.224946571241997,2.7378654247347556,0.36034771312146097,-0.67609101539918,-2.5362435110663695,0.07585599490226365,-0.6211535498217411
pope_gregory_xvi__mirari_vos,-8.38704398526857,-0.8502165222031416,-11.840372794144107,2.2850532881366243,3.4684062374802416,-1.3719663222466236,-0.2428011508857376,-0.20559217504628713,0.047022656800652964,-0.9575071753100307
pope_gregory_xvi__probe_nostis,-8.369514090178171,-1.4549705824622532,-10.300377258924083,1.634319245931343,3.2829232267453468,-1.2036458790106583,0.11878068716223757,-0.5593034227570512,-0.058643212032488456,-0.7481198826057187
pope_gregory_xvi__quas_vestro,-6.501894602851035,-0.6829779455834246,-9.70155779922278,0.8795601730705382,1.7552036665456079,-0.39462949284886567,-0.4492216878453328,-1.2276277334030783,0.7945192589158812,-0.10702603950669877
pope_gregory_xvi__quo_graviora,-8.036418619100019,-0.6677812678153477,-9.589027452890925,1.5725895181357012,3.0474111387075378,-0.30753851348850886,-0.3721690909404767,-1.7505429687352672,0.09093626598140342,-1.0482825954614456
pope_gregory_xvi__singulari_nos,-8.154683393311547,-1.0725797331161033,-11.225132690080956,2.0030993991714707,3.0905179050236034,-1.2665693742184359,0.14922913208618035,-1.5026557102925708,-0.0022141249144429823,-0.8213129450271992
pope_gregory_xvi__summo_iugiter_studio,-6.421679211786068,-0.645163852253361,-10.034183679572479,1.0535163038651025,1.8555966356262752,-0.3939909455636619,-0.2083640973424035,-1.4224350558270504,0.22761721400619755,-0.46931826969299617
pope_honorious_iii__solet_annuere,-5.635382820461356,0.6215381464292337,-10.85241095863966,2.249298885430162,1.2531154649510372,-0.30824926046731355,-0.5757391572629085,1.5797411850637721,0.20092539980905205,-0.2608258547543415
pope_innocent_iv__quae_honorem_conditoris_omnium,-7.35361077441718,-0.8683311119470758,-8.520713393219577,1.047437478121976,2.1179019656278038,-0.3233795254030809,-0.6682793967897662,-0.5614553337329756,-0.03182269584837526,0.011831868473754947
pope_innocent_xi__coelestis_pastor,-8.14870819547953,-1.5356030173676318,-4.292477956162716,0.8040634194290883,1.8447683243500153,-0.6684829696252836,-0.09435604943176513,-0.9595619333145109,-0.23983431908519712,0.0954869752205768
pope_john_xxii__ad_ea_ex_quibus,0.8793080188547777,2.3576441597791282,-5.468091235582777,-0.9931781072037636,-2.790458896249997,1.4305565060055643,0.5999461744929586,-0.8383581038783513,0.3188415991660506,0.46561372233887444
pope_john_xxii__quia_quorundam,-6.0324800287828095,0.33614868829111794,-9.050067147739997,1.857849397034984,1.3353937816634232,-0.05926282186927748,-0.46757599271310696,-0.30653569506795575,0.5500437631177038,-0.46605216865759386
pope_john_xxii__quum_inter_nonnullos,-3.082380932970174,1.4400496082957834,-8.364846004845013,1.3693227902426814,-0.7105878109797735,0.3838128138159547,-0.6224265245516045,1.1946809544859742,1.361045069412867,0.5221635732449978
pope_john_xxii__summa_providit_altitudo_consilii,6.625397600208312,53.335654802667,-8.742039303858824,-18.85114343583573,-31.245504162243247,76.49921473165007,-7.366781460120913,-5.6488374337339735,0.048903750194101085,1.3972641758611708
pope_leo_x__decet_romanum_pontificem,-7.966298742389332,-0.5899747729282889,-13.80521121079414,3.162023724373698,3.646968265118756,-1.465705138543385,-0.822731522792906,-1.6486160431782446,0.8868362843140424,-1.1143658878427807
pope_leo_x__exsurge_domine,-7.874218007978731,-0.7179469536648247,-10.582648652894067,2.468767481051718,2.8392049615092825,-1.2526494380790918,-0.17742544753760375,-1.8469361943817801,0.38849316131669276,-0.6894702644997326
pope_leo_xii__charitate_christi,-8.294863489229478,-1.1231030844949954,-9.264744502795612,1.8410863911234256,2.799057596969588,-0.9377297324975349,-0.3526382113423064,-0.2665622412568417,-0.008390639510790906,-0.41555193820793346
pope_leo_xii__quanta_laetitia,1.017898862858079,1.8723554670943416,-5.479328612614694,-0.9682763562031077,-3.195070464916196,1.3312163282934402,0.7500762939970599,-0.8995128438452136,0.4013317274334652,0.5189605872726266
pope_leo_xii__quo_graviora,-7.644286284058822,-0.8302078390720204,-9.921927124909868,2.0064704099257784,2.699902922614817,-1.0028316667322161,-0.6616662087279569,-0.8147157307581047,0.2968195215176552,-0.9418561301539344
pope_leo_xii__quod_hoc_ineunte,-7.9448128582896365,-0.5213159455532765,-10.750380673684308,1.494982786313632,2.996235642819676,-1.1418343140279863,-0.30215668630275594,0.6322476936237229,-0.27613480329614737,-0.06608849854817553
pope_leo_xii__ubi_primum,-8.266172160015575,-1.5957941051217541,-8.491093455183632,1.0564130460326744,2.9522747785209096,-0.9152762862753305,-0.20948514022308382,-0.8884822036172464,-0.04962702009456526,-0.40462857397350865
pope_leo_xiii__ad_extremas,-8.040625886416953,-1.3007183354715797,-6.95208300075442,1.0288638552607854,2.0492677671998982,-0.6196451493130517,0.1681718434554003,-0.2728383249379685,-0.08613065182602805,-0.5678174184213723
pope_leo_xiii__adiutricem,-9.035217177659385,-1.8652323336608978,-6.384382735201481,1.2499568208290044,2.931266896593563,-0.9574421485143845,-0.15307139434197964,0.9682524341279601,-0.7000184384910618,0.20534186800686766
pope_leo_xiii__aeterni_patris,-10.527558350492889,-2.250191691561013,-6.699097143650009,1.764079629525883,4.430113273457749,-1.7046826672593969,-0.6185257075959196,0.04361527981414953,-0.17511749144347152,-0.8784985284387667
pope_leo_xiii__affari_vos,-8.231530990720387,-1.8530366473516862,-5.640102088832024,0.4164803436304071,2.4072589132726327,-0.8602012978158247,-0.10892115739162729,-0.6348304355201331,-0.10338313546423582,-0.7499047751706781
pope_leo_xiii__amantissimae_voluntatis,-8.606825120069544,-1.1884548969999391,-7.378988252357246,1.965966889858983,2.5245654547578105,-1.0513782505256966,-0.20373072443029266,0.8210112483440355,-0.14934066966581344,0.037573049352239395
pope_leo_xiii__annum_sacrum,-7.3793985578265975,-0.9353894491440686,-7.828999929534544,1.2447149140365532,2.0557924870671407,-0.6340570383094544,-0.06491269586175571,-0.19344605176347207,-0.32456064650700867,0.07616146536391764
pope_leo_xiii__apostolicae_curae,-7.435748901419658,-0.10272840927007028,-6.675873783167259,1.4622199836965302,2.4903251917679463,-0.2917226276860573,-0.6822436122239861,-1.8544078909373807,-0.013291725050521199,-0.20245729505185756
pope_leo_xiii__arcanum,-9.28880915038187,-1.9706231322408505,-6.762581892352537,1.519732688004744,3.6654979120913285,-1.2741763945749298,-0.4184569921139616,0.8046886850213126,-0.2603161555649637,-0.6851997937331432
pope_leo_xiii__au_milieu_des_sollicitudes,-10.20202687833793,-3.22285651736077,-0.9699254707043453,-0.22454124103264642,3.3391490191208844,-1.2357994644110397,-0.23292596640535426,-0.8196637798810213,0.010644105951947102,-1.1339767031724115
pope_leo_xiii__augustissimae_virginis_mariae,-7.44793093004767,-0.6619539265033778,-7.325022445429903,1.4415257777958177,1.9786802143862616,-0.6277074657666754,-0.16810459635897526,0.9920646756398562,-0.6122508022056586,0.4859560854622132
pope_leo_xiii__auspicato_concessum,-9.867487508873122,-1.9725571868459504,-8.123173511472746,2.238736662403427,4.097678718115658,-1.579039662022403,-0.43753303373968766,1.8109663738512236,-0.23244156066566798,-0.7358580331142801
pope_leo_xiii__caritatis_studium,-8.321606495770114,-1.1533731772042641,-6.735384105666413,1.3087077583980318,2.3974155860960384,-0.5730042909083078,-0.16040490098958501,-0.05551617128308979,-0.2779233638727069,-0.26334009314298096
pope_leo_xiii__catholicae_ecclesiae,-8.09045080526566,-1.5853968534431628,-8.65287208248393,0.6108211881818547,2.560615468752339,-0.6052424235449136,0.13804314385468505,-1.1794936916052072,-0.12593309441008219,-0.25423845022788133
pope_leo_xiii__christi_nomen,-6.933004398506787,-0.4591484322389873,-8.627262103541455,0.7932694655981557,1.473349413435794,0.04271736968373024,0.03173877198583232,0.05365631424030783,-0.18968453540426775,-0.23662662078075328
pope_leo_xiii__constanti_hungarorum,-8.60045180001119,-1.8016079450363787,-7.238661985346491,0.47203285246256715,2.791811262526231,-0.7095457315022639,-0.15657702435611487,-0.49157754093225126,-0.057831858507600954,-0.8647192371446866
pope_leo_xiii__cum_multa,-8.086517481374377,-1.6563911886015346,-7.515614500371116,0.903547677715404,2.773793951475447,-0.9234596647697901,-0.02200977593823715,-0.1510759178529668,-0.015014812119196976,-0.6837241558924614
pope_leo_xiii__custodi_di_quella_fede,-10.51831579452454,-2.5353098422315545,-5.843117430976352,0.7001802692206238,4.64579254245095,-2.071151691356714,-0.2762402793234602,0.2793733940043925,0.018757742306038643,-1.3550613355989536
pope_leo_xiii__dall_alto_dell_apostolico_seggio,-9.094659896003963,-1.975058646328795,-4.709485292166859,0.38923871376262104,3.1171721817306093,-1.0714381856089008,-0.23791193833232308,-0.0949269286308928,-0.008226309991893447,-0.8696055453949182
pope_leo_xiii__depuis_le_jour,-9.903669656087692,1.4201327740892298,-0.9440600951509502,5.6741142559497355,2.926914508510798,-2.266310947687855,0.22702453518752147,-1.2948184019969824,-0.30722221525102283,-0.9505513446757751
pope_leo_xiii__diuturni_temporis,-6.567625555789426,-0.32532203261513276,-9.315586173657678,1.0102391974188927,1.6285147016601855,-0.3720422957117159,-0.05198748816806764,0.37918367231888056,-0.3718639536730493,0.3894900122891055
pope_leo_xiii__diuturnum,-8.049596686451402,-1.4486027631722413,-9.410471438630378,1.418466702001443,3.0337036320926,-1.1615533426092841,-0.13950541522325424,-0.7644073305429219,0.05254777744928146,-0.7508127858909268
pope_leo_xiii__divinum_illud_munus,-7.556064812638215,-0.6943417824709494,-4.634859910346823,1.1178627840883086,1.5496160843249565,-0.6859121633629098,-0.11066702793878916,0.9781492095179226,-0.6502732822785933,0.6765817024442998
pope_leo_xiii__dum_multa,-5.873716204110766,-0.6366994587796277,-8.755337701736542,0.28867174196967293,1.20494685435566,-0.15858191771633554,0.26018542213230794,-0.9914897445132663,-0.05891990098126977,-0.21692363043095825
pope_leo_xiii__etsi_cunctas,-5.097201545305323,-0.38852183560194187,-9.320431128426447,0.3236554942748444,0.6153655894804678,-0.08170370918286081,0.29140573443988216,-0.8476161740916633,0.03290877096969909,-0.08043008165322452
pope_leo_xiii__etsi_nos,-9.298166205788712,-1.7604666593572216,-9.510030686555226,2.2543946640087618,4.313965661665364,-1.5430653551036384,-0.598715595277397,0.37432147787240827,-0.2639903475716661,-1.126212956216539
pope_leo_xiii__exeunte_iam_anno,-9.067968906810725,-1.951405351046348,-7.7645474175294,1.4350344259588201,3.3204607329495994,-1.2688622365511006,-0.30463651487823395,0.9184803821078175,-0.30463059820887467,-0.48141541643427105
pope_leo_xiii__fidentem_piumque_animum,-7.917934106030122,-1.0267128843396058,-7.163936950585694,1.4347259654033944,2.1844012388031246,-0.5201525737874654,-0.2399749990127984,0.4252710368623916,-0.6783873592950066,0.4365858868819796
pope_leo_xiii__fin_dal_principio,-7.970849835576786,-0.056793806304568255,-5.287990399315503,1.692769782511685,1.8441111322695507,-0.663360215688844,-0.15245824447073977,0.9840168562025546,-0.27537363247145774,-0.4677491974860741
pope_leo_xiii__grande_munus,-7.253499196032473,-0.7162417415262734,-9.565328321180194,1.2897811219396864,2.2745723159869327,-0.49344253561722623,-0.4776900519461714,-0.10527223053471106,-0.32929759464676106,0.10725808491172356
pope_leo_xiii__graves_de_communi_re,-9.800707535138956,-2.6403013875127908,-4.088132645985356,0.3161408189116526,3.5226343097217634,-1.3861334077530365,-0.19514144548491952,-0.10324121907995534,-0.18051044630172228,-1.059951713843446
pope_leo_xiii__gravissimas,-5.620236143050654,-0.5000137912881492,-8.780687572495026,0.374129993796025,0.9835693350316548,-0.1485039998518983,0.1764416625566634,-0.6857874748738492,0.06089878967175104,-0.4332583307529621
pope_leo_xiii__humanum_genus,-9.10571316493089,-1.7274658493282538,-8.158356997446196,1.4304277642078413,3.7872237516722493,-1.445103161606169,-0.44122038407759656,-0.14462303175574098,0.03643183685138333,-1.0679803185932566
pope_leo_xiii__iampridem,-8.299453226542663,-1.5781925492502396,-8.889231459685302,0.9310246933732677,2.7453704311659295,-0.852007561596886,0.047101323035342986,-0.6243898715928221,-0.07873019847796456,-0.6250106855299051
pope_leo_xiii__immortale_dei,-9.880221822254978,-2.6836656936042,-5.528379842775856,0.8460544664576016,3.8915963116136334,-1.450708778560781,-0.4078918105338612,-0.7094072250386705,0.11492030392469497,-1.1566872366068226
pope_leo_xiii__in_amplissimo,-6.706967456454041,-0.8914837621638545,-8.43311493876379,0.612288806850016,1.6069321157534502,-0.35217021097255596,0.21596458595622936,-0.484008934067677,-0.1586680597856289,-0.2468717428217154
pope_leo_xiii__in_ipso,-8.077427068405205,-1.4810111855711352,-9.183938857346199,0.9870248325153245,2.5962297568780617,-0.7735554876876026,0.0036072946768279223,-0.21122256994411887,-0.11137080427682931,-0.7610953630194522
pope_leo_xiii__in_plurimis,-8.813825746411535,-1.6468490697452707,-8.377695295600372,1.6853077239242698,3.3032318944718133,-1.224976866826887,-0.4371545362958023,0.7397640872639497,-0.30043585530282363,-0.5933033462701818
pope_leo_xiii__inimica_vis,-8.677230344938879,-1.8986269913553646,-9.757666846541904,1.2486663458695666,3.6277390842554897,-1.2626541486756915,-0.2510135822640054,-0.5871406841492492,0.2514531883840681,-1.2181626647181578
pope_leo_xiii__inscrutabili_dei_consilio,-9.90933487753611,-2.432432633101975,-9.703911406315203,1.5273350676047353,4.628299756475347,-1.6982949356525177,-0.26529055014865566,0.266631312195636,-0.12283273799792058,-1.12155441508991
pope_leo_xiii__insignes,-8.972864780598762,-1.5096821184457914,-8.781479113574433,1.6562941291539184,3.1283954897861865,-1.1038898940709327,-0.16805005335441742,0.6958679860874986,-0.2681123618519081,-0.5003944040305377
pope_leo_xiii__iucunda_semper_expectatione,-8.912200392186838,-1.5223607735001088,-6.963883529988475,1.8083966045159743,2.8055433062343536,-1.08198796409856,-0.16973397473707974,2.1410886155528037,-0.8507297080960653,0.2650240575092759
pope_leo_xiii__laetitiae_sanctae,-9.039464199490718,-1.9372783858562233,-6.615836209373975,1.276342390635396,3.0727705839900787,-1.1866900405659222,-0.13164728668365244,1.0936381806588873,-0.36314236606473677,-0.43378205981173573
pope_leo_xiii__libertas_praestantissimum__a,-9.30621957558645,-2.4259136592560324,-4.069711063422491,0.47766853158825917,3.0714577180116347,-1.1880497313489708,-0.366631389722507,-0.49091935028372,0.10908569709454823,-1.1913982174403448
pope_leo_xiii__licet_multa,-7.3942524264128995,-1.249402323107705,-8.605986008863711,0.7400729778024274,2.3334211170445367,-0.625293547448515,0.025315863561069976,-1.0065490496246683,-0.10424459672657223,-0.7705050020361899
pope_leo_xiii__litteras_a_vobis,-7.317209987630578,-1.2356726294283402,-9.062962565537282,0.7392408168272323,2.255796914207192,-0.49145173363989053,0.017835441673058658,-0.7932599067088256,0.01799193216676521,-0.32887489215453736
pope_leo_xiii__longinqua,-9.711003447317335,-1.6884337364984388,-7.218543398748972,1.8212797947301487,3.5831031960277975,-1.3703272846069523,-0.53153553378711,1.9327153428931003,-0.24467504790497385,-1.0195411688852118
pope_leo_xiii__magnae_dei_matris,-9.514630497958626,-1.8064908637760115,-7.10821478347822,1.9110229266650003,3.3608436019980124,-1.2921078967151727,-0.2939147715753873,1.872530853957088,-0.7885353805957916,0.020254316706200662
pope_leo_xiii__magni_nobis,-5.629982288148403,-0.39755228999303455,-8.740891970240218,0.13258753966539688,0.6828300818539009,0.3598410759484921,0.22366075389860873,-1.2094573061649654,0.011238480904902875,-0.1551579809836009
pope_leo_xiii__militantis_ecclesiae,-9.077801182828892,-2.006052880215056,-6.94990820573143,0.8651548379185193,3.0181574626955427,-0.916085807233834,-0.0589357309546508,-0.20351020228691893,-0.22013051068209596,-0.6005380031073183
pope_leo_xiii__mirae_caritatis,-8.734567007189392,-1.1462310705526828,-5.04848867207054,1.435108331079275,2.8293074952772064,-1.0976292225548285,-0.6496763835539038,1.2990521703986595,-0.46962430801883226,0.08322459893900795
pope_leo_xiii__misericors_dei_filius,-5.769098786631544,5.949527721259536,-10.44382251143461,3.249764217565209,1.8704042190961212,-1.6434874420028762,-0.9076911036137467,2.400056534078799,0.18072268957605142,-0.20780063012447555
pope_leo_xiii__nobilissima_gallorum_gens,-8.337368171489867,-1.5338542497862462,-8.724497410706274,1.37172615902437,3.1400129266352432,-1.2641957850677015,-0.018070654966513264,-0.2491567314669936,-0.2184232164198212,-0.905742327065401
pope_leo_xiii__octobri_mense,-9.228700683145366,-1.7568714940301848,-8.041941837449516,1.6670573521199916,3.3048715208510333,-1.253508482644522,-0.1355264546882484,0.9894310646911602,-0.5594937352023716,-0.12958091731723229
pope_leo_xiii__officio_sanctissimo,-8.873353458977043,-1.5669828622806032,-8.44279407352165,1.553536020707751,3.354806160174148,-1.0596004369368877,-0.46136522671426533,-0.06255769684237034,-0.09970473433031599,-0.7655289678435704
pope_leo_xiii__omnibus_compertum,-5.916467347217988,-0.5360174645611421,-8.063627711967433,0.6153275680854555,1.0411584482659055,-0.15088349776136026,0.17373266779806354,-0.29693573841576093,-0.518380060951741,0.004369411371841189
pope_leo_xiii__orientalium_dignitas,-7.7677524192415985,-1.0154892308315633,-6.113481954532601,0.8376304003046546,1.784553884661933,-0.4715319280843016,-0.058682238874505646,0.45016068823208116,-0.2885313626594499,-0.04473935497611035
pope_leo_xiii__pastoralis,-8.478944376801273,-1.506807404139411,-9.385413684006387,1.4524176834399072,3.1772383534280793,-1.1911859044859787,-0.06898320432771884,0.46932609446715645,-0.20741538262811957,-0.7352763588030292
pope_leo_xiii__pastoralis_officii,-8.389682760971215,-1.6043238740595576,-13.50484116691592,1.7310233371726025,3.5935021033672236,-1.4602156004962843,-0.9200598229522372,-2.277879127872425,0.7953516920565167,-2.9809247776084975
pope_leo_xiii__paternae,-7.38394274215535,-1.2569753821121437,-8.21466937509374,0.7182257015748403,2.037358565384772,-0.5580516431006821,0.04263685838322559,-0.2672449507743273,0.07133961456253596,-0.47800203916403494
pope_leo_xiii__pergrata,-8.377610049343122,-1.7321016355999532,-8.616211305093866,0.8876664840224198,2.8861628872271097,-0.7961527909870894,-0.05140033704048339,-0.5612276543607043,-0.030033321635233406,-0.7408660388979935
pope_leo_xiii__permoti_nos,-8.95138439535017,-2.2665042811068776,-5.205314576772929,0.13295367581905468,2.5725143364806127,-0.7671231077853489,0.1321321300226528,-0.8774326664535004,-0.11343048932306787,-0.8057890906141439
pope_leo_xiii__praeclara_gratulationis_publicae,-9.168871638182255,-1.4951099412758742,-7.179891877692367,2.033666894383834,3.2046974262626726,-1.3534749467842218,-0.22640366105643042,0.7730209014582234,-0.3202808199762009,-0.6990376836629216
pope_leo_xiii__providentissimus_deus,-10.076424377108738,-2.1913607314111756,-4.700426902236468,1.6254933930826279,3.7020095486512137,-1.5117593543018086,-0.4733169445408681,-1.0711464185460418,0.044707165756144876,-0.7645869020310456
pope_leo_xiii__quae_ad_nos,-4.401034274821146,-0.11023046891751091,-9.518070773933891,0.16781560571145432,0.35052900764081446,0.13734075435398693,0.3503350734289455,-1.1745452180836637,0.13118710684310822,-0.2909276401164638
pope_leo_xiii__quam_aerumnosa,-6.409294721634078,-0.8772401636759463,-9.035120662540855,0.8096870983039028,1.585863069802365,-0.5021205576552055,0.0779430898180256,-0.16308706343104581,-0.09086624317224178,-0.2879280835897254
pope_leo_xiii__quam_religiosa,-7.026686232621725,-0.14836277300708714,-10.102232816517652,0.5630947071629433,2.1453777443368844,-0.225188640538752,0.017703009012543777,-1.2441759154827121,-0.019773094960272693,-0.4736845759274077
pope_leo_xiii__quamquam_pluries,-7.419542190061391,-1.274683133381129,-7.371318213463565,0.8978799175814323,2.155514364069283,-0.6770833991143853,-0.2929636445949029,0.27388745572530115,0.11923485484380324,0.033625430781722525
pope_leo_xiii__quarto_abeunte_saeculo,-8.67376460288503,-0.2310335597266698,-9.193119265916005,0.4319076072063073,3.879955226429932,-1.714470773574226,-0.47124142955380066,0.5331495563627813,0.22182565465056217,-0.21858003116193175
pope_leo_xiii__quod_anniversarius,-5.912978260523289,-0.28919656644846264,-10.160080152666133,1.1739594979986099,1.3155925837943923,-0.279899998315622,0.001470015897552888,0.18666624975039764,-0.29488612847817813,0.2200412278252737
pope_leo_xiii__quod_apostolici_muneris,-8.844887542130131,-1.691442819489748,-9.202718775801248,1.8749800681809643,3.6295560131726567,-1.5392095356267135,-0.3283604660316782,1.1524395497698,-0.06470943514371445,-1.2416561677096725
pope_leo_xiii__quod_auctoritate,-7.718313907766026,-1.0921807918341628,-8.6243312094865,1.3908350457412706,2.447570317420319,-0.7601864215209176,-0.17971446088727355,0.16632296721941342,-0.13211005995736158,-0.40876217932810704
pope_leo_xiii__quod_multum,-8.351285052145997,-1.4329774020948598,-9.414503217999325,1.2120839843147602,2.8973678622929784,-0.9112354510901833,-0.1673892913778365,-0.003034133998410664,-0.08012049526780023,-0.6492349200083463
pope_leo_xiii__quod_votis,-3.3611503033973866,0.49704720748174797,-9.683556244822668,0.24435718472684495,-0.2845409751730941,0.44200289019515665,0.532856496053039,-1.3745168153435514,0.12153035867946249,0.004576794269771329
pope_leo_xiii__quum_diuturnum,-5.331175769471694,-0.4748632965433174,-6.957681834320159,0.04723813840828023,0.42812143959262494,0.08649489781695238,0.3785325161446832,-0.9108755704918409,-0.052914819599950674,0.09841896035266984
pope_leo_xiii__reputantiubus,-6.550817427931765,-1.0700465906068162,-7.2244689264923405,0.32111082809092417,1.3917652175956567,-0.3594047922255284,0.10833111786397824,-0.61523659326926,0.04030722005401947,-0.3059130956026076
pope_leo_xiii__rerum_novarum,-10.680835415585923,-3.238121713639844,-0.06717700818131526,0.14274186919760504,3.463133157946474,-1.423113407395097,-0.4740743339181478,0.3723315679794406,0.1606367697669208,-1.4444891726206426
pope_leo_xiii__saepe_nos,-7.139135430998892,-1.1765391674480774,-9.355608737893963,0.8738294541115675,2.326909458377596,-0.7527096693589544,0.01655823835958896,-1.0785538389401783,0.16848669393536217,-0.8415351773078007
pope_leo_xiii__sancta_dei_civitas,-8.478303358514383,-1.3017073984361898,-9.842330104589788,1.5474058337887446,3.1212667404175702,-0.9687045089357641,0.0013834006485575812,0.5572539719135121,-0.26360927205416057,-0.2776762731278147
pope_leo_xiii__sapientiae_christianae,-9.766842803383161,-2.469063351780679,-5.177068529840017,0.9269352876219644,3.5478132990975255,-1.378133729743282,-0.2887543386882147,-0.2537176884037239,-0.05490545091955554,-0.8984955116000272
pope_leo_xiii__satis_cognitum,-7.2668419694685795,0.4828749893434365,-4.575523951538835,1.5202138960498224,2.125159298364493,-0.6728816538419311,-0.9607146980424084,0.28442838078786664,0.04861324122522819,0.4992041945234705
pope_leo_xiii__spectata_fides,-5.8795399744896,-0.5868879715616188,-9.13918046313186,0.8950240754254737,1.5449543664131704,-0.32093001875594807,-0.0667173565649717,-0.4493866271734415,-0.036558536631874285,-0.08630702000509251
pope_leo_xiii__spesse_volte,-9.881521625037097,-2.7660235963893407,-5.306179609830466,0.5591883496025779,3.7699384190077336,-1.4681066777809209,-0.03182429594981736,-0.5565021173682486,0.06345398031563229,-1.428561452112711
pope_leo_xiii__superiore_anno,-6.476311906519186,-0.2979356601122423,-10.574813625705628,1.6818655076845084,1.6794450374030963,-0.37638977463555146,-0.0491950685980148,0.6233311860746551,-0.2891350676025394,0.14343811737170853
pope_leo_xiii__supremi_apostolatus_officio,-7.238204420341952,-0.652596175078706,-11.884462692132857,1.8083239805866054,2.606957630662794,-0.7479167400794213,-0.1624611432890164,0.5004242125522381,-0.3272531961911105,-0.09424104665512342
pope_leo_xiii__tametsi_futura_prospicientibus,-8.960120512000877,-1.9569622466948695,-5.498515441369745,1.0451107851654056,2.92719447295934,-1.1025973376039901,-0.21365606246712915,0.7458115322604248,-0.26845710500173314,-0.44144311432983324
pope_leo_xiii__testem_benevolentiae_nostrae,-8.922528396262884,-1.3858154451518698,-4.982259443787592,1.6634237911889835,2.957509922221997,-0.8742250021473431,-0.3991819351806515,-0.6229791454698929,-0.3911012615634405,-0.42688216956162356
pope_leo_xiii__urbanitatis_veteris,-7.831260155398619,-1.068344885638537,-9.078019270646083,1.337928248372695,2.4886644604041397,-0.7702947559625475,-0.15547631338886836,0.28754733022710405,-0.18057097362486624,-0.3369487165303651
pope_leo_xiii__vi_e_ben_noto,-6.6339292791516495,-0.6241315900928827,-7.971474010076545,1.1227668126803436,1.4241174740912552,-0.5404295737339632,0.4723934865603773,-0.538452045470794,-0.30259411643291634,0.013293075752027126
pope_nicholas_iii__exiit_qui_seminat,-7.846178424966555,-0.45385103462291476,-6.853659054694396,2.577729392631082,2.2973558307738537,-0.7406399835972153,-0.902351981526649,1.6203901162550904,0.18977328507421878,-0.7693241497348261
pope_nicholas_iv__supra_montem,-6.535863676257352,2.858629068711012,-9.679822040883327,5.191840965089325,0.8863027025744046,-0.09372053593613945,-1.8493439266070195,5.416960582520313,0.1826425537812382,-0.6188937131927251
pope_nicholas_v__romanus_pontifex,-7.307533658088225,-0.6673665931567474,-11.976390838764766,2.010334858525882,2.9004078948558734,-0.815172531137574,-0.5918541565673284,-1.6516698979273141,0.6090961011214552,-0.8942103603045345
pope_paul_iii__in_apostolatus_culmine,8.340633153369751,77.0229046807469,-8.147230876320286,-20.234388464124454,-55.68224160513111,144.15459853748666,-11.945520640820742,-9.572603445760347,-5.62191704595557,1.3239050628864693
pope_paul_iii__sublimis_deus,-5.169398477968221,-0.31854909200137493,-7.211571854700712,0.34549203886271984,0.4917964202065634,0.003909821424623639,0.20048063441867084,-0.8412859546745308,0.10568552683976665,-0.050813171214329
pope_paul_vi__address_during_the_last_general_meeting_of_vatican,-9.485659363658412,-2.482091929844585,8.300443018698902,-0.4270927070733476,0.26918600110643326,-0.5000429813415571,0.3925797351272832,1.2139611741350196,-0.7941463149085005,0.3532404144693628
pope_paul_vi__christi_matri,-7.075784087120963,-1.269194284023178,-6.356580785017588,0.3046716365983762,1.4688609317907844,-0.3403053842198277,0.22009567876443323,-0.44364318454299645,-0.2654237721083077,-0.04329671283940642
pope_paul_vi__confronting_the_devil_s_power,-9.643775736998059,-3.5206434994005567,7.429018011525711,-1.703029391402544,0.9365851655496648,-0.5405118518164955,0.06727881839348095,-0.744221523496219,-0.5838211852152225,-0.06960505979291572
pope_paul_vi__credo_of_the_people_of_god,-7.864198704183329,-1.5433346053769585,0.02129835986055608,-0.44487871134361795,0.7137389162118996,0.027201101454619358,0.1315138138391461,-0.037933251010805,-0.6386757208367442,0.8965444845035015
pope_paul_vi__ecclesiae_sanctae,-7.540862732116821,-0.369286225437108,-1.2141725254691969,-0.7835909661299081,1.006733451727789,0.053867983313807814,-0.2313192698081971,-1.0891059177125524,0.06579284279698107,-0.19704706511607606
pope_paul_vi__ecclesiam_suam,-11.38132162644389,-3.994845468391033,13.942356337104426,-1.7709458116621788,0.3960237559965466,-0.4083983252034012,0.15382408155641034,1.0879709800857171,-0.48034133829183107,0.32782120357273903
pope_paul_vi__election_of_the_roman_pontiff,-7.463327904675337,-0.1752844157490158,-5.720335173676031,1.988263292695482,1.71457548868905,-0.2610936784508424,-0.5468869933304286,-3.4443745081734827,0.4590644454534146,-0.14602476460910985
pope_paul_vi__evangelii_nuntiandi,-11.777970617201902,-5.277812572171188,24.537390743091127,-4.424998182015632,-1.5738148359569761,0.5504015729119583,0.4146881764184879,0.2556336638014312,-0.3795436230561356,1.090789789972146
pope_paul_vi__gaudete_in_domino,-11.05740693799696,-2.704866826096547,14.111581188952625,-1.8564472556079412,0.17498522770178238,-0.6404753919894132,0.11563751488210226,2.2849086393569693,-1.2027938222760068,1.7513487728426762
pope_paul_vi__general_catechetical_directory,-10.787483818458977,-4.096244388308522,19.08742252915102,-3.604582230575323,-1.176139865347074,0.6782989782213356,0.30750405375750417,0.001369540367242541,-0.3175270308889406,0.6822280195806939
pope_paul_vi__humanae_vitae,-10.422695156535813,-3.618699688260546,11.088274335175118,-1.873793118742009,0.5348384146325792,-0.27242007011910485,0.00659383997829327,-0.4704499324932837,-0.44241321757799906,-0.3179262906197987
pope_paul_vi__indulgentiarum_doctrina,-8.315071672207042,-1.0303938551241487,-3.974520243478458,0.8745277174188856,1.4644551170677316,-0.16854349609974795,-0.35043738088347676,0.8354224330907829,-0.41359922789160464,0.23608745180694252
pope_paul_vi__inter_insigniores,-8.17445194843318,-1.077186760849527,9.801267349205991,-1.345258643487134,-1.0751400084768006,0.7369529762744184,-0.2637677987593406,-1.1999149810295555,-0.37081699496227016,1.4169558951422032
pope_paul_vi__last_will_and_testament_of_pope_paul_vi,-6.210441224644299,-0.8539277701090027,-3.8163522856452015,0.21714816331049483,0.5562566213519415,0.16907850235481514,0.44672536150247016,0.0672567115200333,-0.3937829283695426,0.6911798908901855
pope_paul_vi__marialis_cultus,-10.154447974284821,-2.91601111379329,11.450530213531936,-1.6432236797858057,-0.15758874270448622,0.413399352469956,0.00944880756837416,1.2441708302309784,-1.2815207006002887,1.7833338352831145
pope_paul_vi__mense_maio,-8.841013557691836,-2.5568207283677302,-1.1765711056870427,-0.5406357681555369,1.626491790461111,-0.4491500166912142,0.29941990915622063,-0.14756592389864287,-0.38638012866880417,-0.07297223307298403
pope_paul_vi__missale_romanum,-6.612630937052486,2.4407785171035723,-1.2945230892842163,0.658887041745685,-0.05643847191476883,0.0031219102155408437,0.41143817842861063,-1.228809531914901,-0.12786054652183207,0.9390214091405923
pope_paul_vi__mysterium_fidei,-8.055120101219876,-1.6340941575108214,-1.065772275410613,0.11272837472505855,1.2992587560106144,-0.2058874765493327,-0.071172824885921,-0.2778926556756332,-0.4357162485870045,0.605142116063098
pope_paul_vi__octagesima_adveniens,-15.797133263708798,-9.492859189018407,46.46552937511578,-9.114927633953284,-1.8168407475349495,0.3299647990749799,0.6014797876141165,1.0378902805384658,0.013221374284589924,-1.815696216540898
pope_paul_vi__on_religious_life,-8.999888727808194,-2.107290338147409,-2.3946277731565124,0.13394558137808169,2.0125385062898156,-0.616309189947783,0.030230396295062648,0.07835722182951228,-0.24093234589588025,-0.19989376674087042
pope_paul_vi__orientalium_ecclesiarum,-2.6313106941438695,21.20429313266483,-2.117398360565763,6.821240654158557,-1.2494704414491011,2.923793087289676,-3.1395323989924537,7.531788679797012,-1.0256442399076366,0.9720984528175083
pope_paul_vi__paenitemini,-8.254235131257804,-1.724773705269707,2.3108383649710524,-0.6409715234037991,0.2762214748290485,0.1957363639605931,-0.15694844219231333,0.7340249040406955,-0.544184148918211,0.5764369155411312
pope_paul_vi__pastoral_norms_for_general_sacramental_absolution,-5.90498420685299,0.37165365319132293,-5.687346226568554,0.45797122493300896,0.7770833382620059,-0.14785775097982054,-0.6117120316592094,-1.1758270303655172,0.10802721007590864,-0.009183495895670959
pope_paul_vi__pastorale_munus,-6.4225255592077195,1.1624064228468405,-7.390142793415623,1.0713279167978282,0.9108907474467194,-0.24285364832569384,-0.7619336743607161,0.7485431939027758,0.06316834926385517,-0.23365466300727303
pope_paul_vi__populorum_progressio,-14.026772736554667,-7.14961343220517,31.0330694040127,-5.306673406911571,-0.13425598193896335,-0.32232338081288453,0.39374932193283413,1.295000960566689,0.4580425102655799,-2.1728262346092397
pope_paul_vi__reflections_at_nazareth,-8.870988571491552,-2.621630061488147,3.3035951373787866,-0.8471342951691141,0.8807866852397627,-0.29718397592951457,0.5622595067939207,0.40792861750564746,-0.7675580345591433,1.2946969861116042
pope_paul_vi__renewal_of_the_religious_life,-10.920101721493419,-4.127110900742433,12.93482966497516,-2.5798530893526896,0.2628014739270796,-0.0968537917327826,0.14959538901623798,0.582461973460141,-0.5327666921134551,0.5770988310137591
pope_paul_vi__sacerdotalis_caelibatus,-9.830655720729606,-3.1958238757308663,6.623741022403259,-1.4802500335761524,0.9119299102074949,-0.1981582139403934,0.029230488100901775,0.0686601686860842,-0.5588590721901736,0.542841215778752
pope_paul_vi__sacram_liturgiam,-6.0718696146295015,0.08375328284807071,-5.853414015548004,-0.2917300191647285,0.7881093306604994,0.06936970854452564,-0.04132072727617981,-0.9041798381410805,-0.0850439689561853,0.3339014554299294
pope_paul_vi__sacrum_diaconatus,-6.416871969628963,-0.4147495545841106,-6.283103186178511,0.2314985149541216,0.972766001363743,0.10702227516300014,-0.05070626810252125,-1.008949920234218,-0.099783087531612,0.01132395070862609
pope_paul_vi__second_vatican_council_ii_closing_speech,-9.663317671362385,-2.9660733631976517,8.201990447938758,-0.6752765325701038,0.7138616066055904,-0.327840209906067,-0.06808670236248633,2.103456099910152,-0.3953688510138884,0.18999663084641935
pope_paul_vi__signum_magnum,-7.6349996148693,-0.8459863289347674,-1.329092291386981,1.0495455640578355,0.580051815743207,-0.44585536695052586,0.23705156475638364,1.7979322172226178,-0.8071531129701854,0.8706451405132665
pope_paul_vi__the_sacrament_of_anointing_of_the_sick,-5.260729841169004,1.750547151780518,-5.01536521847121,1.0592601655712452,-0.12050568685767316,0.4420006104899748,0.14159687451269923,-1.2624556787871941,-0.05520988844090554,0.4168255951521419
pope_paul_vi__vatican_ii_documents,-0.32504098208013643,2.294152476151442,-3.2751715344926318,-1.8410246726423722,-3.946718911351218,2.267081174510819,1.0525478200542646,-0.9777693204681657,0.1992971604745789,1.0839469124419052
pope_paul_vi__voi_forse_sapete,-6.848572795008979,-1.1679897789291895,1.4320063145443958,-0.5447005682498607,-0.29570709445813925,0.2943462561120151,0.32040030878388737,-0.4393370407246216,-0.3300674498321759,0.5827516656427506
pope_pius_vi__ad_nostras_manus,45.05655469322353,-0.04953298667290814,-5.023385152735808,-5.623996184373323,-23.80688352079982,-3.2268106937509566,22.416551871275168,-1.010988604555015,0.30048378834280454,-3.4616791833766793
pope_pius_vi__adeo_nota,97.09338883005647,-11.970390544264141,12.555006081241306,6.0509469401270595,62.36825609254494,31.00639710694516,90.08812549219087,17.77917793148174,-14.184037202671814,46.52274198266683
pope_pius_vi__ancorché_antichissimo,76.5543280119988,-6.501953432104356,4.502075376271979,-1.1775734144426782,32.691382257458386,15.92220718668707,89.5168714476562,23.435507612537986,-44.09394918830793,202.95541485310142
pope_pius_vi__auctorem_fidei,106.10320820165279,-4.593390865661656,26.40049210888603,45.312804205246444,115.86062147448206,43.46149404619546,-88.5447203147856,-39.61299166460904,-48.52122923919853,-6.64633703162496
pope_pius_vi__charitas,-7.870327247272405,-0.21569897833516669,-10.235750455078788,4.49842956848735,4.259546059656119,-1.314021441084449,0.2919332989803954,-4.674591646893991,-0.016975322173385585,-1.0622958156242759
pope_pius_vi__christi_ecclesiae,74.27490702967799,-6.603738969499434,-0.5799219893662247,-17.35159490620062,-28.567256026220416,-12.814777231977656,30.987400811585697,3.7424222273668266,20.02366045129446,9.300681766863649
pope_pius_vi__constantiam_vestram,78.06744417886,-8.213144934736889,5.9111019535657965,-2.453522510812155,15.477337074753805,5.175518302709435,54.08669648491502,12.574504489889804,-0.006194972523586772,-43.59095471404817
pope_pius_vi__cum_nos_superiori,72.34311517851141,-5.055432860474435,0.415225856869099,-13.538500192296476,-22.4359831145671,-10.86908184959606,26.41730205790725,4.280858884783538,2.175785037860072,-0.8474418922964573
pope_pius_vi__cum_populi,29.334773306291687,-0.8482111252654805,-6.364188144319307,-7.473926732759288,-18.384802049296784,-4.287029807257547,9.780792116601525,1.0734288188087102,-0.015181789522051525,2.245457991027154
pope_pius_vi__dum_nos,73.22264007502712,-8.344412857143128,2.0112375394006112,-3.5768623147342398,10.351600239488562,6.2568089611446736,71.54474279444085,17.20119161610293,-5.795472857518365,40.53407253562655
pope_pius_vi__ignotae_nemini,57.05334020427775,-4.9770014829271965,-3.0250194021410324,-10.21421506582381,-19.996906765975787,-10.94607915126088,20.09933341103852,9.472029435135427,2.904674537241273,12.821275053003564
pope_pius_vi__in_gravissimis,55.99561452577346,-3.459994257245906,-3.340516381399722,-8.856684304303634,-23.067236058038887,-9.072083730374212,-0.3151624594892642,-0.6555873671761957,-1.8380777981493674,5.000570697636533
pope_pius_vi__inscrutabile,-8.651051447605159,-1.3679081412715959,-9.872842723486578,1.8694983379213663,3.2782124479940244,-1.3039018162522278,-0.08677741225924539,-0.011821453876825585,-0.09301520973266933,-0.6577771224099226
pope_pius_vi__novae_hae_litterae,93.91166499977989,-7.848506234026001,11.637219146699183,14.082667851902052,50.77941280019048,20.902948425691285,70.22126764270428,-1.2950098105935344,-31.501351764537027,17.193492815381404
pope_pius_vi__nuper_pro,32.19628330815802,-0.1465812175541806,-7.6701947824782515,-9.485807468141553,-28.686860204020466,-6.66284628769391,6.3403960905375305,0.5605344686834741,6.163364224306793,4.95360405456815
pope_pius_vi__perpensis_circumstantiis,26.898145721208124,0.49418463507584587,-6.02173976419912,-6.328482406042324,-17.23840922545603,-3.554395105190356,3.961438565497323,0.5568715894101143,5.355493729682906,3.7320933246245844
pope_pius_vi__quae_causa,74.7480675480552,-6.055858747466941,0.9530523039508021,-9.586386422469095,-21.41862409120235,-13.466197741998158,21.760536699552713,-1.1654511792516167,21.341633352580033,-12.932944887548043
pope_pius_vi__quare_lacrymae,99.46244304739588,-12.798035734149648,15.592707747866845,14.657072759250678,104.1182987736043,65.45353961638607,123.43285979268501,46.380086011880174,127.07392549056985,-131.63587010524657
pope_pius_vi__quo_fluctu,37.98277376424267,-1.0470259505446453,-8.516604953400593,-12.21826269505671,-36.96646711140767,-10.896826504410818,3.9258615330127062,-0.22087560298798425,5.999606080052955,2.4534166774030064
pope_pius_vi__quo_luctu,37.98277376424267,-1.0470259505446453,-8.516604953400593,-12.21826269505671,-36.96646711140767,-10.896826504410818,3.9258615330127062,-0.22087560298798425,5.999606080052955,2.4534166774030064
pope_pius_vi__quod_aliquantum,111.36084625847145,-5.403487213900849,24.347245927693944,39.83722921881938,100.89464503074042,37.61849835671688,-47.8506373047884,-16.863117163743755,-11.602584994670508,7.373608173304531
pope_pius_vi__quoties_animo,42.82448074696035,-1.1670873398826087,-6.949562555215007,-11.629867910417927,-32.78888768251708,-7.634490475830615,8.856504248919235,1.0439990641013452,2.5319992012550636,6.538132674518725
pope_pius_vi__summa_dei,75.90902128674972,-5.705666557703753,0.3488652019150547,-8.817700463502746,-33.001779402681414,-18.304038256092753,-2.6620405529018054,-2.053227724150027,12.633163047236579,-7.097420402233609
pope_pius_vi__super_soliditate,95.25859043460946,-9.848873453222517,12.86105744713473,12.937482602204962,49.15748406262376,20.3916605388764,-15.701783280953656,-27.665731197147764,-57.82133218121016,-62.70209458939819
pope_pius_vi__ubi_communis,52.18830912080376,-4.5493707039643665,-3.805401876108967,-7.123302741521065,-13.972794039149647,-2.7149866395833437,26.68384177122495,3.3009659444087704,3.489149616601014,13.500247015010164
pope_pius_vi__ubi_lutetiam,81.7790904737631,-7.937819729138381,3.689483273144366,1.4320445942816475,20.423195458792964,23.396892736753955,35.753888276356214,4.213940699724064,-24.064015330440142,7.027326665174048
pope_pius_vii__diu_satis,-7.643425398670329,-1.1174376364670364,-9.122528482122382,1.4715962559300855,2.8194509412226645,-0.810105278329306,0.2692947538659811,-0.6832206274855874,0.03317921420066997,-0.39783661600972214
pope_pius_vii__il_trionfo,41.00896782626687,-1.1256686133569478,-5.554196005261166,-8.932277959849534,-23.05618759591092,-6.646052222509678,12.46234598177043,1.281429709069819,-1.1015220402482955,3.506118485907652
pope_pius_viii__traditi_humilitati,-7.765274109110149,-1.127119202602276,-11.593232310608986,1.4576013727697659,2.9837709020914427,-1.0005185102722396,-0.2327927608176646,-0.6962482314574026,0.0818460370196893,-0.7008502046115337
pope_pius_xi__acerba_animi,-8.84212959160996,-1.3478619163722811,-6.2763825983559896,0.5177519766877647,3.2234856884306944,-1.3214911359352564,0.14713711530392784,-1.4649871362190208,0.19866764482302804,-1.0340462511759727
pope_pius_xi__ad_catholici_sacerdotii,-10.094575667883126,-0.9114715184101131,-0.4959779531324748,1.5118535455234083,2.6700024709908736,-1.617930371903434,0.05924913587630106,0.7092757198509618,-0.5546506646226677,0.004465663328245213
pope_pius_xi__ad_salutem,-11.825625095770732,-3.066904313860712,-2.788435821574559,1.8323947122918764,4.725876005291706,-1.9850462983525503,-0.7865538794065626,0.9661266386908062,-0.5190929989498886,-0.34564133267179015
pope_pius_xi__caritate_christi_compulsi,-9.44209283510775,-1.7965267394468356,-4.625214703136096,1.354539840014684,4.075707882574727,-1.403915911348202,-0.2991205178446889,0.8654343523810283,-0.21720685334593412,-0.6157513958901385
pope_pius_xi__casti_connubii,-9.777465600711139,-2.6377796966078186,-2.1004444872205683,0.3663369969454179,2.929141957886694,-1.0967405411774522,-0.5934778019061715,-0.12962128707813964,-0.12102630922581284,-0.6984244697186702
pope_pius_xi__dilectissima_nobis,-9.959480780560014,-2.5821945882292283,-4.185560366941434,0.8708604370243749,3.840893852533579,-1.0922244826279888,-0.46259978277706576,-0.4740960174041624,0.3611750179970759,-1.4516347612945677
pope_pius_xi__divini_illius_magistri_december_31__1929,-10.264820426948127,-3.18496259544661,3.3414916328909445,-0.34925409747406333,2.450167330075267,-0.9128932574685311,-0.4961304384210837,-0.692295954740148,0.34334100863674905,-0.5211566549002327
pope_pius_xi__divini_redemptoris,-12.144200844070575,-4.699023769682638,9.466061893167996,-1.3597922867439132,3.275790513363431,-1.2643506470073336,0.101363843538477,0.947588302360374,-0.07626461703091018,-1.3254853202603651
pope_pius_xi__ecclesiam_dei,-7.44393364652928,-0.9094272519498592,-6.99396436017939,1.2922412500038274,2.621820972112736,-0.5484261988707816,-0.5858457486352634,-0.10234076445599591,-0.49199357772227736,0.41586193667012855
pope_pius_xi__ingravescentibus_malis,-8.039110906224535,-1.0058430121630242,-8.695056729831139,0.6823235888662618,3.3099772249985344,-1.058101591716383,-0.3070840050228329,-0.1681017582528562,-0.48932176336224076,-0.050357904252852206
pope_pius_xi__iniquis_afflictisque,-8.736155330884472,-1.3764076859317567,-6.6225542286591,1.1708884004236724,3.035702574690152,-1.202583406483964,-0.26605734547914117,-0.12376755231171682,0.08158980976564596,-0.8921372600119316
pope_pius_xi__lux_veritatis,-7.502916700562688,-0.6560380631500281,-7.483249867439272,1.2438486820175918,2.5318665258526023,-0.7028487713960575,-0.34005460263407505,-0.4673330566259953,-0.2967279238257283,0.04913130642990411
pope_pius_xi__maximam_gravissimamque,-7.338213759015212,-0.9054684317911625,-4.713098393932366,1.0387546420887661,1.5371143089302775,-0.6709107436706637,0.26334312704253116,-1.5134529931652034,0.020967569544120955,-0.4154820565021495
pope_pius_xi__mens_nostra,-9.691546118640126,-1.5741321647939956,-6.8834945188098,2.243062422658688,3.321436644037164,-1.4161804764599502,-0.7469341826502851,2.7903381957491407,-0.28823805096474275,-0.035190922927950424
pope_pius_xi__miserentissimus_redemptor,-8.543040884028434,-0.16105446329086792,-9.097278845974955,3.93634659030567,4.327195352316777,-0.9952908646821765,-1.623710584783679,1.1749758216575161,-1.0186733729500728,0.38281380130512394
pope_pius_xi__mit_brennender_sorge,-11.450542052713326,-3.623220369483136,6.571335233699768,-0.23211957258796106,2.7554288655083616,-1.6077068909269199,-0.48625643151571096,0.599550082347745,-0.1935825506356236,-0.6837644266313414
pope_pius_xi__mortalium_animos,-7.901645819906672,-1.4581106432927224,-5.824301066596419,0.613104971357927,2.0951492105807135,-0.6041572345559959,-0.08070488770639622,-0.5013620534503372,-0.20348022060916757,-0.1645926058909837
pope_pius_xi__non_abbiamo_bisogno,-9.643040241697989,-2.968648724329516,2.120038878889329,0.03387707822071855,3.0013172840288083,-0.6632651155776323,-0.06428532770054281,-1.2969273217351087,-0.6548913730696997,-0.06469325116300165
pope_pius_xi__nos_es_muy_conocida,-9.592437841310312,-1.9272592270364857,2.1287372034260614,0.6582940307060685,1.4640476677969783,-0.642432147230695,-0.253651499721909,1.355783428926022,-0.6866044392444185,-0.7229386143939274
pope_pius_xi__nova_impendet,-6.81943677886896,-0.9241201132792003,-5.787015777710938,0.24445160044203318,1.41094204698194,0.15776689231536825,0.009426652671290383,-0.0052619449663724865,-0.2516434435682657,0.12363288207203672
pope_pius_xi__quadragesimo_anno,-12.132927450702452,-4.525848934164065,5.534954407890551,-0.9028193963413743,3.485938952180271,-1.4806379139661603,-0.37395041338509366,0.4012276974198732,0.33732658495589707,-1.9130899783118138
pope_pius_xi__quas_primas,-7.838729650265805,-0.806843621496394,-6.506353390248758,1.2775346295654895,2.311403069766472,-0.8182006559641851,-0.1890075670687344,0.8654735274903295,-0.5576493948435008,-0.14854764554403657
pope_pius_xi__quinquagesimo_ante,-8.584569918123716,-1.536274380029195,-6.116145413370484,1.3580525046924,2.433280578193678,-0.942393653974424,-0.20735394831852622,0.5535639646888252,-0.4169712465292438,-0.2674906676886994
pope_pius_xi__rerum_condicio,1.017898862858079,1.8723554670943416,-5.479328612614694,-0.9682763562031077,-3.195070464916196,1.3312163282934402,0.7500762939970599,-0.8995128438452136,0.4013317274334652,0.5189605872726266
pope_pius_xi__rerum_ecclesiae,-8.843014926685274,-1.9323640351616789,-3.017118534114982,0.646051293295014,2.3926588783215017,-0.5296135037081329,-0.4226993323689864,0.4573107274368674,-0.430359577774639,-0.273291606092472
pope_pius_xi__rerum_omnium_perturbationem,-9.441779677903217,-1.9546446496664343,-4.411680416018873,1.2773082667668452,2.91033062839582,-1.1882626223174861,-0.5575859421684937,0.4645621854444636,-0.25841155161562235,-0.21833294267616696
pope_pius_xi__rerum_orientalium,-8.020503234811569,-0.8401991881986064,-7.195587296565683,1.604528889962462,2.283851777873352,-0.6247067954247522,0.005648835851853148,-1.3899536294118973,-0.08103412030248458,-0.3590888516293749
pope_pius_xi__rite_expiatis,-9.501980808163037,-1.271113767261447,-3.993223819721604,2.4640065280650423,2.928216545115408,-1.2806829200332253,-0.7085618489716522,1.9846256003159297,-0.3342484275247815,-0.14405283535330693
pope_pius_xi__studiorum_ducem,-9.451299450018881,-1.6331029459793887,-3.1142454069662326,2.1268184763790625,3.5053956247043625,-1.0869130348396119,-1.0318244354274841,1.0697824765998536,-0.19065447054093565,0.08194897706407495
pope_pius_xi__ubi_arcano_dei_consilio,-9.538247767420375,-2.8042942557691997,0.9135450743476433,0.11252795382905366,3.020505718408224,-0.5471401857007121,-0.7487738193354617,-0.10921874964915057,-0.4766623762079126,-0.47761068873456497
pope_pius_xi__vigilanti_cura,-10.564302624484993,-2.988485893635519,3.9431765708064326,-0.2771905341835275,2.3203226236593983,-0.4927874747485565,-0.054778380428585995,0.07968075122227618,-0.1761059110559883,-1.0794136309557936
pope_pius_xii__ad_apostolorum_principis,-8.704730088694467,-1.3466724389546365,-5.42656834572279,0.8610458063397072,2.5755548577839584,-1.0839260597280218,-0.04708495714864855,-0.7005086246625445,-0.03764682640338875,-0.7270944862242552
pope_pius_xii__ad_caeli_reginam,-8.095162456351044,-1.4099104199569195,-5.443954932918414,1.0038836819901986,1.97306701233641,-0.6381045710137994,0.04781385926496795,0.43503989623648637,-0.7123094135038052,0.7817687294686163
pope_pius_xii__ad_sinarum_gentem,-6.681365349162347,-0.5938690580820312,-6.26537868533264,0.2757538438839566,1.6296902668641533,-0.6093840789268643,0.24158646672385362,-0.8483770803643913,-0.14909393651010966,-0.14354409010202165
pope_pius_xii__address_to_midwives_on_the_nature_of_their_profess,-10.327111250473164,-3.3151278910257527,6.766085021577562,-1.4773134440797318,1.3655032822761288,-0.3557185058664306,-0.5598031220515686,-0.2523557713750106,-0.43187381950383064,-0.6469321093588533
pope_pius_xii__anni_sacri,-7.885671569166046,-1.3843397277257927,-8.049745244587102,1.1219870263682628,2.4149559990274003,-0.7482991393189089,0.13348380235402277,0.40362732765698706,-0.28955348123226765,-0.4327290540204317
pope_pius_xii__applied_psychology,-11.495893282606186,-4.266002222944552,14.454087931694476,-2.83308986255368,0.7437752467428459,-0.17216190391875266,-0.8139848758561106,-1.0883826411036048,-0.0016912167840951449,-1.1752850098809717
pope_pius_xii__auspicia_quaedam,-7.472878510673834,-0.9669572166455873,-8.335525354159138,1.3376119509749511,1.9622226507214833,-0.6141821430678739,0.15221989794418175,1.2115004414786867,-0.5758315466574242,-0.1315936755143731
pope_pius_xii__christus_dominus,-7.283552428812717,-0.26237877714436175,-5.696985389152098,0.7486372721587586,1.4007674134270336,-0.2057157564584927,-0.3622152816602091,0.5409175312801695,-0.15237402078626675,0.02094601321368383
pope_pius_xii__communium_interpretes_doloraum,-6.924921544066526,-1.1183513702192562,-9.8227933480661,0.9185648720051076,1.9647476833318727,-0.5990958406138638,0.3180144417620849,-0.38283365248157675,-0.22181505116506517,-0.3415769796188263
pope_pius_xii__counsel_to_teaching_sisters,-9.379353879293573,-2.7217077047795297,1.4465812049674684,-0.6622791796393902,1.7403766650657493,-0.4613473339000928,-0.00916385049659889,-0.12357026927950651,-0.25441496277677933,-0.3243302670234787
pope_pius_xii__datis_nuperrime,-5.220409498077833,-0.6322480554438904,-7.739700500572205,-0.03876204582613466,0.5763630789048028,0.09289972343444028,0.4621021743707157,-0.8590484361767363,-0.047337834061104776,-0.05831031672573391
pope_pius_xii__deiparae_virginis_mariae,-4.718899613684167,-0.0737055922783208,-8.91934373483997,0.1858575609466638,0.34121368254466833,0.5960368239792193,0.10611578045241736,-0.9203942919499151,-0.049259900267032204,0.14695993260696075
pope_pius_xii__democracy_and_a_lasting_peace,-12.884071834006294,-5.147309007293133,12.1536392398517,-1.1034928807339965,3.393118323998014,-1.3642973209428222,-0.07637363784999109,3.2163753995585456,-0.16853793987285795,-2.1820593487176514
pope_pius_xii__divino_afflante_spiritu,-9.473083542623819,-1.546225364419881,-4.3367217746450635,1.3186612484619609,2.847115115308985,-1.3404254514334166,-0.08389526612493986,-1.1137470464699948,-0.16482535808248702,-0.3001147562577651
pope_pius_xii__doctor_mellifluus,-10.344143992564556,-2.070011363184018,-4.6057931904549845,2.357848454242279,3.5836219627567303,-1.6870547176425343,-0.7330127927002364,2.9453401059180457,-0.6172092701891766,-0.14387584432336983
pope_pius_xii__ecclesiae_fastos,-9.36191388489757,-1.7797416526770464,-8.438498306043392,1.8562356346291267,3.526295789530807,-1.2100593637698904,-0.2847069840531374,1.0071634969481698,-0.38260195663705093,-0.2612933337013409
pope_pius_xii__evangelii_praecones,-9.95611628483021,-2.2664705574802158,-0.7536292631790497,0.6338304116206528,2.8443787227270687,-0.8230226522997858,0.15840625365761993,-0.7148031055869619,-0.41933967101357045,-0.4209429880684355
pope_pius_xii__exsul_familia_nazarethana,-9.865026049094194,-1.9486063209235644,-2.1024658901477697,1.6618422429650093,2.7298615240481725,-1.2619516463271172,-0.06500785416412101,-0.7332061565134352,-0.46117915348374194,-0.9861544739268103
pope_pius_xii__fidei_donum,-9.202724438403088,-2.579484138996015,-1.0703093062030538,-0.2288750661913771,2.0448341976669204,-0.5841226728347273,0.06958319710649512,-0.09680652595534746,-0.29776586726841525,-0.21811922209739212
pope_pius_xii__fulgens_corona,-8.805252240087249,0.13529083112087464,-7.454535843937079,1.809845793942583,3.2378476253420576,-1.5372425721960454,-0.32102629269847727,1.8730033447463168,-0.5913832594074936,-0.032614385212401426
pope_pius_xii__fulgens_radiatur,-10.941842881644565,-2.665226215632646,-6.90150180222967,2.313840708383756,5.026566279592438,-1.7477418096199338,-0.787294873273455,1.7263390877583955,-0.47707573721181284,-0.7421047925065293
pope_pius_xii__guiding_principles_of_the_lay_apostolate,-10.816325719229129,-4.266463236968534,15.58846640029392,-2.8628664644821455,0.16697470385059449,0.08323686556946268,0.1987133792300127,-0.36136554581123487,-0.00014704113858708535,-0.7850290046941043
pope_pius_xii__haurietis_aquas,-9.241169345191206,-1.783564666531922,-0.8113107590429929,1.0583777978032953,1.841387193118707,-0.7875254212553041,-0.362399234283566,1.6169037275332196,-0.7418117112031536,0.6463569381718085
pope_pius_xii__humani_generis,-10.323615535676538,-3.02341791856451,1.020116769763191,-0.13983037777641288,2.829832683587626,-1.0217422938239082,-0.3448917380790347,-1.1360208589493106,0.045739911640329055,-0.9256199141944093
pope_pius_xii__in_multiplicibus_curis,-7.196872512769217,-1.5164939266765807,-3.3831643444789483,-0.7161088231903633,1.1996235079721795,-0.17848364591036964,0.2712708596421039,-0.4320217095131881,-0.22630349259387178,-0.08822585747949221
pope_pius_xii__ingruentium_malorum,-8.073326873725184,-1.2613068015328168,-8.08077893118364,1.412411916419505,2.3349045615402515,-0.825675864425826,0.06995005059503438,1.1621064766663518,-0.5272682329185413,0.022276975864509753
pope_pius_xii__invicti_athletae,-8.989747458039105,-1.6432620666305306,-8.064095779529566,1.724340655289721,3.157646615557237,-1.2121949949184043,-0.24193258373641502,1.5773400482913207,-0.5036392623908299,-0.2947174294573456
pope_pius_xii__laetamur_admodum,-6.262561021418978,-0.8034879005636206,-8.574611725532714,0.3996444665572945,1.316566796315042,-0.27825323764390636,0.3686735562025285,-0.3227010033405248,-0.19440649987713174,-0.22118454788074912
pope_pius_xii__le_pelerinage_de_lourdes,-8.852366150838137,2.7865852018728225,0.9120417255464546,7.131104415929325,-0.3731331180001044,-2.2421863735731087,1.4462649674472048,2.245785192902136,-1.0069609765930478,0.45425015597119944
pope_pius_xii__luctuosissimi_eventus,-5.469071518791276,-0.6154720870108417,-8.646082073273284,0.34119420634759096,0.9694775505765428,-0.11785183236366625,0.4093354727380384,-0.31000268913154594,-0.2174198381072003,0.06157467992856133
pope_pius_xii__mediator_dei,-9.44289070334606,-1.95309832924878,-1.0285243130301125,0.4499891698161187,2.2691587483433024,-0.700787293372223,-0.24526295547069002,0.3409164293225874,-0.5750806681982322,0.4786025656460689
pope_pius_xii__meminisse_iuvat,-8.670432391058391,-1.9394283771606577,-6.84173588175819,0.888682247032227,2.8172148398599015,-0.9375794975640175,-0.013982045800372262,0.2108001754881333,-0.23201667897351064,-0.5391143881525908
pope_pius_xii__menti_nostrae,-9.37832478318839,-2.3048132906913867,-1.139538558154758,0.19134039590183038,2.0896818870627105,-0.6181779072475602,-0.17147060358881402,0.5407495158519638,-0.4198269692082326,-0.09277952376583655
pope_pius_xii__mirabile_illud,-8.072372106947334,-1.7192169130520432,-9.202684657054656,0.913188945714576,2.7730781468879955,-0.8008747576788559,0.33408676365051526,-0.2812570462581696,-0.30726458041515364,-0.49120124032729073
pope_pius_xii__miranda_prorsus,-10.400603707093149,-3.679453477842875,3.822398729144204,-0.9893183759205411,2.7620762613094416,-0.5706562610841049,-0.59081865083755,-0.5203155623774758,-0.3548735210870725,-0.7628004440410247
pope_pius_xii__munificentissimus_deus,-8.37635403613121,-0.991723612456615,-5.82073767157889,1.8376388796464662,2.1422116395709536,-0.7073078216804544,-0.6493918201201841,1.6774785432237285,-0.612328820968117,0.5912182325439566
pope_pius_xii__musicae_sacrae,-9.122500879000414,-1.8155840651201454,-3.217810556818208,0.7650512483551949,2.482713335896823,-0.8024829669478114,-0.3264364258419119,-0.506546174747054,-0.28306604342022634,-0.0602526928423577
pope_pius_xii__mystici_corporis,-9.249552467067558,-2.2001101485302064,0.2555566780774567,0.2931665381350966,1.706296748650048,-0.6047144264411617,-0.06602451377272286,0.8103349032581376,-0.4633093483652375,0.2853197572866843
pope_pius_xii__on_psychotherapy_and_religion,-11.104707100868982,-3.852787112115709,16.459638754910703,-3.7511077554803918,0.6366052676760405,-0.6026468059823948,-0.987084787378988,-0.08873850580529137,0.04839656115747899,-1.5172718082960455
pope_pius_xii__on_rural_life,-10.783374644508585,-3.538385958669189,7.522947004782828,-1.3970957298832674,2.362334764501466,-0.3153005687596642,-0.46847447481515325,1.0339533048574154,-0.17397606225725407,-1.5549662214211724
pope_pius_xii__optatissima_pax,-8.245503715198886,-2.0964284209524666,-7.1391584149019005,0.29059820869358605,2.480677364167272,-0.7088455960584363,0.3081262507784254,-0.0635354547554633,-0.2882763685634248,-0.6498887765473013
pope_pius_xii__orientales_omnes_ecclesias,-8.26263212113396,-0.6280198974207474,-8.721588351579188,1.8187894164998002,2.751020498909012,-0.956482544810197,-0.12537458507086763,-0.19072995040813082,-0.18830243473651131,-0.34067872814476763
pope_pius_xii__orientalis_ecclesiae,-8.08895874603182,-1.0163036053908725,-7.804017915620622,1.6647313060575855,2.5140057741906356,-0.9340192883503988,-0.0678581569357785,0.008108401206829041,-0.3154091419132813,-0.06653594738269655
pope_pius_xii__papal_directives_for_the_woman_of_today,-10.456819622886117,-3.139969788179745,3.657828745365417,-0.5539804375413521,2.045127950222656,-0.7855148193862982,-0.2155586515421623,1.7248658402320345,-0.43483416611014475,-0.43645512372018314
pope_pius_xii__quemadmodum,-8.274388162687854,-2.0888205918932705,-4.628564083884738,0.22108247418047558,2.3071398637278935,-0.4677655888997296,-0.25275295557205385,0.015162196227984967,0.1283270514736825,-0.2094097290938407
pope_pius_xii__redemptoris_nostri_cruciatus,-7.8804674842631295,-1.6251689002325265,-7.249764964221352,0.4151256664657892,2.246437021608544,-0.6759433824981482,0.19467061497742713,-0.9076839963426144,-0.15626934315996846,-0.3348153779572446
pope_pius_xii__sacra_virginitas,-8.73078466193901,-1.8580764263178047,-3.204904316171786,0.6943204378575972,2.2233769078273498,-0.8427789332104066,-0.13542241526700757,0.5489637279368995,-0.41720455458354494,0.09835957266182088
pope_pius_xii__sacram_communionem,-6.904830829771357,-0.3849036149194833,-3.4805717577073234,0.11229442848050224,0.4550024572647956,0.5924833617477773,0.0901359044337152,-0.830553016936185,-0.2083919665292801,0.23148749278435746
pope_pius_xii__sacramentum_ordinis,-3.9333131322730006,5.672252066511267,-6.162271879862731,1.2636612519739316,-0.02651432659428363,-0.23202507237619424,-0.06945044767645192,-1.4953406630516068,0.0009671022734396163,0.2996421288918155
pope_pius_xii__saeculo_exeunte_octavo,-7.827644749014024,-0.7181798795526694,-8.148620399506576,1.8593276525369773,2.2225279121037342,-0.5886196752329999,-0.27347644440939034,1.395450128002969,-0.19983771100496894,-0.15168063817982325
pope_pius_xii__sempiternus_rex_christus,-7.50069883063423,0.57090645460402,-4.935515828862466,4.294537866538865,4.500026863666028,-0.30738620575105574,-2.6020593172105357,-0.2872663903120064,-1.4949065894880362,0.10779092257708292
pope_pius_xii__sertum_laetitiae,-10.983619603323818,-2.338538675664258,-1.9676419072515705,2.109624294285072,3.849877397553623,-1.282252796162322,-0.6262302569220751,2.224008537337974,-0.7803141107899482,-0.7926327874584346
pope_pius_xii__si_diligis___canonisation_of_st_pius_x,-7.8307453616827205,0.1489086204888335,-4.247285409107887,0.4351067691341627,1.4469731276362732,0.03675756209948783,0.11462646522966335,-1.0659862218364762,-0.15270405227075742,-0.1805715136592351
pope_pius_xii__summi_maeroris,-7.498084352439836,-1.5752850790647652,-7.665753154372822,0.34184242786083824,2.1285545216470605,-0.5007616438945904,0.16076201265131357,-0.4832234045795964,-0.14398110806464812,-0.3787562659076388
pope_pius_xii__summi_pontificatus,-11.609093074620661,-3.8236692248805015,6.028591223328968,-0.21979400028755164,3.3095714745114533,-1.084688788575877,-0.7852064150089569,0.9488607091662885,-0.5015959852535236,-0.21464279321225413
pope_pius_xii__the_function_of_art,-7.572549879539095,-1.5428155605180431,-1.0175807413285383,-0.10541266876248634,0.7697335962755655,-0.1892003272837325,0.08399283521300129,0.838905476409516,-0.48024898388119525,0.3416719712270427
pope_pius_xii__the_internal_order_of_states_and_people,-13.222856807721334,-5.533347939691278,14.13811544440431,-2.0142270913595888,2.825774764033587,-1.4931463394738425,-0.21467868179438696,1.6228071250028555,-0.24487161826192244,-1.4039656941460472
pope_pius_xii__the_moral_limits_of_medical_research_and_treatment,-10.009109462730752,-3.4598091575210783,10.123927804253487,-2.075332747893546,0.6358208911320828,-0.40080526512436326,-0.37201287381548487,-1.159899702800266,0.04809715905980341,-1.184912901181773
pope_pius_xii__the_proofs_for_the_existence_of_god_in_the_light_o,-12.736812888978074,-4.607177602528734,18.73100067515896,-1.7396838488584094,0.764023182833556,-0.4239668672261341,-1.3670298748109975,1.5179125125712591,0.5078279558928045,-1.7364923837944255
pope_pius_xii__the_states_of_perfection,-9.49217170458308,-2.6737464795609576,3.9122426109667394,-1.1507934963613404,1.2484770396301796,-0.43621419698752534,-0.11422041194935638,-0.12493043349781473,-0.3936277074780745,-0.44993089977305795
pope_sixtus_iv__superna_caelestis,-6.8135506081441966,1.460864247281209,-10.44185107459177,4.775666867987201,1.6542821738986706,-0.9462311375856809,-1.1459821643828882,5.0602517781868945,-0.6377246165526422,-0.4024377631354105
pope_sixtus_v__triumphantis_hierusalem,-8.253286259800312,0.6484520613886378,-11.629221261597396,5.539557535235825,3.338781551661211,-1.4856291109955653,-1.2858465375650103,5.47980223845049,0.40855940958171105,-0.4706668066829618
pope_st__john_paul_ii__a_concilio_constantinopolitano_i,-7.398059722506634,1.2667533576274905,5.098191680329391,0.5093408374031171,-0.8808320696681171,-0.49823570761652186,1.7109065465664994,-2.203737661538747,-0.5716483009975573,1.3719417046766054
pope_st__john_paul_ii__address_of_pope_john_paul_ii_to_the_tribunal_of_th,-9.951600283604083,-3.578551963070119,14.4405709310694,-4.306620106104204,-0.3746111503572221,0.4333048524290983,-0.09058228639663977,-1.6401951067466751,-0.03522541937560318,-0.47231847877285615
pope_st__john_paul_ii__catechesi_tradendae,-11.516457160931102,-3.6804865946971677,26.875105731195628,-4.290880907805759,-2.075492076172804,0.6020156067109885,0.7715140991291344,-0.5892739355517342,-0.7311756993453896,1.3427636146587707
pope_st__john_paul_ii__centesimus_annus,-17.36413986349251,-11.772331117941587,67.89117413923279,-12.52627103939655,-4.943708286114926,1.2491661208307727,1.1413612827968527,1.2475844141713421,1.2630361552886324,-2.707643578356179
pope_st__john_paul_ii__christifideles_laici,-12.07074780855092,-5.085049525031933,35.72602215905834,-4.632149664505545,-3.9680529291348536,1.1001174644525709,0.9887859096238677,0.9818745264409403,-1.0578573802706883,1.9030060812899656
pope_st__john_paul_ii__considerations_regarding_proposals_to_give_legal_r,-8.52567306156053,-2.59140368175096,12.335886097410729,-2.919065144974207,-1.3903770793663408,1.3417499336219783,-0.37687903435427406,-1.378554010307101,-0.19166256042764018,-0.339434999506852
pope_st__john_paul_ii__crossing_the_threshold_of_hope,-3.7790065038126874,-0.08691719692310815,-2.077001754576815,-1.0948289013914851,-1.6259242349154743,1.0072882004719164,0.6766708117002368,-0.5655145078067673,-0.03451688213366593,0.6170664768536317
pope_st__john_paul_ii__dies_domini,-10.404971292935214,-0.5180897440609555,24.69483109548894,0.4112061992420682,-2.9141267694086688,-0.005174047872463201,0.03235881793811045,1.7329731075703856,-1.4911768564743582,3.2111196250501486
pope_st__john_paul_ii__dilecti_amici,-10.771682358393571,-4.26669962394026,21.999361123377337,-3.5663998779283252,-1.5951989877262238,0.5092233284206097,0.35007277441999557,0.46226567060638424,-0.7416530958485836,1.3764858895440537
pope_st__john_paul_ii__dives_in_misericordia,-11.445977796304206,-4.3760085052130835,20.90629237496587,-3.36863092872318,-0.9390550000651092,0.3047154831380742,0.25656482222320226,0.16308835724980886,-0.8010103384655229,1.4874170961183342
pope_st__john_paul_ii__divini_amoris_scientia,-8.896162882606765,-0.43679697663818245,9.42377933705362,2.4626396800220154,-1.3305447803315869,-0.5652235130291774,1.311952312776512,-1.5215679496679126,-1.0720710656301482,2.0046108053753575
pope_st__john_paul_ii__dominum_et_vivificantem,-9.63554681990184,-2.64561229244382,18.427132398144852,-2.034235172289002,-1.149544525870029,0.7661885959587835,-0.03409886330918353,-0.8339252528453719,-1.3941588224325492,2.6480255223099163
pope_st__john_paul_ii__dominus_iesus,-8.236141013398742,-1.29059582373353,15.29592956813405,-1.684591040962881,-2.380057983019901,1.1613948006664263,0.05455462922110377,-0.9849902972972312,-0.5191589336493053,2.4043244023816652
pope_st__john_paul_ii__ecclesia_de_eucharistia,-10.5848241734352,-2.154779697847588,23.722116701067804,-1.182373333216061,-2.848389071757231,1.2591493444796475,-0.29544822432164497,3.060838999719262,-2.055007768906166,3.7518567650857326
pope_st__john_paul_ii__ecclesia_dei,-6.105991014839653,-0.725474717265522,2.3580196479644484,-1.7838205106173692,-1.0018675782533788,1.2751014919211707,-0.07463578721826505,-1.0077201364016126,-0.21539621518474367,0.7284645977714705
pope_st__john_paul_ii__ecclesia_in_africa,-13.302786051347134,-6.544155518043473,43.62144802378895,-6.217007642345969,-5.050958324987176,1.6849111987842125,1.5405875450994688,-0.26896370568736694,-0.7639351223689134,2.7488933369361623
pope_st__john_paul_ii__ecclesia_in_america,-11.58440833811766,-4.603614820588253,38.413114685033825,-4.671176714520725,-4.608391247819396,2.10391819250222,-0.02695887099876518,0.3903251108051331,0.15412470301399211,1.7754865409260232
pope_st__john_paul_ii__ecclesia_in_asia,-12.43620865338132,-5.9950962975959,39.22411948054973,-6.590784270340107,-3.9167517646944114,1.677316018093587,0.767930285496687,0.4981560154537592,-0.5499506809791062,1.8439560015276197
pope_st__john_paul_ii__evangelium_vitae,-14.073840294199933,-6.777780559015916,38.369381114952745,-5.5300366952476905,-2.7764662980408636,0.5632509721363497,-0.2787279330059633,0.6240760143177887,-0.7790373482828584,0.6610958568033758
pope_st__john_paul_ii__ex_corde_ecclesiae,-9.64502202886497,-2.5795761408972058,25.977758174801473,-2.340052167834968,-3.5150657592597603,1.4802280228397822,1.5150310481410896,-2.538222067422291,0.38102859384386273,0.6388068216778446
pope_st__john_paul_ii__familiaris_consortio,-11.514555188902772,-5.133867787699454,28.61142995328953,-5.185161927694798,-2.5509616902798897,1.0512635279023606,0.43686449761364055,-0.2209230708490923,-0.4762359333476228,1.0241265874097747
pope_st__john_paul_ii__fidei_depositum,-7.228409596116904,-1.3527713426686427,3.161493010005205,-1.644979816295937,-0.6780335589385378,0.8320080951545802,0.4586737477984831,-0.775238206016384,-0.4132775787494797,1.1310702444395042
pope_st__john_paul_ii__fides_et_ratio,-16.20237530651252,-7.735583348169422,50.578839765151905,-5.922197401473652,-2.9323438073870594,0.04074513058765312,0.0374099151507163,0.4891973551595298,0.42066818643793275,0.1859694396126858
pope_st__john_paul_ii__general_directory_for_catechesis,-12.143903994878135,-4.907147889048008,42.81023547081705,-5.86431938675588,-5.095061566310916,1.7808515451626152,1.032139335528139,-1.0770250897938753,-0.7512651622981178,1.9560435619326828
pope_st__john_paul_ii__inaestamabile_donum,-7.484854105246125,-0.10019254627861976,5.10093419012536,-1.5749368241216897,-0.5422278921894798,0.42152974741314697,0.47752829571436134,-1.0214670156205932,-0.6035485411931107,0.6806085948893097
pope_st__john_paul_ii__iuvenum_patris,-11.144344236906129,-4.734633042203037,25.45729640482892,-4.526687717877727,-1.0717713598219987,0.9321471507054517,-0.10034393925836006,0.5937971947123782,-0.4686010677213211,0.7512939375788658
pope_st__john_paul_ii__laborem_exercens,-15.838722054081284,-9.944651577815891,55.67659341248437,-10.507738967951907,-3.431835241001351,1.0214565494805776,1.3460726923214894,0.39046188691141515,-0.9323062822628986,-0.08707190968701622
pope_st__john_paul_ii__letter_to_families__gratissimam_sane_,-12.154444709448551,-5.604577160242082,36.45314845257315,-5.2896480859233685,-3.732266248794574,1.1201992553811213,0.2729480214897544,1.0877867056256871,-1.4767004676834699,2.746155273750946
pope_st__john_paul_ii__magnum_matrimonii_sacramentum,-4.616300942117527,1.0079009448618472,-2.3543160760325654,-1.0370845736709737,-0.9660354225763567,0.6986580200844607,0.4136517144356493,-1.0857831363074337,-0.008020573630127674,0.2636631000414328
pope_st__john_paul_ii__misericordia_dei,-6.735840776824846,-0.3064996882856626,4.198490776279345,-1.9214259665874367,-0.9745982583927812,1.0098129519278314,-0.06393192212213665,-1.1157331719337962,-0.2609021909214238,0.7661792750914587
pope_st__john_paul_ii__mulieris_dignitatem,-10.835807099780638,-3.615793136343796,28.009069233638233,-2.8014979349702784,-3.1828095169993147,0.8419029690665166,0.5152036253436143,0.19907886700752309,-2.040470220300804,3.436270753204301
pope_st__john_paul_ii__novo_millennio_ineunte,-12.732017727036439,-3.3803431333721874,35.99540465825243,-1.7578890828611917,-4.112316695432918,0.3630662387602897,0.9592038369626976,0.2075051271672799,-1.3338347195572928,3.779920012637079
pope_st__john_paul_ii__ordinatio_sacerdotalis,-5.509614126907271,-0.4914038135241527,-0.44955136229172743,-1.2035626783626452,-0.7789392274925361,0.6380525946084538,0.4003724802672563,-0.9373125932595501,-0.23097304638033875,0.9248444309190479
pope_st__john_paul_ii__orientale_lumen,-12.160817112186868,-5.039647720741251,22.43409624020116,-3.5127905166465023,-0.8876673340417532,0.3739891511719621,0.31394319231941786,0.21767809961294166,-1.2537817457581932,1.3751296980644627
pope_st__john_paul_ii__pastores_dabo_vobis,-10.99631992458128,-3.0619978286207026,26.705588354204874,-2.529261418271155,-3.008993638565109,0.3717427562184902,0.9047448266578582,-0.14862025279517932,-0.46416712986014785,1.2533684791594897
pope_st__john_paul_ii__pastores_gregis,-10.631269644276028,-2.662765910710659,28.005381380887442,-2.266044717933779,-3.4684904271546615,0.8628013078598684,0.396434763216402,-0.0432427584490628,-0.2797690163102894,1.941493211541413
pope_st__john_paul_ii__reconciliatio_et_paenitentia,-11.114679177253997,-3.219703635736379,25.264595729512628,-2.8003974806165686,-0.9821522348828821,0.5315408461571479,-0.4751354671842089,-0.589030088780628,-0.8104792624073436,1.7511250239219198
pope_st__john_paul_ii__redemptionis_donum,-7.978333719945565,-1.9035231617000776,9.88349463350718,-1.230967275315549,-0.9369705388324518,0.5456745250524832,0.47135772257104364,0.20131328680114038,-1.0295559711066795,1.1715727097637365
pope_st__john_paul_ii__redemptor_hominis,-10.628322093610581,-3.858732755439791,24.194811388851686,-3.9628761531486285,-2.1620441594417557,0.5937273574903105,0.4219198384168061,1.0010226488989118,-0.860484776221906,1.326060777633576
pope_st__john_paul_ii__redemptoris_custos,-7.581570300294599,0.05942059814202185,7.727220450751486,-0.20936585956931178,-1.1913718058252707,0.3582807237612714,0.4319123167179942,-0.7003696928283961,-0.5317502118587648,2.0863070245952935
pope_st__john_paul_ii__redemptoris_mater,-8.82026666976414,-0.5270485933887764,12.281245724446585,-0.07937479819064906,-1.4852009718027217,0.22957070177096445,0.18091921791638058,1.3883716639698915,-1.0990384225391263,2.834870076395758
pope_st__john_paul_ii__redemptoris_missio,-11.60108762213514,-5.7829231619921915,35.66443311374604,-6.0614200969822605,-3.704458601333741,1.927038328614268,0.28207580010586086,-0.024510145525535695,-0.684694684507037,2.7167600043424946
pope_st__john_paul_ii__rosarium_virginis_mariae,-11.25068293127472,-3.4961463665726917,25.973703275161725,-2.6008864266916882,-1.4341774251493618,0.886719472142246,0.3223245218084002,3.026240261810957,-1.4663921768732886,2.835832981177391
pope_st__john_paul_ii__sacrae_disciplinae_leges,-7.138580821788059,-1.3287984571028977,2.166558955720888,-1.0586258026912698,0.004731827712197002,0.5177276405948337,0.8570452651827085,-0.09885373729081061,-0.33836218179687416,0.9497669697501191
pope_st__john_paul_ii__salvifici_doloris,-9.814830994062154,-0.0155596004526673,24.45746796602687,2.1482818035157574,-1.595869837767463,-0.01830930015262855,0.7890358718872573,-0.7559594531114643,-1.7891133917229798,4.003949469101429
pope_st__john_paul_ii__sapientia_christiana,-8.560742272196089,-1.3406010720240495,5.97009740821353,-1.1522132829353704,-0.38855522607445775,1.0548960900134354,0.1131573236223222,-1.6762932804295472,-0.03284504572997942,-0.49414019589221164
pope_st__john_paul_ii__sescentesima_anniversaria,-8.733338265766527,-1.931582611810869,2.7993928917562783,-0.5556713408082318,0.4824259072919195,0.22188279099331681,0.4056041488680878,0.09506787861971172,-0.6756432576977173,1.030904125667733
pope_st__john_paul_ii__slavorum_apostoli,-10.273892073400305,-3.0006694573994994,9.716228117036014,-1.8081747068719343,0.35878516779484526,-0.1349044249338001,0.046708480306140526,1.115231287186316,-0.8176451652561884,0.8438781543671213
pope_st__john_paul_ii__sollicitudo_rei_socialis,-15.554110368663316,-9.468591592709135,53.43610815768762,-9.995339860553448,-3.8864444143189933,1.2613872335779983,0.7088157839055227,1.4372974334208146,0.7325518746076645,-1.5812844758112385
pope_st__john_paul_ii__speeches,0.22074180713739663,1.6672852700201208,-5.815584510100943,-0.8302954418579489,-2.717825746045033,1.4688836208549918,0.9100343852860502,-0.8828655384662016,0.554830118676321,0.3575616468118422
pope_st__john_paul_ii__tertio_millennio_adveniente,-12.855870884112347,-5.9264965302502555,36.86369259685429,-5.552970989466344,-3.5346193379791027,1.78677072834839,1.3434176199450252,0.4407070302337801,-2.145885466942313,5.567050179973556
pope_st__john_paul_ii__the_350_years_of_the_union_of_uzhorod,-8.132957302304982,-2.0349479226401583,7.459404608747503,-2.021925744521901,-0.9967020074685196,0.9181668135498154,0.42492033121716466,-0.0011625962201547465,-0.7299440250522609,1.7315742482015082
pope_st__john_paul_ii__the_fourth_centenary_of_the_union_of_brest,-8.483172326973522,-0.9464338534116573,8.944978614029758,-0.7250648626798091,-1.0586212882031139,0.4783164523838122,0.6083344935411745,0.653016445735205,-0.8775645726423199,1.0338783016075008
pope_st__john_paul_ii__the_third_centenary_anniversary_of_the_union_of_th,-9.00144322785692,-2.2567587838540186,9.861885356955574,-2.638543774660133,-0.4002288176480103,0.25099008065703143,0.4132380245231244,-0.045132049824126726,-0.8514848261867078,1.628359347524692
pope_st__john_paul_ii__universi_dominici_gregis,-7.571043032815363,0.23868443104894055,-1.8614507367584536,1.6718107276909515,1.4416478451759747,0.8150462120224997,-1.5526131727753618,-2.3213413022959193,0.5699138671940724,0.6739223244738993
pope_st__john_paul_ii__ut_unum_sint,-11.06679114641027,-4.228547091378587,20.930821608294256,-3.4456506815063324,-1.643734903241537,0.7763655084761657,0.25523758266996904,0.9937345815568036,-0.6672932851628822,1.3961843133938427
pope_st__john_paul_ii__veritatis_splendor,-12.664518757041263,-4.471660179417377,38.17546485981936,-3.2954138667345036,-3.429548949550137,0.9436407935767194,-0.1786216650037873,-0.5980517326689815,-0.6823645824831795,1.494650735005706
pope_st__john_paul_ii__vita_consecrata,-13.330165447998978,-5.804123137334365,35.005452155665715,-5.182332221111341,-3.234891218687603,1.060816743988964,0.6511819961607513,0.9790648560520074,-1.2625764811939237,2.8039843670621654
pope_st__john_xxiii__ad_petri_cathedram,-9.399603284457976,-2.563277281572276,-1.2006153644236863,0.1078913678380655,2.380784977629522,-0.8572516103107681,-0.1080941611820408,0.4512553574980234,-0.14513047682188598,-0.5187092942534487
pope_st__john_xxiii__aeterna_dei_sapientia,-8.088420731753372,-0.7562058333518037,-3.872660168388745,1.6181904151500384,1.8376666974160472,-0.9908779126595418,0.09376840730649906,0.29904760452243107,-0.4307565756066952,0.12212509805288213
pope_st__john_xxiii__grata_recordatio,-7.291368755785047,-1.3032769786496616,-4.90441570060685,0.23801227982591225,1.1843477148710597,-0.2653177361449223,0.40250555407241656,-0.28134767822587764,-0.36661323056236134,0.17538490581837607
pope_st__john_xxiii__le_voci_che_da_tutti,-8.101091269705796,0.6802392774201744,-0.36584266029420714,0.10444352456844849,1.525031608860483,-0.786229642987031,-0.18569297830664422,1.7868121166620605,-0.6216250099072239,1.0265476412501764
pope_st__john_xxiii__mater_et_magistra,-13.662298890338981,-6.974971428404569,27.866053321915732,-5.153254925638341,0.41690454126548865,-0.42560540751168896,-0.10352497500084322,0.9773486567621319,0.6160181806045147,-2.3802220523950903
pope_st__john_xxiii__on_promoting_devotion_to_the_most_precious_blood,-8.241329512673765,-0.7349246830429363,-2.135518180725692,1.215016481819164,1.2008873797590784,-0.5190447590552179,0.44787644632826984,-0.7868211034930686,-0.7960326277612753,1.1451738673750527
pope_st__john_xxiii__pacem_in_terris,-10.973263339627577,-4.199186458672459,11.187366007038161,-2.2472304594697445,1.0980143439860655,-0.392805581101299,-0.0592097599837264,0.4019056887117572,0.04237503714863038,-1.0237272483631212
pope_st__john_xxiii__paenitentiam_agere,-7.985813338912631,-1.4582357517492315,-4.164157831857147,0.7371543606851042,1.635559162592594,-0.5737431864049839,-0.14493922782130406,0.8989888860218382,-0.44553535986562415,0.47221574708188385
pope_st__john_xxiii__princeps_pastorum,-9.678155813056804,-2.8650940633895954,1.6821534858171037,-0.7459042291637565,1.840452319569281,-0.36963530474514145,0.008856963252796736,0.02363170887548551,-0.3453889459287901,-0.15820639269833964
pope_st__john_xxiii__religiosorum_institutio,-8.553992339570812,-1.159681423606374,-1.1107165321052308,-0.1629749462974803,1.7105045575523319,-0.004978133033207637,-0.6465847569938789,-0.23401806803601868,0.12965529665510872,-0.2642975064017746
pope_st__john_xxiii__sacerdotii_nostri_primordia,-8.23026230435352,-1.580296907784456,-3.6993076918335515,0.8065163839677892,1.9076936878596935,-0.6761703898054451,-0.09040328096282751,0.8971218051096197,-0.4771591802315801,0.30249650514857196
pope_st__john_xxiii__veterum_sapientia,-6.748595412634596,1.486981998003979,-2.2339231432581244,0.6747128971575862,0.7450364555820256,-0.33930161218629745,0.2510825543385818,-1.768285900204716,-0.4565482546814537,0.0184342622870638
pope_st__pius_v__consueverunt_romani,-5.68460193788667,0.0977401297711657,-10.87292876678249,1.4365812914996918,1.2217900474245706,-0.3548754536515506,0.09350391894685388,0.8700011315717181,-0.327328533782782,0.3182955195882599
pope_st__pius_v__quo_primum,-5.886682818658566,0.03734771729131218,-12.353137629893888,1.6328371729924707,1.8592994712865358,-0.07177359190330079,-0.7455211244456316,-2.059633227800736,0.1941332744321505,-0.3698640756303954
pope_st__pius_v__regnans_in_excelsis,-6.012371112924323,0.04758587152290923,-12.521139525711204,1.7358616694026452,1.9686115060936116,-0.6392536816499239,-0.3269171055570506,-0.588449713382255,0.2848242603162912,-0.5027009554178837
pope_st__pius_x__acerbo_nimis,-8.37511183775546,-1.5782479547754211,-5.931444682847487,0.9744628147546118,2.3070734368963794,-0.7964340740270446,-0.1867164441177267,-0.0023787366306278024,-0.20472587938695008,-0.14062989812483406
pope_st__pius_x__ad_diem_illum_laetissimum,-7.758303331434799,-0.5338279396032743,-6.406281993187236,2.5430949642699208,2.1211183679958436,-0.9648897778580612,-0.40111302616972666,0.644386790479382,-0.45415448441433304,0.2918340832557799
pope_st__pius_x__communium_rerum,-9.071988321376242,-0.8179171232172375,-5.580617178286231,2.736330460494212,3.677685632424381,-0.7674252528185489,-1.6854811825120042,1.3519545894395042,0.20645233737173313,-0.36304723912023823
pope_st__pius_x__divino_afflatu,13.42990471716575,288.39469441192114,19.423170379611907,-174.65024275833767,99.38667060813421,-100.01905272472737,0.2967969576563615,-1.1865198296916515,0.9142544038142565,-3.6082235709797468
pope_st__pius_x__dogma_of_the_immaculate_conception,-5.3173338020372825,-0.5613094586882789,-6.325139887672673,0.08875283535260317,0.550749415202066,-0.04531326407154587,0.31809883395887745,-0.5553517214932977,-0.060900473184598757,0.09588927023193165
pope_st__pius_x__e_supremi,-8.123168540368043,-1.1152673454276225,-7.183352179613805,1.8994758996474044,2.5470818901488004,-1.0767499635358608,-0.163806103466864,0.9046201715592204,-0.2596576948182156,-0.3133123292720089
pope_st__pius_x__editae_saepe,-9.711078676376749,-2.464719600018454,-4.852537684880808,1.0273080776877752,3.6067575377851893,-1.1952893727782017,-0.04153648820383552,0.16372070626457758,-0.22246611534698607,-0.23070458466390248
pope_st__pius_x__gravissimo_officii_munere,-6.935980510050199,-0.9949268178007618,-8.269419867625137,0.5205753643435709,1.9606426359138112,-0.48721117575695405,0.025721341370028513,-1.2745708205687711,0.15562868990825288,-0.7770761116704694
pope_st__pius_x__haerent_animo,-10.117595879288798,-2.511329584537089,-2.811261211245957,0.9396786603281094,2.8971889014255248,-1.2086783898934825,-0.2105444930503797,0.5388973088787657,-0.36370389437480527,-0.08006073401707757
pope_st__pius_x__iamdudum,-7.5731933459771765,-1.0924342671235867,-10.703698642514961,1.6058261495159296,3.0119654258090356,-1.0608271822209114,-0.21677723038929095,-0.8864558937372775,0.28621777891134503,-1.2550096347837447
pope_st__pius_x__il_fermo_proposito,-9.871505774244671,-2.6982540572460825,-0.47510235012648855,-0.0806698650831536,2.3929534639121997,-0.9361188330118088,0.060030864689713935,-0.2409704490862398,-0.245399794763804,-0.5963121681564894
pope_st__pius_x__iucunda_sane,-9.948741911752894,-2.1058881396982554,-3.548211041014599,0.9027309212467374,3.5852850937768506,-1.2495919967727855,-0.5727479836119317,0.6469057381524597,-0.18775713972321456,-0.5891829194751335
pope_st__pius_x__lacrimabili_statu,-7.421556725815674,-0.7759461928784035,-10.973921362195217,1.2161554100392196,2.8549668704632043,-1.1580716013916648,-0.09601739361997189,-0.3021608894337459,-0.06374490757844618,-0.5992697340837454
pope_st__pius_x__lamentabili_sane,-8.187944466076813,-1.7472110022818648,-1.7798105396298631,-0.0940417646046596,1.502677113335655,-0.3778310809319025,-0.0682010661893074,-1.2554475098257813,-0.1937505320574976,-0.002196112711395835
pope_st__pius_x__notre_charge_apostolique,-11.041818376393008,-3.8384783147158736,8.113860409589808,-0.8763259977848606,2.4937928381756516,-1.1764550399025937,0.5553276635394583,-0.933227887324236,0.4102926421525064,-1.3473609100838366
pope_st__pius_x__pascendi_dominici_gregis,-10.757811230056399,-3.2705405118643553,4.7744345906920405,-0.2517461542978822,2.6959486755506776,-1.0919162670095732,-0.5411284551965028,-0.8361442202483631,0.04314674112159488,-0.687476790649866
pope_st__pius_x__pieni_l_animo,-8.085505377808312,-1.4419833255015593,-7.059069202521401,1.0120935638448432,2.396903335661923,-0.9171901710319166,-0.09992136745119791,-0.9448382293071365,0.0835996972808571,-0.7701948870294736
pope_st__pius_x__praestantia_scripturae,-6.287085977111521,0.3329881534347679,-9.362440471237393,1.5086996711642218,1.2315156394744902,-0.008793307009494196,-0.04881036889240594,-1.9084162167612453,0.4035258657344119,-0.74115880578684
pope_st__pius_x__quam_singulari,-6.584420264029803,-0.1484701056157313,-6.753183031022021,1.1277520450231866,1.001868244366525,0.5557478429056263,-0.3877081419053352,-1.082697979841552,-0.029989754772534797,0.04085357311222783
pope_st__pius_x__septimo_iam,1.017898862858079,1.8723554670943416,-5.479328612614694,-0.9682763562031077,-3.195070464916196,1.3312163282934402,0.7500762939970599,-0.8995128438452136,0.4013317274334652,0.5189605872726266
pope_st__pius_x__singulari_quadam,-8.124779538750944,-1.698233794587484,-6.011596224419768,0.0920362227666507,2.3020208745929365,-0.5734480496857333,0.013874174629459826,-1.3507164817183124,-0.046661048386830134,-0.7932572286409817
pope_st__pius_x__the_oath_against_modernism,-7.20515251904695,-1.1451262870079582,-3.9857295924801033,0.09146273056076017,1.2861430537044403,-0.4569295143124612,0.07622915448313869,-1.103129272262618,0.09294216944262079,-0.2697727416236084
pope_st__pius_x__tra_le_sollecitudini,-8.175457354841551,-1.1015859417596785,-4.804462338117514,1.3403114653774977,2.605523038638302,-0.8681756729862861,-0.34839531690825815,-1.7714195749081485,0.0206634660043493,-0.13258428383737503
pope_st__pius_x__tribus_circiter,-6.5137847427615485,-0.4852488658997192,-9.85839462177258,1.1979229854306852,1.726652445086594,-0.4513652770182635,-0.0014767585283080203,-0.8688438658398729,0.06099394568570856,-0.30167474599671346
pope_st__pius_x__une_fois_encore,-8.817180228042645,-1.793712499826113,-4.442421503018693,1.2765957103563594,2.7144086247630304,-1.3202004460833745,0.207205662946573,-1.0541001084959518,0.00613836990110645,-0.9941575416023315
pope_st__pius_x__vehementer_nos,-8.285906215379702,5.812172088860418,-3.7257919187157067,7.420972633838865,1.92770088836488,-2.5806892915537487,0.4584379071447314,-0.483232565562335,0.23162901777078862,-0.744812221211137
