doc_id,topic_0,topic_1,topic_2,topic_3,topic_4,topic_5,topic_6,topic_7,topic_8,topic_9
church_councils__the_fifth_general_council_of_the_lateran__1512_17,0.000508943475911487,0.008888753966482926,0.02624244109443618,6.44430079975299e-06,6.444300688373314e-06,0.00031655742032902145,0.08114422003390256,0.0013194893577686043,6.444354502100058e-06,0.881560261695179
church_councils__the_first_general_council_of_constantinople__381,6.287195260582582e-05,6.287255189663521e-05,6.287149115855186e-05,0.09203258227371429,6.286840208818592e-05,6.28548405620916e-05,0.053490416038527264,6.287143460625267e-05,0.03459188332256972,0.8195079076922711
church_councils__the_first_general_council_of_lyons__1245,1.824655670477978e-05,0.004967575697771698,1.8246299805772216e-05,1.8246832600924845e-05,1.8246677115208397e-05,1.8241802902531502e-05,0.0989070884458308,1.8246246127388365e-05,1.824621492846801e-05,0.8959976152262124
church_councils__the_first_general_council_of_nicaea__325,0.06854327151692492,0.0002482194523974921,0.0002482115017151076,0.10462223600626172,0.00024820002772917883,0.0002481580588114911,0.07001365285057616,0.00024821319559803674,0.0002482177495968229,0.755331619640389
church_councils__the_first_general_council_of_the_lateran__1123,0.23381950677452462,9.499043063284354e-05,9.498710602231298e-05,0.006043840399232688,0.00841392529840646,0.00437131106615026,9.499229819556227e-05,0.018614672010724028,9.49922692381538e-05,0.728356782346873
church_councils__the_first_general_council_of_the_vatican__1869_70,0.03467447655417094,0.00017127532450150098,0.04270463574638043,0.101046779360112,0.000171278154156161,0.00017123648018824131,0.032900070996385665,0.04329974650396454,0.0001712807937775361,0.7446892200863631
church_councils__the_fourth_general_council_of_constantinople__869_,2.0620464250730123e-05,2.0620670133794863e-05,0.06209634862855625,0.0709530967593774,2.0620233049727278e-05,0.001080253925169323,0.05282184885525648,0.016456308834189373,2.0620378094355567e-05,0.7965096612519225
church_councils__the_fourth_general_council_of_the_lateran__1215,1.0737132259306084e-05,1.0737394376955964e-05,1.0737250073134877e-05,1.073736988276489e-05,0.0225890073025571,1.073440193877958e-05,1.0737275841853845e-05,0.0011153620232933342,1.0737208376963891e-05,0.9762204726413999
church_councils__the_general_council_of_basel_ferrara_florence__143,0.0076271584623178144,4.121821239101557e-06,4.121788094638783e-06,0.030359636596429214,4.121869783744e-06,4.1207221258206325e-06,0.03005098869321333,0.07833295626089186,4.121828764182689e-06,0.8536086519571403
church_councils__the_general_council_of_chalcedon__451,3.160398165856173e-05,3.1605189711381404e-05,3.160461789653409e-05,0.2263037617948825,0.033634016640895256,3.159591403001217e-05,3.1604980105559955e-05,0.06009667590059796,3.1604192818514726e-05,0.6797759267874036
church_councils__the_general_council_of_constance__1414_18,0.025427273583204898,9.519875258701948e-06,9.520346358775604e-06,0.00586210901345112,9.520127774140488e-06,0.00036946330007144685,9.520026369691922e-06,9.520163300829157e-06,9.520221378306934e-06,0.9682840333428321
church_councils__the_general_council_of_ephesus__431,3.514619220874982e-05,3.515217951331056e-05,3.514740241869919e-05,0.29383596727775646,3.5147513736410625e-05,3.5145217110617234e-05,3.514752230724471e-05,0.18294012394881662,3.514594483348074e-05,0.5229778768012984
church_councils__the_general_council_of_trent__1545_63,0.2986585090846572,0.0002941562100189104,0.0002941593773327525,0.0002941964623434919,0.00029419306433058626,0.0002941458098558415,0.00029415718923138357,0.018968193551180238,0.0002941799088730788,0.6803141093421765
church_councils__the_general_council_of_vienne__1311_12,6.9004504342445145e-06,6.900354641988227e-06,6.900481940461271e-06,6.900442305523731e-06,6.900237668970686e-06,6.898590676032628e-06,0.019810704748000826,5.10007193906991e-05,6.900360609495867e-06,0.9800899936143318
church_councils__the_second_general_council_of_constantinople__553,5.20420304985584e-05,5.20413215209346e-05,0.04522700768449075,0.06145326696394238,5.2042002395887106e-05,5.202968682192317e-05,5.2043360200087256e-05,5.204508619431215e-05,5.20457882833107e-05,0.8929554360756519
church_councils__the_second_general_council_of_lyons__1274,0.008551741518359988,0.026807392419750872,1.969458349898391e-05,1.9695072562802626e-05,1.9694105097632347e-05,1.9689156703133875e-05,0.010404038139732306,1.9694830856945857e-05,1.9694674255125794e-05,0.9541186654991822
church_councils__the_second_general_council_of_nicaea__787,4.631005467298852e-05,4.630928309673289e-05,4.630870152572503e-05,0.07181359655395766,0.020442876584797296,4.6297344474050834e-05,0.033546746748217046,0.05316096471441984,0.04271334082568807,0.7781372491891506
church_councils__the_second_general_council_of_the_lateran__1139,0.03809419333146443,7.754046675632308e-05,7.75414931519073e-05,0.01696485800094332,0.02497367753377091,7.752278097312751e-05,0.019298504065353658,7.754110797944107e-05,7.754052040414825e-05,0.9002810806992027
church_councils__the_third_general_council_of_constantinople__680_6,0.00012379518056887252,0.0001237935007525538,0.16335448286909654,0.16008371733973215,0.00012379475478748042,0.00012376416506068374,0.00012379400447446622,0.1240389865539897,0.00012379720036534393,0.5517800744311722
church_councils__the_third_general_council_of_the_lateran__1179,0.010385981772160947,3.0459656872042112e-05,3.0458884760812288e-05,3.0458703766508346e-05,0.013681431835127713,3.0451172804055055e-05,0.04734310301190338,3.0458532339449688e-05,3.0459493299846054e-05,0.9284067369369653
church_councils__vatican_ii___1962_1965,0.3877607515062586,0.0008851097945630974,0.0008850967605114284,0.0008851393430749639,0.000885036506045264,0.0008854216553947844,0.0008850586735774152,0.0008850544867781588,0.6051581545630711,0.0008851767107252273
pope_alexander_iv__clara_claris_praeclara,0.042631079245828415,6.315029825486016e-05,6.314874334886164e-05,0.08528993705662309,6.315105534205825e-05,0.19661258534944556,0.12359716359642518,0.39622759339957464,6.315103991717028e-05,0.1553890402152402
pope_alexander_iv__petitionibus_vestris_benignum_impertientes,0.0029414886236160207,0.002941334046454597,0.0029412213283445876,0.0029412915098799186,0.002941195391427335,0.9735276635224479,0.0029412036566449705,0.0029413551909076466,0.0029415237822586586,0.0029417229480182988
pope_alexander_vi__inter_caetera,0.0001324794242339129,0.0001324828106338222,0.0001324895936895282,0.04308295331885963,0.00013248493303335624,0.00013245560617546626,0.4960999147259004,0.00013248785554923487,0.00013247994149478555,0.45988977179042984
pope_alexander_vii__super_cathedram_principis_apostolorum,0.045702775440782786,0.0009709249349786926,0.0009709776038700079,0.000971133367960141,0.0009710111826931644,0.9465293995933807,0.000970896774437123,0.000970938271787059,0.0009709453855990987,0.0009709974445110533
pope_benedict_xii__benedictus_deus,0.00047183111774568026,0.0004718193664015962,0.00047183822771106884,0.29014037526306824,0.00047181631910065043,0.0004717007426999792,0.0004718246632375922,0.42828321474185405,0.0004718025339236328,0.2782737770242577
pope_benedict_xiv__a_quo_primum,0.00011114920641849859,0.04641748885264126,0.00011114671595192205,0.00011114263614055916,0.00011114227704112617,0.00011111848995558191,0.3517905557058168,0.00011114518777776794,0.00011114139585501934,0.6010139695324015
pope_benedict_xiv__accepimus_praestantium,4.882938830302191e-05,4.882876282944695e-05,4.882893922971394e-05,4.882893424015904e-05,4.882877137780217e-05,0.9995605399667343,4.8828353913326265e-05,4.882860961517822e-05,4.8828593566216585e-05,4.882968019066436e-05
pope_benedict_xiv__allatae_sunt,0.7490021839430121,1.362167023974293e-05,1.362224305775003e-05,1.3622384691787392e-05,1.3622294601887684e-05,1.3621356444171275e-05,0.036173161874856974,0.01612987571436425,1.3621772655558435e-05,0.19861304674607577
pope_benedict_xiv__apostolica_constitutio,0.2567053038141597,2.1027387909290908e-05,5.1531565813165606e-05,0.08903382201441368,0.016960671671428756,2.1031013399062075e-05,0.18058200560234172,0.14810261296124272,2.1026989915350776e-05,0.30850096697937646
pope_benedict_xiv__benedictus_deus,5.4437162082549694e-05,5.44368620764658e-05,5.443687476761567e-05,5.443803901679028e-05,5.4436782912940524e-05,0.9995100649667674,5.443722426828934e-05,5.443769454654866e-05,5.443707263239671e-05,5.443732092877267e-05
pope_benedict_xiv__celebrationem_magni,2.6767709900173818e-05,2.676698341451985e-05,2.676694648470938e-05,2.676687081287493e-05,2.6767078642699184e-05,0.999759095541361,2.6766838025183536e-05,2.67669235747542e-05,2.6768007675677617e-05,2.6767100108468203e-05
pope_benedict_xiv__certiores_effecti,0.00014513841113681663,0.0001451386418449522,0.00014513827603872956,0.00014513848012888417,0.00014513886781356106,0.9986937540037593,0.0001451385476675808,0.0001451383879304979,0.00014513815264854285,0.00014513823103127804
pope_benedict_xiv__cum_illud_semper,3.0340039138005354e-05,3.0339999851523253e-05,3.0340012395197252e-05,3.0339946190553726e-05,3.0340166506132457e-05,0.9997269398338267,3.034002906791017e-05,3.0339940545760696e-05,3.0339910881591263e-05,3.034012159656004e-05
pope_benedict_xiv__cum_multorum_charitate,0.00042553885040490496,0.00042553323956861036,0.00042553449050893933,0.0004255386394283659,0.0004255353153216041,0.9961701794324942,0.0004255354667918512,0.00042553382298800584,0.0004255344205500244,0.0004255363219435739
pope_benedict_xiv__cum_religiosi,0.2822623569087265,0.00015224664412214305,0.09031531061359943,0.03543734721334201,0.04053969674611938,0.0001522084755983725,0.45892496432354535,0.0014192217780754533,0.00015225207122851448,0.09064439522564294
pope_benedict_xiv__cum_semper_oblatas,3.7272497866779255e-05,3.727184390606052e-05,3.727189525618756e-05,3.7271947014261805e-05,3.727188475086492e-05,0.9996645514830858,3.72718636809939e-05,3.7272519541200526e-05,3.727199367021926e-05,3.727207122762784e-05
pope_benedict_xiv__elapso_proxime_anno,0.00015128763162571124,0.00015128674874726475,0.00015128637444795898,0.0001512863806428625,0.00015128628029144813,0.9986384200272661,0.00015128631759513323,0.000151286772726863,0.00015128643333500144,0.00015128703332177004
pope_benedict_xiv__etsi_minime,5.263387291480591e-05,5.263197596687765e-05,5.263231366163968e-05,5.263250833281453e-05,5.2632576073013064e-05,0.9995263044797386,5.2632378609331685e-05,5.263486932890223e-05,5.263222547572895e-05,5.263279989830373e-05
pope_benedict_xiv__ex_omnibus,0.1255556746881151,0.00014623402445983368,0.11135708122739876,0.00014623649551039975,0.00014623989651413864,0.00014620143644854727,0.3229384491961928,0.007254773384809618,0.00014623468575794194,0.4321628749647928
pope_benedict_xiv__ex_quo,0.6357505893495443,1.049594290986376e-05,1.376212817020666e-05,0.015031563015596036,1.0496226793660804e-05,1.0494651578921889e-05,0.0028293706390089706,0.12330304447523283,1.049564011032793e-05,0.22302968793105488
pope_benedict_xiv__gravissimo_animi,0.0001666700576803637,0.0001666674641385712,0.00016666812514450595,0.00016666801427960446,0.00016666730985786342,0.9984999873764909,0.00016666793414447313,0.00016666843017544347,0.00016666757353421793,0.00016666771455431918
pope_benedict_xiv__gravissimum_supremi,6.0865111596735475e-05,6.0864686993348966e-05,6.0864903162075325e-05,6.086464463228413e-05,6.086480216347736e-05,0.9994522170236572,6.0864697504229435e-05,6.086468581150986e-05,6.0864686872745597e-05,6.086475760649098e-05
pope_benedict_xiv__in_suprema_catholicae,9.671270395325821e-05,9.671245979204094e-05,9.671242276172383e-05,9.6712180579884e-05,9.671288603070716e-05,0.999129587469722,9.671237659989139e-05,9.671255896254937e-05,9.671212180221005e-05,9.671281979587747e-05
pope_benedict_xiv__in_suprema_universalis,0.00021097089003423362,0.00021097076234688532,0.00021097083236466119,0.00021097114746583158,0.00021097061787786475,0.9981012618852162,0.00021097101056320703,0.0002109709275474604,0.00021097073268704983,0.00021097119389650693
pope_benedict_xiv__inter_caetera,6.963886823685185e-05,6.963853119006257e-05,6.963872756406307e-05,6.963842053967829e-05,6.963878491056802e-05,0.9993732523711694,6.963844073318032e-05,6.963857941560439e-05,6.963847767403528e-05,6.963879856661892e-05
pope_benedict_xiv__inter_omnigenas,4.295549644817857e-05,4.295548966676697e-05,4.295546146051039e-05,4.29555839118233e-05,4.295562527140284e-05,0.9996133998176452,4.295574885298094e-05,4.295584426306026e-05,4.295550207503492e-05,4.2955430404950095e-05
pope_benedict_xiv__inter_praeteritos,7.6998237496015e-06,7.699607871882208e-06,7.699742170978366e-06,7.699556373095638e-06,7.69964057579661e-06,0.9999307033263697,7.699534110305151e-06,7.699561561285075e-06,7.69958421002558e-06,7.699623007305286e-06
pope_benedict_xiv__libentissime_quidem,3.3112835135706125e-05,3.311287358507173e-05,3.3112867954182855e-05,3.3112732231595335e-05,3.3112790241968004e-05,0.9997019841459743,3.311291221114805e-05,3.311274740736667e-05,3.311317784481996e-05,3.311291741376546e-05
pope_benedict_xiv__magnae_nobis,0.16250671990034898,8.978676927511548e-05,8.979111135982754e-05,8.978652135490225e-05,0.23877434121386848,8.981361668156428e-05,0.07628414396978142,8.978443082255343e-05,8.978570851434867e-05,0.5218960467579928
pope_benedict_xiv__magno_cum_animi,2.0442075743040836e-05,2.0441917128878473e-05,2.044190974976853e-05,2.0441719198917346e-05,2.0441984573324345e-05,0.9998160231038877,2.0441820108060184e-05,2.0441757948292365e-05,2.044172830071228e-05,2.0441983361208285e-05
pope_benedict_xiv__nimiam_licentiam,0.15619942557204194,0.00010032184981294239,0.00010032593642357745,0.00010032445810987631,0.21397306176391798,0.00010030156505107474,0.1049233521412074,0.00010032725116215718,0.00010032373883319358,0.5243022357234398
pope_benedict_xiv__non_ambigimus,0.00015649502962735549,0.00015649531315182976,0.00015649488838533442,0.00015649527112905168,0.0001564953443820478,0.9985915438935359,0.00015649521212382657,0.000156495158144897,0.00015649497308201267,0.00015649491643780124
pope_benedict_xiv__officii_nostri,3.529872647920079e-05,3.529854720601558e-05,3.529858321211334e-05,3.5298531133752695e-05,3.529887829671727e-05,0.9996823119421955,3.5298625948726994e-05,3.529910434796859e-05,3.529840011491297e-05,3.529866106520966e-05
pope_benedict_xiv__peregrinantes,8.470199863927072e-05,8.469673065415348e-05,8.469722758012878e-05,0.047827104465574664,8.469568198881442e-05,8.467433484882927e-05,0.5609847720114631,0.19549933701063105,8.469724708058783e-05,0.19518062329153957
pope_benedict_xiv__pro_eximia_tua,0.0003663017116748339,0.00036630066818120103,0.00036630093967535496,0.00036630119334703275,0.00036630059947110195,0.9967032904345171,0.000366300856926855,0.0003663011134196515,0.0003663007552270138,0.00036630172755992905
pope_benedict_xiv__prodiit_jamdudum,7.627916344420192e-05,7.627826200135356e-05,7.627829644901486e-05,7.627823684882299e-05,7.627798482872638e-05,0.9993134948393676,7.627831564206144e-05,7.62783003892039e-05,7.627826596924259e-05,7.627833505977405e-05
pope_benedict_xiv__providas_romanorum,7.435051999826918e-05,7.43516565369397e-05,7.435120060522694e-05,7.435031427169094e-05,7.435108738914595e-05,0.999330842691407,7.435068061065378e-05,7.435082989594452e-05,7.434991864452891e-05,7.435110064050038e-05
pope_benedict_xiv__quam_ex_sublimi,0.00010080714376688885,0.0001008074015267914,0.00010080891738740727,0.00010080693223216799,0.00010080836768769469,0.999092730855215,0.00010080811076292809,0.00010080807576387776,0.0001008068473108021,0.0001008073483465822
pope_benedict_xiv__quam_grave,5.007600741285801e-05,5.007572171199954e-05,5.007580251210572e-05,5.00755638589903e-05,5.0075689819648435e-05,0.9995493188447104,5.0075491253887474e-05,5.007556088430244e-05,5.0075485952187626e-05,5.0075831883725016e-05
pope_benedict_xiv__quamvis_paternae,0.00011990939412288752,0.00011990808188226704,0.00011990670394796783,0.00011990526332153889,0.00011990731335615708,0.9989208321521362,0.00011990810358528487,0.00011990528425378284,0.00011990512330196454,0.00011991258009189089
pope_benedict_xiv__quanta_cura,0.1621966845566485,0.0002451823493920053,0.00024516749752917836,0.00024515538355190106,0.00024516088891862807,0.0002451039647373192,0.3098968221842028,0.0376456593244733,0.00024518444482802323,0.4887898794057183
pope_benedict_xiv__quemadmodum_nihil,0.0001545601699739046,0.0001545603715142047,0.00015456022202258005,0.00015456125434019482,0.00015455982719692326,0.9986089545021344,0.00015456141794441348,0.0001545616667355629,0.00015456033647423791,0.0001545602316635579
pope_benedict_xiv__quemadmodum_preces,0.00016077341210929904,0.00016077367226244343,0.00016077308952624873,0.00016077277950341307,0.0001607752476480921,0.9985530381235699,0.00016077359846976971,0.00016077242755623922,0.00016077291039948163,0.00016077473895524498
pope_benedict_xiv__quod_provinciale,0.048891523092306335,0.00019768540451089192,0.00019769650987118054,0.00019768322331682256,0.00019768509538045873,0.00019763477505245133,0.46516897545897534,0.00019769651303857766,0.00019768919846914034,0.48455573072907887
pope_benedict_xiv__satis_vobis_compertum,6.844671173150591e-05,6.844677430158081e-05,6.84466733101684e-05,6.84467049516492e-05,6.844666329208571e-05,0.9993839797842865,6.844666265918149e-05,6.844655417939252e-05,6.844649763233436e-05,6.844697365558536e-05
pope_benedict_xiv__ubi_primum,0.0973697813285053,0.00010042688893546963,0.00010042981957860722,0.0001004297238288565,0.0071958368024549494,0.00010040235346812248,0.6891822985707462,0.022203011454552547,0.0001004346172719175,0.18354694844065816
pope_benedict_xiv__vix_pervenit,0.00011077740845378926,0.0001107752811292817,0.16001051980532952,0.0001107672397693525,0.1801325134057279,0.0001107424570168889,0.13060393938245282,0.00011077064343447273,0.00011076599742367467,0.5285884283792623
pope_benedict_xv__ad_beatissimi_apostolorum,3.642612599822144e-05,0.03183689447403187,0.14374509179520875,0.05351444949180163,0.15561171196166526,3.6421277908629014e-05,0.607122449291276,0.005972423298806057,3.642556067779202e-05,0.0020877067226258215
pope_benedict_xv__annus_iam_plenus,0.00014666422246052685,0.09505332203863433,0.00014666037839681777,0.0001466725656089228,0.036479667728924886,0.00014662819430430647,0.732077327682112,0.13550972031662614,0.00014666665053635986,0.00014667022239572556
pope_benedict_xv__fausto_appetente_die,0.01333375482519002,0.00011114180682150813,0.03128768249268731,0.00011114039379469571,0.00011114141375807735,0.00011111482751246547,0.593796606667466,0.30410045529262175,0.0001111482085581141,0.05692581407159004
pope_benedict_xv__humani_generis_redemptionem,5.113916859965317e-05,5.113752032550329e-05,0.1942794938972705,0.08537238918586751,0.039014145742476455,5.1126083637748086e-05,0.5477807591511972,0.03611291820840733,5.113947397604048e-05,0.0972357515682422
pope_benedict_xv__in_hac_tanta,0.01097224821532639,6.893350363408571e-05,6.893569375115341e-05,0.13083526559657868,6.893487627904954e-05,6.892032362447674e-05,0.4943462741575267,0.08596613566751299,6.893735500995933e-05,0.27753541461075654
pope_benedict_xv__in_praeclara_summorum,8.593477966952258e-05,0.007418614385002348,0.28690551830445227,0.048990446235067125,8.593573220566376e-05,0.00504327386296642,0.4086577088662829,0.21653204103382306,8.593153661497415e-05,0.026194595263915762
pope_benedict_xv__pacem__dei_munus_pulcherrimum,7.290209875224748e-05,0.0661623217340626,0.00922963590817178,0.10671894778424117,0.05254926474370144,7.288663635856248e-05,0.6588100823190244,0.021459413216611878,7.290453450817433e-05,0.08485164102456784
pope_benedict_xv__paterno_iam_diu,0.00028417286619101195,0.13645914806565018,0.0002841637082491202,0.00028417170925613017,0.04918885357401634,0.0002840919544656279,0.7812331794235454,0.00028416988009923527,0.00028416097606194453,0.031413887842465175
pope_benedict_xv__principi_apostolorum_petro,0.11642075658269749,5.366317773292088e-05,0.004543496649770576,5.366438099008932e-05,0.04237274438827113,5.3648361998586054e-05,0.27194398742166254,0.4481671697589989,0.011175537858554763,0.10521533141932317
pope_benedict_xv__quod_iam_diu,0.0004526241341480462,0.1443405108590425,0.00045262651630313607,0.00045262092530894393,0.0004526026821640213,0.0004524928895937582,0.7522198428413314,0.000452626194567359,0.0004526264199817749,0.10027142653755915
pope_benedict_xv__sacra_propediem,7.676961300960591e-05,0.09633449742513346,0.11446841056817053,7.676909983737147e-05,0.009554583254972882,7.678031789569704e-05,0.3584780947759547,0.36566900316638234,7.6768102990681e-05,0.05518832367565272
pope_benedict_xv__spiritus_paraclitus,1.8655355507274813e-05,1.865457448615488e-05,0.10064467929199453,0.14700009614334508,0.3596331515189135,1.8649924013064838e-05,0.1983562886059524,0.13156935781021561,1.8654315993977103e-05,0.06272181245957842
pope_benedict_xvi__africae_munus,7.783815472025967e-06,0.24458641348818214,7.783568224047032e-06,0.1077064240360426,0.001477494719136589,7.781718764178647e-06,0.0665518968089853,0.0037013020108920226,0.575945336097477,7.783736824013492e-06
pope_benedict_xvi__anglicanorum_coetibus,0.7185224970497974,0.0001197884308650738,0.00011979302396864419,0.00011979273936207868,0.000119799893523355,0.00011976154730402736,0.0001197929057743997,0.0001197988304992954,0.28051918470094034,0.00011979087796544416
pope_benedict_xvi__caritas_in_veritate,7.136113173159214e-06,0.885599965604543,0.03824000979625218,0.04077099953494221,7.136271150003375e-06,7.134720205714675e-06,7.136121469228021e-06,7.136054569990973e-06,0.035346209708476434,7.136075218110714e-06
pope_benedict_xvi__complementary_norms_for_the_apostolic_constitution,0.8742887786497505,0.0001283955080930018,0.000128391934896941,0.00012838601900956386,0.0001283981399302454,0.00012837007513144148,0.00012838962732761235,0.00012839103403431903,0.12468410104544174,0.00012839796638480943
pope_benedict_xvi__deus_caritas_est,0.01774407068825649,0.27983239534962506,0.08151516620364818,0.4882492350621364,0.012504510282852918,1.4440923297668442e-05,0.00933840827214936,0.0177334471618046,0.09103559323675202,0.002032732819477327
pope_benedict_xvi__doctrinal_note_on_some_aspects_of_evangelization,0.008439432544829146,0.12843837562618513,0.11585586000711193,0.26431733961597814,3.370164880321396e-05,0.0011068149452651862,0.010469378744920916,3.370145479543343e-05,0.47127169268978475,3.370272232620132e-05
pope_benedict_xvi__guide_to_understanding_basic_cdf_procedures_concer,0.5951370423345546,0.00035347197454895006,0.07797899747147935,0.0003534248382661263,0.03528634303255856,0.00035336496858291586,0.0003534336792734729,0.0003534400583599267,0.00035346510664347814,0.2894770165357327
pope_benedict_xvi__instruction_concerning_the_criteria_for_the_discer,0.3998868854654117,8.356456443660812e-05,0.07880731733298213,8.356723025556872e-05,0.02872813262819234,8.354364662206143e-05,8.35611347734491e-05,8.356151857624357e-05,0.49207630436366046,8.356211508935444e-05
pope_benedict_xvi__instruction_dignitas_personae_on_certain_bioethica,0.03594302352397559,0.7207148967624385,0.14967725051480887,0.027662822750571116,0.06589906132638829,2.0584915336292935e-05,2.0589154861598516e-05,2.0590573091937032e-05,2.059063451722932e-05,2.058984401075429e-05
pope_benedict_xvi__instruction_on_the_application_of_the_apostolic_le,0.9269742563890219,8.751412407360449e-05,8.751185662199752e-05,8.751688264525327e-05,8.750996764605708e-05,8.749765852892862e-05,8.751153321744913e-05,8.751315902445066e-05,0.0723256575521165,8.751087710384463e-05
pope_benedict_xvi__letter_to_bishops_which_accompanied_summorum_ponti,0.5297619508359172,0.1561077458368354,0.00011577490357788967,0.18691106033513566,0.0001157674403477123,0.00011574935232008931,0.03650144948229848,0.00011577263980168424,0.0901389499334841,0.00011577924028173128
pope_benedict_xvi__letter_to_the_bishops__priests__consecrated_person,0.1510880406906567,0.06485723699565792,0.016189074005619964,0.05779495267234776,0.0001655012650316998,1.7109154305046325e-05,0.08673596146573063,1.711324892935408e-05,0.6063285278852826,0.016806482616438287
pope_benedict_xvi__meeting_with_the_representatives_of_science,0.09970511877837077,0.10568660303076767,0.46765976584598673,0.2805732570761966,5.427187104294668e-05,0.009057387461234483,5.42723244242328e-05,5.427184065399915e-05,0.01591799519457529,0.021237056576747165
pope_benedict_xvi__motu_proprio,0.0013162820279032273,0.0749984092687902,0.0013158744404363856,0.0013160363575548896,0.0013158204451261678,0.9144736678971134,0.0013158488764175005,0.0013159277480531168,0.0013161980914970818,0.001315934847107942
pope_benedict_xvi__proclamation_of_st_john_of_avila_and_st_hildegarde,0.006127017675160891,0.00012183753886069938,0.00012183631933924537,0.2889991622705918,0.028760631727256056,0.00012180535262392297,0.0001218382171297568,0.11775905755261187,0.5577449748918567,0.00012183845456907376
pope_benedict_xvi__redactional_note_on_the_instruction_universae_eccl,0.9952114312608309,0.0005320406897960282,0.0005320237804361649,0.0005320829972843369,0.0005320058406607248,0.0005319579251372748,0.0005321405612258241,0.0005320887185213992,0.0005321713790106964,0.0005320568470967711
pope_benedict_xvi__responses_to_certain_questions_of_the_united_state,0.4281804789171828,0.28626018013042215,0.2800026313621514,0.0007938557127714582,0.0007938440136247931,0.0007936535723374763,0.0007938022413576084,0.0007938494880036871,0.0007938318032899871,0.0007938727588586404
pope_benedict_xvi__responses_to_some_questions_regarding_certain_aspe,0.2509969882638077,0.00011964152326483934,0.1208277472215587,0.00011965183972832316,0.00011964923109247501,0.017050090608785453,0.00011964803467427829,0.00011965096107683391,0.6104072803920141,0.00011965192399732761
pope_benedict_xvi__sacramentum_caritatis,0.10132054859622419,0.006843053620791641,6.9126819844633674e-06,0.16556226068060964,6.9128807933578846e-06,6.912532162982098e-06,6.912610120875859e-06,0.1799594448557333,0.546280128960193,6.912581386551258e-06
pope_benedict_xvi__spe_salvi,1.2398532006114654e-05,0.14364372802486147,0.23876025150083185,0.5451902763901499,1.2397883220813421e-05,1.239640045695389e-05,0.05590867544135538,1.239833043716014e-05,1.2397967332945453e-05,0.016435079529347345
pope_benedict_xvi__summorum_pontificum,0.8506197071980119,0.00010778917761073471,0.00010778375165786428,0.00010778577990406688,0.00010778762709937554,0.00010777419640746427,0.022939556308294414,0.06832261483640643,0.05747141495893433,0.00010778616567336104
pope_bl__pius_ix__amantissimi_redemptoris,0.26294844680987656,9.749035645878154e-05,9.749159470871488e-05,9.749635006282563e-05,9.749058936662063e-05,9.746685705503536e-05,0.3144329078685256,0.336256195043289,9.749131830479506e-05,0.08577752321235199
pope_bl__pius_ix__amantissimus,0.11353757579733538,7.175291366459345e-05,0.038694050668036745,7.175849752278641e-05,0.02348155532185273,7.173625915317921e-05,0.7509946871614879,7.175805841327695e-05,7.175788717701313e-05,0.07293336743535639
pope_bl__pius_ix__apostolicae_nostrae_caritatis,0.042253956950712164,0.0001395053114251015,0.00013950507884697815,0.002722813167670407,0.00013950411344909196,0.00013947125091314942,0.6507579545734219,0.17046965254458055,0.0001395101390243383,0.13309812686995642
pope_bl__pius_ix__beneficia_dei,0.00015777558680315107,0.0001577768958498745,0.00015776888979334528,0.013206730367904661,0.00015776870042917635,0.00015772965442201165,0.7276051507271022,0.12349548343201681,0.00015777343438028616,0.13474604231129858
pope_bl__pius_ix__cum_nuper,0.1309107793494597,0.00011936328259663904,0.04014434528788484,0.00011936547115043317,0.0894742316278008,0.00011933271568455917,0.6006129907295352,0.00011936509940959367,0.0001193671360707941,0.13826085930040752
pope_bl__pius_ix__cum_sancta_mater_ecclesia,0.06275302428059736,0.0003610992152456301,0.0003610849012307315,0.06018360315953957,0.00036107806480013984,0.00036101508525470766,0.574167246574178,0.2601240598110118,0.0003611090597755415,0.040966679848366494
pope_bl__pius_ix__dives_in_misericordia_deus,0.1,0.1,0.1,0.1,0.1,0.1,0.1,0.1,0.1,0.1
pope_bl__pius_ix__etsi_multa,0.016041580824711493,4.3968712328049156e-05,0.07650438422424446,4.39675722536001e-05,0.04328997493043938,4.395631441331955e-05,0.4669769143496692,4.3969042222239585e-05,4.396842222558106e-05,0.39696731560749265
pope_bl__pius_ix__exultavit_cor_nostrum,0.00016505915456004934,0.0001650554420939993,0.00016506867133897032,0.00016506623333767024,0.0001650660077591363,0.00016501743079976817,0.8497190749391079,0.1082042672715944,0.00016505319152996232,0.04092127165787819
pope_bl__pius_ix__graves_ac_diuturnae,0.0001479771630916941,0.0001479607051207156,0.06003668230085693,0.00014797139267129793,0.07446774209299893,0.00014792988331984244,0.6401727475778648,0.0001479687077185917,0.02450241364041852,0.20008060653593873
pope_bl__pius_ix__gravibus_ecclesiae,0.13653326899848806,8.314606429116233e-05,8.314765216978456e-05,8.315009195501881e-05,8.314799252276735e-05,8.313304859518702e-05,0.32472803399978034,0.15407753316160563,8.31476556324745e-05,0.38416229133495955
pope_bl__pius_ix__incredibili,0.0001357201456011684,0.0001357262255566986,0.00013572328028710554,0.00013572829455419882,0.00013572711195769904,0.00013571129414136058,0.6774716885275871,0.00013571872773210654,0.00013572410646531347,0.3214425322861172
pope_bl__pius_ix__ineffabilis_deus,3.495085297303634e-05,3.4949378432929525e-05,3.4951215400012935e-05,3.495039741520828e-05,0.0358805806798033,3.494097108121035e-05,0.10320991767875698,0.6989862179288422,3.494907621630327e-05,0.16171359182107886
pope_bl__pius_ix__inter_multiplices,0.03645955942910114,0.00010062429030193983,0.0001006339119029611,0.00010063887587037477,0.017383806534105244,0.00010067498180805755,0.8894648164119853,0.00010063406028073394,0.00010063019800043204,0.05608798130664402
pope_bl__pius_ix__levate,0.05986929453728422,0.00013057691353536953,0.00013058284103273048,0.00013058060105995302,0.00013058534565089434,0.00013054859003346113,0.5483789259927806,0.00013058441001222003,0.00013058196802708956,0.39083773880058337
pope_bl__pius_ix__maximae_quidem,0.07673882297080217,0.00019385583301427715,0.05198558542189833,0.00019383335437483853,0.10828846118413964,0.0001937988152241778,0.6811912730645617,0.0001938407962044407,0.00019385670656410246,0.08082667185321625
pope_bl__pius_ix__meridionali_americae,0.0006898753791061693,0.07340493712907392,0.000689833977162832,0.0006897938394169233,0.0006899777654889837,0.0006896565175061331,0.9210765142194656,0.0006897676072695682,0.0006898634162429254,0.0006897801492672822
pope_bl__pius_ix__neminem_vestrum,0.09921781108845215,4.6892331703366154e-05,4.6894655784644214e-05,4.6894473624983866e-05,4.689467286355912e-05,4.688260606505879e-05,0.7084789889067719,4.689388661633899e-05,4.689326485394766e-05,0.1919749541132642
pope_bl__pius_ix__nemo_certe_ignorat,0.11878163292224217,0.00012094604160766571,0.00012095462980168637,0.022182193209229595,0.00012095110397230485,0.00012091949005846638,0.7027927845847711,0.00012094962703130585,0.00012094956401202004,0.1555177188272736
pope_bl__pius_ix__nostis_et_nobiscum,0.021916413932141998,3.890718535235643e-05,0.08353881689486281,3.8907150174427444e-05,0.12299473371721853,3.8895568725470885e-05,0.6228828960016406,3.890719786635039e-05,3.8907679369208024e-05,0.1484726146726485
pope_bl__pius_ix__nullis_certe_verbis,0.0001416844533657929,0.00014169339453992864,0.00014168569164858013,0.00014171045156217396,0.035296090284396536,0.00014181184965784093,0.6576346362413809,0.00014168808853156454,0.0001416892026296555,0.3060773103422869
pope_bl__pius_ix__omnem_sollicitudinem,0.4676266355825967,0.00014840033984793333,0.0001484064876047558,0.00014840338078027287,0.00014841010012543122,0.00014836901808809423,0.3088192129310939,0.00014840659624494246,0.0001484021857743709,0.22251535337784367
pope_bl__pius_ix__optime_noscitis,0.1842685787977423,0.00014952365312927447,0.00014952046553119057,0.00014951221172440903,0.00014951503040154396,0.00014947737826743343,0.6374461869386637,0.00014952273041890092,0.041406769389385756,0.13598139340473558
pope_bl__pius_ix__praedecessores_nostros,0.09304957490670385,0.00022031181195761738,0.00022030967907991854,0.0002203242353751524,0.00022030864015315873,0.00022026547888463917,0.640633532126363,0.03992037770929799,0.00022032052520786974,0.22507467488697677
pope_bl__pius_ix__probe_noscitis_venerabiles,0.1384623677769034,0.00018522263849987786,0.00018524030901200423,0.0001852277387736383,0.03609608487952864,0.00018519713870057385,0.7865792689833214,0.0001852300925049657,0.037750918796709464,0.00018524164604584095
pope_bl__pius_ix__quae_in_patriarchatu,0.23670067783023532,0.00010103196284692802,0.00010103716756338836,0.00010103632482302789,0.00010103357949055974,0.00010102979302515032,0.28397170147948925,0.00010103126030953115,0.00010103318076280034,0.478620387421454
pope_bl__pius_ix__quanta_cura,6.271396103747441e-05,6.271411021966518e-05,0.04087432385506685,6.27146210324732e-05,0.2554099475386268,6.269746189617493e-05,0.5287820510057377,0.0375868378619996,6.271109120466246e-05,0.13703328849317867
pope_bl__pius_ix__quanto_conficiamur_moerore,7.747819379247507e-05,7.747875819610161e-05,7.748240790843212e-05,0.015636454421740196,0.00021625837732893065,7.74664797086458e-05,0.8252876272467354,0.030674613118992517,7.748372007974442e-05,0.12779765727551753
pope_bl__pius_ix__quartus_supra,0.14893439326823266,2.466773521112379e-05,0.06643326616654706,2.466771738738189e-05,0.0014589431188983943,2.466535472180306e-05,0.24500250648318092,2.4667190393877875e-05,2.466722159977877e-05,0.538047555743827
pope_bl__pius_ix__qui_nuper,0.032276471236261366,0.00047628882495834464,0.00047629302095867406,0.0004763266457537518,0.0004763050008961368,0.0004761948978546245,0.7410413259257564,0.0004763227659395196,0.00047631008156677815,0.2233481616000542
pope_bl__pius_ix__qui_pluribus,4.0994828978245384e-05,4.099437668282606e-05,0.12497876768209745,0.02120083956780457,0.07383274099507098,4.098380992791339e-05,0.7085102771561531,0.006946509467737738,4.099443757161713e-05,0.06436689767797538
pope_bl__pius_ix__quod_nunquam,0.030700413291673462,0.00015629673065219093,0.00015629482943662316,0.012393221960436773,0.04269569421280482,0.00015647871679594263,0.5257804874257251,0.0001562830931211837,0.00015629296996977267,0.38764853676938404
pope_bl__pius_ix__respicientes,7.31738255797719e-05,7.317470231362597e-05,0.03958034642488672,7.317388664742569e-05,7.317497798077525e-05,7.315468574732385e-05,0.5411071850755945,7.317554107861402e-05,7.31699510293072e-05,0.418800270929142
pope_bl__pius_ix__saepe_venerabiles_fratre,0.00019689854742821684,0.00019690700629896335,0.00019689315826886507,0.045889807447333134,0.00019690604870017278,0.00019685102453049344,0.9192414141697417,0.00019690863582125573,0.00019690869037091596,0.03349050527150638
pope_bl__pius_ix__saepe_venerabiles_fratres,0.00019689854742821684,0.00019690700629896335,0.00019689315826886507,0.045889807447333134,0.00019690604870017278,0.00019685102453049344,0.9192414141697417,0.00019690863582125573,0.00019690869037091596,0.03349050527150638
pope_bl__pius_ix__singulari_quidem,0.09214489693073517,4.4160639100475555e-05,0.11367366612576515,4.416299182146132e-05,4.416373737840236e-05,4.4157295660380955e-05,0.629313761008058,0.03509051334153389,4.4162628743536796e-05,0.1295563553012035
pope_bl__pius_ix__the_syllabus_of_errors,0.16961975954503736,5.6545362765230705e-05,0.2610298256779186,5.6542172150828865e-05,0.3545389805426287,0.004602568891382796,0.09219398422093043,5.654093152931139e-05,5.654497246614921e-05,0.11778870768319055
pope_bl__pius_ix__ubi_nos,9.236104997559649e-05,9.236312855030362e-05,9.236533233292015e-05,9.23634892208892e-05,0.11157265369757255,9.23366622134631e-05,0.7009364728582781,0.00967927140980624,9.23604911244924e-05,0.17725745188092543
pope_bl__pius_ix__ubi_primum,0.05051845826477509,0.00011577401438460147,0.044060767833921086,0.00011576989382390033,0.09285941298919274,0.00011574172886081495,0.6668661899525369,0.00011577606068081764,0.02931507186158658,0.11591703740023769
pope_bl__pius_ix__vix_dum_a_nobis,0.02395247434903543,0.00011040601144352187,0.05220797762428716,0.00011040689547694962,0.22587454685510722,0.00011038064499538384,0.4379911934633342,0.00011039983082446023,0.00011040737019874627,0.2594218069552969
pope_boniface_viii__unam_sanctam,0.00028991425705136484,0.00028991344946521774,0.0002899303664934296,0.2402783555517437,0.07484626249577088,0.0002898590776725648,0.0002899472969091081,0.18844595367222217,0.00028992029668797826,0.4946899435359836
pope_clement_v__exivi_de_paradiso,0.00016755126713253253,0.00016753694053634496,0.00016754446634156353,0.00016753187354167845,0.00016754400446176111,0.00016751133187099901,0.00016753630595763559,0.0001675404359879986,0.00016753217491980363,0.9984921711992496
pope_clement_viii__ex_supernae_dispositionis_arbitrio,0.000500102556674591,0.0005000194086174533,0.0005001412238551944,0.0005000243838180848,0.0005001038817909395,0.9954992366079762,0.0005000113118236034,0.0005002476271551827,0.0005000268724295342,0.0005000861258591735
pope_clement_xi__latin_w_partial_french_translation,0.01650199661236608,2.85130426972557e-05,0.020875274094616862,0.034617605403248666,2.851225137038163e-05,0.9246077727444427,2.8515146396099105e-05,2.8515420871990535e-05,2.85128180602477e-05,0.0032547824659295735
pope_clement_xi__unigenitus,7.139365773050316e-05,7.139324917982104e-05,0.1030059135653064,0.2725451842210611,0.021133949503655273,7.137860156100004e-05,0.16118780223678456,0.2067498587187967,7.139502005427697e-05,0.23509173122587051
pope_clement_xii__in_eminenti,0.023304059256274306,0.00026254101693723046,0.00026253300035035545,0.00026252886969038133,0.12311445373084653,0.0002624685486399747,0.26641867353347726,0.00026254465176900685,0.00026253892125083835,0.5855876584707642
pope_clement_xiii__a_quo_die,4.8509097830174035e-05,4.8510617392548653e-05,4.851152293995263e-05,0.24642444660928792,4.851066944018988e-05,4.849740466657295e-05,0.5737068807874068,0.02732174591404933,4.850987480989626e-05,0.15225587750217665
pope_clement_xiii__accedamus_cum_fiducia,0.00013661434692284024,0.0001366127546920593,0.00013661306019030806,0.00013661333981358482,0.00013661248549020973,0.9987704827313186,0.00013661247656345522,0.00013661300927708298,0.0001366128078238968,0.00013661298790819686
pope_clement_xiii__appetente_sacro,0.09360406208542364,0.00021650255947591146,0.0002165033417607194,0.06941858901719593,0.05331534387501036,0.00021645196966746047,0.2977230081002723,0.37090925890866827,0.00021649694308595855,0.11416378319943961
pope_clement_xiii__christianae_reipublicae,0.0001602928579491073,0.0001602971573987891,0.16593067939748898,0.044249104792617275,0.00016030112285651054,0.00016025781406806764,0.5806591012029081,0.00016030702198499284,0.0001602971723576905,0.20819936146037046
pope_clement_xiii__cum_primum,0.08714722310140646,0.04175175339997391,0.01664973673923609,6.420142852646838e-05,0.050896888474406904,6.418542338156174e-05,0.2033898253496008,6.420085138611709e-05,6.420426185025872e-05,0.5999077809702315
pope_clement_xiii__in_dominico_agro,0.0001284107241232217,0.00012841036861863694,0.20503899758563984,0.03379905103861738,0.00012840379834429255,0.000128373760808468,0.5877220500326462,0.00012840811985941785,0.029805192883829268,0.14299270168751319
pope_clement_xiii__pastoralis_officii,0.00014818670599551129,0.00014819063877162262,0.19003700598301762,0.000148181032216697,0.19066565775188163,0.0001481504007354116,0.37668719454656496,0.00014818428413879045,0.00014818296574558773,0.24172106569093207
pope_clement_xiii__quam_graviter,0.00035587377396747804,0.0003558732989899511,0.0003558730118322816,0.0003558733678893531,0.00035587349118205617,0.9967971411880121,0.00035587316312673357,0.00035587335284130407,0.0003558726421200581,0.0003558727100388401
pope_clement_xiii__quanta_auxilii,0.00015949013522314408,0.0001594909592100006,0.0001594904036393569,0.00015949122123467264,0.00015949070119467985,0.9985645801124864,0.0001594917969665115,0.00015949354102611356,0.0001594900003422501,0.0001594911286767912
pope_clement_xiii__quanto_in_dolore,0.00013126060659873092,0.00013123434726351152,0.00013123734381456536,0.00013123379331140986,0.000131236174922982,0.9988188505041831,0.00013124135229614615,0.0001312338601248903,0.00013123577766919382,0.00013123623981549707
pope_clement_xiii__summa_quae,0.00023370987152148543,0.00023370473274665195,0.09870942561239486,0.0002337172523297559,0.020248846152202474,0.00023364599539633336,0.6704417169796968,0.00023371676787471135,0.04144776865689953,0.16798374797893745
pope_clement_xiii__ubi_primum_accepimus,0.00033444989594955615,0.0003344493551848729,0.00033444871489173196,0.0003344496666426692,0.00033444894078884716,0.9969899575853449,0.0003344487827208212,0.00033444936003080146,0.0003344490123972471,0.00033444868604852874
pope_clement_xiii__venimus_in_altitudinem,9.652627125449385e-05,9.652568417903576e-05,9.652540005702053e-05,9.65254065882698e-05,9.652611621893091e-05,0.9991312678932457,9.652578333294826e-05,9.652593017583607e-05,9.652561453375873e-05,9.652590041392467e-05
pope_clement_xiv__cum_summi,0.00011537503631591174,0.0001153715511831716,0.09487547729039253,0.00011537474621143257,0.0877577230986667,0.00011534154934925235,0.7473532431966186,0.04485657317534036,0.00011537596484910063,0.024580144391073012
pope_clement_xiv__decet_quam_maxime,0.3706515380437697,2.3288923611683826e-05,2.3288921328142953e-05,2.3288906343328294e-05,0.025586536899930023,0.0006012520743100022,2.3289766389016333e-05,2.328896294799535e-05,2.3288428670131192e-05,0.6030209390726999
pope_clement_xiv__inscrutabili_divinae_sapientiae,0.13392354885420138,0.00019807928102498178,0.00019807728278244162,0.052978703597603156,0.00019807309159565765,0.00019802179724563991,0.1641862269189274,0.12714331166992673,0.00019807560850787414,0.5207778818981846
pope_clement_xiv__salutis_nostrae,0.00012678449537740588,0.00012677466065417721,0.00012676956359333923,0.12206682011633575,0.00012677336587727151,0.00012674346981801768,0.4051412581825274,0.27176764198215514,0.00012677693787946194,0.20026365722578213
pope_eugene_iv__sicut_dudum,0.0003040499485488312,0.00030402429657138314,0.00030402448959133575,0.0003040478269555898,0.04650459953904759,0.00030400789995208623,0.26529606378535653,0.0003040267351954417,0.00030403713873807507,0.6860711183400432
pope_francis__amoris_laetitia___post_synodal_apostolic_exhortati,0.6947861075237728,0.006250974707811104,0.006250450147728854,0.11223557145260714,0.14922224516277263,0.006250303654300689,0.006251018821116445,0.006250571206375123,0.006251911962574989,0.006250845360940211
pope_francis__belarusian,0.18213637049410025,0.0011241193537409433,0.0011237846355347766,0.2587952788094824,0.0011236560314701802,0.4336577388582797,0.001123785963411024,0.001123966096987001,0.10027271256589344,0.01951858719110038
pope_francis__chinese_simple,0.07593581227944075,0.07662457444157585,0.0012504205655207647,0.5841755737561783,0.0012502506077077655,0.22472574647236007,0.0012502619286470387,0.0012502748301965272,0.032286893156151096,0.0012501919622218232
pope_francis__dilexit_nos_,0.0059329955295875725,0.10207017564609676,0.00881332064033149,0.6356723170568833,7.749054835100397e-06,0.0024602349441919893,0.0815396666542299,0.1569785795814924,0.006517211494830181,7.749397521251407e-06
pope_francis__evangelii_guadium,4.404546239573935e-06,0.3445744056581274,0.01272607291677608,0.25925287290495147,4.404544655394902e-06,4.4047516514066315e-06,0.06242089121442012,0.017327882580276288,0.3027389455861546,0.0009457152967474571
pope_francis__fratelli_tutti_,5.29844419104568e-06,0.8586795251810735,5.298414124579867e-06,0.08945851033083362,5.298355892062599e-06,0.0009181546871698712,0.04094477511201151,5.2983485177714694e-06,5.2983395006589665e-06,0.009972542786685327
pope_francis__laudato_si_,5.595652312895598e-06,0.9019146435444929,5.595717486248449e-06,0.05264298418202565,5.5955658602156864e-06,5.5949830472815485e-06,0.002744684391339464,0.035596965526521154,0.0070727448072041175,5.595629709953413e-06
pope_francis__lumen_fidei,1.181959729196952e-05,0.013865405869590222,0.13436357138043045,0.8077280118507268,1.1819384926975778e-05,1.181993039216715e-05,0.0051788941025119615,0.00923170751281303,0.029585130315913265,1.1820055403217904e-05
pope_francis__misericordia_et_misera,0.017797259135356076,0.0664782654982797,3.0091980511496306e-05,0.6903430280066613,3.0093315984283743e-05,3.0084656421507318e-05,0.11130005806505819,0.012549484142341093,0.10141154221326973,3.009298611666893e-05
pope_francis__placuit_deo,0.012747310347987683,0.09165582958828945,0.0339295446258276,0.6808426359283261,5.4480674408489435e-05,5.447758624801989e-05,5.448291723927783e-05,0.05875140537844027,0.11827323380356408,0.003636599149668995
pope_gregory_ix__mira_circa_nos,0.00015554931691255143,0.00015557088174654655,0.00015555432672767692,0.25993983812383614,0.00015556302746346407,0.00015552344993652545,0.3714640846062758,0.29179033194756904,0.00015555233526322863,0.07587243198426892
pope_gregory_x__protection_of_the_jews,0.00023816229328812546,0.00023817764368422046,0.0002381639512901189,0.04463405797501966,0.060323365693871187,0.00023809711078833526,0.00023816676626435462,0.11800447995023013,0.00023817130912065593,0.7756091573064432
pope_gregory_xiii__english___alternate_wikisource_translation,0.46692298640087976,0.00013041080574882115,0.00013041483297591638,0.00013041696995343304,0.00013041714203767066,0.00013038521732236874,0.03566040019508648,0.09384596295545795,0.00013040978334887264,0.40278819569718877
pope_gregory_xiii__inter_gravissimas,0.5561762888611448,0.0006995200680714641,0.0006994787828389001,0.08790142660924116,0.0006994420316377798,0.04795489226872288,0.0006994627790479423,0.0006995311707575012,0.0006994910862500071,0.30377046634228766
pope_gregory_xvi__commissum_divinitus,0.10464125439468355,6.589240643808012e-05,0.036844882804998126,6.589315419703315e-05,0.1634383067431334,6.587682196399572e-05,0.32878606516972125,6.58935102059535e-05,6.589456335650499e-05,0.3659600404313021
pope_gregory_xvi__cum_primum,0.00020497050439860785,0.00020496466652086828,0.00020498248825765575,0.035476723014472696,0.06443502068014202,0.0002049248680983529,0.6317660222089332,0.00020497600762169198,0.00020496453353869857,0.2670924510280162
pope_gregory_xvi__in_supremo_apostolatus,0.00019768573891427204,0.06952098729186357,0.00019768290653936316,0.00019768533752247957,0.10980261293639927,0.0001976318413263824,0.44063983702351733,0.0001976807256964082,0.0001976815146943031,0.37885051468352665
pope_gregory_xvi__inter_praecipuas,0.2586683595794086,6.744790252240481e-05,6.744781887383784e-05,6.744762175049173e-05,0.1510444311323277,0.005286072818617494,0.31510267779348317,6.74495156000154e-05,6.74493925417917e-05,0.2695612164248745
pope_gregory_xvi__mirari_vos,5.722363157087674e-05,5.722272425709019e-05,0.06637947370713779,5.7223284335887264e-05,0.1392073454946507,5.720857628048975e-05,0.5291666765864073,0.019125751936384744,5.7222138843286805e-05,0.2458346519201319
pope_gregory_xvi__probe_nostis,0.00012125081346427605,0.00012124879153752381,0.00012125132501196247,0.005485113807148909,0.027329462490922732,0.00012121507770541212,0.8408299335872489,0.00012124733222909375,0.027167757351251348,0.09858151942347967
pope_gregory_xvi__quas_vestro,0.21241973703384986,0.00014187480266175873,0.00014188018643733594,0.00014187445904121913,0.336814363153425,0.00014184617095020375,0.32088264619651985,0.0001418765064802862,0.00014187934718206226,0.12903202214345255
pope_gregory_xvi__quo_graviora,0.07935898689794546,7.201152525377201e-05,0.19813138882732223,7.201370105646996e-05,0.013979529153165809,7.199557713576475e-05,0.39859823004152,7.201611511322578e-05,7.201243824841255e-05,0.3095718157232389
pope_gregory_xvi__singulari_nos,0.00013853667928274198,0.00013854730422374465,0.1482061602796168,0.017348087379186312,0.05478929420244133,0.0051123939263000495,0.5528089164596515,0.00013853789667017568,0.00013855340400975986,0.2211809724686177
pope_gregory_xvi__summo_iugiter_studio,0.024346646538966458,0.00012426112905058507,0.00012425713171591423,0.00012426639621570545,0.29355855059176217,0.0001242245128999287,0.2904375974241435,0.00012425363633214077,0.00012426848496000455,0.3909116741539536
pope_honorious_iii__solet_annuere,0.00010154268132317634,0.00010154310431225355,0.00010154319132894111,0.005956187086837205,0.00010155099733405586,0.00010152442068282158,0.07458885655543741,0.12488719874393908,0.00010154637491844103,0.7939585068438867
pope_innocent_iv__quae_honorem_conditoris_omnium,0.00012109805603472616,0.04597539180109898,0.00012110096326032932,0.03592757363956261,0.00012109638802448318,0.00012106764716248586,0.18873614119991838,0.1810166806990151,0.00012109870319064139,0.5477387509027323
pope_innocent_xi__coelestis_pastor,0.00010082834211306016,0.00010082979665114453,0.3239898689706157,0.12262985912426301,0.00010083553956110729,0.00010080749466573054,0.09322481239733275,0.29220328705821047,0.00010083049866805263,0.16744804077791892
pope_john_xxii__ad_ea_ex_quibus,0.006252650974190722,0.006250487200530912,0.006250930246909619,0.006252073390493496,0.006250405052014446,0.006253180922157789,0.00625071689554462,0.006252690648050871,0.00625093773476659,0.9437359269353409
pope_john_xxii__quia_quorundam,4.5258797327350085e-05,4.525795878604574e-05,0.07884774998443703,4.5260737996607514e-05,0.08562509599147691,4.525870493710938e-05,4.525982823545713e-05,4.526069586252246e-05,4.525867862756497e-05,0.8352103386223133
pope_john_xxii__quum_inter_nonnullos,0.0003704849703435586,0.00037044931473026346,0.14869870806650182,0.0003704737831133915,0.0003704853405717315,0.00037041758566929046,0.0003704772308758445,0.05520358339034858,0.0003704551346987413,0.7935044651831469
pope_john_xxii__summa_providit_altitudo_consilii,0.0007582214830359753,0.0007576505761067425,0.0007577207719040404,0.0007576106488925668,0.0007576779705929617,0.9931803358650092,0.0007576993187698774,0.0007576474595199948,0.0007576590019583853,0.0007577769042101688
pope_leo_x__decet_romanum_pontificem,0.00013109430361084513,0.00013109994186825385,0.00013109906107645655,0.00013109562402438042,0.0001310990822084199,0.00013106232933559673,0.13986248502520876,0.00013110136664730855,0.0001310963815322646,0.8590887668844878
pope_leo_x__exsurge_domine,6.216760219180576e-05,6.216496487544317e-05,0.03884746265246383,0.05006839696859463,0.013381920685151413,6.21516493589968e-05,0.20300210742330219,0.05562387359996082,6.21667143764387e-05,0.6388275877397244
pope_leo_xii__charitate_christi,0.05242980027821081,4.637386792190062e-05,4.637482119902855e-05,4.637499381250399e-05,0.032243712955414894,4.63666012603776e-05,0.45896424790086676,0.17923335604286808,4.637301806318461e-05,0.2768970195203826
pope_leo_xii__quanta_laetitia,0.7624617671980802,0.0041683337548422406,0.004167894106958806,0.00416813351116699,0.0041673247456437005,0.004166799486726124,0.0041676956924827585,0.004167483506667161,0.004167607698874845,0.20419696029855725
pope_leo_xii__quo_graviora,0.02249074901363573,2.7344877625208364e-05,0.013777998811740407,0.002584644454992184,0.11488550975558025,0.0017879762367438508,0.2922535265579426,0.0028986768607515813,2.7345093700381065e-05,0.5492662283372878
pope_leo_xii__quod_hoc_ineunte,8.506322191998819e-05,8.505591287849676e-05,8.505512321349119e-05,8.505848304424574e-05,8.505575294830992e-05,8.503510079037672e-05,0.4835366247940893,0.32972598166945943,8.505463256799227e-05,0.18614201530908825
pope_leo_xii__ubi_primum,7.895121573413648e-05,7.894598252828137e-05,0.11507061045856544,0.060081894922762696,0.02577013715102658,7.892693172153957e-05,0.5625687652028742,7.894902327190275e-05,7.894592948009959e-05,0.2361138731820352
pope_leo_xiii__ad_extremas,0.1618919955423623,0.00869383675821253,0.013114266591148923,0.00012973371225363982,0.00012973745948509824,0.00012970252699659994,0.7033701546972174,0.0001297332087869404,0.0707548703951353,0.04165596910840142
pope_leo_xiii__adiutricem,5.739196410506098e-05,5.738795443765807e-05,5.7388579583833346e-05,0.03893166144935677,5.7386904069780745e-05,5.737262705521568e-05,0.5250120510969062,0.42733238432785753,5.738752539775166e-05,0.008379587571230336
pope_leo_xiii__aeterni_patris,0.012506124848489108,2.8342948471179255e-05,0.3680173616994144,2.834450974219123e-05,0.19263103523378614,2.8339478693437104e-05,0.2859948921213561,0.09541898052659858,2.834310819530836e-05,0.04531823552525355
pope_leo_xiii__affari_vos,9.151638517408174e-05,0.038198298071895904,0.28958487290374196,9.15108780136087e-05,0.17196268829931327,9.149454043726722e-05,0.4617613875163279,9.151128719865284e-05,9.151375770187676e-05,0.038035206360195424
pope_leo_xiii__amantissimae_voluntatis,4.918135430190524e-05,4.917970859293054e-05,0.002636470625603928,0.09441404068007217,0.0007080527391666334,4.917414252380214e-05,0.6626736046370865,0.19256440287189897,4.9177613185970465e-05,0.04680671562756703
pope_leo_xiii__annum_sacrum,9.134755508577933e-05,9.134899031441445e-05,0.03646841686416665,0.04458176250812573,0.04952750075098535,9.132532978234299e-05,0.4059992812938615,0.37752351903474557,9.134475802610694e-05,0.08553415291490662
pope_leo_xiii__apostolicae_curae,0.335660665604777,4.674048570820407e-05,0.14728899516070676,4.674193372461923e-05,0.07143530989552088,4.673239400788106e-05,0.1312865346846515,0.07795936171200256,4.6741189485298666e-05,0.23618217693941532
pope_leo_xiii__arcanum,2.760849610270281e-05,2.7608580473415253e-05,2.7609405608602413e-05,0.04608495865460018,0.6653542096882323,2.7601666237729762e-05,0.18484338319709118,0.01130593714620477,2.760810938977149e-05,0.09227347505605941
pope_leo_xiii__au_milieu_des_sollicitudes,4.5115797856619176e-05,0.04212221970258409,0.4581614777712087,4.511758692004009e-05,0.06032773320715731,4.510633594484869e-05,0.4058911027933698,4.5116846273636623e-05,4.511600297641872e-05,0.03327189395570866
pope_leo_xiii__augustissimae_virginis_mariae,8.571416077608347e-05,8.571578224966262e-05,8.571525570164528e-05,0.028596831641986637,8.571609770649253e-05,8.569199441666242e-05,0.2973257801523977,0.6734774048771528,8.571326386438656e-05,8.571677374806263e-05
pope_leo_xiii__auspicato_concessum,5.869836010997466e-05,0.02609777740884272,0.06388767649803512,5.870268601713182e-05,0.046604129688910666,5.868591644506561e-05,0.5716422299561829,0.2656808047789256,5.870001887160915e-05,0.025852594687659314
pope_leo_xiii__caritatis_studium,6.641880687884878e-05,6.641965679603442e-05,0.1574958943871678,0.02113358824619404,0.09434447516183224,6.642079831568087e-05,0.5166171436192835,0.1652994156848505,6.641845319817032e-05,0.04484380518548322
pope_leo_xiii__catholicae_ecclesiae,0.0001449708934289395,0.07193008128613138,0.0001449675609035648,0.031517988716004024,0.020252045246773567,0.00014492956263126002,0.6973518844963768,0.0001449609324408095,0.06721379528325787,0.11115437602205197
pope_leo_xiii__christi_nomen,0.18770999149273185,0.00021283427638834184,0.00021283240892986662,0.0002128146221111521,0.000212832796042677,0.00021278741855628995,0.8105874368266258,0.00021281944937437834,0.0002128270850516643,0.0002128236241877878
pope_leo_xiii__constanti_hungarorum,0.05298144901528766,0.00497879127315975,0.12237611893447474,8.660046045165023e-05,0.09937875370178123,8.658134360815928e-05,0.6974077189947104,8.659996053023067e-05,0.02253078076001741,8.660555597859566e-05
pope_leo_xiii__cum_multa,8.260056413494735e-05,8.259860625299222e-05,0.20042946486003266,8.25969477394238e-05,0.10991299444356933,8.257696246602501e-05,0.6395303967593965,8.260246725085905e-05,8.25962487626918e-05,0.04963157214039452
pope_leo_xiii__custodi_di_quella_fede,7.464614859336597e-05,0.0832004436431785,0.19856576844510349,7.464817895002485e-05,0.05691336080559196,7.462948668482022e-05,0.6124817767352729,7.464713363490852e-05,7.464595063806883e-05,0.04846543347235196
pope_leo_xiii__dall_alto_dell_apostolico_seggio,4.020503139771014e-05,0.03639463341052181,0.25671036383571083,4.020300807979507e-05,0.038547524196031815,4.019317610655826e-05,0.6402496484265543,4.020472370249847e-05,4.020363415351862e-05,0.02789682055774104
pope_leo_xiii__depuis_le_jour,0.08972513898382438,0.007411828939657539,0.3321733322488258,3.370276348748641e-05,0.016689658460398726,0.0010447212123233778,0.49224898876161494,3.370293989019957e-05,0.05571050218865864,0.004928423501318992
pope_leo_xiii__diuturni_temporis,0.04686830076018455,0.0001992531659112055,0.0001992519705651034,0.00019925773235432038,0.00019925532577806958,0.00019920646960019958,0.23025176083360915,0.7214852026703211,0.00019924898896680294,0.00019926208270958976
pope_leo_xiii__diuturnum,4.61576645783092e-05,4.616023637670457e-05,0.051289661752849075,4.6159770799075056e-05,0.43839538241248655,4.614705226385134e-05,0.39651518489371257,4.6160934640823305e-05,4.6158133552575257e-05,0.11352282714874044
pope_leo_xiii__divinum_illud_munus,3.6800313378416926e-05,3.680130183908727e-05,3.6803494727936704e-05,0.19155414992059602,0.04913903365839673,0.0012812089015661445,0.1305059885817016,0.5837934230113362,3.68004990075995e-05,0.04357899031745015
pope_leo_xiii__dum_multa,0.110228707017375,0.02962425377174019,0.00029859178794285236,0.00029859896447764,0.38218189999676566,0.00029850798427692813,0.47617364701176274,0.0002985937357974875,0.0002985979323077847,0.0002986017975536003
pope_leo_xiii__etsi_cunctas,0.0005782185480326004,0.0005782016019827519,0.08865565735020335,0.0005782141715893031,0.0005782116476246831,0.0005780395367843375,0.7139764492648267,0.0005782570571739749,0.0005781765392495208,0.19332057428253274
pope_leo_xiii__etsi_nos,5.4422504508436026e-05,5.442401573428566e-05,0.1405567763083112,5.4419267735995716e-05,0.1430073008476712,5.4409446863252964e-05,0.676035459848025,5.4420862056251135e-05,5.4417987540328305e-05,0.04007394891155407
pope_leo_xiii__exeunte_iam_anno,4.632596585492125e-05,4.6330211012673696e-05,0.042174851150013355,0.07788579609716653,0.21226917632110517,4.6318035999093313e-05,0.5840099615800404,0.07867088362782264,4.6329565109545276e-05,0.004804027445875595
pope_leo_xiii__fidentem_piumque_animum,8.971529458344155e-05,8.971053775073597e-05,8.971056518192592e-05,0.06470499554414892,8.971260442010625e-05,8.968733412346628e-05,0.3246974237548853,0.6099696229047427,8.97088819100412e-05,8.97125782531383e-05
pope_leo_xiii__fin_dal_principio,0.08552201069752711,6.960906991446626e-05,0.2978055773350441,6.960869228088972e-05,6.961151516913662e-05,6.959222774649406e-05,0.5829507483362135,6.961030251248265e-05,0.0333040240114161,6.960781217557007e-05
pope_leo_xiii__grande_munus,0.262522970203226,7.317119696490257e-05,7.317325579999832e-05,0.014363777846351409,7.317314188740445e-05,7.315378281434604e-05,0.4844752358395133,7.317571858435316e-05,0.019208797998765775,0.21906337101609244
pope_leo_xiii__graves_de_communi_re,4.6438506058282564e-05,0.13218213489135136,0.19911173158961257,4.643933941796922e-05,0.1563447538051616,4.6425663408328574e-05,0.5120827594726962,4.643856065084619e-05,4.643850261767606e-05,4.6439669024994476e-05
pope_leo_xiii__gravissimas,0.27335514063720595,0.000393831191109392,0.00039382576555648007,0.00039376421630942166,0.23429300073137607,0.0003937016780759575,0.4582624881056994,0.0003937807447523355,0.0003938026196344322,0.03172666431028052
pope_leo_xiii__humanum_genus,2.9281778559802633e-05,2.9281971997687853e-05,0.1803020586159385,2.9281524210141796e-05,0.3443193434345041,2.9275119011353666e-05,0.4145409266229974,2.9282130198122603e-05,2.9280622315787204e-05,0.06066198818026701
pope_leo_xiii__iampridem,0.09552240542701594,7.481473524912948e-05,0.06490678690757154,7.481694680524892e-05,0.039816181586376245,7.479568112674664e-05,0.7382068699868105,7.48129494207913e-05,7.481701986296132e-05,0.061173698759761024
pope_leo_xiii__immortale_dei,2.471569387167961e-05,2.471671402073165e-05,0.2260245900053387,2.471622402371115e-05,0.44945587660426073,2.4709824222327816e-05,0.2791358708314615,2.4716080899022692e-05,2.4715816689524916e-05,0.04523537220521198
pope_leo_xiii__in_amplissimo,0.07002899975191405,0.00024398358608437013,0.16430115014873023,0.00024398324682284902,0.00024397525089423666,0.0002439030339877466,0.7639620728050371,0.00024396934572290714,0.00024398804859520866,0.00024397478221133901
pope_leo_xiii__in_ipso,0.0929124615514677,0.030450607151548275,0.06897759253294822,0.00013353743396997221,0.05612724810762893,0.00013351183728699896,0.6793223599009248,0.00013354170642261278,0.03476618910301276,0.03704295067478964
pope_leo_xiii__in_plurimis,3.499833104588261e-05,0.011659539751889825,0.01444113298427146,0.07572866361832713,0.26751918431376814,3.503003663666407e-05,0.49332404124855245,0.0009111660950503591,3.4999565840224246e-05,0.136311244054618
pope_leo_xiii__inimica_vis,0.00017127357937089647,0.030531539011346857,0.23565305111255033,0.00017127130316532473,0.03512956325651184,0.00017123396536786176,0.6342891590542316,0.00017127057166186726,0.00017127809012111076,0.06354036005567229
pope_leo_xiii__inscrutabili_dei_consilio,5.6737856210584063e-05,5.673811042512769e-05,0.09793266348039152,0.010716048895100966,0.1684937100095903,5.6722490008542636e-05,0.6887702357812499,5.673860963730254e-05,5.673657147732294e-05,0.03380366819590842
pope_leo_xiii__insignes,0.06615760638657915,0.0068740704916076525,0.02452195058108632,7.296015801446529e-05,7.296099029674735e-05,7.294128624275692e-05,0.7424745118864277,0.05936910777683147,0.016074601827080575,0.08430928861583323
pope_leo_xiii__iucunda_semper_expectatione,7.139333188262048e-05,7.139556731719839e-05,7.139744717318873e-05,0.06340139523551562,7.139765419001129e-05,7.137822034793032e-05,0.41987246486200874,0.5162263840795603,7.139463195222189e-05,7.139897005219086e-05
pope_leo_xiii__laetitiae_sanctae,7.009256755097706e-05,0.02219898599765502,0.06878455667571194,0.061136129646884536,0.058749582758647625,7.007729240021453e-05,0.6250995414072265,0.1637508421300345,7.00945797122484e-05,7.009694417660631e-05
pope_leo_xiii__libertas_praestantissimum__a,2.3624010253517598e-05,2.3624761743509212e-05,0.3486774840380233,2.3624557931636837e-05,0.5303925296683958,2.3621563327321632e-05,0.11682144027413659,2.3624555677074978e-05,2.362412063507692e-05,0.00396680244987608
pope_leo_xiii__licet_multa,0.0626947049012552,0.00017275372078466954,0.21824088639194827,0.00017275033216584672,0.11897451262090482,0.00017274089828808354,0.5990533872309537,0.00017275185353561498,0.00017274976248513653,0.0001727622876787949
pope_leo_xiii__litteras_a_vobis,0.1445801882098928,0.00013758542709573963,0.020872236173971336,0.00013758037487716373,0.10297979796119923,0.0001375641129104139,0.63153821706199,0.00013758193466441903,0.03536401648377901,0.06411523225961997
pope_leo_xiii__longinqua,0.07455763137059798,0.020922908475314795,0.08623111729897215,4.270902965263494e-05,0.2114897754865564,4.2708729271535174e-05,0.5239076359168158,4.27093285653261e-05,4.27104495713519e-05,0.08272009391468194
pope_leo_xiii__magnae_dei_matris,5.14763548926346e-05,5.1481262983621056e-05,0.01539000357182726,0.07053855764228824,5.1482691451762254e-05,5.146729620024012e-05,0.4819983949846388,0.43176417663263705,5.147883480513521e-05,5.148072827521943e-05
pope_leo_xiii__magni_nobis,0.4623276330833376,0.00027554966869839455,0.1104209111560727,0.0002755337139183408,0.0002755589602470215,0.00027548395996676383,0.42532267100336546,0.0002755571375818129,0.0002755496477533568,0.0002755516690585027
pope_leo_xiii__militantis_ecclesiae,0.04874788290864724,7.560767982900846e-05,0.3208742940029999,7.560442849624481e-05,0.029387039878895033,7.558631307250017e-05,0.5878466891883007,7.560622317695742e-05,7.56062398724089e-05,0.01276608313671002
pope_leo_xiii__mirae_caritatis,3.5294426922152474e-05,3.529654792411987e-05,0.03926186581863614,0.05502947120994006,0.08806882065293702,3.528653210126815e-05,0.3327119843361568,0.4463558323939867,3.529567417355013e-05,0.03843085240722234
pope_leo_xiii__misericors_dei_filius,0.12764615954373526,3.616169914128191e-05,3.616282616640099e-05,3.616059931594557e-05,0.0701557968732022,3.616096417287366e-05,3.616396172877549e-05,0.4359358448076183,3.616061688249917e-05,0.3660452281080363
pope_leo_xiii__nobilissima_gallorum_gens,6.68631363147177e-05,6.686340619376086e-05,0.1428069111709888,6.686162655700644e-05,0.1744333571314815,6.687343119995066e-05,0.6217475343478074,6.686145130649148e-05,6.686064489005353e-05,0.06061101365326023
pope_leo_xiii__octobri_mense,5.1824922924118406e-05,5.182579588073767e-05,0.024063367432419876,0.03763503846330748,5.182905928786694e-05,5.181379602370287e-05,0.5623372453734874,0.37565340108567796,5.1824583313910355e-05,5.182948767693852e-05
pope_leo_xiii__officio_sanctissimo,0.0022137492725098056,3.283812363877618e-05,0.14799254338625434,3.2838497431981666e-05,0.2296060767873931,3.283557934540265e-05,0.5576477750696879,3.2839767448014e-05,3.2837874677171604e-05,0.062375665641613606
pope_leo_xiii__omnibus_compertum,0.344864031729996,0.00022178335256856674,0.00022178856399311344,0.00022180144409687024,0.0002217809302852644,0.00022173762392769345,0.6179780160537847,0.00022179851055548414,0.0002217938062504429,0.035605467984541846
pope_leo_xiii__orientalium_dignitas,0.30107395311290147,8.923013439108998e-05,0.05892043110510737,0.042864174104301364,8.923140431405114e-05,8.920778952688803e-05,0.42649768105238256,0.042185658839600994,0.025140060770009135,0.10305037168746502
pope_leo_xiii__pastoralis,0.02448508528272643,9.517369479138018e-05,0.06440420193966637,9.51679594742737e-05,0.05794292325167821,9.514829533853144e-05,0.8010648647487478,9.517181408086571e-05,9.517384733688342e-05,0.05162708916615936
pope_leo_xiii__pastoralis_officii,0.00014818670599551129,0.00014819063877162262,0.19003700598301762,0.000148181032216697,0.19066565775188163,0.0001481504007354116,0.37668719454656496,0.00014818428413879045,0.00014818296574558773,0.24172106569093207
pope_leo_xiii__paternae,0.09374495289286344,0.08964587685080834,0.00014108279177364407,0.00014107423392992544,0.0001410882270298609,0.00014104471244035717,0.7621568646854482,0.00014107324454385632,0.000141086571363372,0.05360585578979905
pope_leo_xiii__pergrata,0.02644701367811213,0.041899493087744134,0.07262472432941967,8.172304296181336e-05,0.10154105987282037,8.169965846733199e-05,0.6796090806236134,8.17255516869213e-05,8.172376376011582e-05,0.0775517563914141
pope_leo_xiii__permoti_nos,0.00014624480672938687,0.2652687124996397,0.18268282244232373,0.00014622796164240776,0.0001462420397585473,0.00014619968757408026,0.5510248443151637,0.0001462275604295189,0.00014623233608542375,0.00014624635065338764
pope_leo_xiii__praeclara_gratulationis_publicae,0.02471051881571814,3.880145403275419e-05,0.1857067553622241,0.009578389023248137,0.07726920038067904,3.8790031298261115e-05,0.6496791549165969,0.021055401834221287,3.8800091182099016e-05,0.031884188090799244
pope_leo_xiii__providentissimus_deus,0.039828006690147424,2.315850164590597e-05,0.24326768343598026,2.316019983686618e-05,0.39642002153731903,2.3153683894778106e-05,0.2187088860060244,0.04895083296055289,2.315998082305229e-05,0.052731937003775216
pope_leo_xiii__quam_aerumnosa,0.05850013680513501,0.01466395779676985,0.00017610671283819468,0.02804332407709981,0.04244668781950566,0.00017605734705299834,0.8554654152292399,0.00017609926721008786,0.00017610849636224638,0.00017610644878639716
pope_leo_xiii__quam_religiosa,0.13095396883375188,0.00021057533519861939,0.00021057679609213186,0.00021056974242874733,0.33439264718157086,0.00021052726587501757,0.4949204739816498,0.00021057612905714884,0.00021058004792959674,0.038469504686446096
pope_leo_xiii__quamquam_pluries,0.00010813610612234757,0.00010813823370442277,0.00010813973638455361,0.00010813946936714464,0.13334898075575058,0.00010810867276989752,0.4529506027423795,0.4129434790123526,0.00010813628696797721,0.00010813898420091268
pope_leo_xiii__quarto_abeunte_saeculo,0.00010814186756450063,0.00010814044335398058,0.15390762646870512,0.03326947281825378,0.00010813894568926756,0.00010810989963556794,0.6110125488915269,0.1330227072369349,0.00010813529578280848,0.06824697813255329
pope_leo_xiii__quod_anniversarius,0.03112207101451788,0.00023757388685966314,0.000237582808715284,0.0002375826789526065,0.00023758485862091506,0.000237530740422935,0.4842218770055929,0.4075437753149384,0.00023758454155940167,0.07568683714982001
pope_leo_xiii__quod_apostolici_muneris,6.110381725098977e-05,6.110635783518182e-05,0.018672023230726274,6.110458748661612e-05,0.38704800416784385,6.108795875363572e-05,0.4952425990166714,0.018450619135173596,6.110134155499387e-05,0.0802812503867035
pope_leo_xiii__quod_auctoritate,0.054379487499865625,8.922971409939617e-05,0.026495300581281016,8.923171519140417e-05,0.11974664483385278,8.920673898228858e-05,0.5275820749458102,0.17192600031738647,8.922896576862027e-05,0.09951359468776219
pope_leo_xiii__quod_multum,0.044668102396696226,0.01620112960833193,0.05095405596349964,5.667324209835716e-05,0.13313611117386598,5.665759670433836e-05,0.6810714721457343,5.667258730848255e-05,5.6674506185450075e-05,0.07374245077957536
pope_leo_xiii__quod_votis,0.3898215671518208,0.023186793604326777,0.0006995384076679614,0.000699486237616168,0.0006994577872763194,0.0006993220214553463,0.5511957778377614,0.0006994950928903807,0.0006994585205936565,0.031599103338591214
pope_leo_xiii__quum_diuturnum,0.277685817101575,0.00047407160252115033,0.07614699410952766,0.0004740762638949169,0.0004740521229419983,0.0004739401983616368,0.5551287943726207,0.0004740465080137229,0.08819411397550399,0.00047409374503918294
pope_leo_xiii__reputantiubus,0.00020624939360330992,0.00020624787004496772,0.05128173533242903,0.13622014882992917,0.1266641295974573,0.00020619407949092267,0.538684381207137,0.0002062437224161802,0.00020624449718265126,0.14611842547030954
pope_leo_xiii__rerum_novarum,1.6704177653217774e-05,0.26176567459406935,0.08806914819826993,1.6704843510640677e-05,0.40186730513641944,1.6700168739168488e-05,0.23521535835644594,0.004183305129880528,1.6704003016915586e-05,0.00883239539199497
pope_leo_xiii__saepe_nos,0.0001832113237980748,0.00018320452237149867,0.06900866559971347,0.0001831908509114925,0.14623829055277926,0.0001832199794255602,0.4934794374526835,0.00018318315447529877,0.0001831878293005583,0.29017440873454137
pope_leo_xiii__sancta_dei_civitas,8.152407929962862e-05,0.011911726751566041,8.152359989249299e-05,8.152257263864971e-05,0.0699078857793803,8.15003657589784e-05,0.7447249804883219,0.08858950017273151,0.008699362866877709,0.07584047332353261
pope_leo_xiii__sapientiae_christianae,2.4485544290184324e-05,2.4486377360748537e-05,0.29505620507060715,2.4487107588936672e-05,0.2961484136366744,2.4484466286748418e-05,0.36709214997078665,2.4486232181446787e-05,2.448605795022769e-05,0.041556315536273446
pope_leo_xiii__satis_cognitum,1.6913803381856204e-05,1.6912617715957124e-05,0.08455661536419795,0.08121907400631467,0.14530010653239558,1.6913808603962006e-05,0.22247159600121358,0.2408135725638178,1.691398250032222e-05,0.2255713813198585
pope_leo_xiii__spectata_fides,0.000260504557776677,0.0002604939665504375,0.04561195232001573,0.00026047824115443694,0.11161616375654682,0.00026041874071665674,0.8194040154614449,0.000260479868244144,0.00026048256587019833,0.021805010521679834
pope_leo_xiii__spesse_volte,6.822924365414448e-05,0.12843092760295746,0.15989087628195922,6.822681263783675e-05,0.023307590372260486,6.822073446788412e-05,0.6499709774345643,6.822545550556319e-05,6.82283089356709e-05,0.03805849775305729
pope_leo_xiii__superiore_anno,0.00017735844041401184,0.014608948593363275,0.00017735459694500835,0.0001773491588398501,0.00017734414033568742,0.00017730610393652888,0.4569115593773997,0.44332249680924307,0.00017735039181886124,0.08409293238770388
pope_leo_xiii__supremi_apostolatus_officio,8.923417750888592e-05,8.922638697792647e-05,8.922827386423067e-05,8.922554602566964e-05,8.922878648426756e-05,8.92067373213642e-05,0.5535684563547226,0.41183883064158505,8.922527450709684e-05,0.03396813782100299
pope_leo_xiii__tametsi_futura_prospicientibus,4.300141141786954e-05,4.300469858493715e-05,0.24379031817325097,0.11754702746155699,0.18545206655900479,4.3002936250091864e-05,0.36182420283915984,0.09117136848400433,4.3001860219830464e-05,4.300557655036772e-05
pope_leo_xiii__testem_benevolentiae_nostrae,0.01772479304884791,5.563139920425026e-05,0.3739586051223645,5.563426893190032e-05,0.12102438436310221,5.5619570176621104e-05,0.3266223467658156,0.07948248683012446,5.5633615103326205e-05,0.0809648650163291
pope_leo_xiii__urbanitatis_veteris,0.1854524200614852,0.00015802033042263913,0.1089735473246851,0.00015802481879146704,0.09604434005133031,0.00015797904079064006,0.5794112898165295,0.029328333817245276,0.00015802343469605826,0.00015802130402367356
pope_leo_xiii__vi_e_ben_noto,0.00017797508179629275,0.00017797985122588666,0.0001779798520326804,0.00017798331580474265,0.00017797766748035775,0.00017798801035659976,0.7452963811108105,0.25327977911551813,0.00017798165746283666,0.00017797433751207624
pope_nicholas_iii__exiit_qui_seminat,2.430706473791412e-05,2.4307397358973927e-05,0.06164885830686255,2.430808831791867e-05,0.07504582162524896,2.4302014187890658e-05,0.001379801954415019,0.03409792935514872,2.430767146897594e-05,0.8277060565222529
pope_nicholas_iv__supra_montem,3.7061802886875965e-05,0.009442750893183758,3.7059376036215857e-05,3.7060538487216034e-05,3.706181429073173e-05,3.706003204919653e-05,3.706139261413612e-05,0.2711055379758626,3.706114781857901e-05,0.7191922850267708
pope_nicholas_v__romanus_pontifex,6.4999214664826e-05,6.499684441685587e-05,6.499698395205792e-05,6.499463530308357e-05,6.499512520951985e-05,6.497965684570405e-05,0.17928951972428978,6.499599895323607e-05,6.499441994375983e-05,0.8201905273964212
pope_paul_iii__in_apostolatus_culmine,0.00029167993965403073,0.0002915851200215729,0.00029156969634671324,0.0002915829582641417,0.0002915929212086695,0.9973756150714838,0.0002915513088833212,0.00029159672650616976,0.0002916334542984955,0.00029159280333317496
pope_paul_iii__sublimis_deus,0.0004017193521262295,0.00040172047835150906,0.08984124001505914,0.16954931605031415,0.07352317857963146,0.00040160708008150675,0.26389351719532045,0.00040173035046079346,0.00040171066790981307,0.40118426023074494
pope_paul_vi__address_during_the_last_general_meeting_of_vatican,6.808943706480837e-05,6.809340984908323e-05,0.40957014362273614,0.32615037400541413,6.809021564048867e-05,6.80742286307378e-05,0.1307870443966061,0.014338877085455217,0.11881312143256954,6.809216603362458e-05
pope_paul_vi__christi_matri,0.0001395142383597506,0.06674771185512723,0.00013951320736163187,0.00013951289571480046,0.00013951221904499658,0.00013947069366514094,0.6257448637656624,0.26060192972323426,0.04606845984493849,0.00013951155689136523
pope_paul_vi__confronting_the_devil_s_power,0.00012108875394401539,0.0001211043841278337,0.4337379579296462,0.4021977814377261,0.00012109320041534037,0.00012106580161038015,0.1632166142850131,0.00012110043229481005,0.00012109825434519334,0.00012109552087706798
pope_paul_vi__credo_of_the_people_of_god,6.58509860261007e-05,6.584991808950499e-05,0.06527428875528248,0.38459881393939,6.585222223653991e-05,6.58333164787499e-05,0.10547328938948013,0.4118764319513318,0.03244793855538274,6.585096630206945e-05
pope_paul_vi__ecclesiae_sanctae,0.7394266429218094,0.025908764745886884,0.005446942275243852,1.7489195320353646e-05,0.01982127805318376,1.748576835749988e-05,1.7490644595147208e-05,1.7489399094317996e-05,0.15725023866601212,0.052076178330496686
pope_paul_vi__ecclesiam_suam,1.3189139179377789e-05,0.03653924541895672,0.3816733813990727,0.08145354486687008,1.318932611346056e-05,1.318594084733897e-05,0.20672744578183438,0.050434826237955456,0.23566482845438597,0.007467163434784592
pope_paul_vi__election_of_the_roman_pontiff,0.7180452959574394,1.9647643477147167e-05,1.9647801180690584e-05,1.96486742731187e-05,1.9647146482445812e-05,1.9642737446532993e-05,1.9647303397417653e-05,1.9647134824269218e-05,1.9647236296562873e-05,0.2817975283651824
pope_paul_vi__evangelii_nuntiandi,1.156093430636571e-05,0.04073979006008684,0.16765045383529262,0.16834725963252128,1.1561024215665363e-05,1.1559602854583564e-05,0.09158893864681254,1.156134190095938e-05,0.5316157535147817,1.1561407227227247e-05
pope_paul_vi__gaudete_in_domino,2.318597558868877e-05,0.03244266472120402,0.029583315284211542,0.664613206650982,2.318633259179657e-05,2.3183912513850653e-05,0.17117485518379813,0.1020700282219281,2.3187061999715112e-05,2.3186655182297275e-05
pope_paul_vi__general_catechetical_directory,0.011679558583915008,6.215760507375867e-05,0.25307169348135156,0.039063965956949345,0.05774737432811171,6.7917667721060164e-06,0.001760172996649091,0.023269825226841106,0.6133316670314557,6.7930228807569146e-06
pope_paul_vi__humanae_vitae,3.5134769324751676e-05,0.20079512066342892,0.2479440050121754,0.08108881019796525,0.33469035401455444,3.5125017794047363e-05,0.0649285712662364,3.5134774885958567e-05,0.07041261127093598,3.5133012698844266e-05
pope_paul_vi__indulgentiarum_doctrina,0.16640001373301042,0.03161524274589333,0.11612283001273033,0.016801626897161515,4.6720698522747585e-05,4.670739824728311e-05,0.06159593821706387,0.5661761116029446,4.6721055409223923e-05,0.04114808763901693
pope_paul_vi__inter_insigniores,0.2090846718392327,0.0042382109616935955,0.09283147292131332,0.29158589858668343,0.06055848731508076,3.563487109560841e-05,3.56345419713406e-05,3.563573494395692e-05,0.3335054377167225,0.008088915511262847
pope_paul_vi__last_will_and_testament_of_pope_paul_vi,0.0714463810264138,0.00014029110379815233,0.00014029211605733825,0.29841544006657345,0.00014029024416778124,0.00014025745786580703,0.3778750784943515,0.17402240680011408,0.00014029192691712795,0.07753927076374095
pope_paul_vi__marialis_cultus,0.013526672530599212,0.002418814325105371,0.04227765829527928,0.20800191377345284,1.3676255626568825e-05,1.3672584901452478e-05,1.3676255488767787e-05,0.5148869162303006,0.21883332403429132,1.3675714954590318e-05
pope_paul_vi__mense_maio,0.00013040745596749813,0.2094522956864284,0.0001304143798174176,0.07074289713881803,0.00013041045733655637,0.0001303793810404333,0.5468188811739936,0.13438960068214165,0.00013041234691402515,0.037944301297542456
pope_paul_vi__missale_romanum,0.5449597491111701,0.0001344462473916517,0.00013444378711221244,0.09584051658845434,0.00013444731519764557,0.00013441750859839721,0.00013445167737037017,0.2230239025673988,0.13536917800354517,0.00013444719376131835
pope_paul_vi__mysterium_fidei,0.04982496376566112,2.8160237034755035e-05,0.08519908180705414,0.100882014601427,2.8161161136352393e-05,2.8153542388446405e-05,0.09685369176472415,0.5852951877593233,0.034745304447487725,0.0471152809137629
pope_paul_vi__octagesima_adveniens,2.0029272508528178e-05,0.7290173171051139,0.19788087460553766,0.005521464412916065,2.0029832216412154e-05,2.002531188042346e-05,0.01433858192668244,2.002949675576821e-05,0.05314161882769358,2.0029208695383953e-05
pope_paul_vi__on_religious_life,0.06736495407998115,7.442518796246212e-05,0.276669494751863,7.44234098636038e-05,0.1018356969786723,7.44066851097025e-05,0.2814223708514522,7.442755551091609e-05,0.2723353732675223,7.442723206243036e-05
pope_paul_vi__orientalium_ecclesiarum,0.7755316823331355,6.41193260581796e-05,6.412058988877512e-05,6.411934223837582e-05,0.044879515995535184,0.010648121449808779,0.06849254347878046,0.0359873224857995,0.06420433383749874,6.412116125640105e-05
pope_paul_vi__paenitemini,0.22199017348697028,0.014337604416864467,0.10373507698637857,0.18118951077628515,0.00019420687459849052,6.729870357696477e-05,6.731444589333124e-05,0.3442157464452537,0.12602392437532992,0.00817914348884916
pope_paul_vi__pastoral_norms_for_general_sacramental_absolution,0.6789903575081949,0.00012410278169548887,0.0400799071870804,0.03684890706245318,0.00012410362516124078,0.0001241024026024568,0.00012410211888045318,0.00012410288198054184,0.00012410807046347379,0.24333620636148792
pope_paul_vi__pastorale_munus,0.5422255944314548,0.00010698588135330499,0.00010697941741718875,0.00010697899219014975,0.014406436864362864,0.00010695324863664817,0.00010698095252721742,0.11224555839267197,0.00010698063746492966,0.33048055118192093
pope_paul_vi__populorum_progressio,1.9771506797049714e-05,0.7654144212978676,0.08123082331173037,1.9772641793514803e-05,0.009293168158536645,1.97669768838616e-05,0.14394295875726296,1.9772294825947008e-05,1.9772619705860666e-05,1.9772434596259126e-05
pope_paul_vi__reflections_at_nazareth,0.00014207833065600317,0.019006974720771615,0.31493740728783265,0.35805922687063735,0.00014208798012017623,0.00014204776418157568,0.10162477021042496,0.20566124721598958,0.0001420837654961536,0.00014207585388989217
pope_paul_vi__renewal_of_the_religious_life,2.591970627089311e-05,0.035848295935103414,0.2272125390626534,0.21158162332201585,2.5921017654527886e-05,2.5913661742379173e-05,0.09770531891361738,0.007594797064209448,0.41995374994416623,2.592137256642379e-05
pope_paul_vi__sacerdotalis_caelibatus,0.02068540977532189,1.9060008827303126e-05,0.15946064082638114,0.10318595937436381,0.06033212154828085,1.9055010454339132e-05,0.22926303939268422,0.06913792996097518,0.3578777232677119,1.9060834999539412e-05
pope_paul_vi__sacram_liturgiam,0.7857467320658823,0.0001464516594848556,0.00014645825735648335,0.00014645110998984815,0.00014645757186086003,0.00014641518356000978,0.015766328392799366,0.19746179353461404,0.00014645797201812269,0.0001464542524339842
pope_paul_vi__sacrum_diaconatus,0.6284794579278187,8.405472442568009e-05,8.405730405685215e-05,8.405421991796118e-05,0.17311365622805047,8.403395372254012e-05,0.04402114881723503,0.05048557222890537,0.10347990536299413,8.405923287329e-05
pope_paul_vi__second_vatican_council_ii_closing_speech,0.018747862572117607,0.07246438296359262,0.07236306112099247,0.3920203291257115,0.0012820537990205659,4.2366539632389535e-05,0.2853831643804618,0.04638596454616534,0.0413253748604168,0.06998544009188913
pope_paul_vi__signum_magnum,6.095397317445598e-05,6.0954685872441984e-05,6.0958258655237665e-05,0.20342159916927988,6.095429208075008e-05,6.09392793398184e-05,0.10594833769229708,0.6503262470839755,0.03993809974601492,6.0955819309958583e-05
pope_paul_vi__the_sacrament_of_anointing_of_the_sick,0.7308233365578637,0.00017702986257446925,0.00017703878931903144,0.174527896937829,0.0001770484488344765,0.0038754328365985568,0.00017704710380729273,0.08971108904234158,0.00017703503399193348,0.00017704538683977202
pope_paul_vi__vatican_ii_documents,0.3877607515062586,0.0008851097945630974,0.0008850967605114284,0.0008851393430749639,0.000885036506045264,0.0008854216553947844,0.0008850586735774152,0.0008850544867781588,0.6051581545630711,0.0008851767107252273
pope_paul_vi__voi_forse_sapete,0.0001949876428489704,0.00019498296739454767,0.16670145820229118,0.2592609084777731,0.00019498782528121097,0.00019493295768780112,0.11106103810482199,0.06853982170413311,0.2624623070955591,0.13119457502220883
pope_pius_vi__ad_nostras_manus,0.00019841380405375347,0.00019841391452532305,0.00019841372957625145,0.00019841389784598163,0.00019841309121608892,0.9982142777514866,0.00019841325968760463,0.0001984135194194017,0.00019841342396421794,0.00019841360822461164
pope_pius_vi__adeo_nota,2.8678186400579653e-05,2.8678114887493604e-05,2.8678371619603175e-05,2.8678508485620328e-05,2.8678300310037507e-05,0.9997418947294232,2.867851677484478e-05,2.8678630694263002e-05,2.867808847291062e-05,2.867855293151542e-05
pope_pius_vi__ancorché_antichissimo,5.831084055525086e-05,5.8310469728048425e-05,5.8311860370815544e-05,5.831173359839933e-05,5.8316290574378675e-05,0.9994751877648272,5.8316257866301014e-05,5.831254138235513e-05,5.831096431376127e-05,5.831127678352957e-05
pope_pius_vi__auctorem_fidei,1.3500962528026876e-05,1.350108403680931e-05,1.3501200709692003e-05,1.3501020271579368e-05,1.3500991778591525e-05,0.9998784909117667,1.3500937124759347e-05,1.350102089526822e-05,1.3500898137853974e-05,1.3500972750643673e-05
pope_pius_vi__charitas,0.20913828428890094,0.010140413391974737,0.01932153268750978,4.143553551463799e-05,4.143662661286378e-05,4.1425421112885045e-05,0.22882991355091234,4.143433274868706e-05,4.143643616974583e-05,0.5323626877285433
pope_pius_vi__christi_ecclesiae,9.191585845662067e-05,9.191217424846314e-05,9.191221747540708e-05,9.191204468869367e-05,9.191263781299751e-05,0.9991727854115204,9.191231722966658e-05,9.191225212147955e-05,9.191200727672861e-05,9.191307916951483e-05
pope_pius_vi__constantiam_vestram,4.70591920892509e-05,4.705911641045273e-05,4.705942522904089e-05,4.705910790240492e-05,4.705962782548833e-05,0.9995764665409983,4.705921851365098e-05,4.705954666739007e-05,4.705903131037478e-05,4.705919305368766e-05
pope_pius_vi__cum_nos_superiori,6.493832255493196e-05,6.49388863570775e-05,6.493677518581459e-05,6.493695903516898e-05,6.49361964164678e-05,0.999415563654965,6.493682111047806e-05,6.493620484988471e-05,6.493736927472925e-05,6.49388102504708e-05
pope_pius_vi__cum_populi,0.0004717009079564939,0.0004716988937037512,0.0004717029092977057,0.00047169959463631763,0.0004716992663578274,0.9957546985250947,0.0004716989287529272,0.0004717027602236536,0.00047169915324729594,0.00047169906072935184
pope_pius_vi__dum_nos,7.102350196846898e-05,7.102330695256019e-05,7.102356204630459e-05,7.102604897210847e-05,7.102338903971264e-05,0.9993607834183568,7.102436535806779e-05,7.102444450897386e-05,7.10244294980509e-05,7.102353329896987e-05
pope_pius_vi__ignotae_nemini,0.00013106363562110217,0.00013106260079199586,0.00013106310714673262,0.00013107201692523585,0.0001310642006283691,0.9988204155809146,0.00013106292753080058,0.00013106804567838753,0.00013106262089708124,0.00013106526386569254
pope_pius_vi__in_gravissimis,7.892772438941354e-05,7.892717510915946e-05,7.892725195320107e-05,7.892698141601635e-05,7.892742701497325e-05,0.9992896548617239,7.89269399476832e-05,7.89271167618293e-05,7.892697725913384e-05,7.892754442468604e-05
pope_pius_vi__inscrutabile,7.207253646833777e-05,7.206609690794528e-05,0.07691071328392281,0.04023261001357207,7.206709986220062e-05,7.204906526436364e-05,0.6703542510836101,0.06148146735339374,7.206590081656321e-05,0.15066063756618178
pope_pius_vi__novae_hae_litterae,3.347135367712673e-05,3.3467999579680295e-05,3.34698125390796e-05,3.346941347590692e-05,3.3470929841596776e-05,0.9996987725408987,3.3469755714511796e-05,3.346957015451175e-05,3.346854824928052e-05,3.3470075869578174e-05
pope_pius_vi__nuper_pro,0.00039372024224763126,0.0003937058614073747,0.0003937090548645902,0.0003937079628511522,0.0003937035184271642,0.9964566307968906,0.00039370717156072773,0.0003937022954825336,0.00039370390117649917,0.0003937091950917372
pope_pius_vi__perpensis_circumstantiis,0.0004016073279632204,0.00040160700390272564,0.0004016068942543191,0.00040160696714538487,0.00040160677160143215,0.9963855370642005,0.00040160644586085913,0.00040160683463953396,0.00040160700515242607,0.0004016076852795582
pope_pius_vi__quae_causa,6.134998895825391e-05,6.135020574493788e-05,6.134985191508856e-05,6.135036305081294e-05,6.134998459073618e-05,0.9994478480524802,6.1350230932145e-05,6.135099201926755e-05,6.135015438487083e-05,6.135017592373978e-05
pope_pius_vi__quare_lacrymae,4.3403322183157585e-05,4.3403651977022335e-05,4.3403216028197085e-05,4.3403169393422694e-05,4.340301310895222e-05,0.9996093706419421,4.340303293519822e-05,4.34030706068205e-05,4.340316773812872e-05,4.340371408689704e-05
pope_pius_vi__quo_fluctu,0.00025773258037094964,0.00025773257248273433,0.0002577321723691984,0.00025773273521758705,0.0002577320189669678,0.9976804083663386,0.0002577321301538457,0.00025773229460190455,0.00025773256868961454,0.00025773256080868735
pope_pius_vi__quo_luctu,0.00025773258037094964,0.00025773257248273433,0.0002577321723691984,0.00025773273521758705,0.0002577320189669678,0.9976804083663386,0.0002577321301538457,0.00025773229460190455,0.00025773256868961454,0.00025773256080868735
pope_pius_vi__quod_aliquantum,9.441190437825325e-06,9.441206830490352e-06,9.441206693194227e-06,9.441223246591887e-06,9.441183847481111e-06,0.9999150291193045,9.441202987760144e-06,9.441212153311728e-06,9.441229552588975e-06,9.441224946176552e-06
pope_pius_vi__quoties_animo,0.00020120846711183042,0.00020120884111396304,0.00020121110798933633,0.00020120855502178887,0.00020120944180081063,0.9981891183100873,0.00020120884069182838,0.00020120876474540386,0.00020120812564230586,0.0002012095457954711
pope_pius_vi__summa_dei,5.7703744272812685e-05,5.7703563118945536e-05,5.770361948060725e-05,5.770354530934802e-05,5.770352408387743e-05,0.9994806675791628,5.770355587445544e-05,5.770363589692446e-05,5.7703545226870135e-05,5.770368757333594e-05
pope_pius_vi__super_soliditate,3.643048388647667e-05,3.643020276510388e-05,3.643054444110632e-05,3.6430171176824656e-05,3.6430681070348503e-05,0.9996721265716874,3.643045890726942e-05,3.643048002955629e-05,3.643008674729872e-05,3.643031928861864e-05
pope_pius_vi__ubi_communis,0.0001474929051384017,0.00014749282393708665,0.0001474929157162511,0.00014749300669024065,0.00014749279052388484,0.9986725637688614,0.00014749304889879702,0.0001474929658644217,0.0001474929009829779,0.0001474928733866735
pope_pius_vi__ubi_lutetiam,6.0060372430048224e-05,6.006038980078964e-05,6.006075467877576e-05,6.006040884571468e-05,6.006084110166363e-05,0.9994594550267278,6.006051840750756e-05,6.006098462091714e-05,6.006025468976779e-05,6.0060448696733845e-05
pope_pius_vii__diu_satis,7.900844337771985e-05,7.900897950692571e-05,0.06125592743550152,0.08849435583673726,0.02178672675695532,7.90067052345771e-05,0.5855640544005534,7.901133903577079e-05,7.900914146065881e-05,0.242503890961637
pope_pius_vii__il_trionfo,0.0002631595366868306,0.0002631584811314515,0.00026315848617329253,0.00026315913835564314,0.00026315838571962864,0.9976315708374345,0.0002631584782848859,0.00026315855350769236,0.00026315853890726223,0.00026315956379900234
pope_pius_viii__traditi_humilitati,0.0001010404641539851,0.00010103372808954999,0.018246183280902887,0.0001010379950776978,0.19371026748897072,0.00010101231345483976,0.5766543995549166,0.00010104254009842722,0.00010103701602244847,0.21078294561831284
pope_pius_xi__acerba_animi,0.07296630345401482,6.593897613926259e-05,0.23892047019676727,6.593416919440372e-05,6.593861386590358e-05,6.592132643808836e-05,0.5296262290458653,6.593492519569333e-05,6.593752680760825e-05,0.15809139176571155
pope_pius_xi__ad_catholici_sacerdotii,0.0610823476297867,1.4856645243222259e-05,0.13253442991835343,0.05768994713553311,0.03146788859460497,1.4854110374143438e-05,0.4575544767298439,0.19168088477018658,0.047151860622553055,0.02080845384352079
pope_pius_xi__ad_salutem,1.834024298990316e-05,1.8340183656661084e-05,0.1173197022872017,0.10071264620688825,0.08969789405832446,1.833617738901533e-05,0.424940119711483,0.1985305900342862,1.8340117042374863e-05,0.0687256909807386
pope_pius_xi__caritate_christi_compulsi,3.5084005798233514e-05,0.10025289599264531,0.08947559634345886,0.056583484430024436,0.07429743781489323,3.5077909131609956e-05,0.5227889009797583,0.14427845140510784,3.508367748198921e-05,0.012217987441700176
pope_pius_xi__casti_connubii,1.2455002915973598e-05,0.006372452103191675,0.02737644813129688,0.055084890343728335,0.7412127735672318,1.2452014375682496e-05,0.1382764069600533,0.009469626052061524,1.2455216445006681e-05,0.022170040608699808
pope_pius_xi__dilectissima_nobis,0.02841109044617791,0.044522001964126916,0.26927498853840814,5.97172084108836e-05,0.16371223747823568,5.970179387928233e-05,0.4276885251693618,5.971623807832777e-05,5.9717420689607876e-05,0.06615230374263154
pope_pius_xi__divini_illius_magistri_december_31__1929,0.0067843331870640735,0.026430731028124044,0.3741012551572416,1.7681871912201448e-05,0.38472291248960216,1.7677497360478194e-05,0.18020220435926215,0.0033253806814895737,0.019598884517478644,0.004798939210465198
pope_pius_xi__divini_redemptoris,1.89022162085e-05,0.3131628307042156,0.26266505370853555,1.8902322318693182e-05,0.06109128196161585,1.8898317357819692e-05,0.33272838278437095,0.030257943964717114,1.8902161930255147e-05,1.8901858729823267e-05
pope_pius_xi__ecclesiam_dei,0.11781484543555686,0.009943711961410756,5.7127751631011734e-05,0.06566573273056946,5.712602256892309e-05,0.0005949195222891355,0.5242256296303657,0.19721000800946104,5.712668519944012e-05,0.08437377225094776
pope_pius_xi__ingravescentibus_malis,8.413190579390253e-05,0.021379977603049806,0.01934682387634811,0.02265224042867237,0.029709310163497166,8.410646913679653e-05,0.5567461668532979,0.3498289896839575,8.412531996007993e-05,8.412769628658198e-05
pope_pius_xi__iniquis_afflictisque,0.04962722564974943,0.01624547020314173,0.21656435242912164,4.054645827340487e-05,0.06807190150636461,4.053717836689558e-05,0.4681748022838088,4.05483332419919e-05,4.0546050863266243e-05,0.18115406990706817
pope_pius_xi__lux_veritatis,2.531006297167395e-05,2.5309427749517726e-05,0.011760026654170483,0.06028549287721995,0.06426173792038706,2.5307742252696975e-05,0.20463719098731725,0.29383692983371335,2.530991424550379e-05,0.3651173845799726
pope_pius_xi__maximam_gravissimamque,0.09744464648277164,0.04145008434139362,0.2631741980891621,7.426001614164585e-05,7.4261116716589e-05,7.424003156245356e-05,0.42013770110198756,7.426128962752101e-05,7.425687653840704e-05,0.17742209065409859
pope_pius_xi__mens_nostra,0.015198646527875156,3.731038049581454e-05,0.034249073496180234,0.013025960943337862,0.062050078322395834,3.730028270013511e-05,0.5668947328349407,0.27247683222713776,3.731025359469323e-05,0.0359927547313416
pope_pius_xi__miserentissimus_redemptor,3.9754608755317333e-05,3.975451895175005e-05,3.975548980560538e-05,0.06796268006786602,0.04517659565357703,3.976048362096554e-05,0.3467665041572628,0.5117468972530788,3.975482682295577e-05,0.028148542940258977
pope_pius_xi__mit_brennender_sorge,2.9085718198907217e-05,0.04775157922055843,0.35058776229369154,0.1880208919306102,2.9086908861887855e-05,2.907869723330441e-05,0.342236795258611,0.054013507317741356,2.908679596243725e-05,0.01727312585853098
pope_pius_xi__mortalium_animos,5.237100213998228e-05,5.236829613663218e-05,0.25228641186721723,0.05594074648115758,0.11273972583697808,5.235632314016988e-05,0.30462284363068504,0.16531134259463764,5.237126966760486e-05,0.10888946269824
pope_pius_xi__non_abbiamo_bisogno,0.009921819301484315,0.09321871499193207,0.36147182144078055,0.000500759669264648,2.3111811339188687e-05,2.311025084930939e-05,0.3976452879917686,0.02670346914118116,0.034186669807934715,0.07630523559346548
pope_pius_xi__nos_es_muy_conocida,0.022418027641010117,0.12719866754189946,0.3141215442936164,4.51379666875125e-05,0.013088788966089202,4.5134332277071924e-05,0.442025566468157,0.014165110439626791,0.06684688186366552,4.5140486970910067e-05
pope_pius_xi__nova_impendet,0.006176502451624705,0.09018646223133939,0.0001818693110086226,0.029681466274678655,0.00018187652667781817,0.003996836407821981,0.6817316458688778,0.16416295230142824,0.00018186439084721942,0.023518524235695632
pope_pius_xi__quadragesimo_anno,1.132039600524376e-05,0.35769420005600844,0.08255592654756852,1.1319849764196415e-05,0.27464558834899755,1.1318961832849907e-05,0.27480847990707774,1.1320307098912769e-05,1.1319959755877409e-05,0.010239205665890594
pope_pius_xi__quas_primas,3.669459882021113e-05,3.66950036907094e-05,0.021117816248754785,0.0654439049142263,0.12284766843059555,3.671454693321449e-05,0.3997669872536885,0.30872140340201637,3.669379088499981e-05,0.08195542181038935
pope_pius_xi__quinquagesimo_ante,0.09055590716836721,0.04638597598058132,0.04720603263899314,4.222410288203731e-05,4.2224381997056126e-05,4.221972024882923e-05,0.6523190441464009,0.0823587230063504,0.01217080280281773,0.06887684605136146
pope_pius_xi__rerum_condicio,0.7624617671980802,0.0041683337548422406,0.004167894106958806,0.00416813351116699,0.0041673247456437005,0.004166799486726124,0.0041676956924827585,0.004167483506667161,0.004167607698874845,0.20419696029855725
pope_pius_xi__rerum_ecclesiae,0.06636455806011204,0.008638017024154033,0.08584396409370318,2.8066129391327058e-05,2.806643882722301e-05,2.806264251433755e-05,0.6635716115285044,0.005446972998093437,0.1213224068230344,0.04872827426166576
pope_pius_xi__rerum_omnium_perturbationem,4.089424787268396e-05,0.015148473216354968,0.1888482051524747,0.028682486176302563,0.012582341586177463,0.0010280259815011277,0.40197685053909527,0.26891170007856074,4.0894578022310434e-05,0.08274012844363815
pope_pius_xi__rerum_orientalium,0.36984228766789773,5.575759678058017e-05,0.07062009447296357,5.575657003026515e-05,0.02590871527600691,5.574219852027658e-05,0.4572094452373772,0.04253818802622248,5.5756391427854925e-05,0.03365825656277318
pope_pius_xi__rite_expiatis,0.0012491856235387973,0.017957278726745685,0.07518991171431423,0.07408743154217437,0.01380157773944746,2.4617260605468657e-05,0.3986621572742672,0.2882887234178053,2.461926276963057e-05,0.1307144974383319
pope_pius_xi__studiorum_ducem,0.049897910732651346,3.4517188386503874e-05,0.3512120378632738,3.451578357387459e-05,0.10845440617775641,3.450727339289664e-05,0.1428785900489455,0.322638515628821,3.4515846429995474e-05,0.024780483456768868
pope_pius_xi__ubi_arcano_dei_consilio,0.007110845605177471,0.12921334390867636,0.18902244419184722,0.05452718544280398,0.05932905066049247,2.0413321904204114e-05,0.4974188297058631,0.06331705083843214,2.0417866047860824e-05,2.0418458755242863e-05
pope_pius_xi__vigilanti_cura,0.030823192168825345,0.19324013305781726,0.44470686007903715,4.986202914776269e-05,4.98687446287021e-05,4.9858106520455064e-05,0.33093063349131396,4.9862985263597255e-05,4.986413742186545e-05,4.986520002388533e-05
pope_pius_xii__ad_apostolorum_principis,0.1244662529959965,0.03292839674645974,0.14008691191002257,4.983944590824916e-05,0.054694452425796534,4.98808923538786e-05,0.46279874216301414,4.983924577032544e-05,4.984053258095114e-05,0.18482584364209706
pope_pius_xii__ad_caeli_reginam,4.6544506777812254e-05,0.040518478851501165,4.654662616591145e-05,6.756052645010569e-05,0.00012975769837324195,4.65360673598445e-05,0.12759988115752877,0.8067939021855486,4.654500850290818e-05,0.024704247371791596
pope_pius_xii__ad_sinarum_gentem,7.784366302766582e-05,7.784051440208472e-05,0.11327183764836829,0.058065415849386966,7.78431389314493e-05,7.7897386148586e-05,0.5769189203025247,0.06536315036541002,0.11613909547855068,0.0699301556532495
pope_pius_xii__address_to_midwives_on_the_nature_of_their_profess,3.210347042304381e-05,0.06556659723180706,0.4278667320532661,0.06627801594077168,0.4101524073540606,3.2095921421714946e-05,3.2101732513748494e-05,0.029975742022544116,3.210200038367956e-05,3.2102272808353794e-05
pope_pius_xii__anni_sacri,0.01624395318340545,0.06604653851381351,0.11849113434547845,0.022469692480841345,0.00014476309145064424,0.00014472043961271994,0.7508456518064641,0.025324031415168632,0.00014475456692136896,0.000144760156843796
pope_pius_xii__applied_psychology,3.9979970427987084e-05,0.052438416568580115,0.9472417657199069,3.9976619999346484e-05,3.9978683537531354e-05,3.997005394306716e-05,3.9977777264861855e-05,3.997667342222567e-05,3.997883946489998e-05,3.997909345312661e-05
pope_pius_xii__auspicia_quaedam,0.00017155910378536694,0.05315058860969998,0.0001715661182782037,0.00017158707016148395,0.0001715710116306462,0.00017152711505099292,0.7638826159120458,0.18176585140811327,0.00017157313710327787,0.00017156051413091117
pope_pius_xii__christus_dominus,0.46377489503382874,0.0346917300281978,4.45964772475876e-05,4.4594308216110004e-05,4.459667016061e-05,4.4583475428428766e-05,0.09098682309911707,0.3110137122207192,4.459489157321648e-05,0.09930987379551118
pope_pius_xii__communium_interpretes_doloraum,0.0002151020309666167,0.1150285729950834,0.00021511207817765282,0.0002151108428990359,0.00021512266166735447,0.00021505524746545724,0.7489649484593676,0.10090857431738698,0.00021510684081465546,0.03380729452617114
pope_pius_xii__counsel_to_teaching_sisters,8.907391745455935e-05,0.05109790383325321,0.4732754245317827,8.907272474768513e-05,0.024847735475514,8.904770801743711e-05,0.2577545502092461,8.907295384806843e-05,0.19257904708473,8.90715614064189e-05
pope_pius_xii__datis_nuperrime,0.00042203730156485284,0.16047963614015437,0.0004220370199206248,0.00042207765186315734,0.00042203653413414147,0.000421943410888657,0.7240629279079569,0.0004220623589719129,0.00042203909934442974,0.112503202575201
pope_pius_xii__deiparae_virginis_mariae,0.22515752039264006,0.00036507754422329393,0.00036505274878306424,0.00036505258842359564,0.0003650505857710654,0.013399926828908101,0.40914343147772947,0.3501087437908376,0.0003650592598547788,0.00036508478282885133
pope_pius_xii__democracy_and_a_lasting_peace,4.337536707210774e-05,0.4373678987488556,0.2998856559807367,4.337832176096043e-05,0.013478970637973285,4.337331461524247e-05,0.21116331763003096,0.022137440276939153,4.337609731241125e-05,0.01579321362470365
pope_pius_xii__divino_afflante_spiritu,0.12848532529508971,2.265087547482035e-05,0.1612331963559733,0.001597743674972862,0.415567583697422,2.2645127391410023e-05,0.24644267430404843,0.04181694792077776,2.2651564275546692e-05,0.004788581184574432
pope_pius_xii__doctor_mellifluus,4.0250471828973565e-05,4.025178681015065e-05,0.09899308468470101,0.06819891429972287,0.03452662697164068,4.025262628677262e-05,0.4994571979961045,0.28322718744114916,4.024966106044194e-05,0.01543598406069543
pope_pius_xii__ecclesiae_fastos,3.637326930965401e-05,3.637312388543426e-05,0.022522355893695833,0.03478515042289484,3.637242690326113e-05,3.636439891893132e-05,0.6488892629422747,0.08654059954681392,0.018127010945563116,0.18899013702974043
pope_pius_xii__evangelii_praecones,0.05776434641738283,0.11404857887981701,0.07924266439764097,2.436104198923568e-05,2.4363277843597827e-05,2.4354920589799894e-05,0.5940759170677029,0.018576019934400938,0.1146993853928157,0.02152000866981712
pope_pius_xii__exsul_familia_nazarethana,0.3083981998344751,0.16125308476302386,2.0117805205330035e-05,2.0117884267427684e-05,2.0118963331240312e-05,2.012602163522128e-05,0.4776735407347411,2.0117883040486287e-05,2.0118045365704855e-05,0.052554458064914586
pope_pius_xii__fidei_donum,0.01774157504412261,0.09854060389378473,0.029351741139693396,3.0083201094881913e-05,3.008356789611725e-05,3.0075980533041747e-05,0.6132396533951775,0.023531203956182672,0.2174748966502517,3.0083171263401227e-05
pope_pius_xii__fulgens_corona,4.285707054435776e-05,4.285789250774079e-05,0.012211875157988116,0.032544710309862085,0.05672693822647476,4.284863068664898e-05,0.35138071773775476,0.5469214790875445,4.2857667195316166e-05,4.2858219441791854e-05
pope_pius_xii__fulgens_radiatur,0.0019438342090238253,0.05546475025727683,0.10671472395165818,3.896730528886544e-05,3.8967592420549006e-05,3.895629730710495e-05,0.6455930094778203,0.09179273779425395,3.896625792473241e-05,0.09833508685702569
pope_pius_xii__guiding_principles_of_the_lay_apostolate,0.08094278412340732,0.21864256939983273,0.17439284462214724,2.5692957370898115e-05,2.5694411597698397e-05,2.5691215226105257e-05,0.1625226588447883,2.5693361501125566e-05,0.35784602081159844,0.005550350252530154
pope_pius_xii__haurietis_aquas,1.4935933984217535e-05,1.4936095482799614e-05,0.03579683181952887,0.2795609929688778,0.02459955056953179,1.4933494590163501e-05,0.1595634395109062,0.5004045075131603,1.4935887882041386e-05,1.4936206055859857e-05
pope_pius_xii__humani_generis,0.04846067522011281,3.649199330123753e-05,0.6702198264655441,3.649328501771605e-05,0.14616971048130112,3.648902390823395e-05,0.11454283857395686,3.649376063382106e-05,3.649356232774572e-05,0.02042448763389635
pope_pius_xii__in_multiplicibus_curis,0.0002160560728334882,0.26572490845840446,0.00021604308903383956,0.0071014450334261955,0.00021603012177583432,0.00021598460686005544,0.67444417568645,0.03513152974857404,0.0002160512924671966,0.016517775890174887
pope_pius_xii__ingruentium_malorum,0.00010931036345427211,0.0563285866367394,0.00010932060236453854,0.0001093207244958167,0.00010932429555443322,0.00010929050608890915,0.5831539983858932,0.35975220952074877,0.00010932481578691905,0.00010931414887367586
pope_pius_xii__invicti_athletae,6.818809725787663e-05,6.818623580643442e-05,0.08139078670653592,0.01149766351968401,0.003249574259490878,6.816659424345912e-05,0.7114947508568624,0.1615249353075855,0.010661812907760455,0.01997593551477294
pope_pius_xii__laetamur_admodum,0.01550422718629027,0.09303293333605432,0.00027787754202026547,0.00027786843131855185,0.0002778606677008064,0.0002777787165284789,0.8070491466291535,0.034977007673682656,0.0002778615576301083,0.04804743825962113
pope_pius_xii__le_pelerinage_de_lourdes,0.023926201494889675,0.06293206103659837,0.006495589139793639,0.11897322399598433,0.0018852356012023692,0.004673502681064014,0.3635492897202074,0.40557596598666823,0.011939164568809812,4.976577478227621e-05
pope_pius_xii__luctuosissimi_eventus,0.0002632447995297628,0.0640481621890028,0.00026322745726358853,0.0002632390968558089,0.00026321149512700847,0.0002631597766360153,0.7746321579685105,0.15947712320415355,0.00026325715142500413,0.0002632168614960164
pope_pius_xii__mediator_dei,0.09065104928986553,1.2911872172929195e-05,0.13801453607517308,0.000928177436430124,0.00048716124731392336,8.920706896713543e-06,0.16269652499591258,0.5930627405270987,0.014129054604924344,8.923244212072835e-06
pope_pius_xii__meminisse_iuvat,0.012641497455874513,0.036453763520871936,0.09733342224186209,0.00916587461722525,6.499613724616571e-05,6.497770813824177e-05,0.7020342802713413,0.09844359539131607,6.499482513003817e-05,0.043732597830994535
pope_pius_xii__menti_nostrae,0.029693580417420637,0.020913327165758843,0.1560578605994687,1.4852048468495989e-05,1.4852241124659449e-05,1.484828839225758e-05,0.4964597224298536,0.19455084230276973,0.10226526236681759,1.4852139925659482e-05
pope_pius_xii__mirabile_illud,0.00017672541831471208,0.10400638918383398,0.00017672764584106387,0.000176725391074367,0.00017672835527784097,0.000176681709427546,0.7560599202407168,0.1386966564217217,0.00017672573354886976,0.00017671990024333665
pope_pius_xii__miranda_prorsus,0.02623590003619756,0.1170417352368285,0.5190712223211241,1.9030230644804663e-05,0.01964880118455414,1.9029821112716764e-05,0.317907187434122,1.903127506958363e-05,1.9031240383326954e-05,1.9031219963280976e-05
pope_pius_xii__munificentissimus_deus,3.563581819716759e-05,3.5634615572944314e-05,0.08759727925655432,0.021860872494464206,3.5635406567567434e-05,3.5625628294467436e-05,0.06628112112661538,0.7590218369469272,3.5634352538145165e-05,0.06506072435426857
pope_pius_xii__musicae_sacrae,0.34505155153341316,3.0844805632154194e-05,0.14759836250974318,3.0843880164078586e-05,0.011505983517996523,3.083626890873472e-05,0.2458485824971985,0.2498413061625896,3.0844924936265895e-05,3.084389941802699e-05
pope_pius_xii__mystici_corporis,1.2467667444681793e-05,1.2467806494356684e-05,0.07751407263827174,0.11392519895331289,0.07220797872919439,1.2464270240445215e-05,0.18513215522057944,0.5436049140278582,1.2467807808261995e-05,0.007565812878795661
pope_pius_xii__on_psychotherapy_and_religion,0.021206653640262103,6.375338377099804e-05,0.9484939587536856,0.029853118157713316,6.376544542656552e-05,6.373648319724567e-05,6.375363883831845e-05,6.375480676403886e-05,6.375241325895975e-05,6.375327708286316e-05
pope_pius_xii__on_rural_life,8.419369536870333e-05,0.6028482244307519,0.0004559829666653913,8.419929322758173e-05,0.08270828602537589,8.419132843344766e-05,0.2430822205531524,0.07048430956787667,8.41953591215529e-05,8.419678002647578e-05
pope_pius_xii__optatissima_pax,0.00020288495021403408,0.15879752718045742,0.0002028928239729006,0.00020289955196618257,0.00020289237541639538,0.00020284084455640919,0.8324999258819529,0.007282365010500147,0.00020288957038868172,0.0002028818105749028
pope_pius_xii__orientales_omnes_ecclesias,0.29517549468169446,2.4320729230561526e-05,0.013818507204875655,0.005117762687430254,2.4320073003977264e-05,2.4313463994632656e-05,0.5826079805437302,2.432050045490028e-05,2.4319887154724986e-05,0.1031586602284306
pope_pius_xii__orientalis_ecclesiae,0.03100716178141466,4.433741863394983e-05,0.04102281989935852,0.01734100659514885,4.433847059865913e-05,4.432643823387685e-05,0.4820429956547145,0.1311742607815215,4.433939362942969e-05,0.2972344135667462
pope_pius_xii__papal_directives_for_the_woman_of_today,6.908000935353326e-05,0.25027476566888845,0.2128296946808022,0.11339854707672296,0.08065943259849712,6.906116413799644e-05,0.31947360454478446,6.90811221932026e-05,0.02308765463601053,6.907849860963376e-05
pope_pius_xii__quemadmodum,0.0001262963799777569,0.22637097760140615,0.0001262973913973153,0.00012629864886118725,0.00012629944105025545,0.00012626365834878312,0.6918164852964774,0.08092848728106573,0.00012629690929830085,0.00012629739211686685
pope_pius_xii__redemptoris_nostri_cruciatus,0.00018253482282452565,0.15946353013803463,0.0001825318558616627,0.00018253113927771508,0.00018253208230451133,0.00018248276064056858,0.6433946965791352,0.11745017628134671,0.0001825281455739672,0.07859645619500055
pope_pius_xii__sacra_virginitas,0.008900447486876465,2.3731134977549293e-05,0.08517334306998567,0.03054416015214602,0.25980631974802537,2.3725196212369236e-05,0.258441574482873,0.3189065883455658,0.032600295580944544,0.00557981480239321
pope_pius_xii__sacram_communionem,0.5880753005943715,0.09821324616221976,0.00015248468957550736,0.00015248085593387966,0.00015247770272455873,0.00015244152963044032,0.09509620141979573,0.2177004078321589,0.0001524796143020642,0.00015247959928765183
pope_pius_xii__sacramentum_ordinis,0.5696508403589827,0.00018219207687348896,0.07174235781742667,0.0001822045229106685,0.0001822033438920655,0.004497735224867186,0.000182196020504909,0.20022392766253347,0.00018220547207496786,0.15297413749993388
pope_pius_xii__saeculo_exeunte_octavo,0.04167317365031862,5.8222570527099765e-05,5.822246083988284e-05,5.822304812436558e-05,5.8221264163135e-05,5.830184864027052e-05,0.7629653020851556,0.05725105516410213,0.10309821625247015,0.03472106165565865
pope_pius_xii__sempiternus_rex_christus,0.008910789068176564,3.471910343580168e-05,0.05044586620857623,0.2132344050185352,0.01765946843952565,3.471386750384164e-05,0.11771853984545455,0.19391973821735878,3.4719529601388024e-05,0.398007040701832
pope_pius_xii__sertum_laetitiae,0.04030575443206618,0.13899037437387518,0.0860014506448704,4.369986310963257e-05,0.09606346388925342,4.3689303357192876e-05,0.5537478021461661,0.05732673605614747,0.02743332802151403,4.3701269640246356e-05
pope_pius_xii__si_diligis___canonisation_of_st_pius_x,0.1721577449719695,9.682890450797565e-05,0.24753277120622572,0.055469087817933777,0.05596209796634958,9.682150259234841e-05,0.45517913229428564,9.683502702740049e-05,0.01331184693886005,9.683337024784973e-05
pope_pius_xii__summi_maeroris,0.00017704981142319332,0.07802700708700663,0.10378819105420896,0.00017703457571131132,0.029414341648251192,0.00017699247648414582,0.7877082688975972,0.0001770394823970909,0.00017703352279653975,0.0001770414441238036
pope_pius_xii__summi_pontificatus,1.834090009922474e-05,0.11768141490890852,0.22859601677905456,0.13192019512973596,0.026117725293290987,1.833670928627664e-05,0.41625757920854733,0.0784203837296235,1.8340247535291808e-05,0.0009516670939183334
pope_pius_xii__the_function_of_art,0.01244153976527098,0.0002299504732130812,0.4572309846588564,0.16754597554648049,0.00022996043294826806,0.0002298870314396451,0.22899028353769296,0.13264150947941078,0.00022995949382800945,0.00022994958085930577
pope_pius_xii__the_internal_order_of_states_and_people,3.3107873184032986e-05,0.38470607252396116,0.2812676141556711,0.04529544178950668,0.08285238142346026,3.310193609494665e-05,0.19311362781472982,0.012632432559224813,3.311004926763139e-05,3.310987489971864e-05
pope_pius_xii__the_moral_limits_of_medical_research_and_treatment,5.289347602420812e-05,0.12314307485029052,0.8764337849672741,5.289343499907941e-05,5.2895088832238156e-05,5.288238717131237e-05,5.289395568265503e-05,5.289357415379888e-05,5.289389023584184e-05,5.2894375336218505e-05
pope_pius_xii__the_proofs_for_the_existence_of_god_in_the_light_o,0.006462818389361194,0.14241964140694233,0.6869279026141273,0.09727825637902075,5.264432334589858e-05,5.2635372061725226e-05,0.021910837633620856,0.04478997395063619,5.2644216300426036e-05,5.264571458325837e-05
pope_pius_xii__the_states_of_perfection,0.0799514985373919,5.5820211961964844e-05,0.6352630622032571,0.0012488558717068004,0.024477486817401462,5.5804084793476795e-05,0.07765934238107824,0.026067143023353168,0.14710371176828263,0.00811727510077317
pope_sixtus_iv__superna_caelestis,0.014852826340671694,6.864967823115521e-05,6.865354238880384e-05,6.86529639204812e-05,6.865246045728728e-05,6.864737080830598e-05,0.18160046380125897,0.43626901812154967,6.86519501786723e-05,0.3668657837705351
pope_sixtus_v__triumphantis_hierusalem,0.0316941693152816,4.669546334326801e-05,0.028131533579286237,4.6697484517835545e-05,4.669915917229338e-05,4.668602463068209e-05,0.2243034869532108,0.5022149984692454,4.669677527939379e-05,0.2134223367760324
pope_st__john_paul_ii__a_concilio_constantinopolitano_i,0.02608089298850626,4.907800109192989e-05,4.90795276700632e-05,0.6028244503101535,4.9078480669925303e-05,0.0021016507601587437,4.908160093648745e-05,0.2112317542596849,0.13512860429683055,0.022436329774297492
pope_st__john_paul_ii__address_of_pope_john_paul_ii_to_the_tribunal_of_th,0.05013477413809655,0.23261484971192106,0.3668626522078454,9.562917460743286e-05,0.15414363210020787,9.565157158963766e-05,9.562597611658621e-05,9.562215030804378e-05,0.19576592741170865,9.563555759872238e-05
pope_st__john_paul_ii__catechesi_tradendae,0.012982748770829788,1.0358161724262205e-05,0.1965090164146373,0.08262340889792755,1.0358136862071906e-05,1.0357378699461978e-05,0.03934539381205807,1.035817789238878e-05,0.668487642082444,1.0358166924942291e-05
pope_st__john_paul_ii__centesimus_annus,8.635685459458985e-06,0.8531760495687034,0.07273892884236706,0.03627963471794867,0.022449424633487636,8.633416400656179e-06,0.0013335756998497906,8.635695351253246e-06,0.013987845976132554,8.635764299603012e-06
pope_st__john_paul_ii__christifideles_laici,5.224074450156816e-06,0.11318230337024393,0.0002804589020493683,0.1230750658212088,0.061259787371687205,5.222911898289623e-06,0.015039135466499579,0.007678980535492225,0.6781712803582547,0.0013025411882157114
pope_st__john_paul_ii__considerations_regarding_proposals_to_give_legal_r,0.07087950830349919,0.46789211211740483,0.033773580087061154,6.503766189313025e-05,0.38214320394537743,6.50205064656397e-05,6.503274600623852e-05,6.503431417647442e-05,0.044986433418908296,6.503689920764376e-05
pope_st__john_paul_ii__crossing_the_threshold_of_hope,0.0006137048380525505,0.12560022385328778,0.15256128780949657,0.2269696503221825,0.0006137568130039959,0.0006134973413977669,0.000613682271220133,0.2074359785954079,0.28436455190526433,0.0006136662506865558
pope_st__john_paul_ii__dies_domini,0.0767308348229199,0.03129080674256907,9.823895887078785e-06,0.3241875848305873,9.82408313614439e-06,0.0002453211833325977,9.823838935511569e-06,0.35163591577335596,0.21587024089379225,9.823935483968885e-06
pope_st__john_paul_ii__dilecti_amici,1.375650427321616e-05,0.1267100349360815,0.21284198303097826,0.575792745991161,0.0011534676943775744,1.37539945705504e-05,1.375726379006573e-05,1.375642043299936e-05,0.08343298756405008,1.3756600284789143e-05
pope_st__john_paul_ii__dives_in_misericordia,1.3341657407864027e-05,0.12125675615517613,0.08591233440006084,0.779124234235344,1.3342503297141275e-05,1.3339082098179353e-05,0.01362662479224001,1.3342887619113891e-05,1.3342076980075e-05,1.334220977648015e-05
pope_st__john_paul_ii__divini_amoris_scientia,0.1939755905792219,3.688194931993446e-05,3.6884074198574146e-05,0.3098162322111068,3.6882998462678805e-05,3.6893890534525395e-05,0.012109630517673272,0.22784254608936072,0.25607157498119665,3.688270892489444e-05
pope_st__john_paul_ii__dominum_et_vivificantem,7.029905738851998e-06,7.029958636466078e-06,0.034996092888555826,0.9500776300263437,7.029991431383038e-06,7.028415756435722e-06,0.007602257911406139,0.006871527654563755,0.00041734325662049436,7.029990946878574e-06
pope_st__john_paul_ii__dominus_iesus,0.009811960446049412,2.1858388597908615e-05,0.14097062876754046,0.5189011992330569,2.185933759623815e-05,2.185861002886903e-05,2.1859030932474303e-05,0.0029589480261338922,0.3165501538680866,0.010719674291977177
pope_st__john_paul_ii__ecclesia_de_eucharistia,0.10937554548521362,1.3259443022325135e-05,1.3259036478759129e-05,0.2539067641892289,1.3258948117969964e-05,1.3257345154855106e-05,1.3259188016215472e-05,0.3198412411972734,0.3167968960398228,1.3259127671086296e-05
pope_st__john_paul_ii__ecclesia_dei,0.4016279757974407,0.0001664323965446204,0.041336077704873436,0.09286442742007857,0.0001664312796548395,0.00016640889319912008,0.04583142912025029,0.00016644473400104844,0.3472163646031556,0.07045800805080182
pope_st__john_paul_ii__ecclesia_in_africa,1.2791207033426339e-05,0.16069904200724572,7.512407439526724e-06,0.06436098175705506,7.512542258897765e-06,7.510586504628926e-06,0.061903778345523304,0.014351647027153278,0.6907219794697864,0.007927244649999745
pope_st__john_paul_ii__ecclesia_in_america,0.01292253549873114,0.1915926420435518,7.308716872057779e-06,0.03367722718337211,0.0017991724671484197,7.307691386636349e-06,0.0286242353174078,0.0071952255778906914,0.723734344634943,0.00044000086869634507
pope_st__john_paul_ii__ecclesia_in_asia,6.831537937058805e-06,0.134052250682005,6.8316921755904026e-06,0.1512986474105505,6.8314986622499765e-06,6.829922647983428e-06,0.03902737971873468,6.831713641087504e-06,0.6755807342307008,6.831592945020749e-06
pope_st__john_paul_ii__evangelium_vitae,4.877447917472402e-06,0.40456460063907196,0.07608806059171364,0.43287023670314634,0.06840640266313264,4.875952709156955e-06,4.877324217507912e-06,4.877277054314201e-06,0.00986055162819496,0.008190639772842043
pope_st__john_paul_ii__ex_corde_ecclesiae,0.2335108929436665,0.15374915136461534,0.13953416911855612,2.0045065115563415e-05,2.004535743529204e-05,0.0007657049282852693,2.0045334939676128e-05,2.0044206019983865e-05,0.4723398576652157,2.004401615050141e-05
pope_st__john_paul_ii__familiaris_consortio,6.01221935516978e-06,0.11385063934869419,0.001727190012244771,0.11415722832731257,0.24141874366108165,6.011826079800786e-06,6.012256212509278e-06,0.00412736933195117,0.524694780955754,6.0120613144033745e-06
pope_st__john_paul_ii__fidei_depositum,0.16109024299374117,9.942801018905497e-05,9.943410537681937e-05,0.00584081770912788,9.942816143760781e-05,9.940492138281244e-05,0.038142906363767985,0.07688707386426417,0.717541829156015,9.943471469752826e-05
pope_st__john_paul_ii__fides_et_ratio,6.975768552021962e-06,0.06303863160603888,0.6622391020015109,0.23365759113761814,6.975481897529445e-06,6.9741799679058254e-06,6.975700877299719e-06,6.975663859048385e-06,0.0410228228932207,6.9755664575610775e-06
pope_st__john_paul_ii__general_directory_for_catechesis,3.237941795870397e-06,1.1690994363473881e-05,0.09555525135949869,0.00030838142689984397,3.2379089812670913e-06,3.2377209672308587e-06,3.2378462556983947e-06,3.237872420056199e-06,0.904105249059307,3.2378695108600058e-06
pope_st__john_paul_ii__inaestamabile_donum,0.3984833493912946,0.08433937272529411,0.00014009860830160035,0.00014009563110052123,0.00014009488324419328,0.0001400606868711504,0.0001400939466612531,0.1316802476610756,0.38465648976825517,0.00014009669790170014
pope_st__john_paul_ii__iuvenum_patris,3.0349192406716262e-05,0.1502548910050179,0.19447355315365347,0.06854641072532841,3.0347667835831e-05,0.0057080266479409125,0.06715149142155956,0.012848763818661565,0.5009258197290082,3.0346638587475648e-05
pope_st__john_paul_ii__laborem_exercens,1.0627759593087506e-05,0.8058618283215734,0.10052285138297921,0.09354092932573885,1.0627839304882029e-05,1.0624839653401021e-05,1.0627627180934386e-05,1.062746714454252e-05,1.0627852541483993e-05,1.0627584290029872e-05
pope_st__john_paul_ii__letter_to_families__gratissimam_sane_,8.564776637506638e-06,0.15602377325587496,0.0026120309331612635,0.6013895058971453,0.20412157067281325,8.562916124880042e-06,8.564630423357656e-06,8.564631230994183e-06,0.0353579950202264,0.0004608672663620849
pope_st__john_paul_ii__magnum_matrimonii_sacramentum,0.47771131993263705,0.0002348130344521907,0.00023481024257977485,0.00023480074462378487,0.19765063002211872,0.00023474818048005122,0.0002347966276770902,0.021487256042462943,0.251097885589935,0.05087893958303328
pope_st__john_paul_ii__misericordia_dei,0.5498733587698046,0.020540499718739058,7.464947529650991e-05,0.18086758053909407,7.464660647737139e-05,7.462967574442073e-05,0.008572841167159978,0.01756517203273636,0.1777572278222171,0.04459939419273055
pope_st__john_paul_ii__mulieris_dignitatem,9.588218787720819e-06,9.588772526157934e-06,0.0006100628708162042,0.8783014948484119,0.10398984525198546,9.585969182909553e-06,9.58824440826653e-06,9.588405676617873e-06,0.017041069085023633,9.58833318091492e-06
pope_st__john_paul_ii__novo_millennio_ineunte,0.011253624534101742,0.06012227081216687,0.004458150062178662,0.4544097849722852,1.2617080921953413e-05,1.2614899726142285e-05,0.053898765551512726,0.053129858135981825,0.3626896966391879,1.261731193698701e-05
pope_st__john_paul_ii__ordinatio_sacerdotalis,0.24868914364446015,0.00015776837106051564,0.00015777391033696802,0.09415312306797685,0.1149977581669756,0.00015773218246277782,0.0001577756248272352,0.05736232480455673,0.48400882706421877,0.0001577731631243511
pope_st__john_paul_ii__orientale_lumen,0.061567787021956234,0.029290959195945522,1.8988140815335878e-05,0.4925190842569347,1.8987471884656424e-05,1.898504219338121e-05,0.1001132769265797,0.016681743075937408,0.2964116775534801,0.0033585113142729846
pope_st__john_paul_ii__pastores_dabo_vobis,0.0009817672055266425,4.039928016000123e-06,0.05691309224160609,0.11725666576633365,0.0014475698868589891,4.038975683230617e-06,0.020068945888595358,0.005089478783092606,0.7982303613929632,4.0399313242022585e-06
pope_st__john_paul_ii__pastores_gregis,0.1517643932559918,0.01613131245240243,5.149998417824503e-06,0.07671496870538534,5.1500121677674724e-06,5.148917945354849e-06,0.050135289795190545,0.02488781131642741,0.6786159315836455,0.001734843962425943
pope_st__john_paul_ii__reconciliatio_et_paenitentia,0.06452589843473312,0.06390695088817995,0.1373295763384627,0.48972436117673834,7.4475162555995355e-06,7.448414618296987e-06,0.031566832794608125,0.0006132557550573092,0.2112713236605902,0.0010469050207562928
pope_st__john_paul_ii__redemptionis_donum,0.006705684319722418,2.0713034986268317e-05,2.0714054029337426e-05,0.7951774875177968,0.04012242336423672,2.0708646102253366e-05,2.0714159606764388e-05,0.007145246661642729,0.15074559414631583,2.0714095560841787e-05
pope_st__john_paul_ii__redemptor_hominis,0.011237593957618027,0.14159287974627568,0.11529164502017553,0.5188372163801585,0.0013886391400138517,0.0005083957466272043,0.015676368104727962,9.979981801161804e-06,0.19364252904436155,0.0018147528782404367
pope_st__john_paul_ii__redemptoris_custos,0.011862912021218329,2.2362270012039227e-05,2.2361560753380756e-05,0.5932326729212827,0.09618604424049287,2.2358032098274527e-05,2.2362100236303534e-05,0.2802342815794846,0.018372283673548578,2.2361600872903186e-05
pope_st__john_paul_ii__redemptoris_mater,8.402976250792473e-06,8.40255364683628e-06,8.402507039813115e-06,0.7599323171182221,8.402643852956597e-06,8.402693624954479e-06,8.402899204906155e-06,0.23205588991199197,0.007952973957132297,8.402739033487315e-06
pope_st__john_paul_ii__redemptoris_missio,6.5490581891577255e-06,0.08694332730417696,0.002588834924849426,0.14510102229270258,6.548888567415579e-06,6.549519675391148e-06,0.0169692530480766,6.548872660627852e-06,0.7483648170424371,6.549048664720824e-06
pope_st__john_paul_ii__rosarium_virginis_mariae,1.7151128210015317e-05,0.04066586686758443,1.7151525386084832e-05,0.35378124550106027,1.715121698339148e-05,0.0005499532251020189,1.7151613115543184e-05,0.39349454623215663,0.21142263176478576,1.7150925615808417e-05
pope_st__john_paul_ii__sacrae_disciplinae_leges,0.4422243749552433,8.534841093957415e-05,0.10071225413179626,0.1196126641460525,0.03175523029338039,8.53378012187021e-05,0.01537927505769365,0.00760188199219668,0.28245828516462507,8.534804685377779e-05
pope_st__john_paul_ii__salvifici_doloris,1.472235346626404e-05,0.02788570143985571,0.0948618345544821,0.8746077765409085,1.4723209908265535e-05,1.4720786438698795e-05,0.0025563527729419123,1.4722812222312769e-05,1.4722573567309916e-05,1.4722956208839637e-05
pope_st__john_paul_ii__sapientia_christiana,0.7164317725591461,0.015324589383703355,0.19249266748006924,1.7007803284671976e-05,1.700868307678265e-05,1.700544803553391e-05,1.700808272221055e-05,1.7007931732591622e-05,0.07564892458938671,1.7008038842721276e-05
pope_st__john_paul_ii__sescentesima_anniversaria,0.029651023532646596,5.228973580540531e-05,5.2288962110319566e-05,0.20536831807923198,5.2285316369499966e-05,5.229532107837104e-05,0.35675522900911244,0.07651001514498719,0.30859502952529655,0.022911225373361606
pope_st__john_paul_ii__slavorum_apostoli,0.2421385582599649,0.09321577129412335,0.0032776177445448737,0.20281107783123167,2.126843260980976e-05,2.1263987137750494e-05,0.18428830521494108,0.0007561562324359998,0.24125662021553587,0.032213360787474735
pope_st__john_paul_ii__sollicitudo_rei_socialis,1.1103411539711565e-05,0.7483283098108175,0.089477470848941,0.12469310621564886,1.1102926600575597e-05,1.1100255697987342e-05,0.004045287016812138,0.0012298727819995414,0.03218154354928583,1.1103182656876888e-05
pope_st__john_paul_ii__speeches,0.9721749904604299,0.0002463873420463088,0.00024634244416486703,0.0002463982051338893,0.0002463394547934287,0.0002463070160813821,0.00024637316689261944,0.0258540842727671,0.0002463702670689754,0.00024640737062143396
pope_st__john_paul_ii__tertio_millennio_adveniente,0.02749152951103315,0.08360507572659842,0.004626034195095917,0.5631156371092582,1.4624282860854649e-05,1.4620106499639894e-05,0.04953496250422016,0.03904915582576294,0.21903851586834297,0.013509844870327812
pope_st__john_paul_ii__the_350_years_of_the_union_of_uzhorod,0.14355858275609656,8.266752918905793e-05,8.26617178813532e-05,0.22527339634906124,8.266341855979707e-05,8.264662481134011e-05,0.12765616681041583,8.267031555831146e-05,0.5030158757643975,8.2668714028744e-05
pope_st__john_paul_ii__the_fourth_centenary_of_the_union_of_brest,0.1664736975120183,5.298209911953686e-05,5.2980777225794043e-05,0.2568378446296119,5.297891723094394e-05,5.296737764888582e-05,0.1489315691109119,0.00938318523449797,0.41810881378516196,5.2980556572727784e-05
pope_st__john_paul_ii__the_third_centenary_anniversary_of_the_union_of_th,0.07501115948623027,5.732203046856263e-05,5.732042330967984e-05,0.29972910243162165,5.731766818645924e-05,5.735527589905966e-05,0.14915031590503464,0.036672013443295313,0.43915076918662554,5.732414932894527e-05
pope_st__john_paul_ii__universi_dominici_gregis,0.7604211197251127,1.752433702002313e-05,1.752455294169589e-05,1.7524631636588695e-05,1.752351599777221e-05,1.7520185141488496e-05,1.7523523363100343e-05,1.7523780686490407e-05,1.752477065758558e-05,0.23943869097744244
pope_st__john_paul_ii__ut_unum_sint,0.04617134118917331,0.001377772421602027,0.047356642547612626,0.18703265056802001,8.884919962790627e-06,8.882903090671691e-06,0.07749132325585235,0.009314576594499122,0.6043134765380364,0.02692444906215066
pope_st__john_paul_ii__veritatis_splendor,0.008140497397101014,0.039078117457715396,0.5137889480831057,0.3533291725164979,5.0496775836540905e-06,5.049194727643389e-06,5.04951173974235e-06,5.04954795146342e-06,0.08563801696496895,5.04964860813312e-06
pope_st__john_paul_ii__vita_consecrata,5.245006116554452e-06,0.017830573314640982,0.001377138134934424,0.21073695401115117,0.006207689335234181,5.243904048144861e-06,0.032826259735664914,0.016888971823230868,0.7111134378721643,0.003008486862814339
pope_st__john_xxiii__ad_petri_cathedram,0.005853933662233434,0.10917384394401682,0.13758172862083032,0.01995398357772151,0.049986678345291004,2.064853053344611e-05,0.5807639697055432,0.06639897956660003,0.0007677689916978617,0.02949846505553252
pope_st__john_xxiii__aeterna_dei_sapientia,0.05455735047805464,3.744918412406824e-05,0.05419354770480718,0.07513601921311319,3.745029756012241e-05,3.744054430510728e-05,0.4041305360254859,0.27208899635033684,0.016218949093208618,0.12356226110900458
pope_st__john_xxiii__grata_recordatio,0.04383085410170014,0.03779631422640952,0.06618981639362524,0.00013284259562108868,0.000132835856448755,0.00013280700499300138,0.4814046324782792,0.330140609274225,0.040106446413952605,0.00013284165474521404
pope_st__john_xxiii__le_voci_che_da_tutti,0.18640045262605706,0.04047896404669033,7.317240550328245e-05,0.031791461682002226,7.317480070326891e-05,0.001723195593032561,0.1561120031848132,0.47606633735764076,0.1072080662115955,7.317209196170879e-05
pope_st__john_xxiii__mater_et_magistra,1.1131298039039936e-05,0.6727068829771565,0.13326066978588547,1.1131271800698245e-05,0.08525471359956265,1.1129347259992378e-05,0.1087109473007882,1.1131741953861926e-05,1.1131330882204833e-05,1.113134667127958e-05
pope_st__john_xxiii__on_promoting_devotion_to_the_most_precious_blood,0.06221081052825574,0.00010552222565116744,0.00010551454034796365,0.15477592635998746,0.00010551153887899095,0.00010553043063509039,0.23766315764465,0.5447169955756479,0.00010551539798975015,0.00010551575795580578
pope_st__john_xxiii__pacem_in_terris,1.5142509967366075e-05,0.5064250068355902,0.16039098753829817,1.5141448194555728e-05,0.25795614356831736,1.5138033376435223e-05,0.07300781768233904,1.5142101547521436e-05,1.5141869836495232e-05,0.002144338412532802
pope_st__john_xxiii__paenitentiam_agere,6.326835970887433e-05,6.326748385464602e-05,0.0007229987856508084,0.24553305516224858,6.326910163712125e-05,6.325171258856088e-05,0.3739315594226504,0.26880530443974093,0.012968793313258717,0.09778523221866145
pope_st__john_xxiii__princeps_pastorum,0.05781821810261958,0.0600692984780308,0.09735587438816047,2.3116443057447118e-05,2.311683451435885e-05,2.311084987295212e-05,0.5764932789377847,2.3117143059955547e-05,0.2081477517491566,2.31170737431331e-05
pope_st__john_xxiii__religiosorum_institutio,0.4417086893006016,1.8658260650182234e-05,0.28525696113043963,1.865803480235868e-05,0.06570538141411249,1.865393795023505e-05,0.0974315980250196,1.8658283546753205e-05,0.07763179609540917,0.032190945517467894
pope_st__john_xxiii__sacerdotii_nostri_primordia,0.04030320705372401,1.9733627065539883e-05,0.049767097775768064,0.04371648630617734,1.9732675308134364e-05,1.9728291719178095e-05,0.6314279376713479,0.208537420711276,0.01819172178450027,0.007996934103113525
pope_st__john_xxiii__veterum_sapientia,0.4539458165381819,0.05560660283875948,0.28423118048527474,0.00010430320388064394,0.018636783852009356,0.005385104336765469,0.13383328828043642,0.02224031828084486,0.02591230058966844,0.00010430159417880799
pope_st__pius_v__consueverunt_romani,0.0003690924116062903,0.0003690733394160961,0.0003691032425248572,0.0003690979141007028,0.0003690961757641332,0.00036900581976768645,0.39478300938166544,0.47727356072259036,0.0003690782500829513,0.12535988274248142
pope_st__pius_v__quo_primum,0.4354358567307744,0.0001650697419005075,0.00016506792513951024,0.0001650558561964862,0.0001650707547908709,0.00016501969806557307,0.0001650681002952739,0.00016507133754934476,0.00016505449085524958,0.5632436653644328
pope_st__pius_v__regnans_in_excelsis,0.0002222845986238433,0.00022226433413470592,0.0002222727596814397,0.00022227888537027914,0.00022227908047319552,0.00022222357758993437,0.35586470190550806,0.057493815283024115,0.00022228373595862722,0.5850855958396358
pope_st__pius_x__acerbo_nimis,0.012137023178056296,5.121633550737584e-05,0.21150044070648322,0.020450165407909313,0.0414766918531749,5.120379692255167e-05,0.5104222468516562,0.09447985987147398,0.048183789590481814,0.061247362408334394
pope_st__pius_x__ad_diem_illum_laetissimum,3.96468936069386e-05,3.96454955150307e-05,3.9647061559936695e-05,0.08967446331118012,0.036405506004566664,3.963663129358749e-05,0.18441338348780859,0.571969236608571,3.96444841978479e-05,0.11733919002170021
pope_st__pius_x__communium_rerum,2.1534144625383593e-05,2.1534003909573e-05,0.2528362810011171,0.014916565274429885,0.010994254058922771,2.1531645209164394e-05,0.5907301163353522,0.0826198452393361,2.153386600855223e-05,0.047816804431089294
pope_st__pius_x__divino_afflatu,0.03166603261877816,0.00033559350013243104,0.000335591729143541,0.00033563209281729605,0.0003356238565296263,0.9656489533106649,0.0003356527213546539,0.0003356712131727299,0.00033564833839036133,0.0003356006190164299
pope_st__pius_x__dogma_of_the_immaculate_conception,0.0004652521084906506,0.00046525763240588147,0.15414298509777286,0.02686714048248459,0.0004652408042543644,0.00046512224665284273,0.7184371090502081,0.00046525660141244366,0.0004652629310426637,0.09776137304527541
pope_st__pius_x__e_supremi,5.532325661392508e-05,5.532440477741023e-05,0.11846229500221375,0.06460012534950417,0.07742872928677813,5.5312091253706206e-05,0.6466419988415762,0.07287909744963478,5.5325626683203516e-05,0.019766468690964586
pope_st__pius_x__editae_saepe,2.8579677419277718e-05,2.8579968481863827e-05,0.17941655305408402,0.024760344796212523,0.035216511359164315,2.8571990128547444e-05,0.5652618146037488,0.08214632890794414,2.857951268287572e-05,0.11308413613013377
pope_st__pius_x__gravissimo_officii_munere,0.00015629512666078847,0.00015629510658776862,0.18561693592142317,0.0001562841267184785,0.06709612805847177,0.00015625306806828462,0.4950949210961506,0.00015629468267188695,0.00015628413591989973,0.2512543086773273
pope_st__pius_x__haerent_animo,0.0047954284895390074,2.6378756915574374e-05,0.12749363971099595,0.03153599210275321,2.637913540108409e-05,2.637146436453569e-05,0.6245224261492245,0.15967999463891275,0.014372485760779015,0.03752090379111433
pope_st__pius_x__iamdudum,9.036045655849222e-05,9.035786938801843e-05,0.06496146509156824,9.035323017137848e-05,0.15372924584414704,9.033482002921029e-05,0.47457170973186413,9.035650612985125e-05,9.036024430546795e-05,0.3061954562058382
pope_st__pius_x__il_fermo_proposito,0.00983967219521264,0.17980363337166003,0.26182810141019885,4.084389076612421e-05,0.03442524866736747,4.083443431269886e-05,0.5061686983281596,4.0844204393234546e-05,4.084490687907999e-05,0.007771278591050305
pope_st__pius_x__iucunda_sane,0.016358611916622235,3.229872170472013e-05,0.25471250722570987,0.07227673400288186,0.01179361993021258,3.229583559538811e-05,0.5178499837307204,0.06626734106970689,3.2297661911456444e-05,0.060644309904934426
pope_st__pius_x__lacrimabili_statu,0.0001368376307646744,0.00013684385726072835,0.0001368359299530779,0.00013683423948943158,0.10132911774374297,0.0001368003401991226,0.7300420862223232,0.00013683596043293132,0.00013683511312789003,0.16767097296270603
pope_st__pius_x__lamentabili_sane,0.09989497922122684,9.854140643997313e-05,0.4788663805734795,0.12647414816878838,0.06250243843991204,9.852276401607246e-05,9.854739930113846e-05,0.13006500075758137,0.002914990789303594,0.09898645047995112
pope_st__pius_x__notre_charge_apostolique,2.718035255318566e-05,0.23680319308139977,0.3949858039569018,2.7181226725563026e-05,0.0043640280832568,2.7174292738994423e-05,0.34734748042820685,2.718167027869735e-05,2.718095006766891e-05,0.016363595957870705
pope_st__pius_x__pascendi_dominici_gregis,0.02340843036218151,1.112488606368901e-05,0.7367665113620192,1.1125238819861554e-05,0.019284193940087194,1.1122345687660688e-05,0.12270357199495567,0.0006615746294385694,1.112507221506692e-05,0.09713122016853151
pope_st__pius_x__pieni_l_animo,0.17184511461468086,8.293993453514624e-05,0.2243921261569744,8.293899498766338e-05,8.294260121449696e-05,8.291945447118778e-05,0.4611090448540842,8.293940502909663e-05,8.294230820937689e-05,0.14215609167581356
pope_st__pius_x__praestantia_scripturae,0.3207808418600032,0.0002193433752642389,0.13583173840109825,0.0002193390135719449,0.2503458682811199,0.00021930138387426515,0.00021936114008719838,0.00021934615819809358,0.00021934005443252427,0.29172552033235055
pope_st__pius_x__quam_singulari,0.41099750920076483,8.178525343140573e-05,0.02870524230597346,8.178857741378407e-05,0.20493668320564212,8.17666480914642e-05,8.178870743504138e-05,0.19256991334497706,8.179075658686065e-05,0.16238173199968406
pope_st__pius_x__septimo_iam,0.7624617671980802,0.0041683337548422406,0.004167894106958806,0.00416813351116699,0.0041673247456437005,0.004166799486726124,0.0041676956924827585,0.004167483506667161,0.004167607698874845,0.20419696029855725
pope_st__pius_x__singulari_quadam,0.10605843648302424,0.07777487838178919,0.2373061004523008,0.0001115048515532139,0.11206507501458308,0.0001114833690155972,0.4099987379221797,0.00011150844292107901,0.00011151001789183818,0.056350765064741265
pope_st__pius_x__the_oath_against_modernism,0.0002482139122813468,0.0002481888244036136,0.7009436344702572,0.00024821815024259145,0.0551088253233857,0.0002481575826469803,0.018690923216792943,0.00024821382465474754,0.00024822891066732266,0.22376739578466753
pope_st__pius_x__tra_le_sollecitudini,0.5658287167454401,6.240141949274141e-05,0.18713094310226785,6.239621795004861e-05,0.008690340336920906,0.005097248873587332,0.0871915796300421,0.13456912351925304,6.239834601708095e-05,0.011304851809028892
pope_st__pius_x__tribus_circiter,0.11863567946550327,0.0001277453561185061,0.00012775322549280003,0.05227648457617107,0.0676064658314982,0.00012771696621669565,0.4686235237869173,0.02959420892630287,0.0001277490469731818,0.26275267281880615
pope_st__pius_x__une_fois_encore,8.781867347104182e-05,0.05158048511778063,0.2960920618502403,8.782197925967855e-05,8.782280026520321e-05,8.779683147073987e-05,0.49688678558907695,8.782302406041302e-05,8.781712289827407e-05,0.15491376701147683
pope_st__pius_x__vehementer_nos,0.06864665644475694,4.60969590965363e-05,0.22394736889280928,4.6094888004001016e-05,0.17584437016378912,0.009184467141297037,0.45564126478325767,4.6096014126036265e-05,4.609484185182948e-05,0.06655148987101146
