term_str,pre_mean,post_mean
aaron,6.700446907131967e-05,1.2732207650688409e-06
aas,0.00011327386058259447,0.0011623372111856686
aback,0.0,1.356102045128071e-06
abandon,0.00015798696327501378,7.563914061104196e-05
abandoned,0.00014089072670838478,8.270116284646485e-05
abandoning,3.8961856283378854e-05,3.9254886571612355e-05
abandonment,1.2266645600797507e-05,0.00010208486730942149
abandons,1.4004249386299673e-05,1.108947788048137e-05
abase,1.5316702159186766e-06,3.13655934849711e-06
abasement,0.0,4.627395204946458e-06
abba,2.25729027250718e-06,3.161502772574374e-05
abbess,6.07106726747492e-06,0.0
abbey,3.476161155016199e-06,0.0
abbot,4.566001244307899e-05,7.414424721732295e-06
abbots,7.159658490952795e-05,0.0
abdicate,1.7676773326767218e-05,2.773553530189723e-06
abel,1.1405386072860023e-05,3.917919485168132e-05
aberration,2.149829336953014e-05,2.385166851941949e-06
aberrations,2.307926689035742e-05,6.319218482735928e-06
abhor,5.224591006848514e-05,0.0
abide,6.20850141803733e-05,2.520269956823089e-05
abides,1.9642680818618224e-05,4.883631085780624e-05
abiding,4.540122095936946e-05,3.9460946756048035e-05
abilities,2.6952933083193744e-05,3.5557431141489364e-05
ability,7.60302391475055e-05,0.0001281401166531245
abject,8.361934332936036e-06,1.2349377142839038e-05
ablaze,1.9504056105144465e-06,6.796184545968337e-06
able,0.00029784384980496116,0.0003181638741735638
abnegation,2.00705830556802e-05,1.8968423967914025e-05
abnormal,3.03222974279783e-05,2.9840066211774173e-06
abode,4.2507421140231397e-05,1.2825082849804892e-05
abolish,6.094102749121505e-05,1.2561901654311864e-05
abolished,0.00014198583126207305,4.958181249781709e-05
abolishing,2.0774443380990686e-05,2.6332621603946387e-05
abolition,9.601621713370159e-05,1.3879140957241988e-05
abominable,6.517622634796054e-05,1.882335758425766e-06
aboriginal,0.0,7.954053785551463e-06
abortion,3.2583979626856737e-07,0.00014222511135519088
abound,5.46274647771988e-05,1.69890274353178e-05
abounded,1.6254916788835495e-05,1.0201037940847702e-06
abounding,2.3790774729688735e-05,9.56840553212547e-06
abounds,5.345265963200258e-05,9.606554071787812e-07
abraham,7.847406476940992e-06,0.0001026420365286082
abroad,0.000172772897545681,1.6076592589695786e-05
abrogate,5.3110957024685504e-05,4.8420364193736414e-05
abrogated,5.37801518917335e-05,5.726763398358609e-05
abruzzo,1.7223346053926562e-06,0.0
absence,5.337973187297354e-05,0.00012658782877593628
absent,8.096056044786863e-05,3.781218728944032e-05
absolute,0.00014017092422529193,0.00024280909321432924
absolutely,0.0002639977264808355,0.00017053746127392702
absolution,0.00015671619791455497,0.0008859856231595488
absolutizing,0.0,6.856911178179542e-06
absolve,9.327100544621556e-05,1.512409481282993e-05
absolved,0.00012473894593957124,9.406658463750594e-06
absolving,2.5928548169931112e-05,0.0
absorb,1.0665090212582266e-05,2.0514857518233017e-05
absorbed,4.1954717778362875e-05,5.52255628293226e-06
absorbing,1.0477881959272392e-05,5.076775028113142e-06
absorbs,8.333877122867691e-06,1.5845952269937812e-05
absorption,2.7470066320688456e-06,1.766305410278324e-05
abstain,0.0002284642175898179,2.6280686206396e-05
abstaining,4.2060985428648567e-05,0.0
abstinence,7.370748739850788e-05,3.2227300433572674e-06
abstract,1.2590233392633807e-05,7.706997167824897e-05
abstraction,7.979642655988578e-06,4.570617488138043e-06
absurd,0.00016558970945365476,5.225770452918313e-06
absurdity,4.2152803175520747e-05,4.264692943727486e-06
abu,0.0,1.0449873340665156e-05
abundance,0.00026415688858770524,6.862227674926312e-05
abundant,0.00025117052148707124,7.004140963884304e-05
abundantly,0.00017320085658467755,4.826719893207813e-05
abuse,0.00015272034824451736,0.00020015363742546886
abused,7.567541295251196e-06,2.2281786531619957e-05
abuses,0.00011314387020881545,7.570198968116514e-05
abusing,1.8787742115056583e-05,1.8734914745933702e-06
abusive,4.817656192737094e-07,6.9259188155385565e-06
abyss,4.2746166294137654e-05,8.51488195371083e-06
abysses,0.0,1.8018245837031055e-06
academic,9.136105374190609e-05,0.00024041268450503822
academicians,4.139390970427607e-06,0.0
academics,1.2678312053044154e-06,5.4716708718762585e-06
academies,5.020656013875696e-05,1.6240220431281038e-06
academy,2.392821561032125e-05,2.7308987243929307e-05
accede,2.0953955371008173e-05,0.0
accelerate,0.0,6.2406466089908605e-06
accelerated,2.619784328615335e-06,9.404421269640438e-06
acceleration,8.368102265267695e-07,6.995645585953583e-06
accent,9.205011817327508e-06,9.416618250391984e-06
accents,1.5381749788906154e-05,0.0
accentuate,8.508565264923496e-06,3.44413511707718e-06
accentuated,4.986017038946018e-06,1.5058616758954637e-05
accept,0.0001746521122315953,0.00021457187936865977
acceptable,8.399381087310744e-05,7.728362324009629e-05
acceptance,3.334409215910322e-05,0.00018925680509108885
accepted,0.00017546403184735888,0.0003221139902004923
accepting,3.073397582592921e-05,0.00013676398726647534
accepts,3.141819554027193e-05,8.331967159195545e-05
access,5.221874223825815e-05,9.86666376359299e-05
accessible,5.60345685604862e-05,8.133767051823291e-05
accession,1.013574607261308e-05,0.0
accident,1.1692911935144733e-05,3.518228696352743e-05
accidental,9.93711819577203e-06,1.4351417369421674e-05
accidents,1.8610214154267665e-06,7.3186423826518295e-06
acclaim,1.8478647291811395e-06,2.162730888787192e-05
acclaimed,1.7078424014803108e-05,1.7374290037863992e-05
acclamation,5.270302334137443e-07,4.556724390697925e-05
accommodate,2.9486589466215414e-05,1.517647361932306e-05
accommodated,1.394080876189513e-05,9.241214380025613e-06
accommodating,1.2917223706743981e-05,2.486523904913018e-06
accommodation,1.0963686220951033e-05,1.3868229811095057e-05
accompanied,4.7165938383021555e-05,0.0001684366859467373
accompanies,1.4933493321163156e-05,6.994129452422119e-05
accompaniment,2.7191280576467073e-05,1.5769862746892137e-05
accompany,2.3776643563565135e-05,7.124857636590516e-05
accompanying,2.6451273331370478e-05,2.1075871040156006e-05
accomplices,4.041909025595786e-05,3.1916585204543224e-06
accomplish,0.00019504364263146315,0.00020507817694524264
accomplished,0.00020893665561156849,0.00019033188613953688
accomplishes,6.671994492502801e-06,4.3542345317538e-05
accomplishing,4.324644264100581e-05,2.1963471716096895e-05
accomplishment,6.0093870669975335e-05,2.5809935101571845e-05
accomplishments,5.136350540952452e-05,7.873203585785822e-06
accord,0.0003168469259818576,0.00018589331608638432
accordance,0.00025687505311270135,0.0004336073669904969
accorded,6.431714256766239e-05,4.8713338067604556e-05
according,0.0008323780916129232,0.0007504414071201961
accordingly,0.0003509171655084838,0.00010991062644500902
accords,2.3287586150773117e-05,8.348500552818723e-06
account,0.0004468691075986788,0.00044592914254645713
accountability,7.797288776879106e-07,2.9277518774740653e-06
accountable,0.0,3.288926401506848e-06
accounted,4.944262359040377e-05,5.0343451353016125e-06
accounting,7.580245961967845e-06,7.488040387900515e-06
accounts,2.911322181282148e-05,3.40351136516684e-05
accredit,0.0,0.0
accredited,7.685090949757454e-06,1.5750561180373546e-05
accrediting,0.0,0.0
accredits,0.0,0.0
accrue,7.184244287547236e-05,0.0
accumulate,5.675200235023745e-06,4.273244663148643e-06
accumulated,1.5407218095400457e-05,2.3431361710902048e-05
accumulating,2.7788837934125798e-06,8.580148403930205e-06
accumulation,1.568947011683744e-05,3.1695282470332824e-05
accuracy,2.0554938398679343e-05,1.817281709550519e-06
accurate,7.308699955761961e-05,5.9129085656503784e-05
accurately,9.542307576288068e-05,2.2386046964743505e-05
accursed,9.23029209839454e-05,2.1799347077081906e-06
accusation,4.0011055219729695e-05,1.9182246525754834e-05
accusations,7.687326062686229e-05,9.180867654281178e-05
accuse,7.649264185285091e-05,8.179668350794754e-06
accused,0.00010851451783654345,0.00028090065459603417
accuser,6.784022546248608e-06,2.35035476795989e-06
accusers,1.2380302772561942e-05,1.211041263491465e-05
accuses,5.818722077189836e-06,3.474861660954647e-06
accusing,1.0481559186260349e-05,7.749474461158142e-06
accustom,1.7809107515631386e-05,3.2050873431858593e-06
accustomed,0.00022399799641922955,7.842183304715978e-05
achieve,0.0001326140075493577,9.793439139412408e-05
achieved,0.00012151174944270532,0.00015582066338774633
achievement,5.290321528699225e-05,6.613026694497362e-05
achievements,5.602755042707365e-05,5.9908367920654016e-05
achieves,8.950675994591947e-06,2.8326065211084843e-05
achieving,4.4846716203302235e-05,4.694550646288954e-05
achille,0.0,0.0
acknowledge,9.216521742057607e-05,0.000113116012852173
acknowledged,6.745761685715592e-05,0.00015892348250352086
acknowledgement,2.6866868616366013e-06,7.78995775944586e-06
acknowledges,1.4296848510300767e-05,6.77597305590512e-05
acknowledging,1.902025890650052e-05,5.785439138686782e-05
acknowledgment,1.8295125246164497e-05,5.266452249184697e-05
acommon,0.0,0.0
acquaintance,2.1968926899313786e-05,8.472449513746346e-06
acquaintances,1.3737243094620612e-06,8.286734616000743e-06
acquainted,3.746768435907727e-05,5.564305012049343e-06
acquiescence,3.016047198481546e-06,1.3091361711037203e-05
acquire,0.00013417060818012524,0.0001768657710689431
acquired,0.00020112947444074004,0.00014795739717144056
acquires,1.8663576968432538e-05,4.556024684748728e-05
acquiring,6.794257496166894e-05,7.161507209232222e-05
acquisition,6.647913548967032e-05,6.105068295412185e-05
acr,0.0,0.0
across,2.171161066066246e-05,1.0807520416342129e-05
act,0.0003335421270016092,0.000518606921523423
acta,0.00011174425510753069,0.00035127918582291686
acted,0.00016320836032642712,9.164735575237995e-05
acting,0.00015599883047434204,0.00021863273729050273
action,0.0004544928004194162,0.00035629540155230276
actions,0.00023745658031252634,0.00025249211076665886
activate,0.0,1.3564858238889585e-06
active,0.0001271027120909701,0.00018098883159341206
actively,3.595380347816745e-05,7.922901806760145e-05
activism,1.1313595973943433e-06,6.190445763888032e-06
activities,0.00010523447007099174,0.00024262452468276985
activity,0.00015622952777101518,0.0005742258639717665
actor,2.5859709191677307e-06,0.0
actors,1.4341602939003121e-05,3.0671467216012066e-05
acts,0.0003129917641282387,0.00036762332877150007
actual,0.0001162392292317519,0.00016303265627127354
actualization,0.0,2.695735058257002e-06
actualize,1.9504056105144465e-06,1.6485531937238796e-06
actualized,4.867528568081888e-06,1.6897554311197506e-05
actualizes,5.276596186250137e-07,7.236849290827818e-06
actually,0.00010511939747683302,0.00011921976688448788
actuated,1.0983647236697636e-05,6.087960835916729e-06
actuation,8.053011308938207e-07,1.0536748161253804e-05
actuositatem,0.0,4.7164682517726795e-05
acute,2.2016402003247433e-05,6.82562619184711e-05
acutely,4.061562775754963e-06,2.276019091682543e-06
acutis,0.0,0.0
adalbert,0.0,0.0
adam,7.64074362092987e-05,9.771501518179112e-05
adapt,3.976279731922824e-05,9.77937132914993e-05
adaptation,4.2585293383052315e-05,0.00010086001420920039
adaptations,4.186010091682487e-06,0.00010804542094522185
adapted,0.00016208931388847535,0.000155787548227628
adapting,2.918190350879558e-05,4.9958511624177016e-05
adapts,1.4394570620029292e-05,1.0484880081117392e-06
add,0.00031243813826617336,0.00011004950772475996
added,0.0006677253902338629,0.00016423716970286222
addicted,7.630784795443478e-06,2.8382777139034457e-06
addiction,0.0,7.885468467263532e-06
addictions,0.0,1.0935995582531602e-06
adding,7.067968179104629e-05,1.2517313811875673e-05
addition,0.0003755952395567165,0.0002760053885430378
additional,9.024199031322191e-05,2.2262097549984012e-05
additionally,2.564911825132682e-05,0.0
additions,0.000826250953708785,1.7031892330074745e-06
address,6.301305341465826e-05,0.00010216890322417231
addressed,0.0001896586750335832,0.0001911312858787157
addresses,4.989939517140127e-05,7.958306706439356e-05
addressing,5.292330077828222e-05,4.019274357594586e-05
addressof,0.0,6.67506171623425e-05
adds,7.014858941997864e-05,0.00010491820874052316
adduced,1.9106464717220902e-05,5.307901603281255e-06
adequate,5.95291302576757e-05,0.00015496184098549637
adequately,4.5204014446541e-05,9.36339539995127e-05
adhere,0.00010565305927625118,7.397795522665162e-05
adhered,4.1672122948150464e-05,0.0
adherence,1.8744374428103467e-05,8.85674124856135e-05
adherents,6.60225167208988e-05,3.588334981526349e-06
adheres,2.2478140500535662e-05,1.4990450214000292e-05
adhering,2.554072650577592e-05,6.966148160949834e-06
adhesion,8.317797460874039e-06,0.0
adjacent,1.7163383508435432e-05,1.2264197613294775e-05
adjective,0.0,6.302259732674663e-06
adjectives,0.0,1.8704624864864076e-06
adjunct,0.0,0.0
adjust,4.2596337654152005e-06,0.0
adjusted,9.123938477718159e-06,8.752052783009761e-06
adjustment,1.0785030430807909e-05,1.1314203997878194e-05
adjustments,0.0,9.47319118859252e-06
administer,0.00018770215556783163,6.387812350955702e-05
administered,3.496778021604503e-05,0.0002898622755757856
administering,7.919541527318618e-05,4.788212820108018e-05
administers,9.951467657020388e-06,5.694010840821376e-06
administration,0.00024011419617753408,0.00047080607868398727
administrations,8.83031619253574e-06,0.0
administrative,1.670192400472969e-05,0.0002043151496402413
administrator,1.9478011268438106e-05,1.8725493350672345e-05
administrators,3.41541244233155e-05,1.7963056108613748e-05
admirable,0.00021259918606395442,5.6345831947651025e-05
admirably,8.746590581485005e-05,6.793227100391006e-06
admiration,0.00010766051341911622,5.095243453990047e-05
admire,6.0643416269952714e-05,4.380144189134967e-05
admired,5.5575110608768444e-05,5.602234843853145e-06
admires,7.752286209749244e-06,9.952065506923888e-06
admiring,1.832758102433196e-05,5.93389783941219e-06
admissible,2.4090400030428472e-05,4.757346250660411e-05
admission,3.147631758840132e-05,0.00018903113061982224
admissos,0.0,0.0
admit,0.00020887920455886256,0.0002021381828676691
admits,3.9691608558861896e-05,1.5050348224278634e-05
admitted,0.00020230769115685878,0.00024396052597872202
admittedly,6.575235889629306e-06,2.8688853638928344e-05
admitting,5.5129484801155086e-05,4.217849679339584e-05
admonish,0.00017831693419692195,2.9890307697323843e-06
admonished,0.00014039995106327429,8.804847042432237e-06
admonishes,6.763351269752978e-05,1.3946430806161711e-05
admonishing,3.531163987006187e-05,3.1311767350629292e-06
admonition,0.0001171613166444464,5.141073314352256e-05
admonitions,0.00018824311957435041,1.1012209927624851e-06
adolescence,1.1244319589246824e-05,3.8681551834480744e-05
adolescent,5.703730305154381e-06,4.1036553255374285e-05
adolescents,7.938514244903353e-06,5.184916457458251e-05
adopt,7.16076874885937e-05,6.800723874608103e-05
adopted,0.00010409310742416812,0.00031031026971290354
adopting,1.4335466551780146e-05,7.492778984000604e-05
adoption,2.072989912792326e-05,4.8114059394307175e-05
adoptive,7.946947097919513e-06,1.2640203979931047e-05
adopts,2.7338570450368496e-05,1.2859664292720705e-05
adorable,3.785315788601141e-05,1.1509798198165099e-05
adoration,4.746187690557962e-05,0.00011489274060244445
adore,5.823498238884088e-05,2.016488259563917e-05
adored,1.227168018662049e-05,1.8472796807753576e-05
adorers,1.0732886381508268e-05,0.0
adores,3.598032420958043e-06,1.6597666695397693e-06
adoring,1.4092254183356238e-05,8.886781213214675e-06
adorn,6.408592784091312e-05,9.789792309349145e-06
adorned,0.00012208937276448852,3.2698529574791e-05
adornment,6.077491679976989e-05,0.0
adorns,3.443936445145851e-06,4.619513571051719e-05
adriatic,3.2696200182068807e-07,0.0
adrift,0.0,6.306229919419842e-06
adult,1.585401981800591e-05,7.175414073362016e-05
adulteress,1.1843042022044607e-06,1.6248582500879895e-05
adulterous,1.2600199647260842e-05,0.0
adultery,2.2581897893401706e-05,5.6141371362119295e-05
adulthood,0.0,1.9512676695781836e-05
adults,4.161626860158257e-05,0.00021658180140110095
adv,1.5765917354778392e-05,5.0113149769627104e-06
advance,0.00015995487744316293,5.792275167059656e-05
advanced,0.00010654997515352775,8.499979459444945e-05
advancement,4.8730363840172e-05,0.00010167293709280865
advances,2.9782699367241247e-05,4.965637458466707e-05
advancing,4.0003760228887115e-05,4.000372575424419e-05
advantage,0.00038574913175918837,0.00010867930287811157
advantageous,7.61616711295639e-05,2.6634680300862382e-05
advantages,0.00022371077904562232,2.1628323257871822e-05
adveniens,0.0,1.3985506260642522e-05
adveniente,1.1093655879957558e-06,4.106526283590022e-05
advent,1.0382863624392808e-05,0.00011082297337626016
adventure,5.786410083404153e-07,2.1347573799843527e-05
adventures,0.0,0.0
adversaries,0.0001536514310488946,6.1292855336974425e-06
adversary,8.836139573293246e-05,7.93614126505493e-06
adverse,8.078755986778702e-05,8.899474303114146e-06
adversities,2.8507165049119313e-05,2.7376559844569687e-05
adversity,8.762549253006861e-05,3.859055572473115e-06
adversus,4.1799133226821565e-06,0.0001380365622883137
advertising,0.0,5.038760497730821e-06
advice,0.0003498760236631844,8.503160833324881e-05
advisable,3.042661980020734e-05,1.4975032782858842e-05
advise,0.00010016743033153808,0.0
advised,5.2668071764204765e-05,7.445112195432742e-06
advisers,1.205241639699928e-05,0.0
advises,2.5323373111129993e-05,0.0
advisors,1.1993615873751278e-06,0.0
advocate,6.774764575778852e-05,4.529198576280867e-05
advocated,9.284806872761852e-06,0.0
advocates,3.943748179914241e-05,2.3000788327527192e-05
advocating,7.4263307541193104e-06,0.0
aegis,1.4347967797029148e-06,3.380090269364422e-06
aesthetic,5.755393135364976e-06,1.6974851272084244e-05
aetate,2.8082861712756747e-06,2.2562229909384775e-05
aeternum,0.0,9.615856892851709e-06
afar,1.8535845041917966e-05,7.111370850625266e-06
affair,7.796480065058124e-05,1.5645723559232596e-06
affairs,0.0005698206732642935,0.00010973678258343365
affect,6.625966559138018e-05,6.378550473960074e-05
affected,6.854505068866709e-05,5.6532911653530736e-05
affecting,3.398904785436639e-05,6.75995999266037e-05
affection,0.0002855507135989404,7.35967095611498e-05
affectionate,3.5678663258644065e-05,1.0734784201644225e-05
affectionately,9.704916295497517e-05,1.0728102967244457e-06
affections,4.6292638215019824e-05,1.866362017495247e-05
affective,1.5530435197727924e-05,0.0001078621183020145
affectivity,0.0,3.081403133319113e-05
affects,4.1118775661457714e-05,5.651772451282874e-05
affiliated,4.4978077876430194e-05,4.517131305883228e-06
affiliation,6.184969658402586e-06,1.6740585636831784e-06
affinity,4.844118008907928e-05,2.163704822447613e-05
affirm,0.00015684831560304908,9.674068190281583e-05
affirmation,1.5681365178397376e-05,0.00011872743236050878
affirmations,7.909960876111117e-06,2.636598950758465e-05
affirmative,1.359557135607828e-05,6.912311664980557e-06
affirmed,9.511464594902799e-05,0.00010554512641272989
affirming,1.793145083439609e-05,4.672782084931867e-05
affirms,2.3997360152167923e-05,4.609371510846938e-05
afflict,8.732747106275361e-05,6.899150025183158e-06
afflicted,0.00021240630886036716,4.373603519089893e-05
afflicting,2.665298025009162e-05,8.018457119410712e-06
affliction,0.00010172046003373685,8.20738847546263e-05
afflictions,3.7686074067822776e-05,3.467618906818427e-05
afflicts,3.798573576910013e-05,2.5159912087303576e-06
affluence,1.1904246126795171e-06,5.026583797909856e-06
affluent,1.6319273679328563e-06,1.6379320650444094e-05
afford,0.00010794993164928992,1.6967923392239762e-05
afforded,6.795704221828802e-05,1.1589111258564572e-05
affording,2.429807208410158e-05,0.0
affords,3.7452178407227203e-05,4.630887504354323e-06
affront,3.154510671503322e-05,3.8063673206763526e-06
afghanistan,0.0,0.0
afin,0.0,0.0
afire,8.344457700296422e-06,3.0353687429707134e-06
aflame,1.732741071033065e-05,9.879962940943276e-06
aforementioned,0.0001992333492390059,6.0906160702346574e-05
aforesaid,0.0006189282050437118,0.0
afraid,5.874441954832623e-05,0.00010048633157632904
afresh,9.038546853248703e-06,1.2056285588156355e-05
africa,8.474503105714143e-05,0.00038036263215001465
africae,0.0,0.0
african,2.847759890859543e-05,0.00017462536931895915
africans,2.159558356381461e-05,4.110941373294562e-05
afterlife,0.0,6.241751357241745e-06
aftermath,1.3701137739763158e-05,0.0
afternoon,5.1716892841535145e-05,4.845322058901469e-05
afterward,5.111192756479301e-05,1.2492099349109794e-05
afterwards,0.0002033556814945071,5.4675902371835776e-05
agape,0.0,2.0839897700046126e-05
age,0.000462098204228448,0.000380222884545337
aged,4.154509592827202e-05,3.282712453727712e-05
ageing,0.0,0.0
agencies,2.9057110171544623e-05,6.376464202928348e-05
agency,2.254354309621657e-05,1.1570124463320444e-05
agenda,2.106243709837543e-06,1.212463669927169e-05
agendas,0.0,9.847107739812662e-06
agent,1.9233760682996787e-05,4.804207855259636e-05
agents,1.0748566109188504e-05,5.504880991462549e-05
ages,0.0002668508627890117,0.00013792646947435687
aggravate,1.2765828150499232e-05,5.87482141112357e-06
aggravated,3.506165678241791e-05,1.1189161904368038e-05
aggregate,2.7108255780359965e-05,2.761415062610204e-06
aggregation,1.4208651934382428e-05,0.0
aggression,4.017614713801671e-06,5.956390217935582e-06
aggressive,9.688614769859842e-06,7.492118894414487e-06
aggressiveness,0.0,7.593015799580065e-06
aggressor,2.641955573033646e-06,1.0666533854509838e-05
aging,7.537113211580363e-06,9.516345334531196e-06
agitated,3.524685706590398e-05,7.0625006244199135e-06
agitation,2.609382293188628e-05,6.560305906932587e-06
agli,0.0,0.0
agnes,4.458599623060011e-06,0.0
agnostic,3.5177715610516937e-06,4.572095691674366e-06
agnosticism,1.12488483404753e-05,1.783429303142297e-05
ago,0.00019869147987792722,9.815902599085439e-05
agonizing,2.745569792654868e-06,1.2728962897491112e-05
agony,3.0987458925866e-05,4.011510020769964e-05
agostino,5.749258412659189e-07,1.0620895650364492e-06
agrarian,1.0510735943025424e-05,7.3483275134386375e-06
agree,0.00014875465371528844,4.441609854557625e-05
agreeable,7.342897968249853e-05,1.1833793396966325e-05
agreed,0.00013684331035947403,3.848160213489912e-05
agreeing,3.904343312442266e-05,2.313913563733875e-06
agreement,0.00038542247258258966,0.0001433265842295805
agreements,4.191534047336105e-05,7.162410847998512e-05
agrees,1.574246418435946e-05,4.947949698390384e-05
agricultural,2.4374024860319882e-05,4.904934901197313e-05
agriculture,2.112713078034423e-05,2.9583910347343865e-05
ahead,1.1467096899776662e-05,2.8997293083701026e-05
ahmad,0.0,6.5614087361653475e-06
ahmed,0.0,0.0
aid,0.0006994656679170925,0.00012116395666477381
aided,0.0001124558217974219,3.780191112427944e-05
aiding,3.0061008868557255e-05,3.0691713813324236e-06
aids,0.00014638640212930225,9.178704886676989e-05
ail,0.0,1.3038834639853777e-06
ailing,2.2502656692494575e-05,0.0
ailments,6.80645681188421e-06,0.0
aim,0.0001778417014884781,0.00012584278003203436
aimed,4.3784234531006255e-05,0.00013743411303939593
aiming,1.4837234518262037e-05,2.4481973829856654e-05
aims,8.083126036040501e-05,4.495722072252405e-05
ainsi,0.0,0.0
air,3.3720631649189336e-05,1.798073921025778e-05
aircraft,0.0,1.4602183919207821e-06
aires,0.0,6.127129562543062e-06
airplane,0.0,0.0
airport,0.0,8.83907662448084e-06
akin,7.601006718974699e-06,1.2389432774591953e-05
alacrity,8.417368576499299e-05,0.0
alarm,3.473733710270709e-05,7.212321632103656e-06
alarmed,3.835863084726366e-06,0.0
alarming,3.0706399383044343e-06,1.452776505522651e-05
alas,0.00011846611182140503,4.11384563557194e-06
alaska,1.3928134838094367e-06,2.5868373370316403e-06
alba,1.2593388841288122e-05,4.431008781761017e-05
albania,3.825868381955585e-05,4.29302554074656e-06
albanian,1.47238596912854e-05,0.0
albano,1.1814455198527812e-06,0.0
albeit,1.4983043707194831e-05,7.177732077417595e-05
albert,2.680227729519218e-05,1.579756846012054e-06
alberto,0.0,1.0789219509378721e-05
alcohol,1.06543131772908e-05,6.295584750482449e-06
alcoholism,0.0,2.857318921334433e-06
aldo,0.0,0.0
alert,2.789746678638225e-05,3.509746656510029e-05
alessandro,1.4430176196454682e-06,0.0
alexander,0.0002322751394881098,8.506892214259464e-06
alexandria,9.470109153228945e-05,4.053031270916727e-05
alfonso,8.944032002416728e-05,4.336078971058621e-05
algeria,0.0,0.0
algorithms,0.0,3.521899607291605e-06
ali,0.0,1.4182439924765028e-06
alibi,0.0,2.1996574263345943e-05
alien,4.582034006097231e-05,3.9130114061722124e-05
alienate,2.8168998089073926e-05,9.72384429668482e-06
alienated,2.3001406657355222e-05,3.3466135629945535e-05
alienating,9.72807024859324e-06,7.431484037691394e-06
alienation,7.068834238816992e-06,4.173987555249144e-05
alighieri,4.0975510131465336e-05,1.2818190235126991e-05
alight,5.303955680091985e-06,1.7702179264030562e-06
alike,0.00015275601678894205,4.667535060650032e-05
alive,5.595358644503258e-05,9.280703675314352e-05
alla,8.193480527490041e-07,5.651525122105075e-06
alle,0.0,0.0
alleged,8.530071686616269e-05,4.105390844657813e-05
allegiance,8.124182398436458e-05,3.7350487186091197e-06
allegory,0.0,2.2067651002699255e-06
alleluia,0.0,3.7180088094100665e-05
alleviate,3.774762804693692e-05,7.2289327129721495e-06
alleviated,2.877269448807116e-05,3.329750983679587e-06
alleviating,1.4089321149829562e-05,6.833142857255728e-06
alleviation,4.5217504909570585e-05,0.0
alliance,5.5016990140155985e-05,1.019143193057891e-05
alliances,1.8658539969307103e-06,0.0
allied,2.844285818915324e-05,3.106616858985701e-06
allies,1.471127287270621e-05,4.190699316062042e-06
allocated,1.5251443768944535e-06,5.187827168164745e-06
allocation,0.0,0.0
allocutio,0.0,0.0
allocution,0.0002285122938556494,1.629680617345219e-05
allocutions,8.077292120753237e-05,0.0
allotted,4.9208290263823035e-05,6.334463623247651e-06
allow,0.00024079237798627944,0.0001303511910017533
allowed,0.0002784950168270953,0.00011838226518340864
allowing,4.501151459299686e-05,0.00014610279732911772
allows,5.046159117457941e-05,7.234782087005967e-05
allthe,0.0,1.2655411124180181e-05
allude,3.772916758923012e-05,6.705295771352267e-06
alluded,9.327414665809985e-06,4.6562750088583015e-05
alludes,2.374483483320425e-06,2.9419484938040996e-06
alluding,3.5400305359322774e-06,5.902012221556202e-06
allure,1.3135093762554873e-06,4.674653490765722e-06
allurements,7.619334388884964e-05,7.2481522221474735e-06
alluring,9.110711474463451e-07,6.959132802146662e-06
allusion,1.5046176274075544e-06,5.0015461262523024e-06
allusions,3.6965355278197978e-06,1.9960263095801037e-06
ally,2.5561626746512715e-05,1.4907043335145844e-05
alma,0.0,0.0
almighty,0.00021422424669663437,5.1379264951394934e-05
almost,0.0004035761066258113,0.00016092703764292027
alms,0.0002616891081997731,3.3724843672048494e-05
almsgiving,0.00010772875107538981,1.2411787677701359e-05
aloft,1.5563202539596036e-05,6.917777868120562e-06
alojzije,0.0,0.0
alone,0.00035611258580041,0.00031526971760763257
along,0.00014250064748857433,0.00018127128398349798
alongside,2.9982755072408508e-06,8.537657151247061e-05
aloof,2.7373376915770713e-05,2.369818033034041e-06
aloud,4.281916845592282e-05,3.7508807481959804e-05
aloysius,1.0041298775252834e-05,0.0
alpha,1.545174610254667e-06,2.6021863504494132e-05
alphabet,5.279504924517957e-06,2.1978481946157453e-05
alphonsus,2.3903403958602278e-05,8.22284738425704e-06
alpine,0.0,0.0
alps,2.8553123071368014e-05,0.0
already,0.0005653450263917463,0.0004604607330448573
also,0.000427381110355155,0.0005062788575286232
alsoa,0.0,1.6152500380617228e-05
alsothe,0.0,1.889021423687045e-05
altar,0.00023106175969871555,0.00012566504719676075
altars,6.618694782679794e-05,1.0903132782207198e-05
alter,4.2398757311673885e-05,5.5758051958042615e-05
alteration,2.8937309948514243e-05,4.162609727063807e-05
altered,2.283690195868659e-05,1.6849588684117265e-05
altering,0.0,1.0574728305250813e-05
alternate,8.589235605275803e-06,5.831310354668074e-06
alternating,6.5443060715279e-07,3.717649057678603e-06
alternative,1.2845245969908791e-05,3.422374712460414e-05
alternatives,1.8249316480237802e-06,1.1431227083326545e-05
although,0.0005354391385072019,0.00027350526216373875
altogether,0.0002335761169151058,5.720120279788514e-05
altruism,1.6707690331042626e-05,3.0633221800270055e-06
altum,2.5390062229174515e-06,2.952058981865242e-05
altötting,0.0,1.291288031077136e-05
alumni,0.0,5.058480868732668e-06
always,0.00027078115812811764,0.0003638438798678363
amateur,0.0,0.0
amato,0.0,0.00027726400878424
amaze,0.0,5.768214418954959e-06
amazed,2.2945032526670767e-05,1.554861450194515e-05
amazement,8.88331238492921e-06,1.3239467528362456e-05
amazes,0.0,3.1473902264883798e-06
amazing,1.2049730848216284e-05,1.3848850249894847e-05
amazon,0.0,2.5214208723507284e-06
amazonia,0.0,5.338979870376132e-06
ambasciatore,0.0,0.0
ambassadeur,0.0,0.0
ambassador,1.3151700050305293e-05,4.2709997178606625e-06
ambassadorof,0.0,0.0
ambassadors,6.736214966756779e-05,1.2141540767905718e-05
ambiguities,7.75311881448647e-06,1.0941533961280055e-05
ambiguity,1.2379434662787657e-05,2.8649147739897105e-05
ambiguous,9.627151201197223e-06,4.6918910272436014e-05
ambition,8.089072351640154e-05,1.9417480344786134e-05
ambitions,1.2104487920658806e-05,4.0812805043575705e-06
ambitious,8.914615308953489e-06,3.839601616989184e-06
ambivalent,1.4714002090582365e-06,7.422251306806802e-06
ambrose,6.921830937475731e-05,7.49269970325425e-05
ambrosian,8.59653322790475e-06,0.0
amen,2.613641302831527e-05,7.541189224579069e-05
amend,3.376331337280225e-05,5.134220203365611e-06
amended,8.36459682073597e-06,5.261544989817965e-06
amendment,3.0746021350601375e-05,7.008725515019655e-05
amendments,0.0,1.4795177562317472e-06
amends,3.4167067893566196e-05,2.0625543402451095e-05
america,0.00020602095178645237,0.00017096674890452622
americaand,0.0,0.0
americae,0.0,0.0
american,0.00010193472914457037,5.603413319063781e-05
americans,0.0,1.2672587729661896e-05
americaon,0.0,0.0
americas,1.516050128953294e-05,3.0004346954180246e-06
amid,0.00011197799775457842,0.00012371006551747897
amidst,0.00011011646368905012,2.0853245771491536e-05
amis,0.0,0.0
amman,0.0,1.3201958984453496e-06
among,0.0007147369876136867,0.00045425760349115685
amongst,0.0002464622277841733,0.0
amor,0.0,5.27081735515381e-05
amore,0.0,2.5126223724087677e-06
amoris,0.0,1.4722696563544458e-05
amos,7.63658947584886e-07,1.238638350428876e-06
amount,0.00012009065392736678,2.2930613066919322e-05
amounts,3.118823693111313e-05,0.0
amour,0.0,0.0
ample,0.00011410058072350632,4.813699538021791e-05
amplified,3.5723386007042028e-06,0.0
amply,4.126836255366807e-05,1.940886428523219e-05
amusement,7.828801845824826e-06,0.0
ana,0.0,6.919380198594185e-06
analogous,1.0521645978055135e-05,0.00010582688452468498
analogously,3.437839761042982e-06,1.0421394085247942e-05
analogy,1.713535875261477e-05,0.00014567572316812435
analyse,0.0,0.0
analyses,0.0,1.3060442235345995e-05
analysis,2.6790457807218092e-05,0.00013983394510946366
analyze,4.6755404455222556e-06,1.2848728220020651e-05
analyzed,1.3663436290941243e-06,1.1674685169391625e-05
analyzing,0.0,1.4234484113733393e-05
ananias,4.052121806037606e-06,1.344359581826994e-06
anapostolic,0.0,0.0
anarchy,6.364530154225611e-05,0.0
anathema,9.502019710170004e-05,1.2924080471465544e-05
ancestors,0.0002626443556985791,1.8482453672608585e-05
ancestral,9.56807036217489e-05,1.0786517092325899e-05
anche,0.0,0.0
anchor,1.927073936741978e-05,1.2538750107525528e-05
anchorage,0.0,0.0
anchored,1.3631979703259592e-06,3.064651903104434e-05
ancient,0.00042384125204181753,0.00029520413685440273
ancients,4.774513355045439e-05,6.748184782478358e-06
ancona,3.049606221260472e-07,0.0
anda,0.0,0.0
andarrivederci,0.0,0.0
andes,0.0,2.000470746105432e-06
andrea,1.3335411114710886e-06,0.0
andrew,6.901289106018474e-05,4.663804573299278e-05
andrzej,0.0,0.0
andré,0.0,0.0
andthe,0.0,1.3115614734657556e-05
andto,5.924520555355691e-07,1.6486147758544713e-06
anecdote,0.0,0.0
anew,3.590318541456905e-05,0.00014221153217859709
angel,4.796600711518083e-05,0.00012939971609779043
angela,0.0,1.7425830392586149e-06
angeles,2.782855692932341e-06,0.0
angelic,0.000227577108082429,1.2842092506495235e-05
angelo,1.5107505281111423e-06,0.0001816472841374619
angels,0.00027352329762270433,5.3369890125442765e-05
angelus,5.60447091006113e-07,5.905461377750061e-05
anger,9.786272811914503e-05,2.7063348801447362e-05
anglican,0.0,0.0005284370392917674
anglicans,0.0,0.00013599259137573943
angola,0.0,9.335779405324981e-06
angry,5.96652190071063e-05,8.529198839548719e-06
anguish,0.00012005559002786107,6.033426881662688e-05
anguished,5.470539465008365e-06,1.1164966704955054e-05
anima,3.094362726760348e-06,9.892057260852868e-06
animal,3.3937800926206945e-05,3.2005785798132444e-05
animals,4.941133444547104e-05,2.3940671459119606e-05
animarum,5.206435267511267e-06,0.0
animate,7.597815475443697e-06,1.6612593624686512e-05
animated,0.00014740837705484963,6.905861543688677e-05
animates,2.0579537942955606e-05,4.0902729795176645e-05
animating,3.188872928595154e-06,1.4482633026030574e-05
animation,0.0,1.621961633836223e-05
animators,0.0,4.249392530347555e-05
animo,1.188039657809723e-05,3.4011800954000723e-06
animosities,2.7570495043365972e-05,2.1388703769353057e-06
animosity,1.594996250130722e-05,0.0
ankara,0.0,1.358866985800765e-05
ann,0.0,4.032786729664626e-06
anna,4.998270310188163e-06,4.779234624806108e-06
annals,0.00011086874415085171,0.0
anne,5.706226318896713e-06,0.0
annexed,1.025992347826608e-05,0.0
anni,0.0,0.00010944982374135943
annihilate,1.8859058803122033e-05,8.180550593366118e-06
annihilated,1.4977215010257858e-05,7.081593026109183e-06
annihilation,7.968635573091014e-06,3.770168152118066e-06
anniversaries,2.635619501852856e-06,8.879850447585654e-05
anniversary,8.001937873235754e-05,0.0001648416421505417
anniversaryof,0.0,1.9501829569316464e-06
anno,0.00010133966619542607,1.3484676215521705e-05
announce,0.00012557735310603227,0.00010338370711273278
announced,0.00013477734841256197,9.577818535709955e-05
announcement,2.1108406810131763e-05,8.486336082460921e-05
announces,4.232080782367316e-06,5.450478667540812e-05
announcing,8.709386875945801e-05,4.294071527464104e-05
annoyance,2.0424176490321462e-05,2.488215517036262e-06
annoyed,0.0,1.700342639162831e-05
annoying,3.1225364506881154e-05,3.605204029330779e-06
annual,0.00010635996155937255,3.0212749205676483e-05
annually,2.8366227164930424e-05,4.517131305883228e-06
annulled,1.8864894157079878e-05,6.549887024340813e-06
annunciation,2.6880323886926665e-05,0.00018110220864122855
annus,0.0,5.054594630282773e-05
anoint,2.0577470151985146e-06,4.253613359938824e-05
anointed,1.8006036705117858e-05,9.389952810828452e-05
anointing,2.6488826015087175e-05,0.000564309858351841
anoints,1.8058295128863313e-06,2.64615358958077e-06
anonymity,0.0,1.8090961531762897e-05
anonymous,0.0,1.9104551596952927e-05
another,0.00043493363359197265,0.00035194153136080777
anselm,0.00010341987408262737,5.745877541798281e-05
answer,0.00012921716904729747,0.00018263094342379273
answered,6.752050041491146e-05,1.937942788913579e-05
answering,1.8530029835347402e-05,6.257479171781551e-06
answers,2.6279840328655006e-05,7.66735581130836e-05
ant,4.0704438141013225e-05,7.369849466268352e-06
antagonism,5.325874223715172e-06,3.2439522427510916e-06
antagonisms,4.451690709737104e-06,5.413168609506789e-06
antagonistic,2.8315785553638146e-06,3.099992899436618e-06
ante,1.035779662699707e-05,1.4449762178358689e-05
antecedent,6.464990607011574e-06,0.0
anthem,0.0,0.0
anthony,7.611540492412139e-05,5.560218722018343e-06
anthropological,1.823873088446253e-06,0.00019463471269269675
anthropology,1.8796691127988715e-06,0.00012666632803459596
antichrist,1.6561568397785727e-05,3.1208756786208723e-06
anticipate,2.769211599840849e-05,8.482252035872954e-06
anticipated,1.3439213267408536e-05,2.0166416099785226e-05
anticipates,2.718089461952128e-06,1.8927852182527642e-05
anticipating,9.071610705465788e-06,3.19582271434377e-05
anticipation,1.3041976627579176e-05,3.4334144740977735e-05
antidote,1.295767140424092e-05,1.0025853714902916e-05
antilles,0.0,0.0
antioch,7.374427791157272e-05,4.04722163511959e-05
antiphon,3.6198267850066803e-06,2.2440582283545134e-05
antiphons,9.990245261978178e-06,3.6805826060700235e-05
antiquated,4.910352572730109e-06,1.9679078944856013e-06
antiquity,0.00014749285001409878,3.4553092170501726e-05
antithesis,0.0,2.074154873938588e-05
antoine,4.523813035186205e-06,0.0
anton,0.0,0.0
antonelli,9.188924969300037e-06,0.0
antoni,0.0,0.0
antonia,0.0,0.0
antonio,1.120631226407544e-05,2.051929694769532e-06
anxieties,9.610924044036777e-05,3.651935714802487e-05
anxiety,0.00020139061461641277,5.607046257902236e-05
anxious,0.00012783769550431785,7.654430552713322e-05
anxiously,3.573701232886808e-05,2.666479080480922e-05
anybody,4.784760787097951e-05,5.521725791444236e-06
anymore,0.0,0.0
anyone,0.00044458843197652155,0.00016795836621636806
anything,0.0004739486790570005,0.00015359076638630904
anyway,1.0760445462285862e-05,2.40864179248634e-06
anywhere,5.4954152946667093e-05,1.4555241342750064e-05
aosta,1.0969586988900843e-05,1.2722853807070544e-06
aparecida,0.0,1.3527660696971979e-05
apart,0.00012728306350024736,0.0001553538821440926
apartment,0.0,1.4925310397970026e-05
apathy,1.4350504549874479e-05,6.755048923234354e-06
apex,3.226577575788219e-05,1.4886592268177303e-05
apoc,2.47346873452045e-05,3.0913277355258222e-06
apocalypse,2.6722618580658575e-05,5.603125631505175e-06
apocalyptic,3.2795114090738065e-06,3.1949257119675775e-06
apologetic,4.353212120530868e-06,0.0
apologetics,7.90649219805797e-06,0.000183505500714905
apologize,0.0,0.0
apology,5.3114095014111686e-06,2.40035350030787e-06
apost,5.808621539093772e-06,6.856583718726261e-05
apostasy,6.513843219344942e-05,6.6870023224767544e-06
apostle,0.0003592697226029636,0.00025273344475300926
apostles,0.0004992178763655755,0.00043972813209861646
apostleship,2.1739252914412306e-05,2.4827548297500232e-06
apostolate,0.0002769823597497522,0.00023349595931235125
apostolates,4.581637631559611e-06,4.4329870247960205e-06
apostoli,1.359119448723365e-06,4.317701772605239e-05
apostolic,0.0012299924597833608,0.000957789413732961
apostolica,6.905166677624614e-06,1.7830070538519274e-05
apostolicae,9.620482186318238e-05,0.0003290249814062847
apostolicam,9.577887789172152e-05,6.40386301082773e-05
apostolici,6.754953081868181e-06,5.844161452465936e-06
apostolicity,0.0,1.6884988625687618e-05
apostolique,0.0,0.0
apostolorum,8.431071778314561e-05,4.042085494237845e-05
appalling,2.2150216782730784e-06,8.364587756144878e-06
apparatus,1.1960920981607366e-05,9.09324242664165e-06
apparent,8.651756520616034e-05,9.228232493177156e-05
apparently,4.473747888623255e-05,4.6183440386888253e-05
apparition,5.723592008126309e-06,5.952324920688437e-06
apparitions,2.1246015880071583e-05,1.176968442460527e-05
appeal,0.0001662505644807235,0.00018096058508776215
appealed,5.488049840416668e-05,1.812799528420904e-05
appealing,2.4526781835614118e-05,2.9399973956960865e-05
appeals,8.961520688965675e-05,4.179106225406952e-05
appear,0.00017114815268945375,0.00016353629539366657
appearance,0.0001741786656518178,3.3367438380267966e-05
appearances,4.262680685215492e-05,3.792788501834432e-05
appeared,0.0001191153327232429,9.674164748024214e-05
appearing,1.6583239533344836e-05,2.1903484642673937e-05
appears,0.00010176175017261317,0.00022632330654113051
appease,8.083060257856442e-05,0.0
appeased,4.569028933568481e-05,2.4447721984290383e-06
appel,0.0,0.0
appendix,3.4426407115800367e-05,1.5710232243329535e-05
appertain,2.9929406584851345e-05,0.0
appetites,5.222282005728848e-05,7.3377797753996355e-06
applaud,6.604787833548447e-06,0.0
applause,3.486163278210676e-05,2.4312950018197635e-05
apple,1.1486841936122713e-06,1.3947866286972104e-06
applicable,6.899288512642237e-05,9.944563962718026e-05
application,0.00012609807079181365,0.00019017273090613952
applications,2.2360268631865964e-05,6.94492061301266e-05
applied,0.0002783892955805595,9.746341440824521e-05
applies,7.444350043698348e-05,8.702680057969606e-05
apply,0.00029237084830186795,8.09734063436246e-05
applying,6.63038694388622e-05,8.651072076498719e-05
appoint,7.902003369071871e-05,2.878684598244957e-05
appointed,0.0002572700814827686,0.0001308847855281916
appointing,3.792829306976335e-05,6.194320388921162e-06
appointment,3.711598674518502e-05,6.860110504911588e-05
appointments,6.533533802604635e-06,9.473178782041248e-06
appoints,1.164286056496975e-05,4.862844148254871e-06
appraisal,2.434985265380735e-06,1.3467037074844844e-06
appreciable,7.144485472638626e-06,0.0
appreciate,2.9898344260163898e-05,7.980593884869211e-05
appreciated,2.4553398826356127e-05,7.492934931431506e-05
appreciates,6.943765836405425e-07,2.1561073888033516e-06
appreciating,5.440720239579777e-06,1.4437566038852098e-05
appreciation,2.738456575193478e-05,5.5335657525789897e-05
appreciative,4.0949493648100255e-06,1.1035552717619357e-06
apprehension,1.0474294813900946e-05,0.0
apprenticeship,7.100535075557219e-06,1.7014020897445671e-06
approach,0.0001911243354999799,0.00016736086905743685
approached,9.847838509733767e-05,3.756488342004123e-05
approaches,4.952560220509868e-05,6.88847698054049e-05
approaching,7.768779450180879e-05,7.63227372970195e-05
approbation,0.000125634220859278,0.0
appropriate,0.00019079807201101417,0.0003744802883966811
appropriated,8.14785232776907e-06,6.937644261059113e-06
appropriately,5.2247856064989956e-05,4.108797379904849e-05
appropriateness,6.3060817012896184e-06,8.44755545542989e-05
appropriating,6.339897988830144e-06,1.1820245603824862e-05
appropriation,1.6212713079440307e-05,9.392371945484968e-06
approval,0.0004990776671703408,0.00022244744588276882
approve,0.00027899770963050194,0.00014969503060964222
approved,0.0005248942341600237,0.0007081567599003562
approves,4.1304616385899566e-05,4.778532157583549e-06
approving,5.83839738617365e-05,5.493230497924306e-06
approximately,0.0,1.1802840491249756e-05
apr,0.0,0.0
april,0.00011599564936198288,0.0012004833813608184
apse,0.0,1.7744087760927763e-06
apt,7.706184823598056e-05,3.052882733385912e-05
aptitude,1.5796906063072666e-05,3.338313464429145e-05
aptly,9.248697849331722e-05,5.28761278887059e-06
apud,8.333937211645537e-06,5.011239891935514e-06
apôtres,0.0,0.0
aquas,9.613170227932425e-06,2.3769143929946275e-05
aquila,6.413666553733557e-06,5.098985609800699e-06
aquileia,4.831881257703801e-07,1.2587995881864427e-06
aquinas,0.00011774253180473993,0.00013889457762674716
aquí,0.0,0.0
arab,1.8113699614468528e-05,3.0135825243932706e-06
arabia,1.6539286197837255e-05,0.0
arabic,8.19247962148225e-06,4.002562647110643e-06
aramaic,0.0,1.7338394668562288e-06
arbiter,1.1165143212053159e-05,2.220254785547874e-05
arbitrarily,2.3702053656827406e-05,2.795817409523522e-05
arbitrariness,1.451445804481027e-06,7.835671227374517e-06
arbitrary,6.024304713659e-05,0.0001301983101790692
arbitration,0.0,1.0235847768889387e-05
arc,1.0897163815035827e-05,9.96178906652385e-06
archaeological,1.6614918708384744e-06,0.0
archaeology,1.1607281954005317e-05,0.0
archangel,2.603204461887254e-05,3.4086845780046547e-06
archbishop,0.0002845788920402676,0.00020811244188253497
archbishopric,1.5848147371142616e-06,0.0
archbishops,0.0009395408251305386,6.414203026264472e-05
archdiocesan,0.0,0.0
archdiocese,4.223911659749523e-06,0.0
archdioceses,0.0,0.0
archetype,6.9828541491389025e-06,2.2728258450952652e-05
archiepiscopal,3.3023566030067054e-05,0.0
archipelago,0.0,0.0
architect,9.288418166224165e-06,1.3567612674077806e-05
architects,5.2396890084212286e-06,7.952369449501172e-06
architectural,0.0,8.08699618539332e-06
architecture,9.678018438724671e-06,2.4564101625150282e-05
archive,7.45171257867646e-07,1.0636274237617239e-05
archives,2.5390008217312284e-05,4.554927549607376e-06
archpriest,1.575606746687829e-06,1.2281859001424758e-05
ardent,0.0003261552733083402,0.00010588943442444576
ardently,0.00020534594545643304,6.818500928244248e-05
ardor,0.00019097541790061333,1.492178524901992e-05
ardour,8.585956399696135e-06,1.9184370107485452e-05
arduous,7.365892852137401e-05,5.8953478491523574e-05
area,2.5929330298575168e-05,0.0002298067347699654
areas,4.787943118661988e-05,0.00020971258591790054
arena,1.3200289603263932e-05,1.1446823681761844e-05
areopagi,0.0,1.0589340500539734e-05
areopagus,1.607598166493455e-06,1.7093277668156948e-05
arethe,0.0,1.0230489462111289e-05
argentina,2.668000169636803e-06,3.5653411014854493e-06
argentine,1.4190910293679967e-06,0.0
argentinian,0.0,1.2834061449269347e-06
argue,1.984938616035093e-05,4.999280834567307e-06
argued,1.9407864095565096e-05,3.2128738124939494e-05
argues,5.26618467746717e-06,7.192840679052595e-06
arguing,3.238895631984809e-05,1.1971739992056073e-06
argument,0.000150769897081277,6.992194903760138e-05
arguments,0.00018106552210835693,7.622527144878062e-05
arid,4.069357938363978e-06,4.252765977165921e-06
aridity,1.5693849423493488e-06,2.460686151285317e-06
aright,3.2234358186926615e-05,2.754343774600449e-06
arise,0.0002115397840417907,9.559904672805552e-05
arisen,0.00010706973821727111,5.445862541193695e-05
arises,0.00012505785908767332,0.00013116402608520216
arising,9.525782166381758e-05,6.793250248903007e-05
aristotle,2.3983258657099212e-05,1.124873616295025e-05
ark,5.258436725692174e-05,6.193001766160398e-06
arm,6.935106490496748e-05,3.5878009840870704e-05
armaments,2.2617482392670958e-05,3.55665926173532e-05
armed,0.0001311427822688553,1.2879984919699407e-05
armenia,3.7560272645704224e-05,3.1132291406671722e-06
armenian,9.911316169970947e-05,0.0
armenians,8.912176760125548e-05,3.366620089885625e-05
armies,0.00010613688898652503,0.0
armor,4.620356509902411e-05,0.0
armour,8.526286139222389e-06,0.0
arms,0.00017656859992354993,6.728884834907504e-05
army,0.00011925910577940743,6.639717000052147e-06
arose,8.985448931042394e-05,9.612121801744945e-05
around,9.710324547458452e-05,9.946598492511935e-05
arouse,0.00021091526339571853,3.8663850374112116e-05
aroused,0.00022099105801906977,2.2864942360626893e-05
arouses,2.5172356824538547e-05,9.114392417181796e-06
arousing,5.039571118636327e-05,5.870024585722241e-05
arrange,6.930085536424892e-05,1.7357244578199463e-05
arranged,7.000919885038622e-05,9.65274634690892e-05
arrangement,7.21744316733053e-05,0.00013061223743838482
arrangements,6.803227093016741e-05,4.040867922689824e-05
arranging,3.2461735568436056e-05,4.0680422342129683e-05
array,3.741171337768554e-05,2.4403903834001898e-05
arrest,1.6367243496540064e-05,7.28311433913007e-06
arrested,3.91598370181959e-05,4.435959560285388e-06
arrival,3.28676623806471e-05,2.6014399960248923e-05
arrivals,2.1123251867313505e-06,3.355848541036046e-06
arrive,0.00010482734557031049,7.369266565409527e-05
arrived,7.556690834013609e-05,2.2259589771622203e-05
arrivederci,0.0,0.0
arrives,1.7920257979752498e-05,2.2048654520602457e-05
arriving,2.7051279727905623e-05,4.052109965443171e-06
arrogance,4.799055656040304e-05,1.4920853252091236e-05
arrogant,3.9456414936773224e-05,4.523356374005345e-06
arrogantly,7.690709252714952e-06,1.3467037074844844e-06
arrogate,1.746907333839128e-05,8.768579951337247e-06
arrows,4.904100030861348e-05,1.8370298172582872e-06
arrupe,0.0,1.86327818339747e-06
ars,3.801486172645381e-05,4.953103654609203e-06
arsenals,0.0,0.0
art,0.00024643747114879,0.00023263170486576384
article,0.00022964907647719262,0.00042425657039004
articles,0.0002709769814457894,9.61334462151666e-05
articulate,0.0,2.8110442768664855e-05
articulated,1.279862863658234e-06,8.957113802686717e-06
artificial,1.4647365672834905e-05,0.0008080234654451853
artificially,0.0,1.2872462530482867e-05
artisan,8.83332150624248e-06,1.1369229539429025e-06
artisans,2.3389672559651945e-05,3.87583028598248e-06
artist,1.5788790945538755e-05,2.584016768556999e-06
artistic,3.619043460105763e-05,4.054881947925943e-05
artists,1.1439892861949123e-05,1.6925930739796176e-05
arts,0.00024417613259459457,4.3875433161023864e-05
asa,0.0,1.7078752737384175e-05
asan,0.0,8.386906529018187e-06
asbenedict,0.0,1.1054623604827295e-06
ascend,3.6609697663482935e-05,4.845433324765832e-05
ascended,5.851656349600887e-05,2.9239760312231047e-05
ascending,3.000637211132959e-05,4.4345012332421146e-05
ascends,1.583298279057679e-05,2.879894472810558e-06
ascension,4.322687795925083e-05,4.222505577356498e-05
ascent,7.742120406361972e-06,1.4414625225384379e-05
ascertain,4.144579647071279e-05,6.336791094809557e-06
ascertained,2.501118666686874e-05,2.872503055336697e-05
ascertaining,3.0479625449844806e-05,1.7744087760927763e-06
ascesis,0.0,0.0
ascetic,9.258510015547475e-06,4.839018816535979e-06
ascetical,1.381694186246314e-05,1.7857108601375877e-05
asceticism,2.5066579444893465e-05,3.2951275963740544e-05
ascribe,7.224828999062323e-06,1.1871016355597905e-05
ascribed,4.070715311027618e-05,4.537807819837503e-05
ash,4.034720384514495e-06,0.0
ashamed,5.782572456103836e-05,2.144724764958634e-05
ashes,2.8114448000852004e-05,3.1322395641933736e-06
asia,3.7639332497027744e-05,0.0003112449420582287
asian,6.193753309813996e-06,0.0001310804598948523
aside,0.0002815201132526633,5.540912065623125e-05
ask,0.00017850397353625521,0.0001850125079859891
asked,0.00015261405401819505,0.00018607912222981822
asking,5.951130068128533e-05,0.00011349856908813854
asks,4.7979148405804094e-05,0.00014940516184830464
asleep,1.691468996855899e-05,5.490422149227763e-06
aspect,4.808784691380742e-05,0.00016131185845924724
aspects,5.466194993022667e-05,0.0003768502524679997
aspirants,3.611180819897459e-05,8.765823740770864e-06
aspiration,4.213509483757516e-06,8.071693956082194e-05
aspirations,4.532016279753444e-05,0.00010244814390269714
aspire,3.801529950634293e-05,1.765512031141705e-05
aspired,1.4467769266585322e-05,8.219328742843074e-06
aspires,4.3400197629972494e-06,8.687250197379948e-06
aspiring,1.0939408587353738e-05,5.981189043796874e-06
aspope,0.0,3.412104322494357e-06
ass,1.1229456661585264e-05,1.457456151921511e-05
assail,5.4050617256058006e-05,1.1362210743419519e-06
assailed,8.669563357201371e-05,1.136245373953476e-06
assails,7.63186831205615e-06,2.9025303446306737e-06
assaint,0.0,3.317898170644816e-06
assassinated,0.0,0.0
assassination,0.0,3.597365257783474e-06
assault,4.8951533849542995e-05,9.268649298182594e-06
assaults,6.543133014018895e-05,6.351348239658212e-06
assemble,6.276234966447062e-05,1.6999050491830177e-05
assembled,0.0001405385406689079,5.151463946359619e-05
assemblies,0.00014795848366145307,0.00011280513078393017
assembly,9.946203682702222e-05,0.00039576457551195374
assemblyof,0.0,0.0
assent,0.00017606479696159435,8.027968962720467e-05
assenting,1.869533458656598e-06,3.993623501284377e-05
assert,0.00018018385481475955,4.291568400300968e-05
asserted,0.0001314080513190742,4.478817159648012e-05
asserting,2.8925023536248524e-05,1.4179411100445428e-05
assertion,7.995958641021449e-05,6.299467120828604e-06
assertions,3.189935517171903e-05,1.449107098928749e-05
asserts,7.971089429695206e-05,2.5143292536528645e-05
assess,3.281330923915527e-06,3.6996211240779436e-05
assessed,7.405506462697921e-07,4.720395217523759e-06
assessing,2.4927169075002897e-06,1.930510925243673e-05
assessment,8.138354398936061e-06,1.3658197137747352e-05
assessments,8.999941204738477e-07,9.542081811121484e-06
asset,1.6036738966807584e-06,2.1602358765201458e-06
assets,6.093930825514591e-06,3.2573448445145164e-06
assiduous,7.197927596148483e-05,2.3488702946147342e-05
assiduously,9.761328477673735e-05,7.576370137591046e-05
assign,0.00010129652689558942,3.114397288409261e-05
assigned,0.0001386376422103923,7.103060152050768e-05
assigning,1.4209168474803323e-05,2.8245257990985324e-05
assignment,2.0856476169308876e-05,2.7360225514878302e-05
assigns,2.660631053581383e-05,8.725117247539921e-06
assimilate,2.2834477369151422e-05,4.237158302094658e-05
assimilated,3.2938809773609536e-06,0.00018881365362290612
assimilates,0.0,1.2158468262533677e-05
assimilating,0.0,1.2146567120486714e-05
assimilation,1.0956082897826707e-05,3.601538873228938e-05
assisi,6.753593279706901e-05,3.290429706413594e-05
assist,0.0001674683696164178,0.0001496301492921443
assistance,0.00038040908870769376,0.00018809057795229764
assistant,4.12913360161991e-06,5.3883498923619526e-05
assistants,3.679821669209443e-05,8.136468205979303e-05
assisted,5.68234506134937e-05,0.0001531066682956194
assisting,5.623962941066268e-05,2.1760326421507373e-05
assists,2.3581009141093268e-05,3.3950654574401056e-05
associate,5.366950742477627e-05,3.5611770049865956e-05
associated,8.612247692454475e-05,0.0001248710688101421
associates,4.5209219307397634e-05,2.5396058087197946e-05
associating,6.931372667464931e-06,7.454831411530613e-05
association,0.0001483927275354096,3.8285056111163394e-05
associations,0.0003970285332272755,0.0001411997583831865
associative,0.0,0.0
assuage,1.8471530434976821e-06,7.298428332477205e-06
assume,6.705374972407568e-05,0.00010052014218828547
assumed,9.899932245198291e-05,0.00012346382258482708
assumes,2.555185632874073e-05,3.41613863415508e-05
assuming,4.101290596932078e-05,9.309789091990314e-05
assumption,0.00014695653934138124,4.8172358418151657e-05
assumptions,1.0512404944593942e-05,5.867451669767852e-06
assurance,3.804559460091218e-05,2.138929821628821e-05
assurances,1.5061466696058095e-05,7.2017603174699264e-06
assure,3.2711919485430475e-05,5.507052458508191e-05
assured,0.00013246583264607485,2.5009189368808948e-05
assuredly,0.00032237019980161134,1.2747159194280913e-05
assures,2.782452062642849e-05,2.493788768238376e-05
assuring,1.045975953598019e-05,5.1752819159908456e-06
assyrian,1.200193133740307e-05,5.504355399630011e-06
asthe,9.637513271275373e-07,3.283028441379349e-05
astonished,1.765077574895477e-05,1.6222361629141727e-05
astonishing,1.384386640036263e-05,1.3332908357972843e-05
astonishment,8.589330568022742e-06,4.802501716662681e-06
astounded,1.3552802252467813e-06,1.3473915936338558e-06
astounding,1.7537262749943732e-05,1.9565153192698893e-06
astray,0.00016285679326323859,7.579895902827448e-06
astronomy,8.065387286260782e-06,0.0
astute,3.2044924766171416e-05,1.7171434825054042e-06
asunder,5.8293197876840326e-05,7.229185617721119e-06
asylum,3.0299420114875204e-06,1.637096246422255e-06
ate,5.70032665884417e-06,1.0754776142133215e-05
athanasius,6.348458449879893e-05,1.2490356711746935e-05
atheism,4.607699315256679e-05,4.992461447190243e-05
atheist,1.0207004047752978e-05,1.131254870592433e-06
atheistic,6.0207709229592815e-05,3.130492573655298e-05
atheists,0.0,4.373726945634323e-06
athenaeum,1.4257419862819926e-05,0.0
athenaeums,2.4703116934269714e-06,0.0
athenagoras,1.0364748385038007e-05,2.5452149885384096e-05
athens,2.794257453247973e-05,1.1728071154728262e-05
athlete,2.216106810740482e-05,0.0
athletes,5.867253695699529e-06,0.0
athletic,1.0232197501429287e-05,0.0
atlantic,6.775773798489607e-06,0.0
atmosphere,3.6141414161988096e-05,3.3504785165239835e-05
atmospheric,0.0,1.4795177562317472e-06
atomic,8.823428470195522e-06,1.3469009554990082e-05
atone,3.4711697270140386e-06,0.0
atonement,5.920010854559263e-05,3.5649557758338497e-06
atque,8.278958920221378e-06,6.4237836278218e-05
atrocious,4.73575065038528e-05,2.66034662426585e-06
atrocities,1.3118113666325401e-05,1.1039664091267995e-06
attach,2.0008994232612738e-05,3.877811004378826e-06
attached,0.00010919001105339055,0.00013173482561409732
attaches,1.3559486822653321e-05,8.132236937842836e-06
attachment,2.7499261572298857e-05,3.394610269713361e-05
attachments,0.0,3.026594399108318e-06
attack,0.00021880849666195743,4.274184660267011e-05
attacked,0.000165933297677263,1.2498540957416362e-05
attacking,6.653894624552148e-05,3.6935556632767446e-06
attacks,0.00024140030954289456,3.643648938464524e-05
attain,0.000226960107130186,0.00014128683313925956
attained,0.00012439940195494716,0.00014899630589359242
attaining,0.0001163180306869302,5.133711270283046e-05
attainment,7.5279574090813e-05,5.064594153794868e-05
attainments,7.99414005870326e-06,0.00010984603117002929
attains,2.1331999122319542e-05,4.3272513941677805e-05
attempt,0.00026603853003539276,0.0001241321549335855
attempted,0.00013530304657563574,3.956305051041669e-05
attempting,3.3945080264877706e-05,2.4970813554172902e-05
attempts,0.00012134940707129039,8.106745220815653e-05
attend,0.0001412679551007394,8.569904046538978e-05
attendance,1.8943202194673112e-05,1.7588530070790628e-05
attendant,3.949683228302718e-05,2.0028467361624575e-05
attended,7.660745066920801e-05,9.85337066640677e-06
attending,5.632739449339746e-05,1.2499877284024188e-05
attends,0.0,0.0
attention,0.00021432675803463195,0.00030577566762184354
attentive,2.5590652670311487e-05,0.00010887002787769648
attentively,4.15024155362847e-05,3.385547332199592e-05
attentiveness,1.3667929080933574e-05,1.6901145232501182e-05
attest,6.310250591122004e-05,7.19764394168979e-05
attestation,7.403913526502339e-06,2.9100229754509867e-06
attested,4.869776303787194e-05,5.1532697388100495e-05
attesting,3.5231844357457655e-06,3.97635674743221e-06
attests,3.3525406182126204e-05,5.696706624449857e-05
atthe,0.0,0.0
attitude,5.971742697190047e-05,0.00019921490930229095
attitudes,8.714135664007854e-06,9.786418332947352e-05
attività,0.0,0.0
attract,5.239309462029288e-05,3.464775604374742e-05
attracted,2.4589097604939713e-05,3.522655720974689e-05
attracting,1.4984355927235023e-05,8.249738299369425e-06
attraction,2.1680363476384833e-05,6.775458558793153e-05
attractions,3.2016406385060084e-05,9.44360749207207e-06
attractive,2.0420193495390938e-05,6.449604712799477e-05
attractiveness,5.779026150416037e-06,8.641332626406047e-06
attracts,2.6530055863276365e-05,6.48194704734215e-06
attribute,6.263999241108713e-05,5.1683943365150665e-05
attributed,0.0001237348775286227,5.47770248890811e-05
attributes,8.085273387268544e-05,2.1717968978171544e-05
attributing,1.9668175409775855e-05,3.994850817027527e-06
attuned,0.0,1.1644992074985471e-05
audacious,4.7841149354061065e-05,0.0
audacity,0.0001273691973392996,1.6021742129514926e-06
audience,3.6409579365912155e-05,0.00019533908429877512
audiences,2.5635203061937248e-06,8.105581923638843e-05
audiencewednesday,0.0,0.0
audiovisual,0.0,2.2279179016532302e-05
auditor,5.033225890045326e-07,4.701106253347766e-06
auditorium,3.1772949930205744e-06,0.0
auditors,4.1638719787756974e-07,3.348966754545735e-05
auf,0.0,0.00010352053285261797
augment,3.562270418240964e-05,0.0
augsburg,1.0339715456086527e-06,0.0
augury,0.0001473286423000676,0.0
august,0.00031088319818720436,0.0011313034901100588
augustine,0.0002442357879380118,0.000256798450547152
augustinian,4.0499612038913757e-07,0.0
augustinians,7.791870161308311e-06,0.0
augustus,1.42214231621607e-05,9.456188322983639e-06
aujourd,0.0,0.0
aura,0.0,1.3240695442372377e-05
auschwitz,0.0,2.672733084861539e-06
auspice,0.00016519396331804158,0.0
auspices,8.821579504928438e-05,4.046680177124499e-06
auspicious,8.69550515686382e-05,8.147255352398121e-06
aussi,0.0,0.0
austere,2.4007082157557303e-05,1.141329906076228e-05
austerity,2.0102504411069653e-05,1.1055005517385814e-05
australia,5.661479539591013e-06,1.9811101113864756e-06
australian,0.0,3.4251622353410576e-06
australians,0.0,0.0
austria,8.914875053347899e-05,0.0
austrian,5.957253806276278e-05,0.0
autem,0.0001107865342125444,0.00010672454016882744
authentic,1.5880800268263848e-05,0.0003135696103442251
authentically,6.392226093756176e-06,8.982963459012441e-05
authenticated,5.374106024030119e-06,0.0
authenticity,1.049167771539806e-05,5.196980590712835e-05
author,0.0002874397527578226,7.550058849316892e-05
authoritarian,0.0,1.4260838019557064e-05
authoritarianism,0.0,4.8479887506313945e-06
authoritative,3.6010370213248874e-05,0.00010296240873367038
authoritatively,9.291666661768036e-06,0.00015166335219945289
authorities,0.0001297664659911466,0.00015652452768894797
authority,0.0021520652254066698,0.0006167256391154105
authorization,5.2648994709953195e-05,2.335707481329669e-05
authorize,4.155088182685115e-05,0.00018624563967159892
authorized,3.330814655420127e-05,0.00014141600265653735
authors,0.0001850584164815626,1.3674510851458837e-05
autobiography,0.0,4.097743123586869e-05
automatic,1.374506003597098e-05,7.019323907635315e-05
automatically,0.0014552367968311123,3.828903105541863e-05
autonomous,1.2545793844408602e-05,6.666696804277593e-05
autonomously,0.0,2.730399505181454e-06
autonomy,3.591986542821997e-05,0.00015968513093332805
autre,0.0,0.0
autres,0.0,0.0
autumn,4.976550639946539e-06,6.867142092662066e-06
aux,0.0,3.117929219707663e-06
auxiliaries,1.2406934727531389e-05,4.876780045304467e-06
auxiliary,2.44536044702594e-05,3.9528845631138116e-05
avail,0.00011088869456154199,5.519573514461791e-05
availability,2.236826711619559e-06,6.018443851099469e-05
available,0.00011222704912371967,0.00019167467635822498
availed,3.4613398679388706e-05,0.0
availing,1.0952674950643112e-05,0.0
avails,6.891803393786949e-06,0.0
avant,0.0,0.0
avarice,0.00014175714606512986,0.0
ave,9.378574410275508e-06,4.056615178429625e-06
avec,0.0,1.037637092634415e-05
avenge,3.485713812735535e-05,2.674753482733849e-06
aventine,0.0,0.0
avenue,3.7574335403895525e-06,2.3982566961533973e-06
avenues,2.8724581952870247e-05,9.580302808645755e-07
average,1.2260347615412923e-05,6.1585083297672065e-06
aversion,1.9868684312837705e-05,2.057180191114294e-05
avert,0.0001556119087253326,5.746919488094504e-06
averted,2.1657615556051568e-05,0.0
avez,0.0,0.0
avignon,3.909755660054699e-05,1.824787828607267e-06
avila,0.0,0.00010309131241368552
avoid,0.00027021943793641384,0.0001580188433171985
avoidance,1.1446352563664724e-05,7.963628542029984e-06
avoided,0.00016864558347067256,9.905772793345407e-05
avoiding,7.297279155649108e-05,5.102279678058529e-05
avoids,2.0315601120308598e-05,4.91990753361659e-06
avoir,0.0,0.0
avons,0.0,0.0
await,5.942819209887839e-05,6.580076430658959e-05
awaited,3.2041951082834796e-05,4.06140985328248e-05
awaiting,4.452971802459605e-05,1.9123506716554376e-05
awaits,1.4313880841783575e-05,4.3551722483060266e-05
awake,4.673539869786667e-06,6.492580125098565e-06
awaken,2.5498455335134908e-05,4.5655252973944516e-05
awakened,9.787401663078706e-06,2.0584418449590433e-05
awakening,2.170882099706207e-05,2.5234928167083643e-05
awakens,4.280650014861206e-06,2.8344405843856783e-05
award,1.4245135269639399e-05,0.0
awarded,2.3335846229781116e-05,8.669711689429202e-06
awarding,7.120667644551447e-06,0.0
aware,0.00017154766621449422,0.00024421781466952067
awareness,2.6758050213545175e-05,0.0002850891751159585
away,0.0005017051135480238,0.00022123608434720677
awe,7.4410980166875496e-06,1.7632235844555816e-05
awesome,1.5128361331155881e-05,0.0
awful,3.9373136612115606e-05,0.0
axiom,1.0039219610649346e-05,3.015958394456727e-05
axis,0.0,1.0319074155725103e-05
azerbaijan,0.0,0.0
babe,3.2987630429386633e-06,1.861859993758723e-06
babel,0.0,1.6722917941488354e-05
babes,6.026296220382951e-06,1.4886125154376598e-05
babies,1.7937221217917365e-06,1.7061185411606256e-05
baby,0.0,1.8767146998694943e-05
babylon,3.979509483679953e-05,0.0
babylonian,2.15266836435771e-06,2.461137784421984e-06
back,0.00032555170798532855,0.0001989117482570799
backbone,0.0,1.9522978713039865e-06
backdrop,0.0,7.600998706900097e-06
backed,6.867845835781357e-06,3.7279772719248697e-06
background,1.1969086059971387e-05,0.00011052704625105426
backgrounds,0.0,5.390901033671932e-06
backing,1.907619239207183e-05,1.337021055573112e-06
backs,1.1305478518012462e-05,6.88879419564746e-06
backward,7.267251463134677e-06,5.396915087899914e-06
backwards,3.612963340968861e-05,2.600076764830422e-06
bad,0.00014009539986685273,2.360666836479881e-05
bade,4.662449408057141e-05,7.090069218416587e-06
badge,1.4440930408719656e-05,1.0575396997648665e-06
badly,4.5212292484933165e-05,5.667879555596167e-05
bag,0.0,0.0
baggage,1.6798353751795738e-06,0.0
baghdad,0.0,0.0
bagnasco,0.0,0.0
bagnoregio,9.335218803751226e-06,0.0
bahamas,0.0,0.0
bakhita,0.0,1.5422609510327432e-05
balance,4.471435683597445e-05,8.465590209757876e-05
balanced,1.2257950377779342e-05,2.5673833922355903e-05
balances,2.032685804549154e-06,0.0
balancing,1.3290834330695565e-06,2.874874336548144e-06
balcony,1.4184666985260235e-06,4.2501284983152115e-06
balkan,0.0,5.737007386314627e-06
balkans,0.0,1.2132677248029848e-05
ball,6.507214977765133e-06,3.541227863992083e-06
balm,1.4172784203263862e-05,2.389678746542363e-06
balthasar,1.156695203690589e-06,0.0
baltic,0.0,3.442421430425331e-06
baltimore,0.00011182079494311039,0.00016052546854331492
bambino,0.0,0.0
ban,4.894762357606195e-06,0.0
banal,0.0,4.708629538794486e-06
band,5.082326032145791e-05,1.7339120025667002e-05
bands,3.867888020952882e-05,1.370524032934433e-05
baneful,1.9947584832742334e-05,4.897443352779224e-06
bangkok,0.0,0.0
bangladesh,0.0,0.0
bangui,0.0,1.3284331642022864e-06
banish,5.316714201464075e-05,2.2820279867854808e-05
banished,0.00010819984055858182,2.714712341779804e-06
banishing,3.7719068558744086e-05,0.0
bank,4.90728874398773e-06,5.790362736192379e-06
banks,1.1578313034005807e-05,2.2015711666707825e-05
banned,1.7952591963609767e-05,2.388309503466152e-06
banner,5.143822174919244e-05,1.3073322735397462e-05
banning,4.362173293973385e-06,0.0
banquet,2.583735554547008e-05,6.240626585151441e-05
banquets,2.6122703419690197e-05,0.0
baptised,1.0704142365892187e-06,0.0
baptism,0.00021391719776045213,0.00032933599758034243
baptismal,1.1091357532456064e-05,5.057059359653521e-05
baptisms,4.807962973220761e-06,9.760709911524643e-06
baptist,3.2385047751236764e-05,4.616969014626779e-05
baptize,8.692173286668952e-06,9.003364586991666e-06
baptized,6.74851483174767e-05,0.00021700618908251075
baptizes,2.1012061686626587e-06,4.924570188437434e-06
baptizing,7.615051539318939e-06,2.2608181947534778e-05
bar,1.0016194133593141e-05,1.0861763575417901e-05
barbara,0.0,1.5006578179825972e-06
barbarian,4.376816610360131e-05,1.2107629968326109e-06
barbarians,4.073622633399577e-05,0.0
barbaric,6.530206914825069e-06,2.3982566961533973e-06
barbarism,7.836131372478034e-05,1.157345185034041e-06
barbarity,1.3764709847319561e-05,0.0
barbarous,0.00011678782072536731,0.0
barcelona,1.4967731806372376e-06,0.0
bare,2.9571433411831098e-05,1.2449915676485721e-05
barely,1.923642730486391e-05,2.1368155606225082e-05
bargain,1.1201573501334535e-05,0.0
bargaining,1.3965401171105618e-06,3.775689850413047e-06
bari,4.501796152770035e-06,6.4531310078656054e-06
bark,3.926287047946105e-05,0.0
barnabas,6.147003101635335e-07,6.517060727346043e-06
barque,7.239048672249252e-06,0.0
barragán,0.0,0.0
barred,3.2022738669938705e-05,1.822591190057294e-05
barren,1.1897123126159231e-05,1.0274950950424508e-05
barrenness,0.0,2.9671584991601947e-06
barrier,9.015021323615238e-06,5.699890254420053e-06
barriers,9.862225127138063e-06,5.1035243834865854e-05
bars,1.5316702159186766e-06,0.0
bartholomaios,3.7750732615293456e-06,1.0238829007954729e-06
bartholomew,9.817751445789285e-07,7.094054282735252e-06
bartimaeus,0.0,0.0
base,0.00016980361466337502,2.8608246668722873e-05
based,0.00012136418683337945,0.00028769972663213845
basel,7.351586875321814e-05,8.3799042209032e-06
bases,4.448584761889757e-05,4.540420060054879e-05
basic,3.300608002018623e-05,0.0002694835455034395
basically,0.0,1.966863075371249e-05
basics,3.1495505897561055e-05,1.9529497552806124e-06
basil,6.296523263804504e-05,1.470390932532807e-05
basilica,7.70343406977416e-05,9.934451931825198e-05
basilicafriday,0.0,0.0
basilicaholy,0.0,0.0
basilicamonday,0.0,0.0
basilicas,0.00012091262500532885,2.0666157263973736e-05
basilicasaturday,0.0,0.0
basilicasunday,0.0,0.0
basilicathursday,0.0,0.0
basilicatuesday,0.0,0.0
basilicawednesday,0.0,0.0
basin,0.0,1.3109236735585069e-06
basing,6.97638503082937e-06,1.2428212000294038e-05
basis,0.00010426515113206328,0.00035614556409823154
bath,1.3046844335561235e-05,1.687938794963112e-06
bathe,1.3177899611362449e-05,0.0
bathed,9.391146708649507e-06,6.88879419564746e-06
battered,4.385086199174104e-06,2.242481374019048e-06
battista,3.6879377765827228e-06,0.0
battle,0.00023334799701908495,1.7348184447621192e-05
battlefield,1.2597325888861193e-05,1.8690659528744078e-06
battles,5.7232196277070514e-05,2.1212736405335024e-06
battling,4.621412409220434e-06,0.0
bavaria,0.00014292126282107638,0.0
bavarian,2.8875573231559066e-05,0.0
bay,5.003548789821573e-06,0.0
bea,0.0,1.75745714598977e-05
beach,0.0,0.0
beacon,6.475974886095921e-06,3.673156601202474e-06
beacons,3.51196696001725e-06,1.7304267630999033e-06
beads,1.5114181833646262e-05,3.179778132685209e-05
bear,0.00020473145181231024,0.00021173520663050064
bearable,2.310397024442907e-05,6.8742982697255845e-06
bearer,1.3538437934261285e-05,3.241384762917579e-05
bearers,5.059083401800958e-06,1.7065168515125262e-05
bearing,0.00013852575418394768,9.377178005620834e-05
bearings,0.0,3.7307238932361963e-06
bears,6.59445663436838e-05,0.00018088064192915059
beast,7.162558549282399e-06,2.537237016743849e-06
beasts,2.7646654563661932e-05,1.303021540031429e-05
beat,1.7037084693180786e-05,1.3501798053951147e-05
beaten,2.428401738655382e-05,2.055130585315816e-05
beati,4.887417861263495e-06,1.7454939241906996e-06
beatific,1.1251654375332542e-05,6.688172276281747e-06
beatification,5.790740384985491e-06,1.4154874667653078e-05
beatifications,3.112758420923564e-06,5.565336702278378e-06
beatified,5.2458045435505095e-06,1.1117044336193893e-05
beatify,0.0,3.2851509766392045e-06
beatifying,0.0,1.3832327107778155e-05
beating,1.6896853006773034e-06,5.470172875814116e-06
beatitude,3.449661767818772e-05,1.0559026212507952e-05
beatitudes,1.397125082274831e-06,7.374214910126152e-05
beats,3.505102973317646e-06,1.4992674207938663e-06
beaucoup,0.0,0.0
beauties,6.088169410024589e-06,2.3036590966794283e-06
beautiful,0.00010017242073782021,7.218092428474411e-05
beautifully,2.6120068643364397e-05,5.764138491777183e-06
beauty,0.00012106928372050608,0.0002169525953416577
became,0.00012287571197618208,0.00029980625296364077
beckons,0.0,4.057712120717733e-06
become,0.00035147114508091284,0.0004860144194064062
becomes,0.00012132660755786697,0.0004250128192880514
becoming,0.0001110787904168223,0.00018619246940356467
bed,1.5319873329705205e-05,2.4371113217773313e-06
beda,0.0,0.0
bede,9.085463763630451e-06,8.243676183267862e-06
beds,1.2473813491728546e-05,0.0
bedside,9.376192562688641e-07,2.9455113037691364e-06
befall,3.4738620193147786e-05,0.0
befallen,3.823034449191616e-05,0.0
befit,1.7588041825673846e-05,2.1960597818630314e-06
befits,7.60040121710276e-05,7.684462698223284e-06
befitting,4.615284136693889e-05,2.740137657454414e-06
beforehand,6.886558695872548e-05,2.4642797764280206e-05
beg,0.00014822172529473722,5.132476021113345e-05
began,0.0001869944230961166,0.00011601771490463034
beget,1.9147375561457114e-05,6.688127633988744e-06
begets,9.041920073766917e-06,1.5560190244812088e-05
begetting,8.122198610419885e-06,3.453080482320589e-05
beggar,0.0,4.274744287741775e-06
beggars,6.929334580908397e-06,0.0
begged,4.177910275899838e-05,0.0
begging,6.150172215701955e-05,3.1774187807457694e-05
begin,0.00010264226088491633,0.00010734377131065901
beginning,0.0002491105180268477,0.0004524374344965019
beginnings,0.00013987356797998492,5.1106426541143316e-05
begins,6.488893283071731e-05,0.00013373204692558602
begot,7.64118224740352e-06,0.0
begotten,0.0001099205367263534,6.959205886058841e-05
begs,3.6320302294546157e-06,4.238375856778932e-06
begun,0.0001884017648628518,9.620812884572806e-05
behalf,0.00012745168025692227,7.536869990967892e-05
behave,1.971579594211043e-05,1.4096089551170612e-06
behaved,1.4984285520306966e-06,3.329750983679587e-06
behaves,6.875016543955544e-06,1.4182439924765028e-06
behaving,1.8632673296763581e-06,0.0
behavior,4.819960055609658e-05,0.00013521586869536434
behaviour,8.955900062371139e-06,0.00015191032537803628
behaviours,0.0,0.0
beheaded,5.354450085425852e-06,0.0
beheld,4.0899950023495625e-05,8.873936459162742e-06
behest,1.899350830842272e-05,2.35035476795989e-06
behind,3.878762239778109e-05,9.047730867317873e-05
behold,0.0002702543931457256,0.00011793396709685751
beholding,4.166500272243139e-05,1.0983045176631675e-05
behooves,5.7327551361221106e-05,0.0
beijing,0.0,4.430755639645569e-06
beings,4.068824987124661e-05,0.0002756776522765175
beirut,5.599119458827024e-06,0.0
belarus,0.0,0.0
belgian,7.137444852062113e-05,0.0
belgians,2.3691455151954914e-05,0.0
belgium,9.526926227184546e-05,0.0
belief,0.00014472890540846375,0.00022229145869673042
beliefs,2.8679102945485833e-05,4.0816267874959055e-05
believe,0.0002707421711928744,0.0002496719923688295
believed,0.00013766594252567405,0.00014218201143387208
believer,2.4703426380058963e-05,9.257807930956271e-05
believers,2.5665782615262705e-05,0.00023448335719922914
believes,2.740508483136865e-05,0.00014901986891581508
believing,4.952062508753545e-05,0.00015843078708022664
belittle,3.5481695682880147e-05,0.0
bell,4.902858247343643e-06,0.0
bellarmine,1.8159313693062635e-05,2.7625872533380973e-06
bello,2.4544445024154307e-06,0.0
bells,1.7650402677184574e-05,0.0
belong,0.00019535238145361434,0.00020848552160601877
belonged,2.6198509230013526e-05,4.8771744861188365e-05
belonging,0.00012162319754692818,0.00022948199023730748
belongings,2.3413747864859536e-05,6.278744915366205e-06
belongs,0.00019106619122751257,0.00026678254666005714
beloved,0.0004861036935535912,0.00012061640524783334
ben,0.0,0.0
bend,2.603817364490802e-05,4.0475777732942116e-06
bending,1.0710808796428557e-05,7.011509407071281e-06
bends,1.0115521637431987e-05,1.0217323722955032e-05
bene,0.0,0.0
beneath,6.226969114948311e-05,5.225549565630653e-05
benedetto,0.0,0.0
benedict,0.00015688036212266392,0.00024099986830775877
benedicta,0.0,0.0
benedictine,4.348031656908721e-05,0.0
benedictines,4.632551197056554e-06,2.8015600030997838e-05
benediction,0.0010246541135296465,7.863422064095803e-05
benedictus,4.213020233664849e-06,8.542384694546885e-05
benefactor,1.3444994971259473e-05,3.4035352965362627e-06
benefactors,1.7930874312136666e-05,4.701945777333427e-06
benefice,7.802732374494848e-05,1.9858089415015426e-05
beneficence,3.8854290056698045e-05,0.0
beneficent,7.317690749729724e-05,3.3970492402184844e-05
benefices,0.0001747304684765956,9.922834904743839e-05
beneficial,0.000142256744225701,8.336083864418909e-05
beneficiaries,2.815095512443898e-06,2.365559655039381e-05
beneficiary,3.4431328444576013e-06,1.032374648719888e-05
benefit,0.00034931477988906705,0.00014283424109988617
benefited,3.0838546251637536e-05,4.863858019501356e-05
benefiting,3.7568708009477265e-06,1.3469158543272113e-06
benefits,0.000417761576791072,9.753119121691571e-05
benefitting,1.4634964078418813e-05,6.154651820974778e-06
benevolence,0.0003650967237783557,1.7058320893052332e-05
benevolent,8.577956355614508e-05,8.966224304994463e-06
benign,6.882152916092719e-05,1.545963153251598e-05
benignly,5.656173468776686e-05,0.0
benin,0.0,3.370257502178856e-06
beningabon,0.0,0.0
bent,7.350104948971146e-05,8.970023492239965e-06
bequeath,2.222361340926756e-05,0.0
bequeathed,4.124022259883082e-05,1.5359367723044214e-05
bereaved,3.0909193921190826e-06,0.0
bereavement,0.0,2.8208586654183905e-06
bereft,1.6232596159834477e-05,1.1363211992465795e-05
bergamo,0.0,0.0
bergoglio,0.0,0.0
berlin,2.6919860467680346e-06,5.502299215287459e-06
bernadette,2.9846088126264405e-05,0.0
bernard,0.00010813717625410128,0.00010514250063223293
bernardin,0.0,0.0
bernini,0.0,0.0
bertone,0.0,4.727819823297902e-06
beseech,0.0004979254738716169,4.382269293553288e-05
beseeching,9.376024697785045e-05,3.4289176163284464e-05
beset,9.521810765896223e-05,4.031096502419905e-05
besetting,2.398558648475881e-05,5.05803926605215e-06
beside,1.7705009603157615e-05,2.673758240772371e-05
besides,0.0003854607461085335,0.0001361209404695926
besieged,1.2729790622307526e-05,3.0725833308404925e-06
besought,4.622553131224774e-05,1.7609498036458026e-06
best,0.00031679212470558254,0.00010890637425657213
bestow,0.00035509940513839744,5.042023296691003e-05
bestowal,1.965186781031469e-05,1.1301877262232737e-05
bestowed,0.00014788135892649482,9.118101146539612e-05
bestowing,3.989879878061041e-05,1.670724133855421e-05
bestows,2.57918102891469e-05,4.379561564942078e-05
bethany,6.472628327959287e-07,1.2182220776054767e-05
bethe,3.95488527071668e-06,9.072517991930796e-06
bethlehem,2.036238006089038e-05,5.152886069437627e-05
betray,3.6941449432979e-05,2.1318542320555408e-05
betrayal,3.7399561760414136e-06,2.7159669437262472e-05
betrayals,7.120609065953055e-07,8.666461818839585e-06
betrayed,2.4354611313544183e-05,8.300101882035567e-06
betraying,1.3439107310786989e-05,4.605515137977563e-06
betrays,4.868941771774945e-06,1.4299922665897132e-05
betrothed,4.4462278494326543e-07,4.1243360167500334e-05
better,0.00028017703810866157,0.0003130061959419303
bettering,9.2400261715522e-06,0.0
betterment,2.098967125857566e-05,4.719902014253763e-06
betweenthe,0.0,6.54168625212079e-06
beware,0.0001165055030656476,4.321936320995218e-06
bewildered,4.9669514880832085e-06,2.198197381607458e-05
bewilderment,2.0849244081884542e-05,3.839636793051847e-05
beyond,0.0002088903111349739,0.0002651843282663286
bias,3.0772166085878676e-06,4.1673026455973895e-06
biased,3.293369714178418e-07,1.1633162157108478e-06
bible,0.00012347974285038712,0.00016035344882148582
biblical,0.00013011222580777029,0.00033595150392083824
bicentenary,0.0,0.0
bicentennial,0.0,0.0
bicycle,0.0,0.0
bid,3.652791853907504e-05,9.385388479920549e-07
bidding,1.4402799541601614e-05,1.903338704785339e-06
bids,8.976240236865684e-05,1.0046702099835064e-05
bien,0.0,1.1212728663993172e-06
big,1.7394114595736773e-05,1.7554768709985767e-05
bigger,0.0,7.248723633383866e-06
biggest,0.0,4.805580462588459e-06
bilateral,4.781612360492968e-06,2.851050853318591e-05
bill,4.1013901005914783e-05,0.0
billion,2.727471586689002e-05,0.0
billions,7.296900115447192e-06,8.44733608240705e-06
bin,0.0,0.0
bind,0.000142466041207645,1.6207579488001156e-05
binding,9.582507612948551e-05,8.4624020540997e-05
binds,6.974061251373512e-05,2.0438394926905966e-05
biodiversity,0.0,1.3557577728400998e-05
bioethics,0.0,3.836317240439807e-06
biographer,2.150544752548627e-06,0.0
biographical,0.0,6.1955823162956164e-06
biographies,0.0,1.3166510613078831e-05
biography,5.013098222744711e-06,0.0001891325562806132
biological,1.1661182377290682e-05,0.00010420681196787987
biology,7.349944061504268e-06,2.6413573944913236e-05
biomedical,0.0,3.094175189590546e-05
bird,8.947712757804625e-07,1.254566905645931e-05
birds,7.364612835925501e-06,2.3541954460357924e-05
birgitta,0.0,7.475442154625525e-06
birth,0.0001417266762449887,0.0002585774626527551
birthday,3.6926239001239594e-05,1.3274737457304833e-05
birthplace,1.4689102642239063e-05,9.309300497005031e-06
births,8.078169163494248e-07,6.380488345407691e-06
bishiops,0.0,0.0
bishop,0.0005078241604957015,0.0009281608187078698
bishops,0.0012041227990257915,0.0012432440595543978
bishopsof,0.0,0.00015816870164811164
bishopson,0.0,3.454640413923058e-05
bishopswho,0.0,0.0
bit,6.8604857355266015e-06,9.818040656420496e-07
bite,0.0,0.0
bithynia,5.02268430248996e-06,1.2493844076841858e-05
biting,1.5391877371372198e-05,0.0
bitter,0.0001993418975243661,4.19002803206655e-05
bitterly,6.145344295521427e-05,1.0010704575965824e-05
bitterness,0.00013068129855768967,1.6336136563075102e-05
black,2.750301128285884e-05,1.3709557866388772e-05
blackmail,0.0,0.0
blaise,0.0,2.695735058257002e-06
blame,7.254039482511347e-05,1.5177850441688895e-05
blamed,1.3340710264160792e-05,5.685200671012003e-06
blameless,1.4396179633800657e-05,3.242480146708001e-05
blameworthy,2.5476611141731105e-05,8.157627362422186e-06
blaming,1.3486556316045657e-05,3.5877257381139432e-06
blaspheme,3.0977281301396204e-05,0.0
blasphemous,2.8919204422113777e-05,0.0
blasphemy,3.217474717940168e-05,2.922536340218087e-06
blaze,1.4571791743737502e-06,5.412675274960773e-06
blazed,0.0,2.7765976268792756e-06
blazing,3.7328290757742578e-06,4.445252557260817e-06
bleak,0.0,1.2155110980177331e-06
bleeding,2.378791728371595e-06,3.076987717075724e-06
blemish,4.843536852421088e-05,2.6683495819903027e-05
blend,3.6858756201247745e-06,2.8439602278552767e-06
blended,1.521062213484471e-06,4.407718372582942e-05
blending,2.396108219516629e-06,1.1930827592809334e-05
bless,4.237552094519575e-05,5.8634154379704165e-05
blessed,0.0005471696138092483,0.00040498689478717033
blessedjohn,0.0,3.816070403322483e-06
blessedness,2.493661513697412e-05,2.9484948805929624e-05
blesseds,0.0,0.0
blesses,2.4019978943467467e-06,8.66064901173331e-06
blessing,0.0004056817123678213,0.0001239213814730365
blessings,0.00016312015068153262,2.0432665004621692e-05
blight,7.810505910641626e-06,0.0
blind,0.0001264328014912828,5.345668910218469e-05
blinded,9.437207774186576e-05,0.0
blinding,0.0,0.0
blindly,5.160626632048998e-06,6.048126305840837e-06
blindness,7.64332346985087e-05,9.897927262954254e-06
blinds,3.255957247868555e-06,6.4924398394709275e-06
bliss,2.4918847657981385e-05,1.5681511042395956e-05
bloc,2.4703116934269714e-06,1.077932074515021e-05
block,7.898245611686606e-05,3.112350019840396e-05
blocked,6.30566019760478e-06,0.0
blocking,1.2968497898970605e-06,9.232356824067475e-06
blocks,2.1161374924916603e-06,4.394633741882425e-05
blocs,0.0,5.012885029157464e-05
blood,0.0004981602429112031,0.00028710009456132805
bloodied,0.0,8.783564667841716e-06
bloodshed,5.9841440180518776e-05,8.462976422207036e-06
bloody,6.870066383489548e-05,4.4150871750745994e-05
bloom,2.368943003376097e-06,3.43578475727156e-05
blooms,9.747178131441907e-07,0.0
blossom,1.619994481152714e-05,1.5751612014161316e-05
blossomed,1.1187533625028435e-05,1.669751281199874e-06
blossoming,9.657842554866148e-06,1.1439882342128408e-06
blossoms,7.334966315440401e-06,3.221741431206524e-06
blot,5.608705912988141e-06,1.91818015318048e-06
blotted,4.037252222858206e-05,9.920126890949921e-06
blow,2.7233145043019192e-05,4.074412851603429e-06
blowing,0.0,3.2834719108749583e-06
blows,4.254270197359574e-05,9.01582230203164e-06
blue,2.9207481422721637e-06,0.0
blunt,2.130216159335218e-05,9.529551311300528e-06
blunted,5.046228079620662e-06,9.533513867490992e-06
board,5.5805401527205186e-06,7.002529034036552e-06
boards,1.2385748379979276e-06,0.0
boast,5.401881834581925e-05,9.689968274644453e-05
boastful,5.716150547655047e-06,2.131967167348931e-06
boasting,2.4298254771185728e-06,2.881892895952713e-06
boasts,4.802696390163499e-05,4.619217241539816e-06
boat,2.5526189675369077e-06,6.442084401943653e-06
boats,0.0,0.0
bodies,0.0001657943779635171,0.00012225748202017157
bodily,0.00014764597936739476,9.513121937619807e-05
body,0.0005272620943843301,0.0005971109970244246
bogotá,0.0,4.1230983087775065e-06
bohemia,0.0001271305333762016,2.114412767452187e-05
bold,4.696454382592633e-05,1.1994639031087958e-05
boldly,0.00010254394709028902,2.2100311860745058e-05
boldness,8.850599445658925e-05,3.413018883919018e-05
bolivia,0.0,2.7340995666880467e-06
bolivian,0.0,2.9393164644539156e-06
bologna,3.074801359455734e-05,1.1393289768340088e-05
bomb,0.0,2.754343774600449e-06
bombay,1.3131747094299665e-05,0.0
bombing,0.0,0.0
bombings,0.0,0.0
bombs,0.0,2.40052201881563e-06
bon,3.5994310562096832e-06,1.276789650855783e-06
bonaventure,6.275076280892938e-05,2.272459417350228e-05
bond,0.00029176086402350906,0.0001725679443823861
bondage,3.064887092182755e-05,1.1370828456752225e-05
bonds,0.00014370199003006152,0.00014974784083258614
bone,1.7000657710682324e-05,1.9529154185880588e-05
bones,1.3534736582695745e-05,1.590859568181488e-05
boniface,0.0002254994840920886,9.30550447401679e-06
bonn,0.0,2.6123445764609917e-05
bonum,1.3650150464625353e-05,1.6240307094374094e-05
bonus,0.0,3.1017903682726514e-05
book,0.0001447181362264917,0.0002589326923024439
booklet,5.525232098011674e-06,3.2851509766392045e-06
books,0.0005941117838889191,0.0004404757263207026
boon,3.864295562904972e-05,1.8145342045853454e-06
border,1.8765737465760686e-06,1.1603860752646233e-05
bordering,2.170200329028797e-06,0.0
borders,3.123591059025805e-05,2.3453637705252354e-05
bore,5.949944198906775e-05,7.87806963989898e-05
bored,6.666107734907328e-06,0.0
boredom,0.0,1.5563898537704877e-05
boring,7.3226827319845915e-06,3.799569429465689e-06
born,0.00013807525194515173,0.00024023951191284206
borne,0.0001387844768144681,7.891711334995317e-05
borromeo,7.868298092042832e-05,8.103332706364455e-05
borrow,4.338105410555382e-05,1.6716400087619486e-06
borrowed,4.766699721178586e-05,8.253621189223634e-06
borrowing,1.8815246962113525e-05,1.0057233236587808e-05
bosco,9.775001792112278e-06,0.00025763726901078523
bosnia,0.0,1.172415050320189e-06
bosom,0.00022131477542336608,5.144608246396999e-05
bossey,0.0,0.0
boston,3.5890645216491843e-06,9.62021870667142e-06
bother,2.3649252600761412e-06,0.0
bothered,5.132234903206259e-05,0.0
bothers,0.0,0.0
bothersome,0.0,0.0
botswana,0.0,0.0
bottom,8.060064496695934e-05,2.9641190187750465e-06
bought,2.0169340364031064e-05,2.369103143112378e-05
bound,0.0004417842776233939,0.0001954439566208569
boundaries,6.354659376603464e-05,0.00010643478321520189
boundary,1.3681640637891103e-05,1.5347656137491328e-05
boundless,4.0459353207409765e-05,2.6228216874359898e-05
bounds,9.989794058229491e-05,9.389740925563539e-06
bountiful,2.5950890773257718e-05,2.882294406895164e-06
bounty,6.638349070011465e-05,6.868116399762575e-06
boutros,0.0,0.0
bow,2.7447346941410483e-05,1.7549562962889905e-05
bowed,1.2227159815596439e-05,1.4890667545024066e-05
bowels,3.0074853069367398e-05,3.521899607291605e-06
bowing,4.074633837020461e-06,2.1930815284622523e-06
bows,4.341347726780886e-06,2.2296158427703168e-05
box,2.7933516517234117e-06,5.0472103424089856e-05
boy,6.110379465761019e-06,1.3538695070819745e-05
boys,9.533578914677041e-05,5.7059047280317794e-05
brain,1.2863210929099784e-05,7.316283965004647e-06
branch,6.500125493461449e-05,2.8104792256239983e-05
branches,0.00010651210011079591,6.637634564124595e-05
brand,3.408855361801628e-05,0.0
branded,1.849428680057867e-05,1.099428673553575e-06
bratislava,1.3044195959766908e-06,0.0
brave,4.288165644420744e-05,2.0834541432450532e-06
bravely,9.45163268236206e-05,3.4777355738424465e-05
bravery,2.8455141333808407e-05,0.0
brazen,3.112524616271296e-05,0.0
brazil,4.1080930779368124e-05,8.324702997370383e-06
brazilian,2.188301487529498e-05,2.630030835656159e-06
brazilians,9.963786340774634e-06,0.0
breach,1.0743079996895403e-05,6.3849488504327115e-06
bread,0.00017766658769727297,0.00022832848850535306
breadth,1.989359131696434e-05,6.381938405168387e-05
break,0.0001826761974724326,6.382813396621045e-05
breakdown,3.806111429864288e-07,4.054038581653176e-05
breakfast,8.555159476065824e-06,0.0
breaking,7.317883288251118e-05,0.00014018573936753025
breaks,2.6445295004144124e-05,1.7000247033536242e-05
breakthroughs,0.0,0.0
breakup,0.0,8.397100783689069e-06
breast,4.790151276179479e-05,1.1528291698427174e-05
breasts,1.0261611677557638e-05,6.475289427570474e-06
breath,5.724534694713204e-05,3.066339149848098e-05
breathe,2.545353663353883e-05,1.2139659872622688e-05
breathed,1.2070727417575984e-05,1.2021505032528036e-05
breathes,1.7855906140099967e-05,1.0707620791441818e-05
breathing,2.6633631525178198e-05,1.1644859859859307e-05
breeds,0.0,2.6833674954068405e-06
breeze,2.303340249919791e-06,7.876654496505533e-06
brescia,2.162928337671658e-06,6.451113475536438e-05
brethren,0.0017627202845926849,0.00020242555938838232
breviary,0.0001206045834470607,1.5291118415509782e-06
brevity,9.051476391328968e-06,0.0
bricks,0.0,0.0
bride,4.191964634473093e-05,0.000184577958503441
bridegroom,1.2115106243562025e-05,0.00015899539927833838
bridge,2.2059050093031046e-06,8.70764388081419e-06
bridges,1.865249725882416e-07,7.948158177025056e-06
bridget,1.5123770859420007e-06,0.0
brief,0.0001199798105295687,8.299127777246205e-05
briefly,0.00013298841050333747,9.910627455962429e-05
bright,7.135299462271286e-05,0.0001427989318992737
brighten,0.0,4.016801652504093e-05
brightens,6.0850304765653e-06,4.31578272986284e-06
brighter,2.615578556265979e-05,9.640752078373475e-06
brightest,1.4942616527569532e-05,2.1368808030766723e-06
brightly,8.538850951750672e-06,2.255466801307841e-05
brightness,5.3738220801483095e-05,1.5980822372105414e-05
brilliance,2.0497966990309668e-05,1.3719764354219685e-05
brilliant,5.786139121746683e-05,4.801752881862888e-05
brilliantly,2.8152829187490172e-05,0.0
brim,0.0,5.2556103050334025e-06
brimming,0.0,1.6158506855367342e-05
bring,0.000365534774833086,0.00026319791977313467
bringing,0.00013327033052663466,0.00017270487704123698
brings,0.00010976757250979556,0.0002231587399960471
brink,4.403396581115745e-06,1.5006578179825972e-06
britain,3.93291681674378e-05,0.0
british,4.6096732815946685e-05,0.0
bro,0.0,0.0
broad,4.5282020530627604e-05,8.404212267250766e-05
broadcast,1.5653946139240706e-05,1.8822026555438218e-05
broadcasting,2.5725653296863365e-06,3.0730663978927526e-06
broadcasts,9.154802942903062e-06,4.768061497747786e-06
broaden,2.8991791316921787e-06,4.656712388595738e-05
broadened,8.073229331244182e-06,1.5962085291281207e-05
broadening,0.0,2.7476616525305993e-05
broadens,0.0,6.993900410089099e-06
broader,2.2748246892021462e-05,5.945590710446686e-05
broadest,3.0882402322232844e-06,1.0998042793158755e-05
broadly,1.3817850818251364e-05,6.073098654964663e-05
broke,3.665992239061502e-05,1.3287278432769652e-05
broken,0.00014458373694560737,4.3783945431263345e-05
brokenhearted,4.910040164642422e-07,4.979902154744978e-06
bronze,2.0085942326860174e-05,0.0
brother,0.0001601308121752009,0.0002453533673202345
brotherarchbishop,0.0,0.0
brotherbishop,0.0,0.0
brothercardinal,0.0,0.0
brotherhood,7.664159480047024e-05,6.653342881733191e-05
brotherly,0.00011870104144556568,2.8939799857572223e-05
brothers,0.00038440608211224756,0.00019429859669941853
brought,0.0004462319405109395,0.0002631958598721903
brow,2.302718990965094e-05,3.2958871944398964e-06
bruised,6.413197858611338e-06,3.392350870198371e-05
bruni,0.0,0.0
bruno,0.0,0.0
brussels,1.3904688731309085e-05,1.2950110617231058e-06
brutal,1.4226250508205865e-05,7.67396061062675e-06
brutality,4.608598949795228e-06,2.4209319528192425e-06
brutally,2.9105304040913005e-06,0.0
brute,1.8320453083384197e-05,3.095351510987756e-06
bucharest,0.0,5.788624086520661e-05
bud,6.092753308378846e-06,0.0
budapest,2.9197186310352307e-05,0.0
buddhism,0.0,1.7165901835702337e-05
buddhist,0.0,0.0
buddhists,0.0,0.0
budget,3.2836421789532074e-06,0.0
buds,1.5232400495897469e-05,1.3947866286972104e-06
buenos,0.0,6.09323086256227e-06
buffeted,2.3433911205826112e-05,3.5627386861853826e-06
build,6.886599168373914e-05,8.554308047249967e-05
builder,4.449194113435199e-06,8.734078664697768e-06
builders,3.535916818436957e-06,1.9824624587316846e-05
building,7.403961035170762e-05,0.00014955972032746945
buildings,0.00011879843438216076,2.434380175874751e-05
builds,6.642206986349983e-06,3.8361260069954444e-05
built,0.00011958538953727642,0.0001044207779473147
bulgaria,5.1610894726741175e-06,1.0567007246924908e-05
bulgarian,6.189070358507564e-06,0.0
bull,0.00020636838712032312,1.28256433243441e-05
bulletin,0.0,0.0
bullincarnationis,0.0,3.307190131187709e-06
bulls,0.00012590977201010981,0.00010472528586340383
bullying,0.0,0.0
bulwark,0.00011308358223844031,1.7887375061930925e-05
buongiorno,0.0,0.0
burden,0.00016698794269230622,8.728759776109901e-05
burdened,8.792148821808175e-05,2.3118090230132635e-05
burdens,4.512634672416016e-05,5.16931312731559e-05
burdensome,3.1037887317560005e-05,1.906332479454485e-05
bureaucracy,0.0,7.469266945207074e-06
bureaucratic,0.0,2.3915356003707464e-05
burial,4.5585212169003745e-05,7.293094566660676e-05
buried,7.508114616794839e-05,5.473907953690293e-05
burke,0.0,0.0
burkina,0.0,3.442421430425331e-06
burn,4.8618132520789163e-05,3.17218025622783e-05
burned,3.524446884705624e-05,4.6492145849036436e-05
burning,0.00014928227347203856,9.094659470022774e-05
burns,1.3753609663551948e-05,7.648038116919191e-06
burnt,5.946141255689161e-06,3.8383282084380805e-05
burst,3.7696144310276083e-05,2.4841678144645234e-05
bursting,1.4351990789675136e-05,0.0
bursts,1.2447514430797405e-05,3.777259141215146e-06
burundi,0.0,3.1840039682071067e-06
bury,9.230210924397016e-06,9.687801831980636e-07
burying,9.887958505081334e-06,0.0
bus,0.0,0.0
bush,6.094013094312223e-06,4.373592776766507e-05
bushel,0.0,3.326377986328521e-06
business,0.0002442920777913571,0.00019967374617989889
businesses,6.184543881627659e-06,2.686744458845348e-05
businessman,0.0,0.0
businessmen,4.79848051279529e-06,3.1355185605653986e-06
busy,4.110479530341925e-05,8.144091689113626e-06
butthe,0.0,4.093249226798012e-06
buy,1.942740045831982e-05,5.315998414414762e-06
buying,1.1990327145922564e-05,6.927692334664048e-06
bya,0.0,6.02793653517502e-06
bygone,1.4351923603762168e-05,1.6308624416900144e-06
byhttp,0.0,0.0
bypope,3.726944393682785e-05,4.0216470159213125e-05
bysaint,0.0,0.0
bythe,2.829865226296892e-06,2.519619530571688e-05
byways,6.887586938863346e-07,2.917598509580621e-06
byzantine,2.893421661340948e-05,0.00014430272456033105
bénédiction,0.0,0.0
cabrini,4.72071593274868e-06,1.848334263842086e-06
cada,0.0,0.0
caeli,0.0,7.076180810461309e-05
caesar,0.00011752834509288373,2.1020377627576485e-05
caesarea,1.9319225711654495e-05,2.0661500210522096e-05
cage,0.0,0.0
cagliari,3.1961328786626888e-06,1.1971543586602312e-06
cain,2.757776456991352e-05,5.1518306390352905e-05
cairo,1.4669623391717482e-06,1.882335758425766e-06
cake,0.0,0.0
calabria,7.4094439810000745e-06,0.0
calamities,0.0002033011811444895,4.2206784525885176e-05
calamitous,8.470646381773029e-05,0.0
calamity,0.00017600653045421368,5.920759927143329e-05
calculate,3.4085617365290546e-06,6.341552351414704e-06
calculated,8.717317698349584e-05,4.935912726410107e-06
calculating,8.155145497592868e-06,3.65326757783497e-05
calculation,3.844546140038342e-06,2.4990634339580178e-05
calculations,2.196779687523133e-05,1.2953469658233073e-05
calcutta,7.703941128769977e-06,0.00014947756029341902
calendar,0.00015644345929616976,1.7149681729229097e-05
calf,0.0,4.598257865682601e-06
california,0.0,2.4530692022096594e-06
call,0.00025003431234622186,0.0003970967766572984
called,0.00032409699478421237,0.0004659785154682683
calledto,0.0,1.0954101338306143e-05
calling,8.868635715210391e-05,0.00018893877467477185
calls,0.00010458086839944479,0.00019946875633567883
calm,8.281028640623726e-05,1.6605611954931446e-05
calmed,2.7320366659409434e-05,1.328464446783493e-06
calming,2.2091623519661696e-05,0.0
calmly,2.512410317526221e-05,2.819574859947489e-05
calmness,6.90264995910869e-06,6.69139081552067e-06
calms,6.113069963579047e-06,0.0
calumnies,0.00010865742709763051,2.7635489492799794e-06
calumny,9.998769805754036e-05,6.013953658711846e-06
calvary,2.8491594885240517e-05,5.785786107733526e-05
cambodia,0.0,1.8032330302869245e-06
came,0.00021374645490964566,0.00028266171308339715
cameroon,0.0,4.361621556483547e-06
camillo,0.0,0.0
camillus,0.0,3.6150344808083556e-06
camp,4.318439608009985e-05,4.34429135860194e-06
campaign,3.382585920099881e-05,1.5941461400143063e-05
campaigns,5.560168958806066e-06,1.1801954052664608e-05
campania,2.8640670129629854e-06,0.0
campo,2.086594664299488e-05,0.0
camps,6.763346351392453e-05,1.2512692592085767e-05
campus,0.0,6.021999337638332e-05
cana,1.0129216609027619e-05,6.161253439123316e-05
canaanite,0.0,4.8496013865556696e-06
canada,1.3484047581299901e-05,2.1999843239701713e-06
canadian,1.8557135958175428e-05,2.3975789011523183e-06
canadians,7.0824792414138535e-06,0.0
cancel,2.5565567798715302e-06,1.5308548313899818e-05
cancellation,0.0,6.816557935708938e-06
cancelled,6.8191940811172165e-06,1.011472088460124e-05
cancels,2.3264517603772448e-06,2.3783312925475744e-06
cancer,2.9952586921051037e-05,4.443978061463741e-06
candidate,4.546671228046706e-05,0.00035082474091770773
candidates,0.00015411860140483857,0.0003268442637425244
candle,7.279130270460766e-06,2.144510957907611e-05
candles,1.437454331809109e-05,4.2566037379960815e-06
candour,0.0,0.0
cann,5.605953254868324e-06,3.8253600637160086e-05
canon,0.00030684133867586337,0.0011157186120451825
canonical,0.00030390675697882045,0.0005096328877638941
canonically,5.5982607714711806e-05,4.630556451602835e-05
canonici,4.7323048499329824e-07,0.0
canonization,3.6594942808887665e-05,3.0551305678628046e-05
canonizations,2.376662240001321e-05,5.620875299135989e-06
canonize,3.6476823526924505e-06,5.029821490913672e-06
canonized,5.326167394982792e-06,1.8339927038434466e-05
canonizing,1.0591586961039306e-06,5.991281807940003e-06
canons,0.0005707696304382644,0.0002003810768822858
canterbury,2.8668170045306616e-05,3.849518448287502e-05
canticle,1.3477799225417814e-05,3.307791977654912e-05
canticles,4.1744139913640886e-05,5.057127742039773e-06
canto,7.318377378480149e-06,1.4602183919207821e-06
cap,8.915858555803441e-05,0.00012308095508615875
capabilities,3.2850597168620594e-06,2.2461142797991924e-05
capability,3.2869205177639657e-06,2.2547298148535018e-05
capable,0.00012863304324517641,0.00032339927869454225
capacities,8.877021554627366e-06,3.508824887251329e-05
capacity,6.447911157631403e-05,0.00018086499415416392
cape,1.9088971452259443e-05,0.0
capernaum,0.0,1.4763178252034483e-06
capital,9.611592996278153e-05,0.00013386728989547218
capitalism,3.647900412381666e-06,6.39458858218097e-05
capitals,2.8721510435034533e-06,0.0
capitoline,0.0,0.0
capitulars,1.15845831983528e-05,0.0
cappadocia,4.7733482891678945e-06,1.8864076063607023e-06
cappella,1.5257952350585199e-06,0.0
caprice,1.824639358300281e-05,8.963800645089241e-06
captain,1.3867587647499409e-06,0.0
captivated,1.4497297303349923e-05,2.7707215974799326e-06
captivating,3.0858127296481997e-06,2.781120674743386e-06
captive,6.839548101843899e-05,3.2048038061833444e-06
captives,2.75960866690042e-05,1.9099600500062966e-05
captivity,7.466318010794067e-05,1.2930297193046895e-06
capture,5.959782240911064e-05,7.63250920948157e-06
captured,1.741608680919456e-05,5.720189623897237e-06
captures,5.982964225585378e-06,1.0387037573535507e-05
capuchin,3.750045268436154e-06,1.4069668820844813e-06
capuchins,0.0,0.0
car,3.103758003017932e-06,1.0466087154979605e-06
caravan,0.0,1.0441348025916495e-06
card,1.1168834950488125e-05,8.711156853473528e-05
cardinal,0.00020482141752365302,0.0006214803174007795
cardinals,0.00039694189618838527,0.0004649002442898725
cards,4.8277267676103895e-06,1.0935995582531602e-06
care,0.0009619808966687301,0.0004770276550615291
cared,4.767774576432382e-05,1.474348658631744e-05
career,1.2523498911117215e-05,1.568030512971908e-05
careerism,0.0,6.9052660198903945e-06
careers,1.06595296687475e-05,1.3680566384914901e-06
carefree,0.0,1.3122817472330692e-06
careful,0.00023745009674716166,0.00018467140056376078
carefully,0.0005125700029319728,0.00025172042397140685
careless,4.6300648587657845e-05,0.0
carelessly,2.3260150852959597e-05,0.0
carelessness,2.0773763004510023e-05,2.518817342221914e-05
cares,0.0002966640207149728,5.596882994337813e-05
caress,0.0,1.4860704002452617e-05
caressed,0.0,0.0
caresses,0.0,1.4099660957515742e-06
caribbean,0.0,1.6043579178260546e-05
caricature,0.0,4.953548910820124e-06
caridad,0.0,0.0
caring,3.410510320810254e-05,7.61657384726546e-05
caritas,8.300345134649133e-07,6.827232479824066e-05
caritate,6.539974479443643e-06,4.7626448582244415e-06
caritatis,0.0,0.00015216575679134287
carlo,5.301417589474871e-07,9.95435485344237e-07
carlos,0.0,2.43308628947952e-06
carmel,2.716153870971431e-05,6.936810687846585e-05
carmelite,2.5283003264543143e-06,1.54298057658825e-05
carmelites,1.1187474445433171e-05,2.258452420640369e-05
carmen,0.0,0.0
carnal,7.367937427061864e-05,0.0
caro,0.0,1.6571579319753127e-05
carolina,0.0,2.56818270496351e-06
carpenter,8.915752157711762e-06,3.49825053460829e-05
carried,0.00024212435235605305,0.00030601392762632146
carries,3.459497655351938e-05,0.00010386305533800835
carry,0.0001874790035882293,0.00017412239384505498
carrying,0.00015979578073885333,0.00012581843128310635
cars,0.0,1.4795177562317472e-06
cartagena,0.0,6.2076289185968895e-06
carthage,4.4508967551161154e-05,1.9313476116041675e-06
carved,0.0,3.628019305228838e-06
casa,0.0,0.0
casaroli,0.0,1.3854917539386772e-06
case,0.0004265177865785142,0.0006171108906375907
cases,0.000275543895386617,0.000629906816724407
casimir,1.6236198429231742e-06,5.608252380969064e-05
cassian,5.384495406232055e-06,1.540815309968099e-05
cassidy,0.0,0.0
cassino,2.7320975085911126e-05,0.0
cast,0.00021014897867044718,9.722045060496608e-05
caste,3.1511097813151983e-06,3.8504493974288925e-06
castel,2.900002015851631e-05,3.875537163635932e-06
castelgandolfo,2.2894390773185628e-05,3.931873314456587e-05
casting,3.79289729614511e-05,1.1450089846703284e-05
castle,1.0543172409382868e-05,1.9508923941064746e-05
castro,6.002882895644228e-06,0.0
casts,5.159370315222522e-05,1.5610453044581936e-05
catacombs,4.961849239968665e-06,3.634519506985542e-06
catalogue,1.8021629009782678e-05,3.480847050260361e-06
catalyst,0.0,5.356005256061507e-06
catania,0.0,0.0
catastrophe,8.605110977995866e-06,7.0412071725383985e-06
catastrophes,2.3508873248850606e-05,9.123752731989455e-06
catastrophic,1.3716784290144384e-06,6.5938440359898444e-06
catch,1.6837965870281997e-06,1.847174872015208e-05
catches,0.0,8.787298677263824e-06
catching,5.999427170346991e-06,3.065659834049e-06
catecheses,0.0,4.196203578629846e-06
catechesi,0.0,1.3740591448447442e-05
catechesis,6.10781985199771e-07,0.000679948246932454
catechetical,4.517626199749318e-05,0.0002488082048151314
catechetics,4.26756493132183e-06,3.982979054473104e-05
catechism,0.00011010685260796166,0.0005250602802517972
catechisms,1.9136842368700124e-05,0.00012970887719084166
catechist,1.8779254606994837e-05,5.15876002043215e-05
catechists,1.8265636992933995e-05,0.0001242634284901337
catechize,8.159446072334855e-07,5.898670041958716e-06
catechizing,3.6766562829644854e-06,2.3506736938216273e-05
catechumen,4.0200420552303746e-06,8.781296713918165e-06
catechumenate,5.962594553283481e-07,3.919808895291305e-05
catechumens,2.3615984695833214e-05,1.9609473982608653e-05
categorical,3.2666718891793613e-06,5.0022829515558087e-05
categories,2.5153426060893097e-05,5.575564845295233e-05
category,1.3717474321957632e-05,4.587567312049685e-05
caterina,0.0,0.0
cathedra,1.4356205177002134e-06,0.0
cathedral,0.00011433899731275639,3.194728196526421e-05
cathedrals,3.458933672705592e-05,1.847120316936683e-05
catherine,7.893872988257621e-06,1.871317896901535e-05
catholic,0.0016839071962687026,0.0012962584185862303
catholica,1.2219568915062483e-05,3.852788789279848e-05
catholicae,3.2700422235175405e-06,8.740451694912221e-06
catholici,2.0427500914209288e-05,3.4953726981996612e-06
catholicism,0.000168700463281715,9.307698024931099e-06
catholicity,4.420879311667025e-05,6.685874074992984e-05
catholicos,0.0,2.712519980147361e-06
catholics,0.0008266844530386064,0.0001331251491878438
catholique,0.0,1.0943341743752517e-05
cattle,2.7441970302430034e-05,0.0
cattolica,0.0,1.0575396997648665e-06
caucasus,0.0,0.0
caught,4.2177796226804534e-05,4.616089042480011e-05
causa,5.42912949906606e-06,5.618074949320006e-06
cause,0.0007972956521226789,0.0002348724261283104
caused,0.00017473868279192895,9.520237602044034e-05
causes,0.0002651376870925248,0.0001626769046541117
causing,8.110460110910634e-05,0.0001760239999197887
caution,6.240979487104433e-05,5.149036000676754e-06
cautioned,0.0,1.7491884767002746e-06
cautious,5.986977666619896e-05,3.639262549610886e-06
cave,4.05807686846889e-05,0.0
ccc,0.0,0.0
cceo,0.0,5.382131367005708e-06
ccl,3.1123594946028578e-06,0.00023657890816558945
cease,0.0003011258761106148,0.00012139477863788293
ceased,0.00020405097319971542,5.415368739993226e-05
ceasefire,0.0,0.0
ceaseless,1.8726725663246056e-05,1.774909289192184e-05
ceaselessly,5.486170371846101e-05,5.2916898222890414e-05
ceases,4.698865746988171e-05,4.5761095125865136e-05
ceasing,6.079836529033125e-05,8.301566901613062e-05
cecilia,4.578633778779897e-06,0.0
cedars,0.0,0.0
cei,0.0,0.0
cela,0.0,0.0
celam,0.0,9.269928891222149e-06
celano,2.111841603847216e-05,2.779168945412223e-06
celebrant,2.315411398791488e-05,4.136087157374732e-05
celebrate,0.00011700296757068057,0.00023669153256769234
celebrated,0.00021869745316349315,0.00022966756443071505
celebrates,1.013012794408474e-05,4.8940205036054584e-05
celebrating,7.823119378322938e-05,6.903090313714147e-05
celebration,0.00015215472410551773,0.00048093185230939757
celebrations,7.027173663773264e-05,0.0003064858369947202
celestial,0.00014396372901278755,1.4849577399733108e-06
celestine,8.193567909250968e-05,1.3359165460958893e-06
celibacy,4.180589656038702e-05,0.0003656265909416802
celibate,0.0,0.00011433691226835326
cell,2.841264542217344e-05,6.93202249876332e-05
celli,0.0,0.0
cells,1.8082351280136866e-05,0.00023874281782731107
celui,0.0,0.0
cemeteries,2.3395362231898037e-05,2.1998842838167555e-06
cemetery,1.547040752801272e-05,1.1607970627287609e-05
cenacle,5.319723685314003e-06,7.1372554353901515e-06
cenae,0.0,2.2828242667208745e-05
censure,0.00014297760768583551,0.0
censured,0.00014348002888591788,3.762507824194857e-06
censures,0.0002648078491861856,3.954555497942069e-05
census,3.4392128081742727e-06,2.8952229996644285e-05
cent,0.0,3.9898901839662784e-06
centenary,0.00017428286713029188,0.00014791822599232235
centenaryof,3.571908626513008e-06,1.207425138749704e-05
centennial,3.5873318225852225e-05,0.0
center,0.00013542444432240407,9.713768591616808e-05
centered,9.402013090160374e-06,3.853979630547675e-05
centers,5.5811584408159775e-05,0.00013276926270286714
centesimus,0.0,4.122859029181607e-06
central,4.391008723135742e-05,0.00014451504201432085
centrality,0.0,0.00015330924864661314
centre,1.4749794547327385e-05,0.0001016625142655232
centred,0.0,4.605418727908759e-05
centres,8.052192430227316e-06,4.946054228264827e-05
centro,0.0,0.0
centuries,0.00021175564175061933,0.00041932706300137803
centurion,4.565752989748795e-06,1.0518230786117952e-05
century,0.00022538273784960828,0.000280309453972183
cephas,9.733178917003339e-06,3.436421487926867e-06
ceremonial,1.0427959856782315e-05,0.0
ceremonies,0.00017652773099546178,0.00016424560098716976
ceremony,3.864935662752082e-05,9.655292111605571e-06
certain,0.000790234084004562,0.0007389217526717462
certainly,0.0005073598944493903,0.00029841198896114263
certainties,2.896124663349599e-06,2.0508382889635526e-05
certainty,7.589745467191619e-05,0.0002375657821400298
certificate,0.0,9.150491227811695e-06
certitude,1.2226806679979516e-05,4.188588888195233e-05
ces,0.0,0.0
cesare,0.0,0.0
cessation,2.7670496004377542e-05,6.1957118576915185e-06
cet,0.0,0.0
cette,0.0,0.0
ceux,0.0,0.0
cfr,2.2491814712486228e-05,2.9898376611597896e-05
chacun,0.0,0.0
chad,0.0,0.0
chain,1.5075986011758243e-05,3.5335339990747645e-05
chained,1.6668876831826463e-06,0.0
chains,3.226958335930668e-05,1.2827356999056227e-05
chair,0.00021341935464464526,2.83838721256449e-05
chairman,1.3476993451558529e-06,0.0
chairs,3.656455359809683e-05,1.3222485106616384e-05
chalcedon,8.920071933565582e-05,2.3620601261652213e-05
chaldean,5.497041260426379e-05,0.0
chaldeans,4.4608136358758646e-05,3.1061607981577234e-06
chalice,5.451042319391615e-05,3.685724669489996e-05
challenge,1.1156227048045112e-05,0.00012273702977866411
challenged,1.4236280587213065e-05,4.1415642968313156e-05
challenges,1.8272267453335349e-06,7.517792001092465e-05
challenging,1.2104728351043122e-06,2.048079582371143e-05
chamber,1.9003486226326465e-05,2.468863996173167e-05
champion,6.583622967895344e-05,9.955856332109592e-07
champions,5.301376787188168e-05,1.610642632273776e-05
chance,5.212220973986073e-05,7.129774597262707e-05
chancellor,8.842048009585966e-05,6.012314717490783e-05
chances,4.624750553385439e-06,5.193843922752516e-06
change,0.000140692651806736,0.00024999091744151464
changeable,2.6714375530478623e-05,8.56742673900822e-06
changed,0.00015697528008458764,0.00014776288371435455
changes,0.00043085689029576975,0.0002905684459390094
changing,4.474156104135852e-05,7.833283484937074e-05
channel,1.6072529683371076e-05,8.189544026145453e-06
channelled,0.0,5.6474878828455435e-06
channels,6.853504855437177e-06,1.1102784752700754e-05
chant,0.00022765707093403445,3.671984048605294e-05
chants,2.0594604238873153e-05,5.533069927890324e-06
chaos,2.3433993495088004e-05,4.390222465164548e-06
chaotic,0.0,6.464915742776899e-06
chap,0.0001526131755083138,7.178266382440374e-05
chapel,1.0976256823563517e-05,7.971192816342732e-05
chapels,4.489512700400202e-05,7.767935491170023e-06
chapelsunday,0.0,0.0
chaplain,0.0,1.4907901306754401e-06
chaplaincies,1.3882077178134182e-05,4.63287004656254e-06
chaplaincy,1.7847727505932823e-06,0.0
chaplains,1.772134860675656e-05,4.128175899342965e-06
chapter,0.00023691046824685368,0.000355696770335768
chapterof,0.0,0.0
chapters,7.373276829576329e-05,0.00010340995946331868
character,0.0003673661336479357,0.00040313283198896703
characteristic,9.586789080753872e-05,0.00012025403433302909
characteristics,3.9808968317722896e-05,0.00011412283903780591
characterize,1.8966585005171649e-06,5.546719755230126e-05
characterized,2.4695138348558304e-05,5.4998050026511556e-05
characterizes,2.200772536316318e-06,3.533706103105851e-05
characters,3.134510199012788e-05,1.0714499669685718e-05
charge,0.0003589051282180656,0.0001040068695485317
charged,5.9819868455256545e-05,7.014514252797685e-05
charges,5.313970308467264e-05,7.222544429316154e-06
charism,1.3507031374176305e-06,0.00015269804552229494
charisma,0.0,7.966616328281659e-06
charismatic,6.230127055967241e-06,2.8025310389781318e-05
charisms,3.4425630664646123e-06,0.00015246010465439167
charitable,8.619547090419583e-05,0.00011362216570652641
charitably,5.836354423051452e-06,1.7103905698929715e-06
charities,0.0,0.0
charity,0.0007744643116060744,0.0005235743781090774
charité,0.0,3.6996828031160273e-06
charlemagne,1.700334514607915e-05,0.0
charles,0.00012397670999372221,0.00011983202113516514
charm,3.697193113873209e-05,2.9351805256782323e-06
chart,0.0,0.0
charta,4.901037971630289e-06,3.1131929447213916e-06
charter,1.035649575785355e-05,2.0998098443101172e-05
chase,0.0,0.0
chasing,0.0,0.0
chasm,2.6429626252967116e-06,1.1818385370451954e-05
chaste,7.2170605510542e-05,4.0453239564420006e-05
chastisement,2.312573833193049e-05,3.4868289949021123e-06
chastity,0.00019167316966365916,0.00021343899351495215
chatter,7.948865840216638e-06,0.0
che,0.0,1.011688481804171e-05
cheap,8.137192164935418e-06,2.845673692194435e-06
cheat,6.813130367126716e-06,1.3652229177207013e-06
check,0.00011134953408978757,9.994419209187852e-06
checked,9.702396646635255e-06,3.047800302128021e-06
checking,1.203071497502832e-05,1.8551761525332027e-05
cheek,0.0,1.939617059928027e-06
cheer,1.1763559145768252e-06,1.3006978964461835e-05
cheerful,1.2639401984505852e-05,1.2259829850459357e-06
cheerfully,2.0134823745179646e-05,0.0
cheerfulness,7.1132824349884465e-06,5.563975770457915e-06
chemical,4.014182130535995e-05,2.0990599235310655e-05
cherish,0.0001667064583978441,9.394110960014484e-06
cherished,6.145427966752576e-05,5.164529316315679e-06
cherishes,2.3984870637096776e-05,7.008331438674798e-06
cherishing,1.615855670715101e-05,1.3064764282653957e-06
chers,0.0,0.0
cherubim,1.7316561649137922e-05,5.3643996389721384e-06
chi,0.0,0.0
chiara,0.0,0.0
chicago,2.9384969034819908e-06,0.0
chief,0.0003791187181429804,7.396830959634623e-05
chiefly,0.00019480739522933924,4.036674744010781e-05
chiefs,2.012319346611567e-05,5.85689361391196e-06
chiesa,0.0,1.3710449570466987e-05
child,0.0001235807512994615,0.00028152781183446706
childbirth,1.7178515586306715e-05,3.7297047071086936e-05
childhood,9.688617330010958e-05,8.208154861233471e-05
childish,2.083716629739978e-06,5.924396137518477e-06
childlike,7.6260672087997196e-06,0.0
children,0.0005575741333774877,0.00038865074790550715
chile,0.0,1.9538768452444666e-06
chilean,0.0,0.0
china,5.680543585276613e-05,0.00016288285741460025
chinese,4.9050923311923445e-05,7.801626440598773e-05
chirograph,0.0,0.0
choice,0.00013197125917075356,0.00019530828317123225
choices,2.3803852022607334e-07,6.945477191326428e-05
choicest,3.4542436999439526e-05,0.0
choir,7.917941594478344e-05,8.35894313238866e-06
choirs,4.447955494187799e-05,2.841918169278784e-06
choose,0.00014879854445538546,0.00011850695508797212
chooses,1.2473878641974493e-05,2.9356723570087125e-05
choosing,2.223774916195658e-05,0.00015249488016554614
choral,1.3040075883562585e-05,7.782818898370825e-06
chord,0.0,1.0505118294318277e-05
chorus,2.2403971081651677e-05,7.789394931460721e-06
chose,8.715159946003082e-05,0.00012026701622107864
chosen,0.00015904696810471912,0.00017910246812019367
chrism,2.051127616909517e-05,7.192896279577662e-06
christ,0.0007962633249201668,0.0011963725132606324
christand,0.0,5.925870515087374e-06
christendom,0.0001703969826441447,0.0
christi,2.3836335874423008e-05,0.00012681709958711892
christian,0.0008846234630756997,0.0007733199296087772
christiana,7.630161207093462e-06,2.0785930449446645e-05
christianity,0.00020392511547336303,0.00023872168186083972
christianorum,5.718157170488079e-06,3.1392604502581076e-05
christians,0.0003838605623683964,0.00046559066497154456
christifideles,0.0,3.555043668716415e-05
christin,0.0,8.652555852913597e-06
christmas,4.428602590676444e-05,0.00011193967876102388
christo,1.2069761986294648e-05,4.791753757063489e-06
christocentric,0.0,3.474891137468758e-05
christological,4.600930196229612e-06,6.505006905711221e-05
christology,4.776014079370718e-07,1.370426151849403e-05
christopher,2.7295514801693284e-05,0.0
christum,0.0,3.952612507131099e-06
christus,2.241877836577231e-05,0.0001388230262820842
chronic,3.870887392482725e-06,6.525217409320687e-06
chronicles,2.6737932583435502e-06,0.0
chronological,0.0,1.3957482632807834e-05
chrysologus,8.923321426557456e-06,3.5612826995837325e-06
chrysostom,0.00011157907965278137,4.1209654992038103e-05
chrétienne,0.0,0.0
chrétiennes,0.0,2.238259596903353e-05
chrétiens,0.0,0.0
church,0.0010187998541940657,0.0013537627019062437
churchad,0.0,9.403725041601511e-05
churchand,4.288503234999899e-07,3.5784752889452756e-05
churchas,0.0,5.351932672387288e-06
churchchristus,0.0,3.7958383274054534e-05
churches,0.00072680754286256,0.0007939751835802652
churchin,4.5777367714432314e-07,1.6388949512111247e-05
churchis,0.0,6.567582352227233e-05
churchlumen,0.0,0.0003380745586015681
churchmen,7.199501525671502e-05,0.0
churchof,0.0,0.0
churchon,0.0,9.340781283603474e-05
ciampino,0.0,0.0
cic,1.329429911343823e-05,5.59430104020646e-05
cicero,9.870791036376386e-06,1.2357064377039943e-06
cilicia,7.034265702368591e-06,0.0
cinema,6.656842412552865e-05,1.168258954480145e-06
circle,4.939980267345814e-05,3.637412309607519e-05
circles,1.8563340020951704e-05,8.780826197791756e-05
circular,2.9157130651304627e-05,8.747742952191962e-05
circulate,2.71832601968346e-06,4.2809778393181176e-06
circulated,2.494530625952567e-05,6.733137795103725e-06
circulating,1.0549327012539406e-05,2.7278226814393826e-06
circulation,2.0763892923160773e-05,1.7207326158116745e-06
circumcised,0.0,2.1099023016313323e-06
circumcision,2.17386754938241e-05,3.2292281655676736e-05
circumscribed,1.7663814707937388e-05,1.0335607787553703e-05
circumscriptions,0.0,1.609941364448624e-05
circumstance,4.075735092947143e-05,5.274816824222153e-05
circumstances,0.0004367581213878827,0.0005073774006463768
circus,7.519432551985785e-06,0.0
cistercian,1.0312890914257124e-05,1.6938564287479755e-06
cit,8.268596537956933e-06,1.1134763471848493e-05
citadel,0.00010029096183671317,1.3230523552789239e-06
citation,2.4708981339125786e-05,1.344359581826994e-06
citations,5.336144611115544e-06,1.3680566384914901e-06
cite,7.488466526660904e-05,1.670372810939444e-05
cited,0.00010130537638922616,1.4528586449625634e-05
cites,1.0660979492757708e-05,5.587228854490556e-06
cities,0.00023613686937690726,5.1671381326434025e-05
citing,7.41668542357178e-06,2.5409552808186576e-06
citizen,6.092031359038665e-05,3.170520928882572e-05
citizenry,3.4330773856164293e-06,1.8885386579181206e-06
citizens,0.00037742880014642,8.544291167243187e-05
citizenship,4.175743385124766e-06,1.7848438227242728e-05
città,0.0,0.0
city,0.00038634667669977605,0.0001639620123210467
ciudad,0.0,0.0
civic,5.688013375745507e-05,3.505598503481401e-05
civil,0.0008300372625758048,0.00023572540916049804
civilian,7.982042356649649e-06,0.0
civilians,3.200550917295887e-05,3.6672736781588623e-06
civilisation,5.945480091230949e-06,8.731846452856881e-06
civility,0.0,0.0
civilization,0.0002283167794950243,0.00016813442993255853
civilizations,1.589237223673293e-05,2.196316137008481e-05
civilized,0.00011132744441020648,1.477626042733754e-06
civitate,5.214446689798803e-06,2.8466410003916558e-05
clad,1.063169263774252e-05,1.0588165563712006e-05
claim,0.00019317617373657508,0.00013821266275759395
claimed,7.164627670543078e-05,2.4514952714700933e-05
claiming,3.2622653256662875e-05,2.4150395535369222e-05
claims,0.00010084589332254151,9.225958428515671e-05
clairvaux,1.0812941821870792e-05,5.88403748896507e-06
clamour,1.814039142304739e-06,0.0
clandestine,1.664939432362161e-05,1.4522127663406294e-05
clare,5.572651754985147e-05,4.565757276245244e-05
clares,3.0690928864884706e-06,0.0
clarification,2.160147805633496e-05,0.0001614250979607973
clarifications,9.58131975199014e-06,6.3380609046691425e-06
clarified,2.5702686676895553e-05,4.579305984751813e-05
clarifies,1.2054734284948002e-05,1.0052537111587973e-05
clarify,3.332146701002578e-05,6.958943987005519e-05
clarifying,1.2022435781864514e-05,6.937410209031792e-05
clarity,9.080579741517943e-05,0.00012838710451122667
clash,9.43761921652262e-06,2.3940318596043178e-05
clashes,1.449347340223457e-06,1.0384546772076693e-06
class,0.00018940487679214361,0.00011576701319668111
classes,0.0003962993110061686,4.1480265861280185e-05
classic,2.583578563034302e-05,1.072252403954225e-05
classical,1.3248087280872992e-05,1.4393137217360928e-05
classics,7.74972342829645e-06,3.872951110559678e-06
classmates,0.0,2.1930815284622523e-06
classroom,0.0,1.0191813799640673e-05
classrooms,0.0,0.0
claudio,0.0,0.0
claver,2.5573291777506244e-06,4.9990674813239226e-06
clay,1.872101908262648e-06,2.331333667993949e-06
clean,6.125376961910746e-05,7.100816959419378e-06
cleaning,0.0,1.345990754039916e-06
cleanse,1.7208289322016013e-05,1.0520327955659887e-05
cleansed,3.517706908819402e-05,5.4724742571055914e-05
cleanses,1.5194411004838612e-06,1.799782219220708e-06
cleansing,1.5930948029098507e-05,2.599829218436848e-06
clear,0.00035979013355775445,0.0003960856250721136
cleared,4.4203174981885195e-06,1.3519640653903288e-06
clearer,4.599299110906595e-05,6.443815576015927e-05
clearest,4.038868234050061e-05,2.2893503460102214e-05
clearly,0.0005797764577133459,0.0005030519589184554
clearness,2.8291345775257043e-05,0.0
cleave,3.688009546357841e-05,1.4485835586143054e-05
cleaves,2.7851465158354723e-06,4.791529541596362e-05
clemency,0.00013081939957375246,3.40268264818418e-05
clemens,4.24167354643506e-06,0.0
clement,0.00031914882321347054,9.193566600459466e-05
clementine,8.127182739048715e-07,9.135166566630913e-07
clergy,0.0016679731512591923,0.0003233805900852496
cleric,7.557048664408295e-05,0.00035394983106902495
clerical,0.00021445480117742683,0.0002844661833384159
clericalism,2.483762748669162e-06,9.228174311515452e-07
clerics,0.0005216939407358298,0.00016030820879784036
clever,4.069456150033511e-05,7.751792236474595e-06
cleverness,3.7274262703466845e-05,1.3284331642022864e-06
clients,1.8127275382093073e-05,4.453084030039827e-06
climate,1.3605148504730991e-05,6.038064529836657e-05
climatic,0.0,1.3525314142315453e-06
climax,8.098485613057164e-06,5.345918180983825e-05
climb,1.4766457462621014e-05,0.0
climbed,9.400609361279062e-06,0.0
climbing,0.0,0.0
climbs,6.513361682259247e-06,0.0
cling,6.530579253537453e-05,1.7957277728729738e-05
clinging,2.3223102223170664e-05,6.651539606025889e-06
clings,1.4557977813432679e-05,1.7206442157378407e-05
clinical,2.1969637631301464e-05,1.2256307638886726e-05
clinics,0.0,2.2930101047467503e-06
cloak,2.732950627475501e-05,8.98355446075521e-06
cloaked,2.6869786549411397e-05,1.1469283514414615e-06
clock,9.635616393911356e-06,1.3186809601628126e-05
cloister,6.832714352558131e-05,3.191748821345845e-05
cloistered,2.6735670899384056e-05,1.155101915895464e-05
close,0.0001248454312764143,0.00021685809136539453
closed,4.772268129947794e-05,0.00010256705266565745
closely,0.0001789891340969838,0.00026033260737785656
closeness,2.535023348399792e-06,7.25458248345274e-05
closer,4.545415316173541e-05,0.00010877332851446008
closes,1.2804196150649612e-05,9.624678680108879e-06
closest,5.867553306243381e-05,5.843725616597194e-05
closing,1.948292263074519e-05,7.733258873701106e-05
closure,0.0,1.9568260611071534e-05
cloth,3.056386237351777e-05,0.0
clothe,4.273426050167863e-05,2.0386342092104235e-05
clothed,5.7194464445499056e-05,7.477428794452222e-05
clothes,2.6264090956362987e-05,2.743896979129005e-06
clothing,0.00013292198503721625,1.8221059907842447e-05
cloths,1.676690084310954e-06,1.3880816606844874e-05
cloud,2.04769776648243e-05,1.3290666925730619e-05
clouded,3.405367128853482e-05,1.829303652329809e-06
clouds,9.255007494424401e-05,1.5472493584548346e-05
club,4.783201882700056e-06,0.0
clubs,5.719257323471382e-05,6.111924661218155e-06
clung,1.75423763132387e-05,1.912858685099273e-06
coadjutor,4.336212250930071e-06,0.0
coalition,2.2106375223521096e-05,2.0232448501652873e-06
coast,9.344383231064735e-06,8.739198202018222e-06
coastal,0.0,4.501973453947792e-06
coasts,0.0,3.9389068593765435e-06
coat,0.0,1.8533155881962109e-06
cobre,0.0,0.0
code,6.691005698269381e-05,0.0008619106106567094
codes,2.6425462616319714e-06,1.4283682698729365e-05
codex,3.545660552074905e-05,4.62652701863923e-06
codices,5.640133408531174e-05,0.0
codified,1.338802395109772e-06,5.409377006479467e-06
coeli,5.044273164552668e-06,0.0
coercion,1.169434489511022e-05,3.2324441972815785e-05
coercive,7.050969386552244e-06,1.7767190056758052e-05
coexist,0.0,3.788500203528048e-06
coexistence,2.8014883895359007e-06,4.642832125606145e-05
cognitive,0.0,6.030180434859378e-06
cohabitation,1.7426017287457828e-06,2.0347008354157752e-05
coherence,1.634876914247713e-06,2.7484468935088263e-05
coherent,5.0141345757931495e-06,2.0745325346460014e-05
coherently,0.0,7.63393361938224e-06
cohesion,8.6745734149268e-06,1.964875630504671e-05
cohesive,2.9765068136031174e-06,0.0
coin,5.9094257487171095e-06,1.6123110014027014e-05
coincide,5.518464856881744e-06,2.2161402924528083e-05
coincided,6.474738374690886e-06,2.1602749400239435e-05
coincidence,1.0821560241258951e-05,2.1905014213039065e-05
coincides,6.678427649331617e-06,4.5634755740277904e-05
coined,0.0,3.1410511319534768e-06
coins,4.934377245946405e-06,3.7000650086268756e-06
col,4.196229074202637e-06,3.6775981377293076e-05
cold,8.645488699168519e-05,3.273507310068502e-05
coldness,7.789746900377216e-06,1.6938564287479755e-06
collaborate,2.5090554413241182e-05,0.00010238719586144134
collaborated,8.911420066032511e-07,1.7942113992094645e-05
collaborates,0.0,8.743407161331573e-06
collaborating,6.875107277174308e-06,2.250773770705017e-05
collaboration,4.017526642722608e-05,0.00013660036022803727
collaborative,0.0,3.055804670223692e-06
collaborator,0.0,1.1721885385236018e-05
collaborators,1.2037359165985207e-05,7.01165804233915e-05
collapse,3.51334001343399e-05,2.7828752657205802e-05
collapsed,0.0,1.866732312963643e-06
collapses,3.91875363952891e-06,3.16212356114597e-06
colleague,2.1434293239399993e-06,1.2196514522927072e-05
colleagues,3.2448252815555686e-05,2.2764420579194864e-05
collect,2.9607286357266454e-05,4.6063244498762615e-05
collected,5.10933564941885e-05,0.00010856737677990282
collecting,3.198113774374465e-05,4.137258854140994e-06
collectio,2.4181103459583854e-05,1.227631901599764e-05
collection,9.557191466500464e-05,8.961211142554194e-05
collections,1.7379426658266372e-05,8.855547862644466e-06
collective,2.6134834548617835e-05,0.0001407471255004328
collectively,5.2054084906028273e-05,3.701398806777726e-05
collectivity,1.601029190674588e-05,1.510255404796458e-05
collector,5.3467104403974174e-06,6.804497148455709e-06
collectors,4.182947103307602e-06,7.125584663087014e-06
college,0.0001686117449073652,0.00033906982900357174
colleges,0.0001894303617621746,7.802660763469459e-06
collegial,5.208471483002132e-06,0.0001354026733973733
collegiality,9.867313224443818e-07,6.235847054804987e-05
collegially,2.0951815892423474e-06,1.3882988134396378e-06
collegiate,7.42935557010895e-05,3.137272766363719e-06
collegio,0.0,0.0
colloquium,0.0,9.970999937013056e-06
collège,0.0,0.0
cologne,1.3343784755883268e-05,0.0
colombia,0.0,1.290206430044215e-05
colombian,0.0,0.0
colombians,0.0,0.0
colombo,1.9364172026328173e-05,2.4821753793507312e-06
colonial,9.607235881348592e-06,8.186839940029004e-06
colonialism,4.266514844646283e-06,7.084435228262872e-06
colonies,7.133179605642081e-05,0.0
colonization,0.0,4.449074470592701e-06
colonnade,0.0,0.0
color,5.531129265579076e-05,4.3020287401548976e-05
colorado,0.0,0.0
colors,9.912535090819082e-06,3.0580077334718937e-06
colosseum,0.0,4.9913020640372346e-06
colossians,3.422796363542324e-05,1.4438463733813163e-05
colour,1.4836668672119658e-06,7.6293190844706845e-06
coloured,0.0,1.4511639605187767e-06
colourful,0.0,0.0
colours,6.424181235683822e-07,1.0853921688631058e-05
columbia,0.0,5.034255526045293e-06
columbus,0.00010012932012675726,0.0
column,1.8256669950663992e-05,0.0
columns,2.419714010934084e-06,8.265444811682902e-06
com,1.704720728588216e-05,0.0
comastri,0.0,0.0
combat,0.0001415184005643644,3.64114041874523e-05
combating,1.6327051248934846e-05,9.10328550854144e-06
combats,1.1879156361408626e-05,6.934513083289907e-06
combatting,0.0,1.1503802722806528e-06
combination,2.1949082455691617e-05,2.584742448949835e-05
combine,3.2360588553160474e-05,3.2400248544179014e-05
combined,6.0786996826680556e-05,2.814522103773151e-05
combines,3.6154556228619e-06,2.6343731072786884e-05
combining,9.91637645961322e-06,8.520223864142518e-06
comboni,0.0,3.418320664603354e-06
come,0.00035595995454040054,0.0002681994288031959
comedy,0.0,4.5151930191371674e-06
comes,0.000171190912019323,0.0002975061029164832
cometh,2.5356327228339886e-05,0.0
comfort,0.00014853889575353854,6.57394431729043e-05
comfortable,5.877309107468148e-07,1.5432309583561495e-05
comfortably,1.2308947601623442e-06,1.1249483704394006e-06
comforted,3.42038809742692e-05,1.9209951534101483e-05
comforter,1.9428575485545124e-05,3.676205067215031e-06
comforting,3.687541092908984e-05,2.2717637029096746e-05
comforts,4.0795245889622565e-05,8.760454209601006e-06
coming,0.00014331185249837866,0.00020920623387970082
comm,5.7625419215168445e-06,8.395302867335911e-06
command,0.00042152963414038134,0.00015150630231874316
commandant,1.6954012230147837e-06,0.0
commanded,0.0002648466261484842,7.54318015985381e-05
commander,3.064536338450907e-06,0.0
commanding,8.357287869846565e-05,3.7994504589118876e-06
commandment,5.9466233679116316e-05,0.00016376266523779228
commandments,0.0001444435111469824,0.00018398298513921187
commands,0.00035761838228925465,3.146478114700188e-05
comme,0.0,0.0
commemorate,4.796547808514452e-05,3.5671754952321935e-05
commemorated,3.820235190751643e-05,1.7129267562815638e-05
commemorates,1.0300625137542671e-05,1.616078947039792e-05
commemorating,2.6621038715197607e-05,3.4623241105586116e-05
commemoration,8.662671265168417e-05,7.277780273844334e-05
commemorations,1.4252174704705014e-06,1.7148317540480614e-05
commemorative,1.2039656593974711e-06,1.2364741186237723e-05
commence,1.5550341920180142e-05,0.0
commend,0.00010180941252839128,5.232404294795104e-05
commendable,9.361902703543444e-05,4.3055063309314565e-05
commendation,9.728046943329999e-05,1.661527223686291e-06
commended,0.00015355882766626258,1.3358316601856685e-05
commending,6.564355062380693e-05,4.183452811135916e-06
commends,3.4108156896586556e-05,4.954427604952501e-05
commensurate,1.1041209526391839e-05,5.980687793247545e-06
comment,1.5800893051340765e-05,5.202525549623339e-05
commentaries,7.411615895964969e-05,1.966475278004147e-06
commentary,6.686844099302913e-05,0.0001748206816813998
commentators,2.443242791676734e-05,3.6403168076211443e-06
commented,3.204192416760218e-06,2.071040774199571e-05
commenting,7.174406788584938e-06,9.404083799917536e-06
comments,5.7343155255795826e-05,2.077313542092648e-05
commerce,8.773481890166959e-05,6.120494091174176e-06
commercial,1.789377408715613e-05,2.0819126049173667e-05
commission,0.00012436590886357908,0.00029408995004975657
commissioned,3.303806629506134e-05,5.039788291797504e-06
commissioner,0.0,0.0
commissionfor,0.0,2.1412010336919965e-06
commissions,2.131191814096502e-05,9.804533654728678e-05
commit,9.803338185605427e-05,8.285646104446674e-05
commitment,8.222837731808778e-06,0.0002563493042449938
commitments,1.657632365197354e-07,5.0472117925596094e-05
commits,1.8813258783176638e-05,4.6914529809305116e-05
committed,0.0003604260091453497,0.00020913244902898555
committee,3.1402851450975184e-05,6.270368098029258e-05
committeeof,0.0,0.0
committees,7.735842333266793e-05,1.0013489556316145e-05
committing,4.692911799688456e-05,1.9969193137844545e-05
commodities,1.3227197821918769e-05,7.083619519284173e-06
commodity,2.2339238850594626e-06,1.9516277781510668e-05
common,0.00044479473405131884,0.00038255398505301046
commonly,0.00015283098697950123,3.443804938088936e-05
commonplace,8.223513325872715e-06,1.345990754039916e-06
commonwealth,0.00013218732347241327,1.17632402886772e-06
communal,2.9243590062577696e-06,6.708513429891217e-05
communauté,0.0,0.0
communautés,0.0,0.0
commune,0.00013254242613438476,0.0
communicate,0.00011910524072969757,0.00012796598214874765
communicated,7.651586838665265e-05,8.168158305786038e-05
communicates,1.160302663015052e-05,4.4703991171307805e-05
communicating,2.471202511562024e-05,7.198184003013328e-05
communication,4.847610597847346e-07,1.0134953944039787e-05
communications,2.8216624037389467e-05,7.309095166515843e-05
communicative,1.631548022117496e-06,3.732104356708958e-06
communicator,0.0,1.9500215394399547e-06
communicators,0.0,3.45420511283809e-06
communio,2.792308742948657e-06,1.403222662887662e-05
communion,0.00041923507231483826,0.001023843998399846
communions,1.387233979912174e-06,2.5881433139711166e-05
communism,0.0001073452977776338,0.00017370027712053853
communist,9.270182763233344e-06,3.87918902310547e-05
communitarian,0.0,2.1911333968025487e-05
communities,9.020487226336294e-05,0.0004194297715378279
community,8.947359645516651e-05,0.00040870803594447036
communityof,0.0,0.0
como,0.0,0.0
compact,3.646746692892818e-05,2.987339418183387e-06
companies,5.324447875469924e-05,2.1730162221035494e-05
companion,7.842947082549613e-05,1.8323823083902464e-05
companions,8.118817246689822e-05,3.373747289682506e-05
companionship,1.885088406461161e-05,7.060090979831106e-06
company,9.005536634574593e-05,2.609885671899175e-05
comparable,1.8293551802670487e-05,6.320253684004557e-05
comparatively,1.064264720992459e-05,1.9529497552806124e-06
compare,5.065502547354533e-05,1.954862048454901e-05
compared,5.514514924663626e-05,4.9649893792294136e-05
compares,1.0523220544882432e-05,9.986291616918985e-06
comparing,4.271193421238268e-05,1.369947833186319e-05
comparison,3.4179169537841955e-05,5.124767260892976e-05
compass,8.719960838633484e-07,1.1599821903367499e-05
compassion,5.376454127120229e-05,7.232257001194749e-05
compassionate,1.3008988005379446e-05,3.992343837109243e-05
compatibility,7.836110023959081e-06,1.5801498784180574e-05
compatible,1.0190568757039928e-05,5.30594353805454e-05
compatriot,5.312324771352203e-06,0.0
compatriots,1.6616884061707742e-05,1.78939389669944e-06
compel,0.0001469229382707631,1.066257360214155e-06
compelled,0.0002322696123548875,9.209173602874946e-06
compelling,4.05885183736409e-05,1.159049062120711e-05
compels,3.876621477345214e-05,1.2592025936328676e-05
compendium,5.717108687325558e-06,7.658317232779085e-05
compensate,3.272444029234604e-05,2.567097610865446e-06
compensated,1.1952590677116692e-05,8.567621669382723e-06
compensation,4.091416577170766e-05,1.0047409959705327e-05
compete,1.3774031874808695e-05,6.7091624102108814e-06
competence,3.6969428928388824e-05,0.0002741082607581687
competences,0.0,6.767022670423995e-06
competencies,0.0,3.099338768155515e-05
competency,1.3264648009500757e-05,3.5649557758338497e-06
competent,9.175024483927884e-05,0.0003453298506317629
competently,5.721047458679915e-06,3.534901230757463e-06
competing,1.433047930844802e-06,6.748592485718614e-06
competition,5.645579043885383e-05,2.897816016197637e-05
competitions,2.730715834000387e-06,0.0
competitive,1.3296256704876704e-06,9.228452067848847e-06
competitiveness,0.0,4.297298198389388e-06
compiled,1.9497671996252585e-05,5.161381745429252e-06
complacency,1.7153874514530394e-06,1.175712212342736e-05
complacent,1.0755948086527894e-06,3.287002504067818e-06
complain,2.9451749962375933e-05,5.488869328517247e-06
complained,3.985117452838434e-05,2.9066340789578282e-06
complaining,8.078773758967964e-06,0.0
complains,7.265407851725788e-06,0.0
complaint,6.006332609900331e-05,1.059492984135636e-06
complaints,8.994222270611118e-05,9.16755151255957e-06
complement,1.2539525397214592e-05,6.792870013325213e-05
complementarity,4.015904431283051e-06,9.199298017556546e-05
complementary,6.145856142142029e-06,0.0003099570457485869
complemented,8.332108219744681e-06,8.153467123033253e-05
complete,0.0002892972093207437,0.0002878980982369185
completed,0.0001183346542290432,0.00010483344630562922
completely,0.0002634451015241131,0.00029126841433012096
completeness,2.5684298999531907e-05,2.0253826914772866e-05
completes,1.0667231003978038e-05,5.054772410585231e-05
completing,5.7349963605785763e-05,1.2589258778901098e-05
completion,0.00010002560679805236,0.00015435796037565892
complex,1.1425581658262172e-05,0.00018528355230080918
complexes,3.900999458559973e-06,4.718714740250007e-06
complexities,3.7086267375531585e-06,6.714274810346617e-06
complexity,2.1056673466300752e-05,9.518931845179492e-05
compliance,6.96680185248996e-05,0.00012394642133997836
complicated,3.577839047901192e-06,1.0107138943848858e-05
complications,1.1460128267014383e-05,7.311438981377068e-06
complicit,0.0,0.0
complicity,1.846815754582846e-06,1.8748931484421853e-05
compliments,0.0,1.0484880081117392e-06
comply,8.33730072831734e-05,7.473584003626411e-06
complying,1.6038372918492183e-05,3.298747931848926e-05
component,9.93770157813256e-06,1.4823445060439734e-05
components,4.966504123422453e-07,4.156891641666806e-05
compose,6.229493638259123e-05,0.00011218427562228161
composed,0.0001646002567745709,0.0001587035636592511
composer,0.0,0.0
composers,1.5241536113919396e-05,3.2689574933272527e-06
composing,1.1273848831307301e-05,0.0
composite,3.853833698025986e-06,1.968722853516377e-06
composition,4.187718185281437e-05,8.529356793630178e-06
compositions,5.118970774069155e-05,1.0443820047147046e-05
compostela,0.0,1.3816055150169446e-05
compounded,1.4780057994626518e-06,6.96046257701953e-06
comprehend,1.4680907557313872e-05,1.1968695509435804e-05
comprehensible,9.421144192423465e-06,1.1745936547143286e-05
comprehension,1.567049186660474e-05,3.55465451999394e-05
comprehensive,1.9020950988260935e-05,2.855442249309403e-05
comprise,6.512141876450125e-06,9.091573448533194e-06
comprised,1.290447549249835e-05,1.2273437795071472e-06
comprises,5.988288584427095e-05,2.0772775534238798e-05
comprising,9.804673412585872e-06,2.860841730562752e-06
compromise,1.4154216148613541e-05,0.00010465094727966905
compromised,1.0991714265069178e-05,1.6078271409668995e-05
compromises,2.430641474542067e-06,1.932829678895199e-05
compromising,0.0,1.402827470624125e-05
compulsion,2.054671232595412e-05,1.3717304757390921e-05
computer,0.0,2.728181917146639e-06
computers,0.0,4.3923074897366025e-06
con,2.906524257882602e-05,1.3290538695646867e-05
conc,6.580787759057384e-05,0.0
conceal,7.686817653920137e-05,1.4151723068701682e-05
concealed,7.57155855347833e-05,1.4133583924873679e-05
concealing,2.3323669532713393e-05,8.989101707216505e-06
concealment,2.2174576555942676e-05,0.0
conceals,6.4533940520319144e-06,1.5327697543893998e-05
concede,0.00018846277963024168,5.7839048813135394e-06
conceded,0.0001224413536010986,0.0
conceit,1.3085696978737242e-06,0.0
conceivable,2.2265711854074826e-05,1.333384159699431e-05
conceive,4.899109440392849e-05,4.6936610597324566e-05
conceived,0.00010289090453977105,0.00011764548765727183
conceives,7.985882252626662e-06,7.170650332795774e-06
conceiving,2.4226091290442218e-06,2.1569277922393557e-05
concelebrate,2.7220112763076735e-06,1.3179912462982913e-05
concelebrated,0.0,0.0
concelebrating,0.0,3.0925395148287337e-06
concelebration,2.6530828156892215e-06,9.545312911025047e-05
concentrate,2.832436259884093e-05,2.246235153699378e-05
concentrated,1.6213630604386565e-05,4.07269046165943e-05
concentrates,7.789490300244228e-06,2.8310030571914303e-06
concentrating,7.889582275640763e-07,4.805067074299996e-05
concentration,3.712326622210391e-05,4.1452859795162607e-05
concentric,0.0,0.0
concept,5.1697360332752084e-05,0.0002515181744727374
conception,0.00015982761980937678,0.00014604518014854121
conceptionof,0.0,0.0
conceptions,2.018066283310557e-05,2.9454378021767185e-05
concepts,2.2984161275096182e-05,8.752705129962044e-05
conceptual,1.1454681611631143e-05,9.502078727255636e-06
concern,0.00031900146751975296,0.000368767401791329
concerned,0.00026598243503032194,0.0002846250497152054
concerning,0.0008333967846841796,0.0007318739934065919
concerns,0.00021946985060525832,0.0002270918981109143
concert,3.2732339496108524e-05,2.7764674803945316e-06
concerted,3.929209868542484e-05,1.37874713400114e-05
concession,0.00012639343874587316,9.251885981741362e-06
concessions,0.0001009420781662163,1.169014865975332e-05
concile,3.293369714178418e-07,0.0
conciliar,1.1006820331708062e-05,5.6833394729831364e-05
conciliation,8.990941145991283e-06,0.0
concilii,2.022834773576812e-05,1.4147160113191653e-06
concilio,4.104545521448443e-06,1.3455170739810713e-05
conciliorum,1.9489127528643305e-05,1.8248998948877047e-05
concilium,1.7954251354587257e-06,0.00014881803920172205
concise,1.6053464783645446e-05,2.396106340176846e-05
concisely,6.4762857381826346e-06,4.154204684692006e-06
conclave,2.1391897134506812e-05,0.0004760457636180634
conclude,8.788393860797007e-05,4.768959168751492e-05
concluded,7.661433955426301e-05,8.057715680910669e-05
concludes,1.5109421339873038e-05,4.7125184771086323e-05
concluding,1.995300718495978e-06,3.217724514006474e-05
conclusion,0.00015904092191323046,0.00019094739865055946
conclusions,7.348159248984021e-05,6.274047635933506e-05
conclusive,5.494090958995774e-06,4.173509962961981e-06
concord,0.00037875507371533217,1.4559515161656307e-05
concordant,7.176501919050521e-06,0.0
concordat,7.228592335609942e-05,0.0
concrete,2.019900712209134e-05,0.00024764332941294915
concretely,1.7378568447819445e-06,0.00010678823809442693
concreteness,4.067375398773308e-06,1.8208136151854845e-05
concupiscence,6.931694514150396e-05,4.004608304192832e-05
concur,2.421740542150164e-05,7.832646273930592e-06
condemn,0.0002815816900680431,0.00011532897457827806
condemnation,0.00015511821107692313,2.97514174405092e-05
condemnations,1.1820759888587264e-05,7.264183147744514e-06
condemned,0.0005306334967878824,9.195830460958685e-05
condemning,7.698001009408014e-05,7.70776934991856e-05
condemns,5.828878278327522e-05,3.285649242662125e-05
condensed,1.0482667437902414e-05,1.8772174740494225e-06
condescension,2.4543206813967463e-05,2.2150593045146492e-05
condition,0.0004505211251805086,0.000306865448560443
conditional,8.234780012716024e-06,1.6604181422288927e-05
conditioned,1.4414598599798819e-06,6.365470365044168e-05
conditioning,0.0,9.090696011152467e-05
conditions,0.00033507364104231935,0.0004127481299880239
condolences,1.5046176274075544e-06,0.0
conduce,5.720078162084774e-05,0.0
conducive,6.17818230182868e-05,3.086304321951911e-05
conduct,0.00037167445036768255,0.00019662634800400472
conducted,8.597256932084041e-05,5.041055572965908e-05
conducting,9.997476088901388e-06,4.84951457971719e-06
conductor,0.0,0.0
confederation,2.8064974043584577e-05,5.91451913513458e-06
confer,0.00016410460288597846,0.00011209247649115209
conference,1.7544866514636845e-05,0.00035209508320828994
conferenceof,0.0,0.0
conferenceon,0.0,0.0
conferences,5.2193866991759655e-05,0.0005413724187723661
conferral,5.54693382683701e-06,2.3024434794740547e-05
conferred,0.00031500738547510335,0.00012285544560776504
conferring,0.00012420035822589362,0.00012106606031304982
confers,2.4143579747105024e-05,4.321142043130715e-05
confess,0.0001594532548273779,0.00018809912403905868
confessed,0.00011727398400074341,9.303669289059574e-05
confesses,9.361486910849775e-06,4.200730670607113e-05
confessing,1.0834890114275512e-05,8.209526540546722e-05
confession,0.00019833753559388249,0.0006816804432135718
confessional,2.2919260848164912e-05,1.1563344552484069e-05
confessions,8.108540330646888e-05,0.00014622168559943297
confessor,0.00017660587973035807,0.00013265635714122213
confessors,0.00015390124514000532,0.00022931880003147735
confiance,0.0,1.7706139319960416e-06
confide,4.7559878523429964e-05,1.777795502572462e-05
confided,0.00020752379549601147,4.043939727527086e-06
confidence,0.00034421358837625766,0.00015281943310302713
confident,0.00026068476406278815,5.520058035740743e-05
confidential,4.069538102475365e-06,3.63619646169064e-05
confidently,8.811742531966563e-05,2.999396074926299e-05
confides,4.28871729027124e-06,0.0
confiding,2.5890877440788858e-05,0.0
configuration,0.0,7.288010802890427e-05
configure,0.0,3.80466072359955e-06
configured,0.0,1.1000729918694822e-05
configures,0.0,2.825799783720411e-05
confine,4.0234476961926445e-05,3.9982070331816925e-06
confined,5.664215415108289e-05,5.178789944209611e-05
confinement,1.8451465885712747e-06,1.7067775191348783e-05
confines,2.6529039702518565e-05,9.421259999842975e-05
confirm,0.0002171324835445276,8.631614254982999e-05
confirmands,6.272898581659947e-07,0.0
confirmation,0.00014085161552211233,0.00021523117052903049
confirmed,0.0002732358946187169,0.0002694365328545129
confirming,6.170334490859673e-05,0.00013358609636463631
confirms,6.396229619642211e-05,9.822079037878909e-05
confiscated,2.9381545743081923e-05,0.0
conflagration,0.00012354433782110291,3.4289176163284464e-05
conflict,0.00014353612959434024,9.450730866941442e-05
conflicting,3.845416702526616e-05,1.9107176991955663e-05
conflicts,5.031782005539034e-05,8.329686173874819e-05
conflictual,0.0,1.4898360244921909e-06
conform,0.00017970832802842346,8.962028839643247e-05
conformable,6.57475005005112e-05,0.0
conformation,0.0,0.0
conformed,4.031510469099015e-05,9.597874572490454e-05
conforming,2.6115937383842683e-05,6.98301358195882e-05
conformism,0.0,0.0
conformity,0.0001449871723047368,0.00015195781804543533
conforms,1.0929396683121877e-05,4.707024064643269e-05
confound,2.8366832158860147e-05,0.0
confounded,2.793187854430477e-05,2.2885938495762264e-06
confraternities,5.913865124823646e-05,1.6451864501775226e-05
confraternity,5.8970976123885144e-05,1.7457430108554965e-06
confreres,2.3635495918352048e-05,9.659523415440346e-06
confront,1.2276289839824702e-05,1.5570896928860232e-05
confrontation,0.0,1.992914204520434e-05
confrontations,0.0,1.192814729254314e-06
confronted,3.702792754142089e-05,2.619999401986833e-05
confronting,3.8785954241463825e-06,2.3829464304870686e-05
confronts,2.9049924553042635e-06,1.5585942173545522e-05
confrères,0.0,5.412228693665535e-06
confundit,0.0,0.0
confuse,1.911876110048551e-05,9.077214156153893e-06
confused,4.4834935532322615e-05,6.696230253990737e-05
confuses,1.3290106860057206e-06,0.0
confusing,6.669318061810673e-06,7.117132916685681e-06
confusion,0.00011597202761494206,0.00011310622798853674
congenial,0.0,3.3807326932676548e-06
congo,1.3957926315987717e-06,9.74959320396411e-06
congolese,0.0,0.0
congratulate,4.594601643476339e-05,8.153707505697019e-07
congratulations,5.1031636036024534e-05,0.0
congregation,0.0004144917317897525,0.0013686040430456793
congregations,0.000208273191959414,0.00012021037175645495
congress,0.00013899337712948055,3.400849036785486e-05
congresses,7.683640573328786e-05,1.0188162474325617e-05
congressof,0.0,0.0
congresson,0.0,0.0
conjugal,5.889133610709929e-05,0.00018889986402974448
conjunction,2.6346345044083486e-05,5.693677632459108e-06
conjure,4.018363377679361e-05,0.0
connatural,0.0,4.522367815610247e-06
connect,9.530241902384563e-06,6.955078371522485e-06
connected,0.00010709066268398982,0.00030080070788371757
connecting,4.057297255839561e-06,6.219758583735172e-06
connection,9.092137021185781e-05,0.0002424376983275627
connections,9.558832941364424e-07,2.867909157206237e-06
connects,4.2252333896055086e-07,1.0578227457471741e-05
connotation,1.5058585814942952e-06,1.1384536120590955e-05
connotations,0.0,1.3356889340337585e-05
connubii,4.371218162465892e-06,4.562775364934462e-06
conquer,5.881451065656279e-05,3.4288102648370667e-05
conquered,6.0329958120296085e-05,3.73897062850093e-05
conquering,2.0900690552925633e-05,3.5292155999773426e-06
conqueror,1.2780517930489662e-05,9.569912662755359e-06
conquerors,1.2013425508769096e-05,0.0
conquers,8.69092526709396e-06,2.281739239099075e-05
conquest,5.278354651330095e-05,6.571675304504683e-06
conquests,1.1880235183614494e-05,1.2230618501591251e-05
conscience,0.0002946925150193408,0.0003923862256390378
consciences,7.44122626118621e-05,0.00013259993211094746
conscientia,0.0,1.408987394842832e-05
conscientious,3.638200618960621e-05,3.189857037409648e-05
conscientiously,6.649901616129695e-05,0.0
conscious,8.41247037134472e-05,0.00025415590418746773
consciously,1.1110456608274959e-05,2.6864452533792396e-05
consciousness,0.0001262912743567386,0.00021585261399905618
consecrata,0.0,1.0682360776206836e-05
consecrate,8.923399193508616e-05,5.182902933775351e-05
consecrated,0.00017155770743254104,0.0005636094457779457
consecrates,1.5283519168527307e-05,1.2783368788189034e-05
consecrating,5.8131339211640686e-05,1.5746552111202932e-05
consecration,0.00014652360663417564,0.00024337977919914553
consecutive,2.429840247554856e-06,9.274872391625924e-06
consensus,4.626673356090525e-05,3.968595237782594e-05
consent,0.0003397508734638269,0.00038902869177565025
consented,2.8152729070344113e-05,1.963855818746123e-05
consenting,3.2124611744392196e-05,1.714633064176497e-05
consequence,0.00014185188058711142,0.00011122777623264837
consequences,8.518624254924426e-05,0.00015947619693024615
consequent,2.4388757624570828e-05,7.268871544020603e-05
consequently,0.00024055505050561585,0.00028299136991079846
conservation,1.1555051867920732e-05,3.442205344493901e-06
conservative,1.4856721871910714e-05,1.1549271161442404e-06
conserve,1.238683747557255e-05,2.3020174269632535e-06
conserved,5.135225881268556e-06,1.323076794790385e-06
conserves,3.587115484471187e-06,5.708068748495753e-06
conserving,4.911021400871989e-06,1.4511639605187767e-06
consider,0.0004312607079169871,0.00029549979952106254
considerable,9.042964130453444e-05,8.025280687820998e-05
considerably,1.5742548679171534e-05,5.968954524727371e-05
consideration,0.0002927106526734718,0.0002533441155436868
considerations,0.00013701471788230167,0.0002495023332663521
considered,0.0003842940985202483,0.00044534706441231957
considering,0.00015449100391101258,0.00010613292339939036
considers,6.982353294144297e-05,7.383273011577769e-05
consign,9.391372880017806e-06,0.0
consigned,2.3094063357967942e-06,5.190836365215117e-06
consigning,0.0,2.5171277630226463e-06
consignment,0.0,0.0
consist,5.478536373374279e-05,0.00010481255636591558
consisted,0.0,7.884674471527795e-06
consistency,6.8154028041636785e-06,3.5662770299834035e-05
consistent,4.104992282799732e-05,9.750518586488567e-05
consistently,2.7133836338854056e-05,5.0092282209229314e-05
consisting,1.930071468031455e-05,8.68470666206966e-06
consistory,3.719442422823252e-05,1.0102249465835505e-05
consistoryfor,0.0,0.0
consists,0.00011715168486064018,0.00017481347878605153
consolation,0.000419311229922711,7.344749478293032e-05
consolations,5.9699560327058534e-05,1.7245387516969968e-05
console,8.41127151005259e-05,2.818187647819314e-05
consoled,0.00015484458834048994,1.0177019753627913e-05
consoler,1.713197194987199e-05,2.115120745999761e-05
consoles,3.701101620409159e-05,0.0
consolidate,1.6236014565910376e-05,2.104770433880211e-05
consolidated,9.836802513197975e-06,3.301491851358114e-05
consolidates,2.1570739256041838e-06,9.046270774685913e-06
consolidating,3.575114727628171e-06,7.655985105776014e-06
consolidation,2.897938561867444e-06,2.1261667251405023e-05
consoling,7.117287554752844e-05,4.0373904878489305e-05
consonance,4.109553500212389e-06,1.907489434299735e-06
consonant,8.745910689912401e-05,5.1969243247999546e-05
consortio,3.359875916018465e-06,0.0001669633119271804
conspicuous,0.00010262813811337181,5.2954465172276175e-06
conspiracies,5.72956208583065e-05,0.0
conspiracy,0.00012290257124503295,6.424047722008963e-06
const,3.713563570762671e-05,1.2785122507631542e-05
constancy,0.00036236607110553333,8.471548431777406e-06
constant,0.0001939730619559344,0.00023384316503955032
constantine,3.5654859538380766e-05,6.0080556927898974e-05
constantinople,0.00017338228910870472,0.0001989786700549014
constantinopleecumenical,0.0,0.0
constantly,0.00022621077215749814,0.00023238145240962388
constellation,0.0,1.521747549364909e-06
constituent,7.401183067607819e-06,4.5367660814248095e-06
constitute,6.741991297071561e-05,0.00017306294013448765
constituted,0.00020398200059893777,0.00014516545789120994
constitutes,5.103089766256177e-05,0.00030477394781581205
constituting,1.4910750677081932e-05,5.062617682871127e-05
constitution,0.0007020261491926101,0.0011372899970159597
constitutional,7.217823685203041e-06,5.729806481776494e-06
constitutiondei,0.0,6.319065471002159e-05
constitutiongaudium,0.0,0.00012160200996047847
constitutionlumen,5.678026275857387e-06,0.00026768888536766615
constitutionpastor,0.0,2.8379821253478326e-05
constitutionpraedicate,0.0,0.0
constitutions,0.0003333433501750217,0.00026668103319822184
constitutionsacrosanctum,0.0,5.862115830328835e-05
constitutionveritatis,0.0,0.0
constitutive,2.474785619234982e-06,0.0001299359843700119
constrained,9.430947638604987e-05,1.5082986463910963e-05
constraint,2.642325001281277e-05,1.2999551473735547e-05
constraints,1.572745323759412e-06,1.2709655832017277e-05
construct,7.459988497292968e-06,2.1240525454636995e-05
constructed,2.478068822115233e-05,9.508384007818697e-06
constructing,1.3193080189747423e-05,6.3314290930621905e-06
construction,5.5702046225343346e-05,2.555606134508131e-05
constructive,1.1534776465110527e-05,4.329229017526987e-05
constructively,0.0,0.0
constructs,8.850307860966381e-07,4.720464113808351e-06
consubstantial,2.1398292968132414e-05,2.4134986041407355e-05
consult,8.872880362457193e-05,2.457874989328078e-05
consultants,0.0,1.734829453517931e-06
consultation,7.172395731442164e-05,0.00019505088327039744
consultations,5.212753646717373e-06,6.434956743165021e-06
consultative,0.0,2.5806052337684303e-05
consulted,5.580270164029663e-05,6.10678217158382e-05
consulting,5.2154330262209754e-05,2.6792192327728813e-05
consultors,3.4558726335824435e-06,0.0001120385191423198
consume,4.9481161621016906e-05,1.5612256422876468e-05
consumed,4.707174764597411e-05,2.0258438483030634e-05
consumer,3.218917675385721e-06,4.677176822253437e-05
consumerism,0.0,3.9930393021604884e-05
consumerist,0.0,1.8778335647324505e-05
consumeristic,0.0,3.6567169195840056e-06
consumers,7.661725059166926e-07,1.8831473554021635e-05
consumes,1.5254969415951267e-05,1.3524804204433288e-05
consuming,6.188919518994942e-06,9.937849449975976e-06
consummate,2.608374462806947e-05,3.6618568509660707e-06
consummated,1.4611214787532632e-05,0.0
consummation,9.660877091612507e-05,2.0255760704247266e-05
consumption,6.285422521261297e-06,7.423237147479101e-05
contact,6.653571279088653e-05,0.0001374061799497617
contacts,1.6425116496873284e-05,4.428843053521852e-05
contagion,0.00012038743708558688,0.0
contagious,3.36778533815504e-05,5.6027592245541885e-06
contain,0.00012448013991818218,0.00014375029020581332
contained,0.00022617008019496182,0.0002773629667449317
containing,3.183857026958455e-05,7.761784830537558e-05
contains,8.476544793064274e-05,8.957259820839467e-05
contaminate,2.4532214490892026e-05,2.7902007321453925e-06
contaminated,5.6337858401676407e-05,8.71735439323139e-06
contamination,5.0538239280430996e-05,4.609930843936208e-06
contemplate,6.538488247809979e-05,9.583623439713952e-05
contemplated,3.0497772157729408e-05,5.302283351636712e-05
contemplates,2.4248073509815475e-06,2.4719034766632917e-05
contemplating,1.1878616836835203e-05,8.219606664695205e-05
contemplation,9.935764474947356e-05,0.000246128026110955
contemplative,1.486876370618163e-05,0.00013495677177112573
contemplatives,1.9901676618628296e-06,8.06813526550032e-06
contemporaries,2.8172857814774844e-05,5.7910374251006426e-05
contemporary,3.013182001065122e-05,0.00019952672102326117
contempt,0.00024830402458820194,4.9388952072580505e-05
contemptible,2.7210360703345944e-05,3.122510466758072e-06
contend,9.352959094538226e-05,1.758532538131346e-05
contended,1.8036367359962293e-05,1.2819897031532105e-06
contending,2.1473976117787767e-05,5.806622544757721e-06
content,0.00010622503313449269,0.00028101573667878966
contention,8.77771573654395e-05,5.1403496811653475e-06
contentions,6.504592630365882e-05,2.3725208177560677e-06
contentious,6.623227981751231e-06,0.0
contents,0.00018624888293299326,7.111717372689725e-05
contest,9.04288355170288e-05,8.785057022077747e-06
contested,1.771352678017077e-05,4.440560718408877e-06
contests,6.872929546068086e-05,0.0
context,1.3078217591461282e-05,0.00030345924122178924
contexts,0.0,4.3351328242295085e-05
continence,2.3385523307841393e-05,1.6028503446662942e-05
continent,1.2359454717258933e-05,0.00020827095347673554
continental,0.0,3.5206569477385144e-05
continents,1.4524762060978257e-05,7.085694934312951e-05
contingencies,2.8577910139742876e-05,2.744352595987888e-06
contingent,8.405506696213678e-06,1.550383413783177e-05
continual,9.029538950688724e-05,7.590513321984513e-05
continually,0.00014163038248638164,0.00012227386580185103
continuance,3.308067543963013e-05,5.86123787954028e-06
continuation,2.7597729641740175e-05,4.4436637661448024e-05
continue,0.00016668698513361594,0.00010992255207394144
continued,0.0001093558631274095,7.156721394665522e-05
continues,7.461992089816477e-05,0.0001939804945458038
continuing,4.528600783071848e-05,0.00010753416262433555
continuity,9.249749510133105e-06,0.00014596520298946282
continuous,0.0001068569501419755,8.926973986154837e-05
continuously,4.840736425870355e-05,2.1930446842575797e-05
contra,3.737341874450194e-05,0.00012235335472931595
contraception,0.0,3.098481366680998e-05
contraceptive,0.0,1.1390560636999398e-05
contract,0.0002502906821596712,3.7141763504802136e-05
contracted,0.00013130209813889355,7.365087529988632e-06
contracting,0.00015192478567580906,4.752495296671932e-05
contracts,0.00014379892954300658,1.054131082240554e-05
contradict,7.865610223309749e-05,8.077891146301371e-05
contradicted,1.092534418257559e-05,3.826475949801327e-05
contradicting,6.988854264847097e-07,1.3963993494254338e-05
contradiction,5.1643778249965245e-05,0.00011296937274215185
contradictions,3.9513305054699206e-05,3.982422968336722e-05
contradictory,3.232443893161355e-05,8.587784129146662e-05
contradicts,5.354878723620539e-06,8.416732187883482e-05
contrary,0.0005445852357523838,0.00040850335138174917
contrast,6.0394577915380405e-05,8.882913192878836e-05
contrasted,0.0,1.2965564509972867e-05
contrasting,0.0,7.361610072111572e-06
contrasts,1.9146455511608397e-06,1.46080647903407e-05
contravene,6.0509494202345984e-05,0.0
contribute,0.0001643489146149517,0.00018434127801460122
contributed,8.530473174437485e-05,6.0607016333644775e-05
contributes,7.320291464611565e-05,5.890036307709416e-05
contributing,3.681413088955188e-05,2.70689526967885e-05
contribution,4.491084070046937e-05,0.00018402542749787463
contributions,4.19238989268987e-05,8.199084189578306e-05
contrite,2.3707911864712833e-05,2.2269568790127312e-05
contrition,3.317508481820862e-05,0.00011498995302629745
control,0.00014727910314521613,9.590763426358465e-05
controlled,2.1073034827195205e-05,1.3956962375759336e-05
controlling,1.7884062082559857e-05,9.53742759562555e-06
controls,2.7305661153266138e-05,1.0193549708444416e-05
controversial,8.01068784793195e-06,8.560458879285525e-06
controversies,0.0001542509721567912,2.2237407284012106e-05
controversy,0.00021425638230010297,7.39748957204961e-05
convene,7.118162380758195e-05,1.4587248519743796e-06
convened,5.960941983690476e-05,3.842180876331217e-06
convenience,5.524557802908907e-05,1.6740324994138954e-05
convenient,7.876143686410349e-05,3.812540406304162e-05
conveniently,7.610639518037431e-05,0.0
convent,3.638471806633988e-05,3.5861727581062176e-06
convention,4.841485773593606e-05,4.404148591772719e-05
conventional,3.1838274398254874e-06,8.968403434554206e-06
conventions,2.8484352483718036e-05,4.378967526406308e-06
convents,6.488938427408287e-05,0.0
conventual,1.4893792325416368e-05,4.498376679427219e-06
converge,8.017760727778635e-06,3.278758726406542e-05
convergence,1.0156237961850983e-06,4.188112251544655e-05
convergences,0.0,4.405594766524618e-06
converges,0.0,5.436891958413743e-06
converging,5.998919468951998e-06,9.034010678049431e-06
conversation,2.9308260012028457e-05,0.00011589158955105941
conversations,9.278107270535909e-06,4.2002733112247045e-05
converse,1.523823312242216e-05,1.7619361614865376e-05
conversed,2.7821867761927213e-06,0.0
conversely,2.783563934205999e-07,2.1603348195325813e-05
conversing,1.559783434134e-05,1.6524688005015432e-06
conversion,5.1034843509544656e-05,0.00032014623092093824
conversions,0.0,1.6608512830089227e-05
convert,3.52698935634369e-05,1.2946512615418107e-05
converted,0.00010509225794867177,6.845580112555208e-05
converting,1.5830132491110638e-05,1.766088076144072e-05
converts,4.2052326426994725e-05,2.272536197682074e-05
convey,1.9752214475028246e-05,1.2002821576096297e-05
conveyed,2.678180588610207e-05,0.0
conveying,1.8660488066675268e-06,2.8159694782091424e-06
conveys,1.459251054910048e-05,2.102363128051184e-06
convicted,2.2304831952517245e-05,0.0
conviction,4.357834597652848e-05,0.0001941495274422185
convictions,3.657482552450719e-05,0.0001009914549326745
convince,9.149605559231563e-05,3.0433821453580957e-05
convinced,0.0001466777027143521,0.0001277300333547202
convinces,6.981539064453567e-06,1.0046951263360593e-05
convincing,3.0802809984899656e-05,4.8781651431868015e-05
convincingly,2.9948490939246354e-06,6.0426070217754175e-06
convocation,1.7515255678040044e-05,1.8050125725561965e-05
convoke,3.544575484832468e-05,3.629113338049946e-05
convoked,1.5015392966114792e-05,3.6319426885131365e-05
convoking,1.513549057050621e-06,1.987718099262645e-06
cool,4.187343550125034e-06,4.17149926431158e-06
cooperate,5.5548625707067767e-05,8.88972344200986e-05
cooperated,8.841932120274457e-06,2.1197098433448808e-05
cooperates,8.947191168051476e-07,1.6268157889653186e-05
cooperating,7.369417633580447e-06,2.5455440903718953e-05
cooperation,8.315096580325958e-05,0.0002262463819365057
cooperative,1.599216479916004e-05,4.682004172865895e-06
cooperatives,3.5466450412061156e-06,6.803251039007241e-06
cooperator,0.0,5.265429827297688e-05
cooperators,7.449009893215885e-06,8.044276781233317e-06
coordinate,6.202089684042639e-06,4.728804205547634e-05
coordinated,9.258773744343346e-06,3.5707805456289795e-05
coordinates,1.0496265753740031e-05,1.3005946399903022e-06
coordinating,2.1850202076778737e-06,2.611803147391231e-05
coordination,1.0796489567913884e-05,2.9073254995142698e-05
coordinator,0.0,1.3882988134396378e-06
copacabana,0.0,0.0
cope,1.3793176658771433e-05,7.433964755846998e-06
copenhagen,0.0,0.0
copies,0.00015594327934589886,4.644942376703986e-06
copious,2.774423161892097e-05,0.0
copiously,2.4728152032317583e-05,0.0
coptic,2.573966029624503e-06,7.21753448211312e-06
copts,1.8299155022577432e-05,5.683125378097843e-06
copy,5.043572074815512e-05,8.525145130836923e-06
copyright,3.2314947721429584e-06,1.0602686883270273e-05
cor,0.00013069920498237457,0.00019245942302411085
coram,0.0,0.0
corazón,0.0,0.0
corde,0.0,9.469855715515499e-05
cordes,0.0,0.0
cordial,5.1988708317818555e-06,2.6553536653495356e-05
cordiality,1.9540700532275005e-06,3.353451116122359e-05
cordially,6.401628999576523e-06,1.6091101956604203e-05
cordis,2.5588472766602647e-06,5.180096125798529e-06
cordoba,5.3169643365339496e-06,0.0
cords,4.2109300067399455e-06,1.7910232229124667e-06
core,2.3823361053899846e-06,8.129219463729397e-05
corinth,9.091695952859339e-06,4.278981260122502e-05
corinthians,6.27834111701081e-05,4.5276231695876926e-05
cornelius,7.66263493577047e-06,5.3254385425902e-06
corner,1.912869067999409e-05,8.019080516834643e-06
corners,2.348289174708143e-06,0.0
cornerstone,6.344177084942843e-06,1.1462464821097255e-05
cornerstones,3.3142147491384056e-06,0.0
coromoto,0.0,0.0
coronation,8.321298819524152e-06,4.8422175510410885e-06
coronavirus,0.0,1.192814729254314e-06
corporal,3.737849234101514e-05,2.889862353666684e-05
corporate,6.036598832638268e-06,3.398531448940635e-05
corporation,6.736835109692354e-06,3.756782633553355e-06
corporations,1.2096579427228309e-05,3.823516986390739e-06
corporeal,1.4105849938421933e-05,1.896960138837829e-05
corporis,2.1352133858830573e-05,3.793062730340872e-05
corps,3.4525017257940487e-06,1.9374389924817042e-05
corpsaccredited,0.0,0.0
corpus,1.8202343514395555e-05,8.626754820056256e-05
correct,0.0001575147011878281,0.00012823181607584557
corrected,9.321361992614849e-05,3.937814418236348e-05
correcting,4.112593214048666e-05,3.092238175995883e-05
correction,8.449622794730121e-05,6.901280549032099e-05
corrections,1.588188210455105e-05,2.4405308210177577e-06
corrective,3.54955236871103e-06,0.0
correctly,9.260442106159618e-05,0.00019160535687616742
correctness,2.6740958859307805e-06,1.6851688407131418e-05
corrects,5.464867895299965e-06,5.530512114658008e-06
correlation,4.63292391889518e-06,1.169571495754453e-05
correlative,6.094681322315836e-06,1.3839248389998629e-05
correspond,8.659257402385307e-05,0.00010297841123825813
corresponded,2.509757097778753e-05,2.35035476795989e-06
correspondence,4.3171674016472454e-05,0.00010640096434084624
corresponding,4.796349131079221e-05,7.766544492390595e-05
corresponds,4.4593169954861116e-05,0.00013878581955473272
corridors,0.0,2.708490961670036e-06
corrodes,7.218372047430065e-07,0.0
corrupt,0.00017656557396975576,1.2327051975188543e-05
corrupted,6.799604112206122e-05,2.989153274571262e-06
corruptible,2.6490357926022407e-05,3.0785230478448905e-06
corrupting,2.5949920333531097e-05,0.0
corruption,0.00020347972602766015,4.276536440628904e-05
corruptions,7.604743835585322e-05,0.0
corrupts,6.126090756259766e-05,1.228042123440076e-06
cosmetic,0.0,0.0
cosmic,1.3284336171859517e-05,3.926077517325948e-05
cosmopolitan,3.9228764892911785e-06,1.9335006538583674e-06
cosmos,3.719127618980405e-05,4.012990773859256e-05
cost,8.890115074986358e-05,8.631490806727985e-05
costa,0.0,0.0
costly,1.3384758297137431e-05,9.439963336530696e-06
costs,3.645665889462607e-05,3.596551567143265e-05
cottolengo,2.4079802024971033e-06,3.5316703261840015e-06
couch,4.4637958810526695e-06,0.0
could,0.0006616375593769261,0.00045227395059287763
council,0.0007566175064065275,0.002128535465032918
counciland,0.0,1.403146451520451e-06
councilfor,0.0,0.0
councillors,6.259168760840058e-07,0.0
councilof,0.0,0.0
councils,0.0002622747449487337,0.00020577704990327908
counsel,0.000437952604413778,0.00010352031963693958
counselling,0.0,6.744862816562673e-06
counsellor,4.381317351689476e-06,2.6033375496659323e-05
counsellors,6.381324987166385e-06,3.296841552401211e-05
counselor,2.3952866677947203e-05,0.0
counselors,9.673679490303659e-06,6.411143321011191e-06
counsels,0.0002613614565744666,0.00018975036794996344
count,3.112561196684355e-05,5.853093664291538e-05
counted,6.949347112465907e-05,1.7038158415754224e-05
countenance,2.5484850161096936e-05,2.7571329623962017e-05
counter,3.4206516519989944e-05,2.538360455619648e-05
counteract,2.376184059852791e-05,3.2212347577090334e-06
countered,6.503886410640816e-06,2.4552009868571273e-05
counterfeit,3.204979900441751e-05,3.756782633553355e-06
countering,0.0,7.4056463969722075e-06
counterparts,0.0,5.302436881966575e-06
counterproductive,0.0,7.478788049817547e-06
counters,2.8661557330334845e-06,0.0
counting,4.4093337214660126e-05,2.589792336082116e-05
countless,7.808760838929424e-05,8.033171172435408e-05
countries,0.0002237722967923367,0.0003003901238430406
country,0.00035746402641766834,8.441351465955443e-05
countryman,1.012802109103665e-05,0.0
countrymen,6.652283782837674e-05,2.5772956658721383e-06
countryside,2.1386163543503072e-05,2.688610101725483e-05
counts,1.4553533478463973e-05,3.8249038318391055e-05
couple,2.1071466107083518e-05,6.227244776594562e-05
coupled,1.2553321406408645e-06,1.3525314142315453e-06
couples,1.2316730531012773e-05,0.00013495648553933718
courage,0.0001339259303702496,8.474836386945712e-05
courageous,5.093023205861703e-05,5.7258672454927184e-05
courageously,5.080936264240489e-05,4.04821010549475e-05
course,0.0004129422282448088,0.0002899601093243896
courses,2.602158092145696e-05,0.00010484326780732943
court,0.00011481317692000181,3.6797423952734547e-06
courteous,1.716858500751365e-06,0.0
courtesy,1.057791837065801e-05,3.277895719854095e-05
courts,7.744923825986167e-05,0.0
courtyard,0.0,0.0
cousin,7.78485718156546e-06,2.5217353637643362e-05
covenant,5.4462698282586485e-05,0.00033333819557886243
covenants,4.796812656116554e-07,4.495443112638031e-06
cover,4.996584941645955e-05,4.02533397444093e-05
coverage,0.0,2.30886713747544e-06
covered,3.340256184484393e-05,3.933556522967895e-05
covering,3.5788493800247915e-05,2.891531407086963e-05
covers,6.466308086728735e-06,1.1417813296373935e-05
covertly,3.0964055243875105e-05,2.4716340191015614e-06
covetousness,3.462977914310734e-05,0.0
covid,0.0,0.0
cowardice,5.2003348978459896e-05,4.933234299097826e-06
cowardly,4.110039321119487e-05,0.0
coworkers,7.5188666472803365e-06,4.592268269767823e-06
cracow,5.241268951068043e-05,2.2255983224312866e-05
cradle,4.124538178369395e-05,1.1478986058420282e-05
craft,6.229892341492014e-05,9.928832661993902e-06
crafts,2.636454333038871e-05,1.4294575259618538e-05
craftsman,4.1957286394005565e-06,6.883109339426237e-06
craftsmen,1.0242834851173115e-05,1.3469158543272113e-06
crafty,6.075036359352792e-05,0.0
crash,4.796280691741687e-06,0.0
craving,2.6863857053511887e-05,1.3636173373808316e-06
crazy,5.12319592080961e-06,0.0
create,3.93672934055194e-05,0.00010757941339250752
created,0.00016465101292969093,0.0003013959862136515
creates,1.4240669092661907e-05,7.526621269620887e-05
creating,3.663086830286065e-05,8.528933057154642e-05
creation,5.697282389299341e-05,0.00035081293600786447
creations,7.95149590804439e-06,2.695735058257002e-06
creative,4.6524880749319815e-06,0.0001152964617001997
creatively,0.0,4.81339841973652e-06
creativity,7.14774009065736e-07,0.00010555369775168138
creator,0.0001500565993884713,0.00027113757321832856
creators,1.936130255471921e-06,1.2360575508289573e-06
creature,0.00010304831489630527,0.0001434813070057359
creatures,7.957695385630167e-05,0.00011119865045536923
credence,1.9652872886670643e-05,0.0
credendi,5.768704402162412e-06,7.067532424696489e-05
credential,0.0,0.0
credentials,4.883653590118145e-06,0.0
credibility,8.05500701994801e-06,4.641266837791571e-05
credible,3.222708729350882e-05,3.066434434403842e-05
credibly,0.0,3.887708619820683e-06
credit,8.49599291808168e-05,7.890713410789302e-06
credo,1.3925297760989743e-05,4.7190908773537305e-05
creed,4.852402548971738e-05,0.00012279818564979726
creeds,1.441300333874594e-05,9.651371450049753e-06
creep,3.823783680587279e-05,6.974206553243756e-06
creeping,4.0712675316693956e-05,2.467078334516372e-06
creeps,1.3570346541290872e-05,0.0
cremona,1.5547222675630843e-06,0.0
crept,5.571554681355834e-05,0.0
crescenzio,0.0,0.0
crete,5.41530082043854e-06,3.421935670238018e-06
crib,4.172490898557366e-05,0.0
cried,4.4351726774077324e-05,1.7692224195932167e-05
cries,5.2308909921562165e-05,5.2118949461700035e-05
crime,0.00029606557327500194,3.458733770325575e-05
crimes,0.00016042294249430446,0.00021344010850481458
criminal,9.067803534044372e-05,7.244123180535126e-05
criminals,3.337998589801373e-05,9.180319102087458e-06
crippled,8.945176072779239e-06,5.153238630527346e-06
crises,2.9158292760452153e-05,3.903045934827653e-05
crisis,0.00010444676500328828,0.0001647466024990578
cristiana,0.0,1.2466163914085199e-06
cristo,0.0,1.0701638871874678e-06
criteria,5.51390942517154e-06,0.0002578705998682764
criterion,2.141278595068142e-05,0.00010073077494527674
critical,6.423592258534948e-05,0.00010910030705597919
critically,3.4568166535976955e-06,6.718667706437369e-05
criticism,8.204584417888644e-05,2.7127407994701273e-05
criticisms,1.971308099611365e-05,9.038033935616973e-06
criticize,1.730589554897363e-05,2.212189822878524e-06
criticized,8.504616350087174e-06,8.12059628743164e-06
criticizing,1.0032752275312224e-06,2.3982566961533973e-06
critics,2.325052112318864e-05,1.2703832400831726e-06
critique,0.0,5.664814348486504e-05
croatia,0.0,1.0384803782963518e-05
croatian,0.0,1.0404625046195887e-06
croce,0.0,0.0
croix,0.0,1.968722853516377e-06
crooked,5.026071264211958e-06,4.728108302805997e-06
crop,1.977118895760693e-05,0.0
crops,1.3069370169772111e-05,7.321084714765987e-06
cross,0.00016444405657878037,0.0003708996090712731
crossed,1.4336774470506685e-05,8.631377703293242e-06
crosses,1.5838677958548275e-05,3.332885721990381e-05
crossing,1.0978604925866274e-06,0.0001395756533823342
crossroads,2.6956223633059042e-06,7.154104806886118e-06
crowd,7.17857726406454e-05,3.4302463658052075e-05
crowded,4.587034140133667e-05,5.986030992990398e-06
crowds,6.354871150995966e-05,2.6085519326755965e-05
crown,0.00021434811235658067,2.993523902504056e-05
crowned,8.553661907271426e-05,4.456386097601725e-05
crowning,3.4337243439423696e-05,3.810286627237256e-05
crowns,3.535925037077064e-05,1.030811859487451e-05
crucial,6.112681572672422e-06,2.6956870710386317e-05
crucible,5.968855088861732e-06,1.390841024163633e-05
crucified,5.6949793405355825e-05,0.00011830660535152759
crucifix,5.9276757821412585e-06,5.095594407790312e-05
crucifixion,1.828459722511614e-05,1.7757194306410208e-05
crucify,4.692863447903957e-06,1.8370960138295923e-06
crucis,2.7735862089349464e-06,1.5519690353468437e-05
crude,8.676002973086193e-06,5.466211814503079e-06
cruel,0.0001381644678129031,2.0812924308042557e-05
cruelly,6.063589943111013e-05,1.1336943252239668e-06
cruelty,4.206911279926101e-05,1.797657121239965e-05
crumble,6.041007340337752e-06,1.4602183919207821e-06
crumbling,3.571033821653137e-05,2.8833462212564e-06
crumbs,0.0,0.0
crusade,0.00015899495988836167,0.0
crush,2.0467277399042463e-05,2.0489383006193567e-05
crushed,9.208057217039783e-05,1.380830051189109e-05
crushes,1.304176488165371e-05,0.0
crushing,1.665996306142071e-05,1.0447803373006698e-05
crux,1.4061105280032173e-06,3.553775781700718e-06
cruz,4.460394057411343e-06,0.0
cry,9.96981832741988e-05,0.00010066277010179388
crying,4.034162514587049e-05,4.635358019631183e-05
crypt,2.8378115461346527e-06,3.1917050637652436e-06
crystal,3.546903676255506e-06,0.0
csel,0.0,1.9965541999496092e-05
ctv,0.0,0.0
cuba,0.0,2.913393778643001e-06
cuban,0.0,0.0
cubans,0.0,0.0
cue,0.0,1.393658176428345e-05
cui,0.0,0.0
culminate,2.5169643269232555e-06,9.841564801675907e-06
culminated,0.0,4.881432433930906e-06
culminates,0.0,1.9482821039528012e-05
culminating,1.5770248013309059e-06,5.870614534458595e-05
culmination,1.097716408111126e-05,7.17816867650449e-05
culpable,4.689356838358025e-06,1.2715619842988195e-05
cult,7.414184845614189e-05,3.208547502512862e-05
cultivate,8.258133378331808e-05,5.6982482550831024e-05
cultivated,5.6366279913877655e-05,2.8686480869747392e-05
cultivates,1.063991909394676e-05,5.308858271251721e-06
cultivating,4.3736664190414056e-05,1.819395931384096e-05
cultivation,7.9573633918672e-05,1.199689019798439e-05
cults,0.0,1.566405088114314e-05
cultural,1.661026226882854e-05,0.00034237030015317596
culturally,2.4833586462757528e-06,1.0032830807413647e-05
culture,8.580408687782731e-05,0.0004092787695523641
cultured,3.5260920629799985e-05,2.634195917522485e-06
cultures,6.982957170368476e-06,0.00035780977409907315
cultus,7.674577164144878e-06,2.1516566652659e-05
cum,5.855139820018049e-05,0.00015444332699582838
cunning,0.0001574509320825587,1.0658091544289792e-06
cunningly,6.642724767620201e-05,0.0
cuore,0.0,0.0
cup,2.093597434867144e-05,3.330046389188454e-05
cura,7.012873101524265e-06,3.4099190745075666e-05
curb,2.8411390579099627e-05,2.951695037991949e-06
cure,0.00010379221177150877,1.2814697696203474e-05
cured,1.754612678013116e-05,1.2958391377245893e-05
cures,1.2228136718557384e-05,0.0
curia,5.548073432818443e-05,0.00017198606106975283
curial,4.7175967012161557e-07,1.571880511203546e-05
curing,2.2297965863317166e-05,2.2356833770917136e-05
curiosity,2.188409741858088e-05,5.530198554146569e-06
curious,2.5703922453121237e-06,8.215162624526511e-07
currency,1.2920318654258936e-05,6.770336276775967e-06
current,3.858354828055805e-05,0.00011858105855281686
currently,3.0283581730576947e-06,3.5711681532035564e-05
currents,5.742713867516424e-06,5.015101325854826e-05
curriculum,3.141542626927417e-05,0.0001885682240684364
curse,3.0124527440409638e-05,1.1832554975083843e-05
cursed,1.54486265069093e-05,6.472478818706322e-06
curtain,2.7409377591224722e-06,1.2077321233323127e-06
curé,0.0,9.165642899058439e-07
custodian,5.401629953236551e-06,5.688173456382878e-06
custodians,1.5211687742455937e-05,1.5994076078279235e-05
custody,3.9352171669176906e-05,1.935463172511409e-05
custom,0.0005768364237572421,0.0001860175860882176
customarily,0.00014845623679641162,1.5235020338806662e-05
customary,0.00013169747780554693,5.025113378754532e-05
customs,0.0003374729120474391,0.00016627786107216907
custos,0.0,0.0
cut,0.0001288245777074578,4.4733202103038596e-05
cuts,2.2517486410045686e-05,5.766821794717241e-06
cutting,1.4981424824975546e-05,0.0
cycle,9.946550108497601e-05,5.1758942570900666e-05
cycles,1.2369354685740411e-05,1.6107579969164907e-05
cynical,3.37225587362561e-06,0.0
cynicism,1.7799562504403188e-05,1.476039632277566e-05
cyprian,8.269062701635615e-05,3.614437700619245e-05
cyprus,5.9852323030978e-06,0.0
cyrene,0.0,8.203028265166101e-06
cyril,0.00019438336964466832,0.00020491222418740962
czech,5.51993827116735e-07,0.0
czestochowa,1.3198949772916239e-06,0.0
częstochowa,0.0,0.0
cæli,0.0,0.0
côte,0.0,3.7557592817378255e-06
cœur,0.0,1.5897372430709334e-06
dabo,0.0,0.00015499064644312405
dad,0.0,0.0
daily,0.00038184348240798106,0.0002645423165643731
dal,0.0,0.0
dalla,0.0,1.2708454288598124e-05
damage,0.00013328628032297494,6.567663410580545e-05
damaged,1.3898162101515253e-05,1.2933390251746843e-05
damages,1.7350613283828318e-05,0.00011960000969195096
damaging,1.644919131962537e-05,4.64212495282607e-05
damascene,1.974358106120626e-05,1.279815757011599e-05
damascus,5.178774132690493e-06,8.882192045935365e-06
dame,1.2644038507354175e-05,9.954977688635485e-06
damian,1.8192327720445607e-05,3.749271897258105e-06
damiano,1.2345813878868804e-05,0.0
damnation,3.976593186762146e-05,4.515469065948904e-06
dan,9.556789183071384e-06,3.3130436485616542e-06
dance,0.0,0.0
dances,2.1559987452726047e-05,1.7434211795508994e-06
dancing,2.4861233061732617e-06,0.0
danger,0.0005954259095322656,0.00026209642388513827
dangerous,0.00023193363033270937,4.7358849257068765e-05
dangerously,3.4628544069577765e-06,4.255787790589932e-05
dangers,0.000480239480499711,7.41265690644578e-05
daniel,1.7985739754681206e-05,1.3499116375923036e-06
danish,0.0,0.0
dans,0.0,7.4095852547041565e-06
dante,7.586177408826992e-05,2.3410570883679818e-05
dar,0.0,0.0
dare,0.00026076276017506634,1.2141832087881202e-05
dared,9.514907248248333e-05,4.051070607223474e-06
dares,6.874788729894524e-05,3.010069262674143e-06
darfur,0.0,3.1208756786208723e-06
daring,0.00010897672794342953,8.666954233995899e-06
dark,6.397017396650776e-05,7.187631765930835e-05
darken,3.822938705036815e-06,3.2366576640827793e-06
darkened,2.9577831294721483e-05,9.048933530903595e-06
darker,5.202263738256373e-07,0.0
darkest,2.2553888859561404e-06,5.119501146812482e-06
darkness,0.00023898450942515484,7.972186298779888e-05
das,0.0,0.0001155487801567856
dashed,0.0,1.425295584299603e-06
data,1.0074764230284459e-05,3.793705660770157e-05
date,9.17248065834536e-05,0.00011385213009488019
dated,0.0001347537714259453,0.00011366922966359401
dates,6.662988355863495e-06,1.905911207571359e-05
dating,8.235505027902818e-05,0.0
datum,5.407727816283871e-06,1.291383605684427e-05
daughter,6.595873751346076e-05,5.63017378489879e-05
daughters,2.7634912538695267e-05,0.00019550449608314997
daunted,2.277807016906872e-06,1.552872880257638e-05
daunting,0.0,6.4187395936491965e-06
david,7.032132774843814e-05,5.458117864422373e-05
davidic,2.8811653883064098e-05,0.0
dawn,8.221070366271393e-05,9.289390700374451e-05
dawned,3.1547932801779816e-05,1.3676287700006214e-05
dawning,3.412342382707538e-05,4.344665786824811e-06
dawns,0.0,0.0
day,0.00048481247312805577,0.000453323911168717
daybreak,0.0,0.0
dayis,0.0,0.0
days,0.00042806905789555776,0.0001648680917523129
dazzled,1.602385704957975e-05,0.0
dazzling,1.6410323138605833e-05,8.332936241179382e-06
deacon,4.929156762764648e-05,0.00015864435516960054
deacons,1.386772676422694e-05,0.00037428758397394126
dead,0.00010952114624574694,0.00017560650284142838
deadly,0.00022610100033545566,2.782724258676123e-06
deaf,1.9069079851775013e-05,2.1816252773946196e-05
deafening,0.0,0.0
deafness,0.0,3.2811407383053325e-06
deal,7.971099038232089e-05,5.3086639590004764e-05
dealers,0.0,0.0
dealing,8.109137743987537e-05,8.45218923528275e-05
dealings,8.051575513872784e-05,8.701777733503243e-06
deals,2.8298519545033334e-05,3.1922664830698066e-05
dealt,6.482749074556193e-05,7.189880998476579e-05
dean,1.5871703244210106e-05,0.0001118222335510514
dear,4.628141601235961e-05,6.503553407011923e-05
dearer,5.2106839362402024e-05,0.0
dearest,6.633523252577435e-05,3.54757900379907e-05
dearly,0.0001017618135723071,1.3417006013352202e-05
dearnewlyweds,0.0,0.0
dearsick,0.0,0.0
dearsickpeople,0.0,0.0
dearyoung,0.0,0.0
death,0.00032735049437356163,0.0005974290456799008
deathof,0.0,0.0
deaths,1.702802833999969e-05,5.391519117774218e-06
debase,1.377057352678205e-05,5.091159725036105e-06
debased,2.5395838135859872e-05,3.5180755461726967e-06
debasement,0.0,9.569824175416981e-06
debate,1.5118077769363242e-05,0.00010199628698148196
debated,1.4415523610687608e-05,7.3277705135574405e-06
debates,2.1760399326484736e-05,2.070364799528671e-05
debt,5.4675551829008806e-05,7.744375151227991e-05
debtor,6.230679416070043e-06,9.841046243138241e-06
debtors,8.569319057500225e-06,1.8734914745933702e-06
debts,3.739664500324924e-05,1.8122900563156044e-05
decade,2.442970191838983e-05,3.557230632402904e-05
decadence,8.702497685646595e-06,1.2940856083114198e-05
decades,2.7103900373801775e-05,5.875440655584857e-05
decalogue,1.097382710322669e-06,7.907086214045584e-05
decay,3.47830467524079e-05,1.6784998673131903e-05
deceased,4.711032675413137e-05,6.150925173484996e-05
deceit,0.00013734213429805636,1.766297534049571e-05
deceitful,0.0001480119588742305,2.267149265563239e-05
deceits,0.0001045495669797182,1.8516785188691958e-06
deceive,0.0001579480338577258,2.2304575874187134e-05
deceived,0.0002272287884750054,2.1459916543664097e-05
deceives,1.1816400378199685e-05,1.8226174516316382e-06
deceiving,2.6966402829307775e-05,3.6271060579719496e-05
december,0.0002106372691969025,0.0010800715002800489
decency,7.90129211437299e-05,0.0
decent,2.8624048110851077e-05,2.052064679928863e-05
deception,6.685182123910942e-05,2.9761098647948214e-05
deceptions,8.327207434996208e-05,1.2860805391153357e-06
deceptive,5.604913032877677e-05,1.1125237750815814e-05
dechristianization,1.1226164593681665e-05,3.0725833308404925e-06
decide,0.0001510461155605131,7.81427758516701e-05
decided,0.00027140719572408677,0.00013165606648300455
decidedly,3.0349572708588943e-06,3.036390386631901e-05
decides,7.0745070463755695e-06,4.525070140015484e-05
deciding,2.1950759294922606e-05,3.141371586905424e-05
decipher,0.0,7.131109464708476e-06
decision,0.0001621361426786925,0.0003352042737933458
decisions,0.00015119301648979327,0.00018412676117577462
decisive,2.0018153206981736e-05,0.00021188728835456734
decisively,1.2461599704867732e-05,4.7311538257283025e-05
declaration,0.00018565519807430507,0.00029214260764634823
declarationnostra,0.0,3.0032586775676797e-05
declarations,0.0001010328615705022,9.257833622074252e-05
declare,0.0005584268467780885,0.00017665397770991767
declared,0.0004746504856663062,0.00024708113237238884
declares,0.00013634374439882004,4.6106383767714664e-05
declaring,9.234651243401215e-05,3.762112165911191e-05
decline,5.021068862584802e-05,3.432456421748188e-05
declining,4.7649560516594135e-06,1.8143010737515284e-06
decorate,6.323122288116921e-06,0.0
decorated,8.897013484413023e-06,0.0
decoration,2.4576435725130784e-06,1.8067328304248741e-06
decorations,0.0,0.0
decorative,6.489731270855042e-06,3.157675743806779e-06
decorum,3.5913370927843745e-05,0.0
decrease,8.30785560398677e-06,8.956622564566176e-06
decreased,1.984844538301941e-05,2.798122679010451e-06
decreasing,2.3196250012639077e-06,7.582890933299095e-06
decree,0.0014116523019900818,0.0010882419408093794
decreead,0.0,7.606918774442708e-05
decreechristus,0.0,5.992787630602177e-06
decreed,0.00040332450070218673,0.00016700423065591386
decreeperfectae,0.0,0.0
decrees,0.0007862858859700669,0.00027465198770116196
decreeunitatis,1.2601690446134579e-05,0.0003466776633281689
dedicate,5.33642843773563e-05,5.858712335264069e-05
dedicated,0.000108614860137919,0.0001273008923733333
dedicates,4.798228511114451e-06,1.3262489178141219e-05
dedicating,1.483187527763403e-05,3.1436760467565935e-05
dedication,4.227211186337252e-05,7.608368158220293e-05
deduce,9.989231111093168e-06,9.921957105554446e-06
deduced,3.685214776797744e-05,8.504686622872603e-06
deed,0.0001261340569461,3.234197829449e-05
deeds,0.00036068435529379883,8.535997426106637e-05
deem,0.00013118700647587545,3.518199394790131e-05
deemed,0.0001490019241330304,0.00022176402764967506
deems,2.692670303697259e-05,1.293939078287352e-06
deep,9.381228908849297e-05,0.00018852738387915342
deepen,2.006344652205893e-06,6.616744313097154e-05
deepened,9.079564163254301e-06,4.7437803295437445e-05
deepening,1.2149245797193461e-05,4.618332676405491e-05
deepens,3.399288827766462e-06,2.7782110971493848e-05
deeper,4.312883976203371e-05,0.00023197188816840601
deepest,0.00010023141001814229,0.000131348798284808
deeply,0.00018282085012077086,0.00015844052369025412
defamation,2.1057719026619983e-06,3.7001181021057294e-06
defeat,5.2865078170083385e-05,1.3772367979217431e-05
defeated,4.0486927660383634e-05,4.448356191877322e-06
defeating,1.7348728510657789e-06,0.0
defeatism,0.0,6.673871981133244e-06
defeats,4.345455567498653e-07,5.44761377526445e-06
defect,8.590493759341611e-05,1.9838987458804383e-05
defective,2.6616812347619193e-05,8.446049852991063e-06
defects,3.0431659927379985e-05,7.16539856954083e-05
defence,3.6069608356128565e-05,6.101112376625329e-05
defenceless,0.0,2.034951117486691e-05
defend,0.0004092757838116084,9.522883214619398e-05
defended,0.0001738232279047159,4.038905542853525e-05
defender,9.27956600201651e-05,1.972328939235492e-05
defenders,0.00011731022835019701,7.440416811678863e-06
defending,0.00019036939891247683,8.626781809083457e-05
defends,2.942877901567241e-05,1.9182425665066336e-05
defense,0.0005119789052877294,0.0001432240426320514
defenseless,5.056538032936452e-06,7.889975331522614e-06
defensive,7.314497189574407e-06,1.5642556083365533e-05
defer,2.480568903041107e-05,1.3904689586878976e-05
deference,3.751352695381877e-05,2.628281586974606e-06
deferential,0.0,0.0
deferred,1.2900318328882499e-05,4.588532989854258e-06
defiance,2.0969222665634353e-05,1.9749506809477748e-06
deficiencies,5.861930195251286e-06,1.733541837936652e-05
deficiency,3.791956492426734e-05,1.1411043065080015e-05
deficient,3.910003778931377e-05,1.2021296348518135e-05
deficit,0.0,0.0
defile,4.52811653365964e-05,0.0
defiled,5.006952958474349e-05,0.0
define,0.0001784190327927917,6.914002409704073e-05
defined,0.0001460565501297182,0.00018886563740259756
defines,2.078647896177151e-05,2.6016035338092285e-05
defining,2.3998522256466795e-05,2.6855291318017838e-05
definite,8.942844396262275e-05,4.3095117674711094e-05
definitely,3.6865752010402714e-05,3.262630246579664e-05
definition,0.000134509493776994,6.622018625034906e-05
definitions,2.019478147695119e-05,2.964540681728072e-06
definitive,1.9818102644297283e-05,0.00023569473978532967
definitively,8.588038856113656e-06,0.00012806177325973153
deforestation,0.0,4.110855325185439e-06
deformed,1.818047427632426e-05,1.2474803792136757e-05
defuse,0.0,0.0
degenerate,1.5827917502628e-05,1.2353798135668108e-05
degenerates,5.752072312085967e-06,3.1853994675479137e-06
degenerating,1.7885557429708549e-06,1.1633162157108478e-06
degli,1.5659710588543208e-06,0.0
degradation,2.4169299973127103e-05,3.465693413748464e-05
degrade,9.485281425931615e-06,5.857969053539968e-06
degraded,2.6051676232779048e-05,4.945873198895505e-06
degrades,1.0356147864144386e-05,2.00474368824088e-06
degrading,1.4116575109706333e-05,1.8780973466408868e-05
degree,0.00025833139769799226,0.00017040645917512786
degrees,0.00017523881197375207,9.832921896062872e-05
dehumanization,0.0,8.455812786098899e-06
dehumanizing,1.4159812288793586e-06,1.7350987781378683e-05
dei,0.0001971636034868367,0.00035568837773064125
deign,9.945144867300476e-05,0.0
deigned,5.1155680399798576e-05,5.531640494636484e-05
deity,1.6188235442487245e-05,1.0829103123545438e-05
dejected,4.090321371130356e-06,9.026501550818533e-06
del,8.610546386447121e-05,2.091731040813491e-05
delay,0.00019293005000023405,4.607640211537835e-05
delayed,9.38632553016622e-05,2.519920306951141e-06
delays,1.963921168268822e-05,9.235415523932068e-06
delegate,7.584565428855735e-05,0.0001370295476475116
delegated,0.0001060920186433171,2.3098708037538276e-05
delegates,5.8910248923493434e-05,4.295297964152245e-05
delegation,2.8706193958937506e-05,1.69533938468683e-05
delegationof,0.0,0.0
delegations,1.314532028446593e-06,0.0
delhi,0.0,3.4545859872929735e-06
deliberate,0.00010853418973367245,6.551581260011595e-05
deliberately,7.733871633846932e-05,5.680456214549343e-05
deliberation,8.918186377020322e-05,6.13661380377192e-05
deliberations,0.00010109946229850315,8.70980346748464e-05
delicacy,1.5168582910878376e-05,3.217026292331522e-06
delicate,3.151426634108874e-05,4.39441567509471e-05
delight,6.969808664774055e-05,1.9991097493329713e-05
delighted,2.6500150372661995e-05,0.0
delightful,3.9471913050247105e-05,1.626184704220125e-05
delights,3.999304272369084e-05,1.0554456610543319e-05
delinquency,1.0391365735004798e-05,7.496351156209093e-06
deliver,8.474563415918499e-05,3.474909849171148e-05
deliverance,2.8077663819743635e-05,1.0824360663660394e-05
delivered,0.00018099338168466777,3.0359364607888866e-05
delivering,2.4391493549794794e-05,8.960013591315748e-06
delivers,2.7996370961199836e-06,1.0509346260150329e-05
delivery,7.277230555591217e-07,0.0
dell,0.0,0.0
della,3.3709500573992786e-06,2.1540774619636874e-05
delle,1.3141541366954601e-06,0.0
dello,0.0,0.0
delude,9.776070907694752e-06,1.7257021616351677e-06
deluded,4.194560059392143e-05,0.0
deluding,0.0,3.361712344104234e-06
delusion,3.509326290398409e-05,9.752484345683343e-06
delusions,3.6850791611366804e-05,1.4898360244921909e-06
delve,9.51760243488299e-06,5.091261589484766e-06
dem,0.0,6.095600604256042e-06
demand,0.00029861842499512384,0.00013099057558016344
demanded,0.00015045928729640233,8.154870968267108e-05
demanding,3.298418720833007e-05,8.124941731405787e-05
demands,0.0002567422671700988,0.00033496718640299556
demean,1.0685106280119515e-05,2.653758453952261e-06
demeaned,0.0,5.2456094315926675e-06
demeaning,1.8018554912987776e-06,1.2574147257051144e-05
democracies,1.7932803207154085e-06,3.390233387746786e-06
democracy,5.419527873308019e-05,4.4519295564324905e-05
democratic,1.863739434036647e-05,3.279520311766184e-05
democratization,0.0,3.656749687201739e-06
demographic,2.347580458297482e-06,3.365628186651123e-05
demon,2.2526587108385123e-05,0.0
demons,2.554432961142404e-05,6.138644653482193e-06
demonstrate,4.818290862019183e-05,6.302554735137265e-05
demonstrated,6.4330899291441e-05,3.9434076791945906e-05
demonstrates,1.8773123373791836e-05,4.447139293479592e-05
demonstrating,2.6449964610021264e-05,1.898229517848989e-05
demonstration,9.902069975591201e-05,1.468065842994331e-05
demonstrations,4.333163499148438e-05,8.837949338036366e-06
den,2.2831603204516325e-06,9.191314751270737e-05
denial,4.1500888004124605e-05,8.958715630544872e-05
denied,0.00014874785249525217,6.851289049664284e-05
denies,4.7332497101619694e-05,2.228499121295899e-05
denmark,5.611049953474628e-06,1.4764469139760992e-06
denomination,2.5538318109255436e-06,0.0
denominations,9.416331617807056e-07,1.545135951178435e-05
denominator,0.0,0.0
denotes,0.0,4.046893190366842e-06
denounce,0.00010011328958148029,1.2617114645548812e-05
denounced,8.106657043964173e-05,6.784368742875247e-06
denounces,2.0930756611706242e-06,4.240531852459352e-06
denouncing,1.8066068348971197e-05,3.426850032613094e-06
dense,1.565360056789575e-05,1.7915339858369052e-06
denunciation,9.113967485505422e-06,1.3688620206057516e-06
denver,0.0,1.1201730225036185e-06
deny,0.00021229539951183487,0.00010130730424899706
denying,4.3215522182829676e-05,4.4880880350978935e-05
deo,2.746811148953734e-06,6.903059772781942e-05
depart,0.00012218556104818477,2.8538666243181074e-05
departed,9.607827302240182e-05,3.104668710922776e-05
departing,1.5608372317205854e-05,1.013164869346987e-05
department,3.849453102235274e-05,2.0764075376161147e-06
departments,2.0111813356523278e-05,3.276077377316219e-05
departs,7.168379230794785e-07,5.95243757843729e-06
departure,7.754712115452403e-05,5.9472072909388795e-05
depend,0.00012177377702960307,8.400270047745883e-05
depended,2.264420585200408e-05,7.764640412232044e-06
dependence,2.4224593657944805e-05,6.61456199603841e-05
dependency,0.0,1.9619802181517545e-05
dependent,4.111008224716581e-05,4.2937802377255044e-05
depending,1.5978833846209046e-05,2.9316780109848822e-05
depends,0.00014326221887735595,0.00011264467765367172
depict,4.508780494104989e-06,2.9699121776936113e-06
depicted,7.471818398871111e-06,1.4615764842659374e-06
depicting,3.7686322404027797e-06,7.296953607117313e-06
depiction,0.0,5.320007686237788e-06
depicts,0.0,4.609930843936208e-06
depleted,0.0,7.915603023397099e-06
deplorable,0.00015822914054010914,1.822364795048063e-05
deplore,0.00020705980238639439,4.398059316547288e-06
deplored,0.00010466016672637366,1.4673347085271587e-05
deploring,2.027094833884398e-05,1.2375501793123955e-05
deportation,3.4595460378615703e-06,1.6609033272043313e-05
deported,7.6078495440599695e-06,2.1745846563932792e-06
deposed,3.32140277584295e-05,9.502029327959328e-06
deposit,8.451812886131752e-05,0.00011548979546640225
depositary,8.245439111835331e-06,1.1049180152114826e-05
deposited,7.22925702619095e-06,5.65230138702937e-06
depository,1.0267973138131309e-05,0.0
depositum,0.0,4.498744040973289e-06
depraved,0.00013833340318033052,1.1814227894045967e-06
depravity,7.457841399642939e-05,1.72781792346166e-05
depressed,1.4689483397415208e-05,1.77933813705605e-06
depression,9.048682896802151e-06,1.3301959511550121e-05
deprivation,7.107425106931323e-06,3.527832793562944e-05
deprivations,3.293369714178418e-07,3.122510466758072e-06
deprive,0.00015059232756478957,6.623348520722047e-05
deprived,0.00026971107066367517,0.00017460947647950117
deprives,2.586328069552169e-05,2.2699979929833737e-05
depriving,3.400897464306338e-05,1.5558001817987563e-05
depth,3.1859953104808226e-05,0.00021178404997084337
depths,0.00014036437278254447,0.0001348123678312446
depuis,7.40605973176499e-06,0.0
deputed,6.478057959965622e-05,1.8653264684923267e-05
deputies,2.1623676658893244e-05,5.526969660470508e-05
deputy,1.6108499695969338e-05,0.0
der,9.251104231321094e-06,0.0002632817237572512
deride,2.8357551813734293e-05,1.4154243085702877e-06
derided,1.8126729484437156e-05,0.0
derision,9.789258815188679e-06,2.3565801046891865e-06
derive,8.12796154097696e-05,9.871457380006956e-05
derived,0.0001934957625020757,9.971519423408726e-05
derives,6.05677668259761e-05,0.00012459913693440794
deriving,2.5204348215618193e-05,9.654584037159468e-05
derogate,2.6082640274955164e-05,1.4273391414023665e-05
des,4.5995655234629876e-05,0.0001260511524370605
descend,4.614439547902082e-05,1.8134498437275574e-05
descendant,0.0,1.4294575259618538e-05
descendants,2.1834004570130327e-05,3.1407033521800074e-05
descended,3.49179119644175e-05,2.2133666357538047e-05
descending,8.087871138481228e-06,5.9817631912699e-05
descends,1.732028542094265e-05,1.8928414376734266e-05
descent,1.010011000372701e-05,1.1327048577834552e-05
describe,4.5977583964920044e-05,6.8713027141678e-05
described,0.0001299572907824971,0.00014715902906848788
describes,3.947391657103785e-05,4.3915738962637164e-05
describing,2.1114557758120968e-05,2.8389312048944944e-05
description,3.1766638836938326e-05,7.72386872972645e-05
desert,4.9158687291194916e-05,3.390223052683073e-05
deserted,2.784318148231438e-05,0.0
desertification,0.0,1.0855270527547094e-05
deserts,1.4741166012671878e-05,3.755198629301616e-06
deserve,0.00012275286942082378,8.569200028631269e-05
deserved,0.0001340133593470486,1.7547099950725664e-05
deservedly,0.00010596020111234918,1.010516648475086e-05
deserves,5.221983941711513e-05,6.795946754810474e-05
deserving,9.993394878840898e-05,4.863182264875581e-05
design,0.00014147273083299622,5.210658184348255e-05
designate,6.0059777658361374e-05,1.27165314930582e-05
designated,9.268678335370925e-05,9.222356918015438e-05
designates,1.2359318233935732e-05,1.4387436679860394e-05
designation,5.1421606540523645e-05,1.9203800556031808e-05
designed,4.4126638999810094e-05,2.098123373893062e-05
designs,0.00022311301885240563,3.7579323540687826e-05
desirable,0.0001572576771969335,5.224403653447006e-05
desire,0.0006625866117072534,0.00033567471668703274
desired,0.0003695488456581753,0.00016902573430206165
desires,0.00047450699225763324,0.00014539218057818272
desiring,0.00014190665883612462,7.178422230018171e-06
desirous,0.00011978214944871499,1.8669220246827744e-05
desist,9.12042057648219e-05,0.0
desk,0.0,1.709160332301677e-06
deskur,0.0,0.0
desolate,2.64007272858439e-05,1.1503802722806528e-06
desolation,4.3108568526256056e-05,1.939266446103939e-06
despair,5.3057637271189144e-05,4.2217334866378596e-05
despairing,1.1460128267014383e-05,3.0551428558177666e-06
desperate,1.9995479675603322e-05,1.4566362009345006e-05
desperately,1.394813134992473e-06,0.0
desperation,7.16584593158647e-07,9.485762229769255e-06
despicable,1.6796067238619095e-05,0.0
despise,0.00015163764508606102,1.8502186371271385e-05
despised,8.824416036843255e-05,3.376333231714992e-05
despises,3.205514045269122e-05,1.91818015318048e-06
despising,3.141721891709634e-05,1.752870612188027e-06
despite,0.00014229993146772966,0.00013503682934512906
despoiled,6.428688756734129e-05,0.0
despondency,1.5172184131632123e-06,0.0
despotic,9.124141140818748e-06,1.2963167691862125e-06
destination,1.6417314742524272e-05,3.3736126229886593e-05
destined,0.00014180900966129814,9.634635153592221e-05
destinies,7.360140128952645e-05,3.338670026283208e-05
destiny,2.2471672215755823e-05,0.00017104474966360815
destitute,9.539235700705648e-05,9.799059024265213e-07
destitution,3.336135075439038e-05,1.5291118415509782e-06
destroy,0.00038269919460895803,7.054801054383385e-05
destroyed,0.00022603135781177678,9.250166109014118e-05
destroying,5.80622667397463e-05,3.292426291132047e-05
destroys,5.0740488304220984e-05,1.5972864551146245e-05
destruction,0.00032697807682415485,9.121447139567352e-05
destructive,0.0001234256456393091,5.1879873874159954e-05
detach,6.898408134159248e-06,2.3880166818126267e-05
detached,1.3513645521708633e-05,4.4091913106420575e-05
detaching,3.6472541318794302e-06,6.914542922176061e-06
detachment,2.0990012728865502e-05,2.9369480224203098e-05
detail,0.00011371461521349049,6.457097760047833e-05
detailed,2.73045038106676e-05,3.850642674409454e-05
details,0.00013237552462037216,2.419735123486034e-05
detained,5.650840081613259e-05,0.0
detainees,0.0,0.0
detect,1.93079693696919e-05,9.108771886500396e-06
detected,2.9175614305052167e-05,0.0
detention,4.5645205854662693e-07,1.7304267630999033e-06
deter,2.9370962790585042e-05,0.0
deterioration,5.332808839092584e-06,2.9406599222175995e-05
determination,6.0604505877112055e-05,5.030348336394514e-05
determine,0.0001574626679883345,0.00020394748373585858
determined,0.0002216504653650582,0.00016440791303776845
determines,2.4424931902041525e-05,6.16094371988367e-05
determining,2.8634474163264832e-05,5.2862807052191626e-05
deterred,5.218192229603599e-05,1.0228181665992451e-05
deterrence,0.0,2.7107555898612276e-06
detest,4.497943059621491e-05,1.4064011603700014e-05
detestable,6.12205523074935e-05,6.047469423482896e-06
detract,3.5366668508788026e-05,1.7266079867536027e-05
detracting,1.3534631303209933e-05,1.911054145010591e-05
detracts,4.7996940000593815e-06,4.688288925051458e-06
detriment,0.00014094912636986677,4.108969759711098e-05
detrimental,4.922839636251663e-05,2.8526828089123203e-05
deum,6.867889734872218e-06,6.561099941867831e-06
deus,6.330922911205096e-05,2.8627250388304524e-05
deut,2.863766086527135e-06,0.0
deuteronomy,1.264441040699114e-06,1.3081434385964255e-05
deux,0.0,0.0
devastate,3.084937713586817e-05,0.0
devastated,1.9567257030163914e-05,0.0
devastating,1.2042007457543408e-05,8.310235351666466e-06
devastation,3.0674224732856996e-05,1.2993448070930392e-06
develop,6.402310741351666e-05,0.00014415256046417224
developed,7.667058945691818e-05,0.00025563526933973084
developing,4.7017679443040635e-05,0.0001418012714468663
development,0.0001033894604106923,0.0005692110777935072
developments,2.3677009869995575e-05,9.603104408968412e-05
develops,2.084432961347856e-05,9.69944901391625e-05
deviate,1.9680939805940147e-05,3.576540278890198e-06
deviation,1.3822471386838218e-05,1.7821785813028804e-05
deviations,3.454701591553201e-05,3.046490414463796e-05
device,1.817104679283733e-05,5.251888495702952e-06
devices,5.056031416258656e-05,5.99534064887879e-06
devil,0.00018301058925074642,3.428275707882824e-05
devious,7.416118521695875e-06,1.8498414015580137e-06
devise,1.3966191721789628e-05,2.324100684218229e-05
devised,0.00010516703527709794,3.4593608240406825e-05
devising,5.072490244900084e-06,3.083229277019184e-06
devoid,5.0292905381599525e-05,2.151115354111189e-05
devolves,1.8544672802663e-05,1.6308624416900144e-06
devote,0.0002144764901906174,0.00016739495028147844
devoted,0.0002673004972394576,0.00017878775120788346
devotedly,3.490639063434231e-05,1.769524059210341e-05
devotedness,3.748269277765447e-05,0.0
devotees,4.941372544411164e-06,0.0
devotes,3.217787288534488e-05,1.765103949857783e-05
devoting,5.273413964770669e-05,7.133192213299783e-05
devotion,0.0007568384725200538,0.00021230587701842965
devotional,1.993222145489293e-05,3.601199915706644e-05
devotions,0.0001028769375269021,0.00019313534969838588
devour,1.541624826371505e-05,5.37155324229569e-06
devoured,1.6645896601161754e-05,0.0
devout,0.00015968886641890603,8.634774280475712e-05
devoutly,0.00016672853260689445,6.744603324727008e-05
dew,1.6373311205718836e-05,0.0
dhabi,0.0,1.0586999957229948e-05
diabolical,0.00010593226506639855,1.3742301193990827e-06
diaconal,0.0,0.0001667784248963135
diaconate,4.888986635278968e-05,0.0004263480435697943
diagnosis,8.405586126233487e-06,5.237972657843018e-05
diakonia,1.4305068212615805e-06,8.501774343148957e-06
dialect,3.641621261774453e-06,4.496903049218948e-06
dialectic,4.789535755775787e-06,1.5335212687525684e-05
dialectical,1.071156235527125e-05,1.0848452981928182e-05
dialogical,0.0,3.1169387255488625e-06
dialogue,7.884516557236123e-06,0.0004745776044064652
dialogues,0.0,1.0715596602072491e-05
dialoguing,0.0,0.0
diametrically,7.901801348918594e-06,6.651831186697605e-06
diary,2.9682889355105015e-07,2.949407337161475e-05
diaspora,5.645825231130659e-06,3.0443096524897008e-06
dicasteries,9.661094111269684e-07,0.00014705896922196317
dicastery,4.012093983103769e-08,9.662966400693036e-06
dicatum,0.0,0.0
dicembre,0.0,0.0
dichotomy,0.0,4.410910397298591e-05
dictate,1.7719634939420252e-05,2.0732461288885454e-05
dictated,3.955477996114627e-05,1.6948142184115763e-05
dictates,6.954777337065298e-05,1.6027981120988842e-05
dictatorial,0.0,1.0077731021217123e-05
dictatorship,6.5217869431831155e-06,1.6437891500864418e-05
dictatorships,2.5005994555808093e-06,2.724245588854652e-06
dictionary,1.4714002090582365e-06,2.955760332732338e-06
didactic,7.890880689310027e-06,6.37877576039617e-06
die,0.00017061023086089745,0.0001006728810788907
died,0.00011956920348175198,8.63599152567602e-05
diego,0.0,5.720594982591784e-06
diem,1.5757217120010015e-05,1.905202380640435e-06
dies,2.727607079482204e-05,7.843537529579927e-05
diet,1.2747890887540932e-06,0.0
dieu,3.19661682521329e-05,1.0344979820042243e-06
differ,7.414379125376882e-05,1.8058169105886956e-05
differed,2.816524249829213e-05,1.176348579978042e-05
difference,0.00012061110301291631,9.832479314643392e-05
differences,0.00010471278021608714,7.036438531278302e-05
different,0.00022719283881670048,0.0004984113969117493
differentiated,4.6441513808030557e-07,3.7574042047810495e-05
differentiation,1.4395600675238668e-06,2.0768008150110996e-05
differently,5.776346819300637e-05,4.400422909335763e-05
differing,5.850606764595943e-05,6.096901524369028e-05
differs,5.962073082350325e-05,5.097306274571443e-05
difficult,0.00021646265101862058,0.0002582482375089326
difficulties,0.0002285962326312707,0.000185398293437751
difficulty,0.0001405629733071206,0.00011650996753713481
diffidence,1.631548022117496e-06,0.0
diffuse,2.5997818393006546e-05,0.0
diffused,9.317497875199002e-05,1.5328397072774956e-05
diffusion,4.413352503413057e-05,8.360847277247589e-06
dig,1.95830026953212e-05,1.2890252887271476e-06
digital,0.0,1.2060637242511759e-05
dignified,2.2642157130833245e-05,4.046194385816528e-05
dignitaries,1.9852446658043304e-05,0.0
dignitatem,1.0876816115816071e-05,8.739529621265742e-05
dignitatis,0.0,2.5519646379689913e-05
dignity,0.0004193279109300166,0.0004723820227507147
dilemma,6.219059995676677e-06,1.4650717160311619e-05
diligence,0.0003971654512617988,4.261062273715214e-05
diligent,0.0001789207431290954,3.088253767077021e-05
diligently,0.0005771470409949033,2.2855103127743464e-05
dim,1.592657099016002e-05,1.3926895357106656e-05
dimension,3.5467558740579094e-06,0.00033079983257252904
dimensions,1.07006551248543e-05,0.00013619219804718554
diminish,0.00013222793381376073,8.701829054361083e-05
diminished,8.549911229928912e-05,4.124674724956119e-05
diminishes,8.296855133832419e-06,2.5500805245952e-05
diminishing,1.5691436772534762e-05,5.045831522387638e-05
diminution,2.973806695945216e-05,1.8578730096872544e-06
dimitrios,4.228743881798146e-06,1.2751980254121947e-05
dimly,9.262194508631782e-07,1.2977313868916134e-05
dimmed,4.456685761686351e-06,2.951426774654315e-06
din,5.053580845750093e-06,2.723757415101803e-06
dinner,9.822731371061802e-06,0.0
dio,0.0,0.0
diocesan,0.00011811502916679442,0.0005125475571996903
diocese,0.0002447623106790521,0.00043654431510566267
dioceses,0.000513904292004727,0.00013856706413417605
diocèses,0.0,0.0
diognetus,1.1549967440331288e-05,0.0
dionigi,0.0,0.0
dionysius,7.320898910998778e-05,1.6568125291800695e-05
dios,0.0,2.5139651416031506e-06
diplomacy,1.8136633624914764e-06,3.58281940461497e-06
diplomat,0.0,0.0
diplomatic,7.213701966003762e-06,1.9643288229608293e-05
diplomats,4.345955990979922e-06,0.0
dire,7.366675667158251e-05,1.065782345135566e-05
direct,0.0002670032867902431,0.0002273696807870109
directed,0.00019654083346112825,0.00025327889681557407
directing,8.181157278023323e-05,4.8811616684848875e-05
direction,0.0001804177439879728,0.00014606282203617895
directions,7.591449916549224e-05,2.8527666948506503e-05
directive,2.761312696871132e-05,1.198890222959608e-05
directives,8.466482015779448e-05,0.000296879959783228
directly,0.00016219353376767455,0.00035932366967422074
director,2.4194657028618383e-05,7.504724944535271e-05
directors,8.376850312357109e-05,1.847696668994676e-05
directory,0.0,0.00011007656277448035
directs,4.289779340261976e-05,5.713331070290988e-05
dirt,1.8235855318188813e-06,1.962704529576223e-06
dirty,1.2703459411289391e-05,1.8466550271088874e-06
disabilities,2.3212097233640337e-06,1.6332439959574945e-05
disability,2.2472270473308488e-06,3.8825258478472826e-05
disabled,7.358713602363247e-06,4.160408861712188e-05
disadvantage,2.4004453843202168e-05,1.1764486653058275e-05
disadvantaged,1.276246769551533e-06,1.7112738282360615e-05
disadvantages,1.891826928116354e-05,6.676986738694752e-06
disagree,2.7922313512020965e-05,1.0484880081117392e-06
disagreement,9.163763757838739e-05,2.5563082771670115e-05
disagreements,6.710562954773372e-05,2.465991137664265e-05
disappear,3.6619538156551666e-05,1.619289854740063e-05
disappearance,7.701218215457205e-06,1.7266800328164913e-05
disappeared,2.1585265565429315e-05,2.3690636593653563e-05
disappearing,7.520419157117513e-06,4.7663359060144363e-05
disappears,4.113062841629721e-06,6.888125055038163e-06
disappoint,1.903018980287688e-05,2.5628777873972506e-05
disappointed,5.807378442682218e-06,4.905335490596809e-06
disappointing,0.0,9.55014191902752e-06
disappointment,1.4651037029871263e-06,9.63254849231773e-06
disappointments,3.7316123349720105e-07,1.7715156624080447e-05
disappoints,0.0,8.640562258828755e-07
disapproval,3.954607591258188e-05,2.0255287372060076e-06
disapprove,4.2951096822448194e-05,0.0
disarm,0.0,0.0
disarmament,9.337252211024594e-06,3.860264760812393e-06
disarmed,0.0,8.120476325207457e-06
disarming,0.0,3.6192247017594617e-06
disaster,8.517251102900906e-05,3.540539470654411e-05
disasters,8.055020110078878e-05,1.3316741370387489e-05
disastrous,9.247914816655343e-05,7.172384636337473e-06
disbelief,0.0,4.010545215801225e-06
discalced,0.0,1.9285658924458727e-05
discard,1.3644874354263855e-05,6.266932123097889e-06
discarded,2.5408675113606272e-05,1.6842542400940462e-05
discarding,3.822039899246435e-06,3.749860518523779e-06
discards,0.0,1.0238829007954729e-06
discern,1.2232503615270477e-05,0.00014417929887474356
discerned,3.72277341307167e-05,4.0874846417946415e-05
discerning,1.6039482978653955e-05,5.687293757584241e-05
discernment,7.401098158292061e-06,0.0002080618874937944
discerns,3.6241083841690535e-06,2.85419016844064e-06
discharge,0.00011479719375644087,7.684018310307858e-06
discharged,9.746634575073886e-06,1.994743002137678e-06
discharging,5.229143244205784e-05,0.0
disciple,4.659256520043555e-05,0.00010050799709726744
disciples,0.0001214341154270019,0.00026658105543676336
discipleship,1.9212162444671446e-06,1.565645476439481e-05
disciplinary,1.7803262880022176e-05,0.00010310889166392083
discipline,0.0007514407396302152,0.0005265180035795488
disciplined,1.750576107798045e-05,4.247643560134205e-05
disciplines,0.00014797691501313126,6.998789101782572e-05
disclose,1.183509368239005e-05,1.9937990039356384e-05
disclosed,1.771531052768976e-05,2.2177643098989908e-05
discloses,1.0920382793990316e-05,2.657706632490676e-05
discomfort,6.324955675094324e-06,0.00019283853415871612
disconcerting,0.0,1.3287561680566356e-05
disconnected,1.4845284326748978e-06,4.233996296550691e-06
discontent,2.895195583322824e-05,1.0127859904054093e-06
discord,0.00024689707943071227,2.9033590015956192e-05
discords,0.00012199779077363809,5.079592300211983e-06
discorsi,1.1129747211432508e-05,1.5935402576218952e-05
discorso,0.0,0.0
discorsodi,0.0,0.0
discourage,1.0441350825663723e-05,3.141083743571197e-05
discouraged,9.296771544708545e-06,1.8561206791167195e-05
discouragement,6.1568185222558126e-06,3.1617877227539455e-05
discouraging,9.211197695634633e-06,7.097834751335401e-06
discours,0.0,0.0
discourse,4.280310320152931e-05,8.984282995823419e-05
discourses,4.545254539627129e-05,1.5493841539196586e-05
discover,5.87606425647157e-05,0.00018127769307597075
discovered,0.0001274286094947125,9.803077064514645e-05
discoveries,4.203470234285963e-05,6.915808002139583e-05
discovering,1.0192971995417395e-05,4.886113502124782e-05
discovers,7.921540568338113e-06,6.0251009837195094e-05
discovery,5.9701270940333486e-05,8.747242753576867e-05
discredit,2.918890379791836e-05,4.4313880772763355e-06
discredited,2.037677995729632e-06,9.699475669270275e-06
discreet,1.0567301137003692e-05,2.8552849240457105e-05
discreetly,3.480112031578426e-06,0.0
discrete,8.42870177114044e-06,1.5006578179825972e-06
discretion,0.00013445688643003094,0.00012041642843350308
discriminate,3.0418486683383424e-06,0.0
discriminated,7.462658207157849e-07,1.6532119492620663e-05
discriminating,9.004520901856805e-06,2.9623337486410313e-05
discrimination,1.208611546855609e-05,0.00016778375590423744
discriminatory,0.0,5.007106455972135e-06
discurso,0.0,9.360502998625149e-07
discuss,0.00010110487858758195,7.815488713674888e-05
discussed,0.00011854747515837478,6.703962737856149e-05
discussing,4.961535045165632e-05,4.986095609130556e-06
discussion,0.0001372365506086991,0.00015194488090673042
discussions,7.894374732771049e-05,6.237844501879692e-05
disdain,4.184801269348893e-05,2.5854368271388845e-05
disease,8.325895877428937e-05,3.367234543091208e-05
diseases,4.330804430246171e-05,3.512578200505081e-05
disembodied,0.0,1.075909730138402e-05
disenchantment,0.0,8.093711686432533e-06
disengagement,0.0,3.3453153813520673e-06
disfigure,1.301300770305272e-06,5.36588864317935e-06
disfigured,5.864870821765457e-06,1.6054632137285567e-05
disfigures,4.736010418215957e-07,3.046576854631772e-06
disgrace,7.74525406631345e-05,1.1035552717619357e-06
disgraceful,0.00011930433857793143,1.1768258962357492e-06
disguise,2.617802619814201e-05,5.102369716663462e-06
disguised,1.3026050879515352e-05,7.509788299830573e-06
disgust,1.5961860895134398e-05,0.0
disheartened,2.0487199797948902e-05,0.0
dishonest,4.538664165124335e-05,2.6619079388187353e-05
dishonesty,1.1779755553085312e-05,3.5494762058080208e-06
dishonor,4.8944678972440734e-05,2.7026053070608514e-05
dishonour,1.3346129847878408e-05,1.6840414050506302e-05
disillusioned,0.0,8.563972806412579e-06
disillusionment,8.032630724225625e-06,4.5948501525829444e-06
disinherited,3.2568845813746024e-06,5.912770463294926e-06
disintegration,2.9411428233985075e-06,2.0048636262963315e-05
disinterest,0.0,5.11314263084321e-06
disinterested,1.0287241890059305e-05,4.0604895990889236e-05
dislike,3.5017117299377494e-05,0.0
dismay,1.3805987615726817e-06,1.3986711925157987e-05
dismayed,1.0384020507250855e-05,1.3255066755164167e-06
dismiss,1.662391364414561e-05,4.764754812580258e-06
dismissal,3.2578259565155713e-06,0.00029204906051349993
dismissed,2.521199648975437e-05,9.50874421523905e-06
disobedience,3.8889861016409713e-05,7.820364338809186e-05
disorder,0.00013396372890282706,6.744062878202617e-05
disordered,1.7617213075654493e-05,6.825734516350735e-05
disorderly,3.965350092829384e-05,8.092044644158465e-06
disorders,4.2296071969564155e-05,6.837517765620926e-06
disorientation,0.0,4.10870950940895e-06
disoriented,0.0,9.28128323718042e-06
disparate,4.627699755901314e-06,4.019271159745391e-06
disparities,0.0,3.5028934858013515e-06
disparity,5.386355049411583e-06,1.0834028847471519e-05
dispel,4.100609695244299e-05,1.1310143576690086e-05
dispelled,6.755208674631e-05,0.0
dispelling,6.694828271384612e-06,0.0
dispels,1.4859340325969852e-05,0.0
dispensaries,3.782929504945934e-06,5.886465854012953e-06
dispensation,0.000408774758215526,3.1311249190580055e-05
dispensations,0.0001451874467929274,1.730636029081045e-05
dispense,8.261079556254539e-05,3.7471966058159264e-05
dispensed,3.832165214324436e-05,9.325738569559852e-05
dispenser,5.110959730667159e-05,1.317873942205286e-05
dispensers,4.4090370389729344e-05,5.1112680360076455e-06
dispenses,5.012398188639412e-06,3.2082709721914094e-05
dispensing,6.037509151010325e-05,1.3569018662964835e-05
disperse,1.9432255098338124e-05,3.2382917378955844e-06
dispersed,4.813870983063207e-05,4.438240691241685e-06
dispersion,4.636757130367862e-06,1.5036951903030674e-05
displaced,2.6306875543531264e-06,2.137355848924402e-05
displacement,0.0,3.806019484113685e-06
display,0.00010996839657374471,3.984885726944225e-05
displayed,0.00011245906508855456,2.4893729856856098e-05
displaying,2.665863026466643e-05,1.8384953330722862e-06
displays,4.93962903942111e-06,1.7040771033792202e-05
disposable,0.0,1.4034516609748152e-06
disposal,8.764068137131027e-05,6.807919856504018e-05
dispose,5.912617755971832e-05,8.990940524474599e-05
disposed,9.114490704345977e-05,0.00011443898260492915
disposes,1.347145878305676e-05,1.7370842253499422e-05
disposing,2.3466881109132638e-05,1.5800506862098623e-05
disposition,0.00023482422295545514,8.980908865491336e-05
dispositions,0.00012615871732376004,0.00019963485195712523
dispossessed,4.796812656116554e-07,2.298627389440232e-06
disproportion,6.516771480624095e-06,8.934576133346742e-06
disproportionate,0.0,1.9566968063396235e-05
dispute,9.859355841982994e-05,7.808438979806256e-06
disputed,1.8469111088057094e-05,2.2404244961886527e-05
disputes,8.883676176048729e-05,1.7001768945669984e-05
disquiet,1.4887334847081162e-05,4.2393763414583855e-06
disquieting,0.0,2.5021248950743368e-05
disregard,4.646586702445746e-05,5.393510477422586e-05
disregarded,3.7667880255386753e-05,1.9102851832149507e-05
disregarding,2.8393140409348964e-05,1.665451191067118e-05
disregards,1.236611910620014e-05,7.436699551265597e-06
disrespect,1.6210142852439693e-06,1.9252246987144463e-06
disrupt,2.200393023096245e-06,1.948544002894412e-06
disrupted,1.2436054377751555e-05,1.3702851083951464e-06
disruption,5.32399120774241e-06,0.0
disruptive,2.3458917065952914e-06,2.9087139284447447e-06
disrupts,0.0,3.910960646223117e-06
dissatisfaction,7.326044328537708e-07,1.5551027734512787e-05
dissatisfied,3.88623019829272e-06,4.979803678152196e-06
disseminate,6.108443083549268e-05,1.6102564888253355e-06
disseminated,0.00010416533110270767,6.626924839306156e-06
disseminating,8.632652001065677e-06,0.0
dissemination,1.6744154275749664e-05,4.670636119163997e-05
dissension,0.00015161941009104695,0.0
dissensions,0.00022888627832767517,1.1146394753389038e-06
dissent,5.452083251597535e-05,3.6841263703202273e-06
dissimilar,3.218620840757414e-05,7.707550728927922e-06
dissipate,4.840983933144535e-05,0.0
dissipated,3.8880689405769045e-05,0.0
dissipation,2.5042280387971575e-06,0.0
dissociated,3.2787341046220823e-06,2.1183094288930393e-05
dissolution,4.9343659458659153e-05,2.4927851175609735e-05
dissolve,3.765577116995705e-05,7.0133592158001704e-06
dissolved,9.292198850297843e-05,2.743095272715594e-06
dissolves,0.0,0.0
dissuade,4.4066623337166295e-05,2.026324735669082e-05
distance,3.5164549700304987e-05,3.580294555042706e-05
distanced,1.3726273558674047e-06,0.0
distances,2.2822475609919808e-05,2.4967414516071326e-05
distancing,0.0,6.305127234071241e-06
distant,0.00011656064613793455,6.044548962975956e-05
distilled,0.0,0.0
distinct,7.538267469661618e-05,0.00017907499465780172
distinction,0.00014186731092956736,9.077432447841582e-05
distinctions,3.604500149816767e-05,3.821381935074484e-05
distinctive,2.3617258163222473e-05,8.589407019763541e-05
distinctiveness,0.0,9.474163509736168e-06
distinctly,2.604858853771114e-05,3.453933321279329e-05
distinguish,6.941139272523916e-05,4.5931513501549995e-05
distinguished,0.0001359215558721018,8.187907293552671e-05
distinguishes,1.2326146555158922e-05,5.2995956430641435e-05
distinguishing,4.089911858942489e-05,3.462961640792623e-05
distort,6.917761502703733e-05,1.1521954715359819e-05
distorted,2.8234795305994863e-05,3.881609842847809e-05
distorting,1.0798188179670345e-05,1.8203966535156816e-05
distortion,2.119779823822375e-05,4.706375036875523e-05
distortions,0.0,1.0016512518857078e-05
distorts,5.9121367471184695e-06,2.07219164584963e-05
distract,7.97523639601649e-06,7.797793335742657e-06
distracted,2.163482516638412e-05,3.714214001728952e-06
distraction,4.6274023057412747e-07,6.194992805262967e-06
distractions,4.981369147283681e-05,3.879089157914068e-06
distress,0.00018677524223360042,2.7551010952776667e-05
distressed,5.363924619930228e-05,4.464331762890312e-06
distresses,4.510972560917245e-05,0.0
distressing,5.1739201585065535e-05,1.7614832740433062e-05
distribute,5.8725347249371115e-05,3.4647724703069455e-05
distributed,9.467917715321864e-05,3.163419559873892e-05
distributes,3.2732698060929932e-06,1.1889720303790244e-05
distributing,2.5278962410287282e-05,4.318860287855396e-05
distribution,8.107298037609272e-05,9.478176261910275e-05
distributive,8.490773186121207e-06,5.953322840828792e-06
district,6.383392087820958e-05,1.0484898644188953e-06
districts,0.00016310701813915794,0.0
distrust,1.7024528404958425e-05,3.535282530431815e-05
disturb,8.293404508923628e-05,1.641256672566196e-05
disturbance,0.00012972523384758458,3.139506365566454e-05
disturbances,9.413310331714485e-05,4.934677988976023e-05
disturbed,0.00015040868952724714,6.18400438311866e-05
disturbing,6.714783191824916e-05,4.913055336389145e-05
disturbs,3.409205777150508e-05,4.458316147710822e-06
disunity,2.3486398589834016e-05,3.265768468051667e-05
divergence,5.139870350228108e-07,8.866625612317669e-06
divergences,1.1879427379927764e-05,2.4827548297500232e-06
divergent,1.1855104717832105e-05,1.5646000489655248e-05
divers,4.559582968620936e-05,0.0
diverse,6.545313898461545e-05,8.934112514963496e-05
diversified,6.650692279875701e-06,3.0951465696298604e-05
diversities,3.708279477037254e-06,7.768523722380548e-06
diversity,3.461341653260537e-05,0.0001341044649273916
divert,8.526333488755316e-06,5.105672046703473e-06
diverted,1.7103326056891402e-05,4.72013301383658e-06
dives,4.516536726644586e-07,1.0849973253622107e-05
divest,3.9046745053261215e-06,1.817281709550519e-06
divide,8.312499308151242e-05,2.808086637032835e-05
divided,0.00011425308749023141,0.00018390820298175062
divides,4.411453585346949e-05,1.6040687836771334e-05
dividing,1.1837663116980865e-05,1.0753199920533238e-05
divina,2.0165017946511286e-05,3.9030076400511755e-05
divinae,1.7244667206717636e-05,3.1830205712982035e-06
divine,0.0016236725630084852,0.0007199193307222414
divinely,0.0002912457974942024,4.7876400875160466e-05
divinities,3.594461709492725e-06,1.2985923109294892e-05
divinity,0.000118486750819842,9.454047415663079e-05
divinization,7.363617458505613e-06,1.3567814932694933e-05
divino,8.521209918090806e-06,0.0
division,4.4101981705103226e-05,0.00019658669171060357
divisions,2.919508051108359e-05,0.0001262941665427499
divisive,1.4875015105030733e-06,4.829462508074607e-06
divorce,0.00010816101495625991,2.4164595085413395e-05
divorced,2.0669340017383367e-05,2.4149280312095e-05
divorces,3.677958615590616e-05,1.6578783741550847e-06
dna,0.0,1.4182439924765028e-06
docile,3.945574241163379e-05,2.266940295736866e-05
docilely,1.0593510955440233e-06,2.565513792775884e-05
docility,6.799228721765935e-05,3.995901609634613e-05
doctor,0.00030373555696985394,0.00010384284928664893
doctorate,2.8885605541803023e-05,0.0001298343253928709
doctors,0.00018397485801119754,0.00012827411545572115
doctrina,9.476166888088009e-07,6.0756407232140925e-05
doctrinal,4.8200574214574814e-05,0.0002852221434452399
doctrine,0.0011209381383360177,0.0015539155631593418
doctrines,0.0005094677606757072,2.1629765964978113e-05
document,0.0004888601578077099,0.00022947677707629483
documentary,9.703704963176983e-06,5.410680035240185e-06
documentation,4.544605857556026e-06,3.0818854300965814e-05
documented,2.212869087660239e-06,1.6351712228587583e-05
documents,0.0006476682863146254,0.00028458769020155036
dog,2.2610171582907257e-06,0.0
dogma,0.000279593937698433,1.7685465228284432e-05
dogmas,0.0001849552925403407,2.270538870270589e-05
dogmatic,8.957359610558964e-05,0.000734195821105453
dogs,1.7392889810498963e-05,2.7381074304572794e-06
doit,0.0,0.0
doloris,0.0,5.171514880262591e-06
dom,3.824291845933956e-06,1.5897372430709334e-06
domain,9.240347537574805e-05,2.3885423293670246e-05
domains,6.12275974774199e-06,1.9585134894154075e-06
dome,2.170200329028797e-06,0.0
domenica,0.0,7.655207848642359e-06
domenico,2.451944297537172e-06,0.0
domestic,0.0001872060411619543,6.404249819205633e-05
dominance,2.9342180967407187e-06,4.921412314298044e-06
dominant,1.4330669463202959e-05,3.8733492158195074e-05
dominate,4.01558928786685e-05,3.126160390834068e-05
dominated,6.292338465445478e-06,5.8801933070829444e-05
dominates,1.172328078557934e-05,8.300571108775736e-06
dominating,1.3561091591945823e-05,1.1429610762570022e-05
domination,7.588222297799722e-05,6.60637437653344e-05
domine,1.0658521181151632e-05,7.508605428669984e-06
domineering,5.283153743525795e-06,3.2324291181836957e-06
domingo,0.0,1.0558023385900356e-05
domini,2.6555292323915642e-06,0.00012795436791740957
dominic,0.0002015792127595623,5.823350720465174e-06
dominica,0.0,2.145860376269333e-05
dominican,4.789025396072677e-05,2.499889945790649e-06
dominicans,3.0735512434509433e-05,1.6788135374954254e-05
dominion,0.00015223554400563405,8.931653788875212e-05
domino,8.002971434608204e-06,3.541433078064251e-06
dominum,4.1954246501817786e-07,4.0862260417957736e-05
dominus,4.7910324989455906e-05,0.00023514958596720378
domus,0.0,6.504893673377673e-06
donated,5.1422399937012385e-06,0.0
donation,3.3073366671742052e-06,1.1362210743419519e-06
donations,1.640947474346994e-05,1.6825432162895377e-06
donc,0.0,0.0
done,0.000532383086808409,0.00032078132536576197
donkey,0.0,5.413996867303121e-06
donne,0.0,0.0
donor,4.772033378606722e-06,8.387964972353166e-06
donors,7.461366373300466e-06,5.040366321275578e-06
dont,0.0,0.0
donum,3.6033508359331755e-06,6.9927853837264445e-06
donumpriests,0.0,5.704040426687289e-06
doom,2.7831973918997115e-06,1.1054623604827295e-06
doomed,1.3661207827127189e-06,1.8640318244831673e-05
door,4.8010311155399904e-05,6.8045689399185e-05
doors,4.7501408809073065e-05,2.3965370174043096e-05
doorstep,0.0,0.0
doorway,0.0,6.412937229142281e-06
dormant,1.0580347858835753e-05,7.214587382041405e-06
dos,6.641461240379195e-06,2.2874568154990196e-06
dose,0.0,0.0
dost,3.601142950062021e-05,1.7516133367238364e-06
dostoevsky,0.0,8.15095657612063e-06
doth,3.487789294161439e-05,0.0
double,0.00012912426014305813,2.8563755246596772e-05
doubly,1.3997353085098514e-05,4.7805149636710275e-06
doubt,0.000562448906186522,0.0002103545342199833
doubted,4.689241350024514e-05,4.363107921824793e-06
doubtful,7.415813196236775e-05,2.020670531805625e-05
doubting,2.658040306950153e-05,0.0
doubtless,6.104227170803898e-05,0.0
doubts,0.00010850814041037946,5.867484421596458e-05
dough,9.32898591264272e-06,1.558568056564947e-05
dove,1.792030766134439e-05,1.530498923999688e-05
doves,1.4152314446878356e-06,2.8296788862899255e-06
downcast,8.71259124981419e-07,0.0
downfall,3.356230843217398e-05,1.8886492092159586e-06
downs,0.0,0.0
downtrodden,0.0,1.5507651363360466e-06
downward,4.7087408641166036e-05,3.5581764450491098e-06
doxology,3.9509969050857935e-06,1.2760941686919011e-05
dozens,0.0,0.0
draft,8.865384112342604e-06,3.228767348880844e-05
drafted,0.0,3.761073133890143e-06
drafting,0.0,6.400088020162099e-05
drag,2.8108147881172114e-05,5.339594261410731e-06
dragged,2.767144818295641e-05,0.0
dragging,3.7571367574340402e-06,0.0
dragon,0.0,6.137632572169129e-06
drained,1.2164156345542182e-06,1.3046663155276336e-06
drama,7.425369289986996e-06,3.643785086397886e-05
dramas,3.2128121027345775e-06,0.0
dramatic,1.2658134777553604e-05,9.898283780185093e-05
dramatically,1.04564637380239e-06,5.210948144025179e-06
drank,6.303274011277614e-06,0.0
drastic,3.162872574733959e-06,5.846541662078313e-06
draw,0.00019418670002556678,0.00017444134248782004
drawing,6.558288491880017e-05,0.00012868030248129652
drawn,0.00024114624765165263,0.00019209118750674077
draws,6.176838018723325e-05,0.0001820576564856195
dread,4.604698544689529e-05,6.857504378333194e-06
dreadful,3.895370051599659e-05,5.3300808837404485e-06
dream,1.5719148034644818e-05,3.862442011866037e-05
dreamed,3.1908736743502865e-06,0.0
dreaming,1.6099878825050594e-06,9.125183989155939e-07
dreams,8.76893627626767e-06,5.972972643056359e-06
dreamt,0.0,0.0
dreary,0.0,0.0
dress,5.2614501243182826e-05,2.596222119916174e-05
dressed,4.087133638412573e-06,2.094256626167934e-06
drew,6.717522617788582e-05,7.502991210874051e-05
dried,1.0574566579105764e-05,2.688504772874636e-05
dries,4.915224833335233e-06,5.234221272439658e-06
drift,9.232756222819403e-06,3.765910994669753e-06
drifted,0.0,3.57718044299704e-05
drifting,1.4754314664195838e-05,1.7832832608719346e-06
drink,8.976489566601686e-05,6.089188522077105e-05
drinking,1.5905815420479715e-05,1.4186317379358677e-05
drinks,1.58260364982708e-05,1.0425940586019962e-05
drive,8.926118426414996e-05,2.5537702468580995e-05
driven,0.0002473001436015393,2.9691929107267164e-05
drives,2.009043959331025e-05,9.705713107021833e-06
driving,1.6273118944769942e-05,3.349531952559739e-05
drop,1.8576258801682775e-05,1.682342800438919e-05
dropped,3.65650044508796e-06,7.025530905765677e-06
drops,1.1414918304547524e-05,1.336540731384408e-05
drought,0.0,2.5253713349235463e-06
droughts,0.0,1.4898360244921909e-06
drove,1.62527056477397e-05,1.1171119918199178e-06
drown,0.0,6.95678664932991e-06
drowned,1.2466749306703282e-05,0.0
drug,0.0,4.278075257884901e-05
drugs,5.439666095302471e-06,3.0095505029108084e-05
drunk,3.0182536410408293e-05,7.213543678664107e-06
drunkenness,1.578414123022406e-05,0.0
dry,2.1063947832541035e-05,7.075876171315439e-06
drying,2.4490808855987303e-06,1.001582465421184e-05
dryness,2.5026586589861708e-06,0.0
dual,1.6801333524252841e-06,7.694326071002265e-06
dualism,5.3110160756195856e-06,3.5820464458249334e-06
duality,6.29457427779056e-07,2.1945870435778455e-05
dubai,0.0,0.0
dubious,1.1222860982797907e-05,2.644763140636431e-06
dublin,6.178253632870847e-05,0.0
duc,0.0,2.4324450057394045e-05
due,0.0005901181293206515,0.00028138365419750044
dug,1.0983990664842909e-05,2.62000754477212e-06
duke,1.3473784269945198e-05,5.90021588484658e-05
dull,4.465740818270241e-06,4.79643769322868e-06
duly,0.00019109897968396975,0.00010289491194343232
dumb,5.159783567113565e-05,5.117180044441751e-06
duplicity,2.424279784242611e-06,4.797913612253233e-06
durable,1.786077769751632e-05,0.0
duration,4.6439827679029345e-05,3.2003832215152834e-05
duringmy,0.0,0.0
dust,2.0784158889314903e-05,1.7661908343236673e-05
dutch,4.453202498912419e-05,0.0
duties,0.0006533557777127188,0.00027999586157478445
dutiful,4.010580035461509e-05,1.651806310060887e-05
dutifully,4.267173741589646e-05,1.1182046655694266e-06
duty,0.0009469088276138051,0.000519277790112769
dwell,0.00010314169947442204,6.3409146564275e-05
dwellers,1.9127615709891334e-05,5.085835210818005e-06
dwelling,8.181397738215871e-05,8.264538646947562e-05
dwellings,3.199327039136709e-05,2.4620908744407196e-05
dwells,3.394494457982309e-05,7.169119874293442e-05
dwelt,1.8679358685656574e-05,3.817693964758723e-05
dwindling,0.0,0.0
dying,5.254198172133135e-05,9.82753028113355e-05
dynamic,1.5306035838573607e-05,8.214877867251629e-05
dynamically,0.0,9.80172541614274e-06
dynamics,0.0,2.313678261522409e-05
dynamism,1.973291635945719e-05,0.00014992467362407173
dynasty,0.0,7.755533666025965e-06
développement,0.0,0.0
eager,0.00021756446066923123,5.045184079442097e-05
eagerly,0.00019017475981789603,1.5920435484605757e-05
eagerness,0.00010900462277864794,6.093675818339625e-06
eagle,9.275879780442388e-06,6.011821070071096e-06
ear,8.94051176586681e-05,1.0491145966695392e-05
earlier,0.00011397671510388712,0.00012309919441733962
earliest,0.00011857441394521287,4.9943050628513696e-05
early,0.00016526597932835574,0.00017348444391683171
earn,4.4126855304770175e-05,1.7757169769225373e-05
earned,4.373536919375908e-05,2.5248202189890694e-05
earnest,0.00022122694069558974,3.464543108777579e-05
earnestly,0.000484445528543509,4.662730901555692e-05
earnestness,0.00010649100532201561,5.2700930598266864e-06
earning,4.515884480314974e-06,2.275396249025327e-05
earnings,1.9960951199659615e-05,2.411247145489779e-06
ears,0.00011990564144111898,1.171505451994793e-05
earth,0.0004608595112666383,0.00033362500551861263
earthen,0.0,1.0201037940847702e-06
earthly,0.0002119361064522222,0.00022075223013846254
earthquake,2.4627640659514526e-06,0.0
earthquakes,2.8809985971802834e-05,0.0
ease,7.887981514115474e-05,2.3497746647639636e-05
easier,7.049761586992178e-05,0.00012325296469680393
easiest,2.082151654760049e-06,0.0
easily,0.0005660352129158671,0.0002562342218426192
easing,6.859617783192083e-06,2.8703275454982067e-06
east,0.00021083838073638784,0.00020772086544175133
easter,6.399291455892899e-05,0.00012785104797245409
eastern,0.00037686142849885373,0.000372698426140341
easy,0.0001757159727668019,7.598853728182269e-05
eat,8.662679328469671e-05,5.3205831408732736e-05
eaten,1.4598782431871706e-05,1.5598810063617278e-06
eating,3.1991457327715275e-05,2.9752925660984223e-06
eats,1.8752915888039143e-05,3.0920846486222244e-05
ecce,0.0,1.3678433783568353e-05
ecclesia,1.2304884942771939e-05,0.00022096389729247027
ecclesiae,4.329158958322191e-05,0.00025114255193873754
ecclesial,6.8638688749882105e-06,0.00046628510300154245
ecclesiam,1.2441585171705542e-05,0.00017414398771239948
ecclesiarum,4.333005840509333e-06,5.8209945844590825e-05
ecclesiastes,4.506280898801446e-06,0.0
ecclesiastic,6.149650970398252e-05,1.7363221260624138e-05
ecclesiastical,0.001088562989143469,0.000469217725851108
ecclesiastics,0.00016844107576240522,1.4284933528815012e-05
ecclesiological,3.577710247329041e-06,9.890379169664769e-05
ecclesiology,1.8662493941056517e-06,0.00010285526231319276
echo,2.8451266971348917e-05,8.578050653708136e-05
echoed,1.7248764429998025e-05,2.2881102417593286e-05
echoes,5.513437391157677e-06,4.480882246634231e-05
echoing,2.071198499785943e-05,3.280098254553643e-05
eclipse,0.0,1.5088163367317175e-05
ecological,0.0,7.473024842576547e-05
ecology,0.0,4.967312915681622e-05
economic,0.00013365450863623605,0.00034985102934826897
economically,8.485152431578423e-06,4.418109080418222e-05
economics,1.9642666756090314e-05,5.232597199568642e-05
economies,7.060256495181842e-06,2.7962837307110586e-05
economists,4.426009450442662e-06,4.024941805879353e-06
economy,5.556695792212235e-05,0.00026928139375380773
ecosystem,0.0,2.3405873584802757e-05
ecosystems,0.0,2.2210099280511728e-05
ecstasy,8.119087818438229e-06,2.0614516417076348e-05
ecuador,8.929801994035107e-05,2.5470221108241024e-06
ecuadorian,0.0,0.0
ecumenical,0.00013065362373923355,0.0008145546243544576
ecumenism,2.0103947710537516e-05,0.00020415205209886418
ecumenismunitatis,8.022664952480745e-06,6.88474487940497e-05
eden,2.5406940579584373e-06,2.64270790877792e-05
edge,1.168249932856024e-05,4.752520401986147e-06
edges,6.948296554991414e-07,7.833303160616647e-06
edict,6.0628556368178534e-05,3.6244875455139544e-06
edification,4.586312760942662e-05,1.2495822356814066e-05
edifice,5.1183635723643325e-05,1.9011183900319426e-05
edifices,5.424844512335018e-05,1.9313476116041675e-06
edified,8.487743635766787e-06,0.0
edify,2.573463166949781e-05,0.0
edifying,1.981570257064543e-05,2.5437011701916553e-06
edinburgh,0.0,0.0
edited,1.8654127317387286e-05,1.195995252560558e-05
edith,0.0,1.6819152826175039e-06
edition,5.247111378928841e-05,0.00016311095930227745
editions,4.0318723263860494e-05,9.901096077400613e-05
editor,7.503028590297028e-06,1.291288031077136e-05
editorial,0.0,5.472745597599756e-05
editors,5.00150682906345e-05,0.0
editrice,1.3815897700236536e-06,5.8085814195069394e-05
edmund,3.604091305050447e-06,0.0
eduardo,0.0,0.0
educate,0.00013163738881494035,3.728594596698016e-05
educated,0.00015926869376715514,8.297831921437376e-05
educates,1.0759346792883147e-05,1.644126330797457e-05
educating,6.15216228251297e-05,4.729720936792699e-05
education,0.000455083171404377,0.00035467317554183173
educational,3.439790735694262e-05,0.0001611612256341987
educationis,0.0,4.79768912619874e-05
educative,9.622898207276326e-06,0.00010561715024607506
educator,2.2144001901042447e-05,0.00015179371240310455
educators,2.608699093486246e-05,0.0001180456139404134
edward,2.5061356710787955e-05,1.106162500883562e-06
effect,0.0003553735724699241,0.00027400163624856296
effected,6.652128791993146e-05,0.0001356753356341019
effecting,4.708397478051981e-05,2.6270423959662994e-05
effective,0.0001173211555755401,0.00029575717594061056
effectively,0.00013020556305047388,0.0001775434662647655
effectiveness,3.7114941474634104e-05,8.741515884066802e-05
effects,0.0001419180573430117,0.00013565345419638963
effectual,5.406774177893633e-05,0.0
efficacious,0.000253372986338472,0.0001635314260650756
efficaciously,9.512854735814541e-05,1.899480762446339e-05
efficacy,0.00019436496647391773,8.75612953809466e-05
efficiency,3.7396166899827596e-05,4.443563796393116e-05
efficient,5.050877013273299e-05,3.2391277831537665e-05
efficiently,1.1007034888522552e-05,2.580394812366721e-05
effort,0.0002792872207238292,0.0002517228691469793
efforts,0.000333020490026691,0.00019716635847980446
egidio,0.0,1.4699381728176517e-05
eglise,6.642924367767186e-06,2.080679853072637e-06
ego,4.199885705597114e-05,1.0518362647320595e-05
egoism,1.0351520851597604e-06,1.7866714554981663e-05
egotism,1.0176730808377829e-05,0.0
egotistical,0.0,0.0
egypt,3.6742056648448805e-05,6.174357635820843e-05
egyptian,7.864726816408951e-06,1.6306810679459083e-06
egyptians,1.2472852753188542e-05,0.0
eight,4.2676022023515515e-05,1.878114361502905e-05
eighteen,7.111595657135886e-06,2.1985015843100937e-06
eighteenth,8.624905319928404e-05,3.134364816910104e-05
eighth,0.0001443206779142707,2.8173785339188194e-05
eightieth,0.0,2.0052591473171887e-05
eighty,1.6002309625876448e-06,4.122523825307124e-06
ein,0.0,1.495389277572835e-05
either,0.0008831524953266832,0.00031800502914400736
eius,6.314252362345364e-05,1.4587248519743796e-06
elaborate,3.978151049908433e-06,0.0
elaborated,1.502780971996434e-05,5.994478534254921e-06
elaborating,8.216350663764298e-07,9.855448977686914e-06
elaboration,7.311568947361374e-07,8.485241818881414e-06
elapsed,4.296649279143891e-05,1.0073543683580702e-05
elder,8.24379148684414e-06,2.244435303996068e-05
elderly,0.0,5.7903522172866095e-05
elderlyand,0.0,0.0
elders,2.6843831685782188e-05,3.4269315270661445e-05
eldest,5.013263728503851e-06,2.3243783332164883e-06
elect,0.00010828032357583113,0.00011086164123112372
elected,0.000126935821566576,0.0001670059894108962
electing,2.1772438987304865e-05,7.308542533086202e-05
election,0.00016443667209701732,0.0006163387887005042
elections,5.093843645696688e-05,1.426402965240904e-05
electoral,3.1036211488478616e-06,4.8621761770118604e-05
electricity,1.5271528977784177e-06,1.4795177562317472e-06
electronic,1.0630722920995271e-05,3.330375338923942e-06
elegance,6.40715521338471e-05,0.0
elegant,8.428308202421908e-06,1.2357064377039943e-06
element,4.593523414553492e-05,0.00018213901590188926
elementary,4.7668730239607164e-05,2.4495122629345753e-05
elements,0.0001360657574304314,0.0006024234467415804
elevate,3.827233195759887e-05,9.960932527524971e-06
elevated,9.000747088289295e-05,5.40294663446107e-05
elevates,1.3625559119307816e-05,2.0053842661319045e-05
elevating,1.0692974167890656e-05,3.8350995371226574e-05
elevation,5.1897470297553005e-05,2.9222883456155802e-05
eleven,1.3887238552165888e-05,3.510494822411981e-05
eleventh,0.00013959156099915154,3.478632492700575e-05
eli,1.0095583693886694e-06,0.0
elias,2.219224645410408e-05,1.8012112487796343e-06
elicit,2.8232191863646874e-05,3.62860395608062e-06
elicited,1.6368609167143785e-06,8.065441652531182e-06
elicits,0.0,2.876687443951923e-05
elijah,0.0,1.1598408768043216e-05
eliminate,9.974464375002778e-05,6.570780658574856e-05
eliminated,5.193018042388845e-05,6.610750035395198e-05
eliminates,0.0,0.0
eliminating,7.562546855999213e-06,4.5422314387392936e-05
elimination,2.707624865354074e-05,3.215288283211846e-05
elio,0.0,0.0
elisha,0.0,0.0
elite,1.5436081350797334e-05,4.7389993124539215e-06
elites,0.0,1.9866159369411006e-06
elitism,0.0,3.13655934849711e-06
elitist,0.0,1.7338394668562288e-06
elizabeth,2.70419299974108e-05,7.70158987339391e-05
elle,0.0,0.0
eloquence,9.520946838669358e-05,6.786493622899593e-05
eloquent,3.2789063091986e-05,7.917998830399604e-05
eloquently,1.1183195637372126e-05,2.4712212755260278e-05
else,0.00027281532960029403,0.00013254702292831092
elsewhere,0.00016690077188160317,7.344876705145435e-05
emanate,1.0698060342769344e-05,0.0
emanates,2.3955440130471603e-06,0.0
emanating,0.0,2.277057448427902e-05
emancipation,3.775985994186337e-05,1.0248571190737577e-05
embajador,0.0,0.0
embargo,0.0,1.965833574191733e-06
embark,2.3125709207201184e-07,8.641887666697536e-06
embarked,2.3863356284188705e-06,1.0829828458209869e-06
embarking,4.629337974740431e-07,1.3702851083951464e-06
embarrassed,2.186613201933923e-06,0.0
embarrassment,0.0,0.0
embassy,1.4874529842759924e-06,0.0
embedded,0.0,3.5280973189844953e-06
embellish,8.332445769590371e-06,5.677747309209726e-06
embers,2.3264517603772448e-06,0.0
embittered,1.2956068349724722e-05,4.79544371952001e-06
emblem,6.315164121046893e-06,1.1053484411059275e-05
emblematic,0.0,1.2341042571197841e-05
embodied,2.147631618285762e-06,1.8264524962885797e-05
embodies,2.051478397217618e-05,3.920068072290539e-05
embodiment,1.972887301633381e-06,6.458082751126013e-06
embody,1.7415850238948594e-06,3.0193732500396595e-05
embodying,1.4507342505329948e-05,3.1107520455072007e-06
embrace,0.00023078287060545225,8.860732962795547e-05
embraced,0.00011499219521725978,5.5658115583911245e-05
embraces,9.117280629449795e-05,7.975069476034877e-05
embracing,6.357350429182116e-05,5.479367762770358e-05
embryo,0.0,0.00018054948448970975
embryos,0.0,0.0002635056417427981
emerge,1.2783026814148513e-05,4.314908881684853e-05
emerged,3.633024605146198e-05,8.516234625938485e-05
emergence,5.59288705850716e-07,3.0382007272086157e-05
emergencies,2.224842212884423e-06,7.31692196970748e-06
emergency,2.584843086916588e-06,8.960331604793423e-06
emerges,7.448283724882974e-06,9.453130381085761e-05
emerging,6.446292902150421e-06,7.885174348259649e-05
emeritus,0.0,1.567982013748125e-05
emigrant,5.341056294668404e-06,1.4954921239826516e-05
emigrants,7.029030550207582e-05,0.0
emigrate,3.6079960490908316e-05,1.6651757293303794e-05
emigrated,1.5516476793093832e-05,0.0
emigration,3.981399548126912e-06,1.0335268173223444e-05
emilia,3.6702178898635654e-05,0.0
eminence,3.246546143708723e-05,2.0037669628510187e-06
eminences,0.0,1.0482712968322412e-05
eminent,0.00016727363405561862,9.183365571334197e-05
eminently,6.811931274049803e-05,4.647727508534786e-05
emirates,0.0,0.0
emissions,0.0,5.769858791028724e-06
emmanuel,1.2473942287209383e-05,1.147198915862034e-05
emmaus,1.1648591505632688e-06,2.7114964143067113e-05
emotion,8.999613014371415e-06,9.021583237688792e-05
emotional,9.598679755512117e-06,2.844052615421669e-05
emotions,3.057816225756946e-05,2.620190057133561e-05
empathy,0.0,7.107724496479739e-06
emperor,0.00033816337924455156,0.00012491295203112494
emperors,7.172551108814012e-05,8.048462811969846e-06
emphasis,1.4315764990805507e-05,8.303987620778576e-05
emphasise,1.4883411605216817e-06,0.0
emphasize,3.5127561668178206e-05,0.00012183417625755842
emphasized,2.6649186767154953e-05,0.00016238307511465044
emphasizes,4.141029689267415e-06,6.312099929883676e-05
emphasizing,4.985845338750968e-06,4.07656878655418e-05
emphatic,2.3042229906070944e-05,3.078946337771971e-05
emphatically,4.113433011764979e-05,3.52912255732601e-05
empire,0.0002983121446848804,3.9289770544036715e-05
empires,4.6969760614883405e-05,2.2212732976611095e-06
empirical,9.394475607390767e-06,3.958635274647345e-05
employ,0.0001679124798457873,1.765376385384213e-05
employed,0.00016835184397888286,2.8337982512608672e-05
employee,1.156695203690589e-06,3.6490833015251026e-06
employees,1.3739776156026875e-05,7.13916939029226e-06
employer,1.0601048775329511e-05,7.513498869262431e-05
employers,6.759737334043163e-05,1.568729349905234e-05
employing,2.896620255179733e-05,4.7337099750177456e-05
employment,4.3554048385288896e-05,5.5872936804585216e-05
employs,4.4911690740951515e-05,7.925953323474654e-06
empowered,3.94150547055026e-05,8.459167607021684e-06
emptied,5.054779294002148e-06,2.3592067409095033e-05
empties,0.0,4.15343077296325e-06
emptiness,2.5232837119693974e-06,3.279640062873984e-05
empty,9.947507529569586e-05,5.3916020735407786e-05
emptying,1.794834243104675e-05,2.745532031526262e-05
emulate,6.022860072148115e-05,1.2683425235166196e-06
emulation,6.533804551057411e-05,1.8394803303901782e-06
enable,0.0001008164797869507,0.0001412054387098245
enabled,4.721603340997218e-05,9.67321751742053e-05
enables,2.3132529889862692e-05,0.00015726459829445427
enabling,3.208572614331865e-05,9.576994404155611e-05
enact,1.894934946144173e-05,5.775678766184485e-06
enacted,0.0001113759927440806,4.3869276153593295e-05
enactment,7.857385027442718e-06,5.834402213056312e-05
enactments,2.981838882451879e-05,0.0
enamoured,0.0,0.0
enarr,1.0205132879647346e-06,1.8018245837031055e-06
enchanting,0.0,0.0
enchiridion,1.2870234270486941e-06,8.956620808019575e-05
enclose,2.8107571895592373e-06,1.0529542964597612e-06
enclosed,1.7969736490339367e-05,2.1769862800208226e-05
enclosure,1.1587809939812336e-05,5.924006194815459e-05
encompass,1.5614364576671062e-06,3.86078501211539e-06
encompassed,1.2398247552725669e-05,3.2640499478958348e-06
encompasses,4.6698426234253925e-06,1.21880082758872e-05
encompassing,3.225396277580335e-06,3.422311134637819e-06
encore,0.0,0.0
encounter,2.0424585247717116e-05,0.0002336206181109097
encountered,2.2721613228063508e-05,6.339015389656612e-05
encountering,7.609525519350662e-06,3.816094398295348e-05
encounters,6.117411550480326e-06,5.644202322230254e-05
encourage,0.00014015906748410375,0.00011657118520202436
encouraged,0.00015097262045655428,0.000151697457984539
encouragement,8.154180347956538e-05,6.62495427440902e-05
encourages,3.992298282200732e-05,4.078688759926135e-05
encouraging,5.924413438732165e-05,9.621137730878409e-05
encyclical,0.0006103573563874724,0.0008322122813106672
encyclicalcaritas,0.0,0.0
encyclicalcentesimus,0.0,3.616170875646055e-06
encyclicaldeus,0.0,3.7349987552057672e-06
encyclicaldives,0.0,3.585662862021741e-06
encyclicalecclesia,0.0,1.843378820793367e-06
encyclicalecclesiam,0.0,6.582025193298785e-06
encyclicalevangelium,0.0,6.694370929118233e-06
encyclicalfides,0.0,0.0
encyclicalfratelli,0.0,0.0
encyclicalhumanae,0.0,2.6510468546601246e-05
encyclicallaborem,0.0,1.982594191638109e-05
encyclicallaudato,0.0,1.0212303409388035e-06
encyclicalmater,0.0,1.608867683422505e-05
encyclicalpacem,0.0,7.360607635554204e-06
encyclicalpopulorum,0.0,5.601511519241165e-05
encyclicalredemptor,0.0,1.6827049079908462e-05
encyclicalredemptoris,0.0,1.789789062846307e-05
encyclicalrerum,3.0074606426176604e-06,5.898561166757632e-05
encyclicals,7.875678701677907e-05,9.191294661143939e-05
encyclicalsollicitudo,0.0,2.8625644936973084e-05
encyclicalspe,0.0,0.0
encyclicalut,0.0,4.050352351006855e-05
encyclicalveritatis,0.0,6.217902043917807e-06
end,0.00038176074662617915,0.00030310786482943305
endanger,4.90389907924741e-05,2.2084967393128143e-05
endangered,5.91531202538595e-05,3.9001216832949926e-05
endangering,1.2371704392203661e-05,3.1178647293486173e-06
endangers,1.2016339133990208e-05,5.780469619768693e-06
endeavor,0.0003114254229902456,4.063741248226773e-05
endeavored,0.00013331230921891928,1.9052439021569146e-05
endeavoring,5.477971036678789e-05,1.1408391159604232e-05
endeavors,0.0001332686065495297,2.3113967459097508e-05
endeavour,2.2201043279257395e-05,3.778482564494329e-05
endeavoured,4.3448609404404226e-05,1.5488590545444338e-06
endeavouring,0.0,1.94649303855995e-06
endeavours,2.120210929553454e-06,7.404433157623377e-06
ended,3.438663214950131e-05,6.157151394567897e-05
endemic,1.2943381954795966e-06,1.4300116127450399e-05
ending,5.125554400972465e-05,8.199742426248411e-06
endless,3.30713653753896e-05,1.9232466913364724e-05
endlessly,1.3715516649746756e-06,4.4136441616092166e-06
endnotes,0.00029133882309199347,3.35007562133945e-05
endorse,2.6622857699086105e-05,8.742299701649305e-06
endorsed,3.4564253532935355e-06,6.675994275690555e-06
endow,3.6772146478860955e-05,4.07283745323749e-06
endowed,0.0002638869851221578,0.00011472686610921337
endowing,6.161788908641309e-06,1.677804648914345e-05
endowment,4.3676687284343444e-05,1.1424047642285595e-05
endowments,1.8225501060692428e-05,1.7319815504123464e-05
endows,6.672842738064251e-06,4.722079660699437e-06
ends,0.00013518479730847356,0.00016324352366522764
endurance,5.419368163517683e-05,2.838426672215429e-05
endure,0.0001384775767682872,2.7368664038479107e-05
endured,6.738899847229788e-05,2.3229226239301135e-05
endures,4.828352653035231e-05,5.0413288723936896e-05
enduring,8.858730812141893e-05,8.298522809726684e-05
enemies,0.0007948378482685039,2.694551934084624e-05
enemy,0.0003924596691187612,3.7174609061203476e-05
energetic,6.986304599429502e-05,2.506381502630853e-05
energetically,8.011944131401807e-05,7.277195261419391e-06
energies,6.764499364368557e-05,7.865317014692168e-05
energy,0.00015636726233853173,0.00011506264426159579
enfolded,3.848735588825776e-06,0.0
enfolds,0.0,7.537256351846528e-06
enforce,4.109393012006949e-05,2.6387946579972822e-06
enforced,4.640298005535272e-05,1.1851810057955991e-06
enforcement,2.844097296846276e-05,9.302889907835358e-06
engage,0.00010648977194346884,8.873404149169882e-05
engaged,0.00011701026926350603,0.0001341511519499782
engagement,2.2876882307529056e-06,1.987356450113949e-05
engagements,1.7580276695665303e-05,0.0
engages,2.0068857061703555e-06,4.579963899535081e-05
engaging,9.543867910311438e-06,3.762470068346334e-05
engender,1.3626979698999214e-05,6.170299274248619e-06
engendered,1.9762306782523767e-05,1.3765334868986198e-06
engenders,3.279747536115649e-05,1.15586996496995e-05
engineering,8.144968091961708e-07,1.9859182432014046e-05
engineers,9.318189588757485e-06,2.9204367838415642e-06
england,4.642732996628035e-05,2.947000983325825e-06
english,9.603452706602026e-05,5.835417663441532e-05
englishn,0.0,0.0
engraved,8.97454171658056e-06,8.502634602899832e-06
engulfed,1.3020092511219064e-05,2.8933458908623504e-06
engulfs,1.2639462339222038e-05,8.47786630170309e-06
enhance,4.0099942603878255e-05,8.969146723429694e-06
enhanced,1.0978465478918375e-05,6.446180430095234e-06
enhancement,1.5966213286874004e-06,5.789628381905382e-06
enhances,1.0807206265841838e-05,6.031309370888296e-06
enhancing,5.002590704276094e-06,4.786674995821974e-06
enigma,6.703343958017337e-06,1.784249169755252e-06
enim,0.0,7.70836213395332e-05
enjoin,0.0001696221308275011,0.0
enjoined,0.00015664636756585268,3.253363494289408e-05
enjoins,3.957031728007524e-05,8.489938848359622e-06
enjoy,0.00025804678633879356,7.859592612976297e-05
enjoyable,6.090124518493918e-06,6.6104235536732265e-06
enjoyed,9.219764616468943e-05,4.5019698571821e-05
enjoying,5.563914051151748e-05,3.6630410917820746e-05
enjoyment,0.00016231041960717264,3.9790961918175196e-05
enjoys,6.602590777417451e-05,4.229205695647099e-05
enkindle,3.001157253686907e-05,6.8688000686493855e-06
enkindled,5.607817122189284e-05,3.38221461556945e-06
enlarge,3.567824136102943e-05,3.8213022707790265e-06
enlarged,7.328663096576644e-05,1.5130913745980212e-05
enlarges,9.745923956026122e-06,5.998323704967439e-06
enlighten,6.797339590004213e-05,6.809343582798469e-05
enlightened,0.00010787401391498118,9.457967454587905e-05
enlightening,1.7154259455086138e-05,4.033509704678481e-05
enlightenment,1.4275614478074709e-05,9.346784711638811e-05
enlightens,2.1380843652647036e-05,6.090584886508403e-05
enlist,3.0626764464794188e-06,0.0
enlisted,1.8472092097191834e-05,0.0
enliven,4.263632071965148e-06,1.3244359197097487e-06
enlivened,8.335286573468393e-06,2.036410423250294e-05
enlivening,2.511549876509839e-06,3.220577689940713e-05
enlivens,3.961372956471801e-07,6.602926003223531e-06
enmities,5.241007272744592e-05,3.3739133422494456e-06
enmity,4.412698131940234e-05,1.4856542966644874e-05
ennio,0.0,0.0
ennoble,1.4715955405811738e-05,0.0
ennobled,5.823260377070315e-05,9.918816774718009e-06
ennobles,1.9608114615255976e-05,6.6500099458513925e-06
ennobling,6.208907417369051e-06,1.614218751954609e-05
enormity,1.4877482568372808e-05,1.3293869797747624e-06
enormous,9.201730476287501e-05,7.436987623080313e-05
enormously,2.423759037252771e-05,1.6875783965387155e-05
enough,0.00023169199566128287,0.0001384127828134915
enquiry,4.617252724076525e-06,5.515568701254715e-05
enraptured,3.6121322980201058e-06,3.470166284679774e-06
enrich,3.4604945027883675e-05,7.43242224043182e-05
enriched,8.429285351844342e-05,9.7579098872435e-05
enriches,1.1618237784707495e-05,4.118519996386852e-05
enriching,2.37362618366162e-06,7.414347011332273e-05
enrichment,6.037433806807062e-06,0.00012338815598235715
enrico,0.0,0.0
enrolled,0.00011548753207678321,2.9054795239716173e-05
enrolling,9.97291384970924e-06,0.0
ensemble,0.0,1.3064764282653957e-06
enshrined,8.731360583426732e-06,2.5492054984294884e-06
enslave,2.941694666187027e-05,7.022234119493955e-06
enslaved,3.0550017352536675e-05,1.541579514963879e-05
enslavement,9.355026223959976e-06,1.24356331454788e-05
enslaves,2.625433501118628e-06,0.0
enslaving,2.488669765243459e-05,7.524220579362438e-06
ensnare,2.426671313033724e-05,0.0
ensnared,2.9841847166769964e-05,8.752754228364526e-06
ensue,2.507490969818107e-05,7.466384305985337e-06
ensues,7.812645342419222e-06,8.644243664710513e-06
ensuing,1.3015306137605304e-05,1.8474713259720696e-06
ensure,0.00011156704725376611,0.0002359555010562043
ensured,4.973957690153614e-05,5.1886232259433505e-05
ensures,1.1631569018644002e-05,6.21236463595057e-05
ensuring,1.3002136818368882e-05,0.00012178795532105466
entail,9.087999800213705e-06,0.00010260820607958367
entailed,4.24423288698935e-06,1.2048941742757748e-05
entails,1.1959423078394069e-05,6.167478273281119e-05
entangled,1.8684986274263278e-05,5.780171447094381e-06
enter,0.00018139866692033755,0.00019727247635694563
entered,0.00014235838039930907,0.00011658979198730697
entering,7.518805397137662e-05,0.00011194081777731393
enterprise,0.0001430619968806078,6.924633663642052e-05
enterprises,7.926084903972684e-05,3.460133543916814e-05
enterprising,7.760711091955321e-07,1.0741361120231125e-05
enters,3.4246656255763236e-05,0.00010110182207036113
entertain,5.8311751459694544e-05,2.7825135421828103e-06
entertained,3.601312610829358e-05,0.0
entertaining,6.419338144295473e-06,0.0
entertainment,1.5172193502409532e-05,2.411942947233221e-05
enthralled,0.0,3.316547573490035e-06
enthroned,6.73769705490416e-06,2.9286642951685136e-06
enthronement,1.09702796087183e-05,0.0
enthusiasm,9.126476788455953e-05,8.714390558488703e-05
enthusiastic,1.7817431947835094e-05,5.304249487665979e-06
enthusiastically,2.1365265274777598e-05,2.887944209542891e-06
entice,1.636029470641639e-05,0.0
enticed,1.0393994790401272e-05,7.100285002043623e-06
enticements,4.97743266785477e-05,8.061210758731596e-06
enticing,2.274419253499585e-05,8.287583358896976e-06
entire,0.00023514706604436844,0.0003818050570881297
entirely,0.0004569499657381283,9.028825796079003e-05
entirety,4.4675126963680104e-05,0.00011056305490173617
entities,0.0,2.5010895680560772e-05
entitled,8.7804666382754e-05,8.052858857856388e-05
entity,2.8645786116694255e-06,6.1968547355456295e-06
entourage,0.0,0.0
entrance,4.7510757309338846e-05,5.8480491893350476e-05
entre,0.0,0.0
entreat,0.00012522364510817097,9.454741614308009e-07
entreaties,8.870474535237883e-05,3.615907107847057e-05
entreaty,4.41489017265532e-05,1.1395907942556558e-06
entrenched,3.551619943484766e-06,3.041664163138034e-06
entrepreneurial,0.0,2.315019179320128e-06
entrepreneurs,0.0,1.008351643905053e-05
entrust,6.219660638095421e-05,9.034216320301742e-05
entrusted,0.000566363589717079,0.0004314347804245594
entrusting,1.5185522589904001e-05,5.0756312822681767e-05
entrustment,0.0,7.155384816712227e-06
entrusts,5.9699047431434935e-06,7.666368285492273e-05
entry,0.000576977610444885,3.6062236094579706e-05
enumerate,1.738348976912503e-05,4.315012703922424e-06
enumerated,1.8954259539334646e-05,2.366770643571601e-05
enunciated,2.1622778855643964e-05,4.388844438304401e-06
envelop,3.005308761851581e-06,5.838363787580545e-06
enveloped,4.605357817837171e-06,0.0
envelops,0.0,6.35658087867675e-06
envious,2.2737760014529405e-05,5.607817488409445e-06
environment,1.792954080058311e-05,0.000159551167888142
environmental,0.0,7.473152494723932e-05
environments,1.9792029461245146e-06,3.15189411070389e-05
envisage,0.0,7.733877739420133e-06
envisaged,1.455317998530185e-06,6.600587629562333e-05
envision,0.0,0.0
envisioned,0.0,2.5271682287907015e-06
envoy,4.902612528682909e-06,0.0
envoys,5.1393115702141404e-05,1.0598801350970873e-05
envy,6.75654035743408e-05,1.2688393747349729e-05
eparchies,1.4004422649077278e-05,6.618801122971403e-05
eparchy,1.1869290914136914e-05,0.00010589732369624236
eph,4.4876533448308694e-05,0.0002206528029929872
ephemeral,1.9700678197901163e-05,2.2838652368776645e-05
ephesians,6.249115515305446e-05,7.022712908618703e-05
ephesus,7.97927746076548e-05,0.0001278299411048243
ephraim,1.1273198273075306e-06,7.6093214471991e-06
ephrem,0.00012691816038883747,2.790630081813782e-05
epic,0.0,5.886425814856772e-06
epidemic,6.020230352594741e-06,2.3007605445613055e-06
epidemics,1.390954304332866e-06,4.410873434132525e-06
epiphany,3.4081356869800185e-05,1.808539496035709e-05
episcopacy,9.447450880686401e-05,1.0596240077483463e-05
episcopal,0.00037652406115113926,0.0006556111304363502
episcopate,6.85551624680225e-05,0.00019759908639658714
episcopates,0.0,4.1918597933595846e-05
episcopi,7.704988896126732e-06,5.145081446992993e-06
episcoporum,1.2575609897542247e-05,2.1070928749036048e-05
episcopos,6.1349492712379265e-06,5.987163241206083e-05
episode,9.078686448345252e-07,3.88797128864973e-05
episodes,6.138518089557047e-06,1.3887127873836607e-05
epist,0.0001017826625987378,3.77955045139792e-06
epistemological,0.0,1.0978304614174881e-05
epistle,0.00010128500633164436,0.00012763095499918436
epistles,3.903144345602102e-05,2.8933458908623504e-06
epistola,4.466315072633739e-06,7.990465545994434e-05
epistula,1.7335764826605021e-06,0.00011349145501055667
epoch,4.0468964477296076e-05,1.2901859612868975e-05
epochal,0.0,9.125183989155939e-07
epochs,9.595461865579767e-06,4.4146140604915525e-06
equal,0.00023524751405142185,0.00010131336197444996
equality,7.549703051197744e-05,0.00011220854095435585
equally,0.0002333338060380537,0.0001037684339143393
equals,2.2087783618332336e-05,9.667174737203191e-06
equatorial,1.4230164671498555e-05,0.0
equilibrium,2.88273567898444e-05,1.0730231206993323e-05
equip,9.291015105615258e-06,5.396275052084593e-06
equipment,1.959280403745143e-05,3.681744892329995e-05
equipped,6.08559280996027e-05,3.192954794962744e-05
equitable,3.0135866673011876e-05,2.856503959118855e-05
equitably,2.7289367652525986e-05,5.544278603917786e-06
equity,0.00011078230124345067,7.020192179293036e-06
equivalent,3.422087824525691e-05,8.083653735767589e-05
era,4.8283082927417244e-05,9.534631240285343e-05
eradicate,0.00010473412091900123,1.0579392579641504e-05
eradicated,6.560840189053719e-05,0.0
eradicating,1.7623130579497671e-06,1.9009975499144337e-06
eradication,6.277179466221298e-06,0.0
eras,0.0,1.1420973359647668e-05
erase,1.2354377389544346e-06,1.8190314984211294e-05
erased,2.6190999286980757e-05,0.0
erect,4.57910053073686e-05,0.00015760211634229405
erected,0.00011208095529758608,0.0001358969995501444
erecting,6.291707422682162e-05,5.442660349260912e-06
erection,2.7506164084829705e-05,3.408669185720701e-06
ergo,0.00011583172023545145,4.834486738513782e-06
eritrea,0.0,0.0
ernesto,0.0,0.0
eroded,0.0,0.0
erosion,0.0,4.790549978781131e-06
err,0.00010109774971701132,4.0758655370131875e-06
erred,4.837068417564523e-05,1.71413126443394e-06
erring,0.00011643113004447056,0.0
erroneous,0.00018948021753497702,0.00012200051632737743
error,0.0009137014580929869,6.720205873389981e-05
errors,0.0007700200698506513,0.00011902654688933321
errs,4.396688374768833e-06,0.0
erudite,0.0,1.5023442627440117e-05
erudition,5.7642285999398956e-05,2.6607580599358223e-06
escalation,0.0,1.7318095511227837e-06
escape,0.0001326085006615042,5.3972261026338705e-05
escaped,2.8328505101475352e-05,3.5770553883265985e-05
escapes,3.954057126705446e-05,1.0020885685637406e-05
escaping,2.7504012208771906e-05,2.2470091760584386e-06
escapism,0.0,8.558779956257513e-06
eschatological,6.873732271434434e-06,0.00015379437359072743
especial,6.246914458850988e-05,0.0
especially,0.0005337376310366574,0.00043562005095936423
esperanza,0.0,2.4667961666898856e-06
esplanade,0.0,3.0104653542110502e-06
espoused,1.1273198273075306e-06,1.9547937327642084e-06
esprit,0.0,0.0
espérance,0.0,0.0
esse,4.626615164915803e-06,0.00011509487969813685
essence,0.0001827382783595315,0.00016188099375020882
essential,9.32587216591313e-05,0.00036688526737310045
essentially,5.395209877046224e-05,0.00010861953509710498
essentials,3.7913578296617365e-06,7.457323457927711e-06
essere,0.0,0.0
est,2.0520290216207027e-05,0.00025345037674687725
esta,0.0,0.0
establish,0.00026577363402718326,0.00022336474296906475
established,0.0006525239408363638,0.00046801359941510195
establishes,5.778616738375492e-05,0.00012133445935837339
establishing,0.00011199088236969377,0.0002175472584295695
establishment,0.00013155924264200838,0.0002472684132669478
establishments,1.4313283251436768e-05,7.313442221821093e-06
estate,3.914431864313403e-05,0.0
este,0.0,1.3421155039500326e-05
esteem,0.00013557842831583752,8.649102088360874e-05
esteemed,8.152286086881964e-05,3.369301334860434e-05
esteems,7.2715518678009204e-06,5.426916173210223e-06
estimate,5.898011676293602e-05,4.7285841269386575e-06
estimated,2.0333644334228273e-05,0.0
estimation,1.4635880902572517e-05,3.777077315836241e-06
estonia,0.0,2.385629458508628e-06
estranged,2.6648160358202014e-05,8.45201304587223e-06
estrangement,2.6013165625415634e-06,9.457399301943093e-06
está,0.0,0.0
etc,5.45838907355973e-05,9.95240818142182e-05
etched,0.0,3.995936676355166e-06
etchegaray,0.0,0.0
eternal,0.0006132965636313507,0.0004206231115715397
eternally,2.2603863653373766e-05,5.144181876650514e-05
eternity,7.617184746509764e-05,7.743367026991951e-05
ethic,0.0,2.0973245503503263e-05
ethical,1.346457146983481e-05,0.00024905539977509886
ethically,0.0,4.0044787409766436e-05
ethics,2.4072858847640063e-05,0.0001089979224638645
ethiopia,1.1741162540473463e-05,1.0695479638095825e-05
ethiopian,5.106428169750073e-06,7.685187068409818e-06
ethiopians,2.3237990219796413e-05,6.72002753411993e-06
ethnic,0.0,3.68356344229969e-05
ethnicities,0.0,0.0
ethnicity,0.0,0.0
ethos,0.0,5.032891411337956e-05
etiam,1.6032108931429816e-05,7.242223454400681e-05
etymological,1.3928134838094367e-06,0.0
etymology,0.0,1.907489434299735e-06
euch,2.4641940165721034e-06,0.0
eucharist,0.00016565685319493097,0.0006774418603643328
eucharistia,3.118402295570916e-06,2.965310904301015e-05
eucharistic,0.00012889419267467006,0.0005048305413458316
eugene,8.185482572934371e-05,0.0
eulogy,1.0033110686030152e-05,8.383545465075703e-06
europa,0.0,3.2684383766137683e-06
europe,0.00016653287746273737,0.00013126168440791687
european,4.070039160800252e-05,4.61076585878327e-05
europeans,1.2189629141832889e-05,0.0
eusebius,1.4768786885401708e-05,8.749257468309733e-06
euthanasia,3.7262521736201604e-07,5.122499727778123e-05
eux,0.0,0.0
evacuees,0.0,0.0
evade,3.941236585281819e-06,1.8394803303901782e-06
evaluate,6.893644739089711e-06,0.00010173044239300366
evaluated,1.3917437323837534e-05,2.8576628089248406e-05
evaluating,2.6668533441179625e-06,4.598447421720508e-05
evaluation,2.0621095712261526e-05,7.949115120262884e-05
evaluations,0.0,1.8199632708391457e-05
evang,1.4695033780792853e-05,0.00018998099326761886
evangelical,0.00013837353318988754,0.00032129443610104353
evangelically,0.0,0.0
evangelii,0.0,2.285286342032947e-05
evangelio,3.5287804615619464e-06,0.0
evangelisation,0.0,2.919494212248106e-05
evangelising,0.0,8.107044053949394e-06
evangelist,1.6632544023392127e-05,5.312045507178837e-05
evangelists,6.48528907337711e-06,5.3656854710241895e-05
evangelium,3.5042992209600227e-06,3.177410421801488e-05
evangelization,7.868824371469329e-06,0.0007607189780736681
evangelize,8.136175434352658e-06,8.9367084443351e-05
evangelized,8.944303833657445e-06,0.00011164412841731663
evangelizer,0.0,5.095833833215737e-05
evangelizers,0.0,0.0001121241966526436
evangelizes,0.0,2.1680701274894697e-05
evangelizing,6.709037396713906e-06,0.00021951707721124314
evangile,0.0,0.0
evasion,1.4454356810276462e-05,6.714713054599245e-06
eve,4.683088714551013e-05,7.73548460596228e-05
even,0.000827489940575563,0.0006318313504738536
evening,4.383328495193199e-05,4.951119246875242e-05
event,9.382107310932351e-05,0.00022275361963302573
events,0.0002147028346221347,0.00021636747427424975
eventual,4.623509059411053e-06,1.5995980685624e-05
eventually,2.2541244787193546e-05,0.00011401032489008994
ever,0.00037388498525855557,0.00032255083637300986
everlasting,0.00016558981745313703,0.0001026990110773341
evermore,1.7331638524522228e-05,1.3368730885135088e-05
every,0.0005360658233702902,0.000448283223345807
everybody,0.00016390723623222554,1.325120852891504e-05
everyday,2.5164803529210043e-05,5.430767575593821e-05
everyone,0.00014819233734731963,0.00023862941135530333
everything,0.0003146301475932361,0.00027905663252089164
everywhere,0.0005168045824105474,0.00011896914433736338
evidence,0.00020259110618186266,0.0002357153152761633
evidenced,1.1120202716532322e-05,1.895267701292416e-05
evident,0.0002680033704726858,0.00021972498773485872
evidently,4.066646546996621e-05,4.623128926970703e-05
evil,0.0006969018182915996,0.0003707199989770371
evildoers,5.3906741552205826e-05,3.0298996522804543e-06
evils,0.0007176768724138833,9.857812834361852e-05
evocative,0.0,2.2857817393898655e-05
evoke,3.994036268418652e-06,3.053171914795758e-05
evoked,1.4593760017268028e-05,2.0056172095468148e-05
evokes,9.928187209871396e-07,3.0010511023544247e-05
evoking,5.1512862250038e-06,5.464687133367387e-06
evolution,3.427822497303164e-05,7.126673039431288e-05
evolve,5.458320415455611e-06,1.09034087617984e-05
evolved,1.180427956399064e-05,1.5532391620640562e-05
evolving,3.8001403711057426e-06,9.06025212944081e-06
exacerbated,0.0,1.3582928490300178e-06
exact,0.00012591976657423416,4.860902806980847e-05
exacting,2.3005808623569048e-05,1.5989552208880475e-05
exactly,7.683069766320433e-05,6.30556342447819e-05
exaggerate,1.4497045210465627e-05,3.523780335306744e-06
exaggerated,3.4981231123572106e-05,3.8404401602235916e-05
exaggerating,4.940006187629149e-06,0.0
exaggeration,9.506163101628198e-06,1.0337383958799423e-05
exalt,5.474166171942785e-05,1.4632143254198138e-05
exaltation,8.939184329071688e-05,2.2757322735588528e-05
exalted,0.00014580789844239632,0.00011337381232010079
exalting,1.4514867663684776e-06,1.4213884842797351e-05
exalts,9.667120449333518e-06,1.4583257498896635e-05
examination,0.00013983383768067975,0.00014311855692532272
examinations,2.822478271996792e-05,3.157638736784708e-05
examine,0.00014039282970626065,0.00012232439427190033
examined,0.00011480673367723912,6.763283138818439e-05
examines,5.260946245218426e-05,1.2025948831635532e-05
examining,4.608638004753665e-05,6.033603757002401e-05
example,0.000500392923832971,0.00033718285453459976
examples,0.00024600080732268013,0.00010522666483925553
exasperated,6.6812911948990026e-06,3.5996614567003997e-06
exceed,8.588037807047049e-05,2.6757125046269412e-05
exceeded,2.5058406969325057e-05,7.815190535300305e-06
exceeding,4.8046119805045794e-05,4.90337173928824e-06
exceedingly,0.0001270081470686735,7.888909187558385e-06
exceeds,2.233877132257472e-05,1.3762710589921871e-05
excel,0.00011022050373878143,1.650637789226066e-06
excellence,0.0001450386166876423,4.956734109586453e-05
excellencies,0.0,7.59206025618299e-06
excellency,3.7782926525325324e-07,0.0
excellent,0.00032408073788020727,4.60624923153321e-05
excelling,4.3614977740151686e-05,0.0
excels,4.1535084073048255e-05,1.1270887415825755e-05
except,0.00046134721730597386,0.00031616130040444565
excepting,3.9699542999943594e-05,0.0
exception,0.00011128903240482154,5.565875408769716e-05
exceptional,0.00010553568831972476,0.00012995688242835467
exceptionally,2.0994182805418974e-06,1.953337004101454e-05
exceptions,2.7883832644078056e-05,2.2170489204810134e-05
excess,5.4005395260621944e-05,8.627027957379107e-06
excesses,9.759441860811192e-05,1.3479289788939143e-05
excessive,0.00011472466243489071,6.796033517111723e-05
excessively,3.059657445465792e-05,3.760426045044772e-05
exchange,5.4980308770691495e-05,0.00011291285834555882
exchanged,2.0640471356772606e-05,9.0798536215159e-06
exchanges,2.8187144491476696e-06,5.1429155810489157e-05
exchanging,3.9191971030833445e-06,6.086412278201491e-06
excite,0.00010362013306056693,9.406976755718495e-07
excited,0.00010473099648260648,2.1998842838167555e-06
excitement,2.4707805104697505e-05,2.258566328070586e-06
exciting,1.5915091341668423e-05,7.606024298477348e-06
exclaim,1.7029251306116713e-05,2.3944906063474543e-05
exclaimed,2.6660831830505124e-05,4.719046291816258e-06
exclaiming,0.0,0.0
exclaims,8.030258534067924e-06,2.0346160895841404e-05
exclamation,0.0,8.532597033463677e-06
exclude,6.679469422940053e-05,5.01088662883414e-05
excluded,6.922937446032135e-05,8.770585480236674e-05
excludes,1.4101692884001313e-05,3.4457550705189586e-05
excluding,1.840466139584391e-05,0.00013288928598748255
exclusion,4.114277744744628e-05,6.0213572664396244e-05
exclusive,3.8194261272050524e-05,0.00011201698555316762
exclusively,5.687799718302209e-05,0.0001247472050941296
exclusivity,1.5445400592187009e-06,4.977113474463841e-06
excmo,0.0,0.0
excommunicated,8.722901669167228e-05,0.0
excommunication,0.00044119340127443777,0.00010933637907237914
excuse,0.00010035428474365908,2.836567466887569e-05
excused,3.985726437560591e-05,8.834357550978419e-06
excuses,5.312109166542276e-05,6.560770175748312e-05
execute,9.90301556898422e-05,9.15384768380137e-06
executed,6.660459205360409e-05,5.771174854589884e-05
executing,3.3300100080713915e-05,1.3467037074844844e-06
execution,0.0001570131068349207,6.758085283542175e-05
executioners,1.6359754329331875e-05,7.251480941642699e-06
executive,1.079056252461344e-05,3.2132206587061864e-06
executives,8.433460349628828e-06,0.0
exegesis,3.429493144960107e-05,3.8892991560936094e-05
exegete,1.3060988940875544e-05,1.896760249684773e-06
exegetes,1.8237065579114034e-05,3.4401846858507864e-05
exegetical,1.784852419265515e-05,2.9398684579017397e-06
exemplar,2.252687890179396e-05,2.614137260295099e-05
exemplary,4.897184517560295e-05,6.497134006555551e-05
exemplified,5.749296067436273e-06,4.333852568389578e-06
exemplify,1.1768846488429368e-05,0.0
exempt,0.00010399566237704405,3.5761556001502894e-05
exempted,2.5901383356021167e-05,4.953548910820124e-06
exemption,4.62670636801927e-05,1.431453032562365e-05
exercens,0.0,3.1115638627772704e-05
exercise,0.0005053879983332656,0.000470602837338606
exercised,0.0001433455440581109,0.00032911125002798506
exercises,0.00023931126415424508,0.00015386633677484703
exercising,0.00010500900167336483,4.620863062239649e-05
exert,0.00016147955747046594,1.3424281467732679e-05
exerted,3.419038060154352e-05,2.363463768937815e-06
exerting,1.9097788920806287e-05,4.442180196585762e-06
exertion,7.58818877926007e-05,0.0
exerts,0.0,6.820859410050634e-06
exhaust,1.2135279247873218e-05,1.5498795744566363e-05
exhausted,1.4170417087399645e-05,1.6360029111133747e-05
exhausting,1.6995429977866862e-05,6.3861501515985805e-06
exhaustion,0.0,0.0
exhaustive,0.0,1.2256642317097045e-05
exhibit,3.590132949871005e-05,4.719515665946676e-06
exhibited,6.548216365908987e-05,0.0
exhibition,3.7398878635740706e-05,0.0
exhilarating,0.0,6.950372405318779e-06
exhort,0.0007414507427246255,0.00011134764685660913
exhortation,0.00028544573814877306,0.00025397819617845036
exhortationamoris,0.0,0.0018131655261248716
exhortationcatechesi,0.0,1.283845021489123e-05
exhortationchristifideles,0.0,5.402924256509417e-05
exhortationchristus,0.0,6.320869906230748e-06
exhortationecclesia,0.0,5.869005208180938e-05
exhortationevangelii,0.0,0.0001789962895735581
exhortationfamiliaris,0.0,4.5109516310328975e-05
exhortationgaudete,0.0,1.172415050320189e-06
exhortationmarialis,0.0,2.5510072873672166e-05
exhortationpastores,0.0,2.4378785168057042e-05
exhortationreconciliatio,0.0,7.345434035716765e-05
exhortations,0.0003263863023225011,0.00011764930940776364
exhortationsacramentum,0.0,1.9352619699872408e-05
exhortationverbum,0.0,2.183841532809035e-05
exhortationvita,0.0,1.4580248075522567e-05
exhorted,0.00012425522501468035,6.532744560490002e-05
exhorting,0.00013408488214080672,5.175036482203787e-05
exhorts,4.5653711925443976e-05,4.4474372738169114e-05
exigencies,3.0086498925358174e-05,3.0252373887906835e-05
exigency,1.0642945543969254e-05,6.834627738081395e-06
exile,0.0001646043651048126,4.007014784090444e-05
exiled,6.876924130066243e-05,5.855414513657948e-06
exiles,3.804179319327658e-05,1.100398745527916e-05
exist,0.0002097570550332926,0.0003562582208505477
existed,7.59462527911439e-05,6.226370837680689e-05
existence,0.00016754842799311263,0.0003337049400869953
existential,5.51477598321175e-06,3.126124760941771e-05
existing,9.16150864095153e-05,0.0001746088492336021
exists,0.00014941183524926123,0.0002999520272346039
exit,0.0,0.0
exodus,1.0598522671933196e-06,4.062208051885848e-05
expand,2.035261041994038e-05,2.690343168517127e-05
expanded,2.4598366035083758e-05,1.8211545006437386e-05
expanding,3.0561936798738315e-05,2.8849885149889516e-05
expands,7.589308302385392e-06,1.4874345321452897e-05
expanse,3.0312482136209854e-06,0.0
expansion,2.3416189026713357e-05,3.9626347520233026e-05
expansive,1.7378817222697585e-06,7.005904368990614e-06
expect,0.00011334467214962096,6.813279312233347e-05
expectancy,0.0,7.772754893671352e-06
expectant,0.0,0.0
expectation,6.0829370406354124e-05,0.0001245048444655882
expectations,3.057844715541018e-05,5.681985717250003e-05
expected,0.0001577106315027538,4.6760954068613866e-05
expecting,1.2993753036055464e-05,9.984591617616197e-06
expects,2.59260467228848e-05,2.532921876812092e-05
expediency,5.39152631418954e-06,5.757558831914947e-06
expedient,0.00014484119465533552,6.29930831569533e-05
expel,4.656449196573559e-05,1.8558259716662382e-06
expelled,8.834776021781954e-05,1.3610388502048796e-05
expend,5.301467395163102e-05,4.016403938227675e-06
expended,4.188458727538153e-05,6.797283485389979e-06
expending,1.8221422948926901e-06,0.0
expenditure,2.966019451184123e-05,6.331724372252636e-06
expenditures,3.172421970359765e-05,3.1094627619123747e-06
expense,9.783625072071387e-05,1.3348764416732265e-05
expenses,9.993859572411119e-05,1.737628948620241e-05
expensive,9.581048458887577e-07,1.823535109562519e-06
experience,0.0001741392840954281,0.00038424349358429
experienced,6.923688134482053e-05,0.00016243846275672939
experiences,3.109366477562303e-05,0.00016237230252634982
experiencing,1.3158901653125892e-05,6.487542623066279e-05
experiment,3.2827502434492444e-05,1.4843580389847304e-05
experimental,8.692669117861474e-06,2.989643920816216e-05
experimentation,6.489877794676861e-06,8.960028568232489e-05
experiments,4.846260462025419e-05,6.065467352669133e-05
expert,1.1876445325618103e-05,0.0002999204023897442
expertise,2.078110428803993e-06,1.1011457303216377e-05
experts,4.561690290755125e-05,0.0002235042193146025
expiate,7.916387907034065e-05,2.81223294070634e-05
expiation,0.0001339346053796718,4.838245308780734e-05
explain,0.0002222541320414901,0.00011355264118199175
explained,0.00015389445386934498,0.00021487615952162006
explaining,7.965728313169906e-05,4.4257893246467705e-05
explains,4.3042647728073806e-05,9.990756391663045e-05
explanation,0.00013158690570820431,6.198121886722254e-05
explanations,4.2978649292958464e-05,5.29933283778027e-05
explicit,5.9955761278308903e-05,0.00017293227032392643
explicitly,7.690724540134853e-05,0.0001446430235700047
explode,0.0,3.935600495374457e-06
exploit,2.0828762992335878e-05,3.4525140098527234e-05
exploitation,1.9008039135436816e-05,8.661462619064268e-05
exploited,5.861111753368917e-06,4.857433783791049e-05
exploiters,3.510710670454143e-06,1.4898360244921909e-06
exploiting,3.4064408293694545e-06,1.1731067565226944e-05
exploits,9.456705444952112e-06,4.211747943338255e-06
exploration,2.168334852024468e-05,1.0884601056233962e-05
explore,8.86953183141678e-06,4.082550713364277e-05
explored,3.8693622813846046e-05,4.2252016195103514e-05
explorers,2.324581406692475e-05,1.907489434299735e-06
exploring,6.397985239294128e-06,1.0470960397296763e-05
explosion,0.0,7.027581510387757e-06
explosive,0.0,3.207305504427746e-06
expo,0.0,0.0
exponent,8.271939959487712e-06,1.2015024512301957e-05
exponents,8.075801804142254e-06,1.8012112487796343e-06
export,1.5741294100922932e-06,1.70009720053043e-05
expose,5.5397365839128785e-05,2.9647374981505745e-05
exposed,0.00018686353422722038,5.484008217629812e-05
exposes,2.1435842937952943e-05,9.183438263932442e-06
exposing,5.6430302620077347e-05,2.6408600053832145e-05
expositio,9.680303211266904e-07,1.3803916960695105e-05
exposition,6.621988412753476e-05,5.779453619099215e-05
expositions,1.0027587885490244e-05,6.316231363618052e-06
exposure,1.162210757351912e-06,3.743459528020573e-06
expound,3.7807404681221624e-05,7.718909617371055e-05
expounded,4.7678964469222816e-05,0.00010954301758678087
expounding,2.7369738308277933e-05,3.362383879935559e-05
expounds,1.0979311102601021e-05,8.4674391498053e-06
express,8.496153488891399e-05,0.000169833272004449
expressed,0.0001305437546318737,0.00034739584411033904
expresses,3.205534127434593e-05,0.0002171895989565912
expressing,5.557559805724871e-05,8.791506948249021e-05
expression,0.00010255338242220178,0.0004569965541738079
expressions,6.0746766360788655e-05,0.00017311734800971607
expressive,1.5624571828297998e-05,3.583913426419618e-05
expressly,0.00023685708120330527,8.591345061987165e-05
expulsion,1.5255511128473277e-05,2.955760332732338e-06
exquisite,1.5486063879141286e-05,0.0
exsultate,0.0,1.059492984135636e-06
extant,1.8199758709691884e-05,0.0
extemporaneously,0.0,0.0
extend,7.9507824436461e-05,4.7985386689918234e-05
extended,0.00014068645667326046,6.22800462047427e-05
extending,6.71269042221807e-05,2.5454905833459203e-05
extends,6.823126231457024e-05,5.907683216655484e-05
extension,7.134583605265171e-05,6.962764947461092e-05
extensive,4.734927044665437e-05,0.00010366468794833593
extensively,7.46487511887681e-06,2.7620445617532173e-05
extent,0.00021122091437208163,0.00040158621695962355
exterior,5.9073857229731794e-05,2.4412747059741887e-05
extermination,1.0850373713669514e-05,3.1071127798374815e-06
external,0.0002092067493697311,0.00018379399508110093
externally,1.774993699570828e-05,2.9904168946152834e-05
externals,9.532569054466097e-06,2.9165341780621193e-06
extinction,2.5769393022754407e-05,2.1982238965410144e-05
extinguish,4.1918285681572725e-05,3.494310040658747e-06
extinguished,7.900478450432903e-05,3.489411591112232e-05
extinguishes,1.8771745269269326e-05,1.0670945152112822e-06
extinguishing,4.7763490692687664e-06,1.2834061449269347e-06
extol,4.736839982406922e-05,1.5008002720752488e-05
extolled,5.251761750145801e-05,2.4893390701467347e-05
extolling,1.4277161994299211e-05,7.742009130395162e-06
extols,6.646632927643861e-07,1.1737940422139872e-05
extra,7.879566846806654e-06,4.1302476673228794e-05
extract,1.2797249779826544e-05,9.524917276421663e-06
extraneous,2.2741187622549253e-05,4.152269245696092e-05
extraordinarily,1.9028537185988397e-06,8.943787023234707e-06
extraordinary,9.499097222463096e-05,0.00014622257784288893
extravagant,5.4406776393995624e-05,0.0
extreme,0.00014096598098713384,9.127651062845685e-05
extremely,8.124553600796215e-05,8.211447012884393e-05
extremes,2.1842013478386493e-05,1.0023437224909984e-05
extremism,0.0,3.2640832000111116e-06
extremist,8.686547915553332e-07,3.7381823683096596e-06
extrinsic,8.299434091586683e-06,8.95407322383697e-06
exuberant,1.2897223919302187e-06,1.879418048553297e-06
exult,4.545450163106928e-05,8.935006247103993e-06
exultant,0.0,8.191895463722642e-06
exultation,2.0023815859170446e-05,3.417086915059263e-05
exults,4.800559191344574e-06,5.95243757843729e-06
eye,4.919744453895608e-05,4.3954854914848305e-05
eyes,0.000289383652971038,0.00018378646630674785
eyewitness,1.2310664282142504e-05,8.072686001112859e-06
ezekiel,1.1982980507239143e-06,7.477001246567646e-06
fabric,1.2451099920778272e-05,3.775812216411527e-05
face,0.00011681669343108104,0.0002988598859089981
faced,3.221047940042445e-05,0.00013691748827923182
faceless,0.0,5.752333227631088e-06
faces,8.301758860975724e-06,4.488501092936506e-05
facet,0.0,1.2560676310182521e-05
facets,0.0,3.373191967516486e-05
facile,5.0958825626916175e-06,1.9483865317190046e-05
facilitate,3.3235970697189684e-05,8.431560525305092e-05
facilitated,1.0402404921509134e-05,8.256185790431071e-06
facilitates,1.9236070135671386e-06,1.2530124194315556e-05
facilitating,8.11812807044251e-06,4.7389523595957535e-05
facilities,1.8686842411011577e-05,8.535236771573107e-06
facility,5.2709551201743536e-05,5.97234123114189e-06
facing,2.1440861172424636e-05,5.5604549957361896e-05
fact,0.0003728349406109318,0.0006248057169497683
faction,5.133892682965542e-05,0.0
factions,2.724494412652053e-05,2.8056724376986132e-06
facto,8.150401147811582e-05,2.4218842230730966e-05
factor,1.3660203920559347e-05,6.40795030078767e-05
factories,1.8482398769928492e-05,5.4446808259620684e-06
factors,5.638925882570642e-06,0.00011813265199343358
factory,3.4421713095295945e-06,0.0
facts,0.00021699770799093936,7.144504819830485e-05
factual,5.276842739569983e-07,3.328335939837354e-06
faculties,0.0002639404758157938,0.00034594650278995813
faculty,0.00031254018801129147,0.00026610509327506886
fade,5.502456603052104e-06,9.34976782653628e-06
faded,1.103943885934743e-05,2.915675767602122e-06
fades,6.03583775678461e-06,4.831315941776361e-06
fading,0.0,1.2703832400831726e-06
fads,0.0,0.0
fail,0.0002642264857527879,0.00021888470008780633
failed,0.00014998460766945385,0.00010276893701894884
failing,4.2003665791776194e-05,6.169942943236618e-05
failings,9.51541832856171e-06,1.5353958855957636e-05
fails,5.9319549818939616e-05,2.2512606212712665e-05
failure,5.86677647901198e-06,0.0001256034187959833
failures,5.452588957685532e-06,4.6060123393523226e-05
faint,2.050891932882691e-05,1.1297312731726278e-05
fair,8.145144062064921e-05,2.2143871180492093e-05
faire,0.0,0.0
fairer,1.9232421219268004e-06,2.496327138508325e-06
fairest,1.9147446890903753e-06,6.457204909659272e-05
fairly,1.579114216258081e-05,4.4040568952773244e-06
fairness,1.0414068501044545e-05,8.426401843468116e-06
fait,1.5838749317178018e-05,0.0
faith,0.000871364191840123,0.0010752563764570293
faithand,0.0,1.1852773194603767e-05
faithful,0.0010322276319785423,0.0009805898823332362
faithfully,0.000185190499680546,0.0001901681538368466
faithfulness,2.7274556733829194e-05,0.0001246022718733495
faithfulof,0.0,1.253231301690201e-05
faithfulon,0.0,0.0019379027315968096
faithin,0.0,1.912858685099273e-06
faithless,3.0775377262188106e-05,0.0
faiths,0.0,1.94649303855995e-06
fake,0.0,1.2203736222226621e-06
fall,0.00024388063795986677,0.00017308852392238446
fallacies,5.372523055591372e-05,0.0
fallacious,7.397587545395017e-05,0.0
fallen,0.00013960032332746556,3.385646779592289e-05
falling,3.521148676019542e-05,3.57644590387107e-05
falls,7.81123254734484e-05,0.00010631552589968524
false,0.00046750876807352074,0.00010880574865121478
falsehood,8.980770612635482e-05,1.771374025047901e-05
falsehoods,1.3781159200359219e-05,0.0
falsely,0.00010256428055908646,7.77383223625613e-06
falsification,1.461891665899776e-06,5.594813068383736e-05
falsified,3.4307225228530145e-06,7.72370144544109e-06
falsity,1.3905591795518612e-05,3.207305504427746e-06
falter,2.7244320600510138e-05,5.524110320030057e-06
faltering,1.564991482039891e-05,0.0
fame,8.573984754776777e-05,0.0
famiglia,0.0,0.0
familia,1.94282303547637e-06,6.338303184621524e-05
familial,2.049199526039084e-05,4.195473240468384e-06
familiar,7.01693295929628e-05,5.0701982646031704e-05
familiaris,0.0,0.00011968158543135161
familiarity,3.882286754103429e-05,1.6084829307556072e-05
families,0.00010944156804913128,0.00017221567504626498
famille,0.0,1.1549271161442404e-06
family,0.00019165953354234453,0.0010793335493804004
famine,3.9936335998966644e-05,1.0788703387313195e-05
famous,9.118062034916726e-05,3.3177852995877725e-05
fan,0.000765626862127291,3.4611863273342045e-06
fanaticism,1.1938698620969574e-06,1.652395899827869e-05
fancy,2.3210228041298152e-05,0.0
fanfare,0.0,2.0396549271700675e-06
fans,0.0,0.0
fantasy,8.078169163494248e-07,5.052990717140104e-06
fao,1.1567235271832973e-06,4.837297934227458e-06
far,0.0006709570929038935,0.00031380730903193214
faraway,3.6875311889585833e-06,3.1006351153782345e-06
fare,8.035596016445133e-06,0.0
farewell,9.824265335115214e-06,3.3046802528894124e-05
farm,2.968648524015373e-05,4.14573419285547e-06
farmer,3.6165975950767084e-05,2.0007040769386363e-06
farmers,6.080213980969168e-05,4.751772185235818e-06
farming,3.143403398961399e-05,6.746442922302992e-06
farrell,0.0,0.0
farsighted,0.0,0.0
farsightedness,1.3384291623578155e-05,1.5791194392956475e-06
farther,3.7525185593895515e-05,4.137365038446346e-05
farthest,1.974337060363411e-05,7.082962696307455e-06
fascinated,2.1344044966847174e-06,2.6050466932454934e-06
fascinates,1.1428042841648136e-05,0.0
fascinating,1.057675461781013e-06,1.5435197387254342e-05
fascination,3.325890812753257e-06,2.23722427614088e-05
fashion,0.00016079717399242332,8.531454926402135e-05
fashionable,1.522813571409423e-05,1.3419121223216959e-05
fashioned,3.5263329276488614e-05,1.1065950261274884e-05
fashioning,1.5427958824347134e-06,4.2088770590583245e-06
fashions,2.179141476123337e-06,3.4544755390378083e-05
faso,0.0,3.442421430425331e-06
fast,0.0003173021142311385,5.1782954754238776e-05
fastened,2.0682678172741268e-05,0.0
faster,7.715216009815066e-06,1.7014020897445671e-06
fasting,0.00017961116069756958,1.3728473082622669e-05
fasts,5.589474899765975e-05,0.0
fatal,0.00016563466144268617,1.0173868685742987e-05
fatalism,1.9891006182723402e-06,1.0065132180130163e-05
fate,4.053449496682278e-05,1.6759100798766903e-05
fateful,2.0676115956179608e-05,1.9960263095801037e-06
father,0.0002620283273410767,0.00058291426725081
fatherand,0.0,0.0
fatherfor,0.0,0.0
fatherhood,3.294664679064809e-05,0.000195357904421482
fatherjohn,0.0,2.1425506123117594e-05
fatherland,0.0002106183236649855,3.9849200972678345e-06
fatherly,0.0002889868711854109,6.346733930734022e-05
fatheron,0.0,0.0
fatherpope,0.0,0.0
fathers,0.0005424798363367189,0.0005278749425145252
fatherto,0.0,0.0
fathom,8.666736984145753e-06,0.0
fatigue,9.589940808697961e-06,1.9709214372877028e-05
fatima,9.307434763033984e-06,6.76275332490528e-05
fault,0.00018994612310889715,7.11386035893636e-05
faults,8.83829759136027e-05,2.6063184539539666e-05
faustina,0.0,3.2559454328020797e-06
favor,0.0006605752044177733,0.00015256484715778568
favorable,0.00021085123077779237,2.7711582961330128e-05
favorably,4.5817043580626065e-05,0.0
favored,7.436375188059784e-05,6.755289252008173e-06
favoring,2.976657835511525e-05,5.6616769237759104e-05
favors,0.0003395435450962618,2.234225160579584e-05
favour,6.583704494261228e-05,0.00016143805048922982
favourable,8.045572772593198e-06,0.00011287608746124313
favourably,7.401919430592994e-06,3.367769492681304e-05
favoured,1.4558046840915805e-05,1.9229425991380454e-05
favouring,7.300173731806128e-07,2.8561329117277712e-05
favourite,0.0,8.589560499983859e-06
favourites,0.0,0.0
favours,3.6876949847862606e-05,1.975372965386683e-05
façade,0.0,1.2253562208078208e-06
fear,0.00046293002779266543,0.00014053229284203544
feared,0.00016402346224340004,2.8710218938074848e-05
fearful,9.672090250249451e-05,9.776436855032643e-06
fearing,7.310043811078638e-05,9.687801831980636e-07
fearless,3.443324095049772e-05,2.6094293114212956e-06
fearlessly,7.640964246403203e-05,3.473665735043435e-06
fears,5.0134973206215924e-05,2.6850233219474317e-05
feasible,8.438308195214711e-06,1.2498493785202706e-06
feast,0.00035963333992824516,0.00013537973075353739
feasts,0.00011074817742649182,3.6017457368650986e-05
feats,4.105756218042815e-06,0.0
feature,3.202636184532715e-06,3.5886050352854754e-05
features,2.3391801903419014e-05,5.256706932795176e-05
february,0.0001269078960185871,0.0010827464057387923
fecundity,2.0840049045890288e-05,1.7117617510760017e-05
fed,5.724868672375998e-05,2.133330027001282e-05
fede,0.0,1.2708454288598124e-05
federal,1.1168002249475161e-05,0.0
federation,2.8919991861511982e-05,2.822291469625794e-05
federations,3.2671039880662868e-06,9.931725287704592e-06
federico,0.0,0.0
feeble,2.457222847639786e-05,4.77882446700302e-06
feed,0.0001379132740451351,2.4581339123695563e-05
feeding,6.572730263552014e-05,2.7338028175794063e-05
feeds,1.9801553286521622e-05,1.4561747734127494e-05
feel,0.00017205255880426478,0.00019195790930221808
feeling,0.0001520645372594786,7.911343842898752e-05
feelings,0.00013656408161747457,8.254246661120902e-05
feels,3.0685495219396044e-05,0.00010091044005927173
feet,6.512523579511582e-05,3.684103487688435e-05
felicitous,2.1411537672524452e-05,1.978702601957038e-05
felicity,3.327434754566111e-05,0.0
felix,3.7093211611637134e-05,2.1627049619357264e-06
fell,5.527125519642427e-05,2.3281243857915218e-05
fellow,6.944898314653539e-05,8.11759267047344e-05
fellowmen,9.60997391673551e-06,6.162342279449884e-06
fellows,1.5406026377324676e-05,2.7896739145799107e-06
fellowship,3.8969490696877234e-05,7.01149645623564e-05
felt,0.00012426490137417906,0.0001684335017577523
female,1.3149760391421134e-05,0.00012223375624711755
feminine,2.509168251909844e-06,6.506145532796026e-05
femininity,0.0,3.991978355122203e-05
fend,2.5774807521012153e-06,4.040125673275499e-06
ferdinand,0.00011379269933693433,0.0
ferment,2.1831404015329507e-05,5.871411301952796e-06
ferments,1.5271528977784177e-06,2.0010531413048607e-06
fernando,0.0,0.0
fernández,0.0,3.1335442883825623e-06
ferocious,4.204837909285767e-05,1.9335006538583674e-06
ferocity,2.0102680592853696e-05,0.0
fertile,3.167207991139544e-05,3.140481318845747e-05
fertility,3.357571540104019e-06,3.054822452125289e-05
fervent,0.00020195823556800745,0.0001189712339291991
fervently,0.00012938466334455598,2.2063343045813295e-05
fervor,0.0002069353466777373,0.00010553548561395875
fervour,1.7741732659934165e-05,4.740996691986067e-05
festival,5.166003645917101e-05,6.922275175099033e-06
festivals,3.5713485233242416e-05,1.8292705118190013e-06
festive,2.1306256897539096e-06,1.7629371784515822e-05
festivities,2.2470970844891255e-05,0.0
festivity,5.956750531528782e-06,1.246160777311169e-06
fettered,1.9710016029189633e-05,0.0
fetters,1.3584587587657613e-05,0.0
fever,1.3172161844548443e-05,2.226123632602361e-06
feverish,1.9154266161934e-06,3.742768160035565e-06
fewer,2.7065590759735597e-05,1.1325472635754684e-05
fiat,8.83886483229643e-06,3.05545510712739e-05
fibre,9.000488310253895e-06,3.598856445178024e-06
fide,4.2761046313194354e-05,0.00017732683449211498
fidei,3.416723569907086e-05,6.709183650377282e-05
fideism,8.276032164725672e-07,9.333470142326808e-06
fidelis,0.0,2.951426774654315e-06
fidelity,9.031457394229483e-05,0.00033102099131714015
fides,1.5952199604715902e-06,1.363059223151808e-05
fidèles,0.0,0.0
field,0.00019221676880069101,0.00025208043369427343
fields,9.332679170620276e-05,8.441116326600362e-05
fierce,4.91029251686596e-05,4.278004747579704e-06
fiercely,2.1495738754577297e-05,0.0
fiery,1.0164472034367551e-05,1.107914773028124e-05
fifteen,0.00011436054441233177,1.4151392472052433e-05
fifteenth,0.000107168397214554,7.134843501634264e-06
fifth,0.0001245550919480485,0.00010952908834277822
fiftieth,5.763449655228213e-05,4.870515003549757e-05
fifty,4.950755489427603e-05,1.5680134673172413e-05
fig,0.0,2.8163421147193255e-06
fight,0.0002083540974960395,3.9865060199188074e-05
fighting,6.0590856611707275e-05,3.3670513393447154e-06
fights,2.2335127511674985e-05,1.6951148848067242e-06
figurative,1.3409589655321493e-05,9.218454056944967e-06
figure,5.362032381291022e-05,8.529170476984079e-05
figures,3.383101732117712e-05,8.974110009700029e-05
figurines,0.0,0.0
fiji,0.0,0.0
filial,0.00010000372630097662,0.00010436132751329703
filiation,1.0143956379367311e-06,1.3638240952706967e-05
filipino,0.0,0.0
filipinos,0.0,0.0
filius,1.6958895130021103e-05,6.913961259139503e-05
fill,0.00012576108309295358,4.888390711328378e-05
filled,0.00018392042286434135,0.00013657780020406255
filling,3.105219754831016e-05,2.7704164974488248e-05
fills,4.597940057058502e-05,5.7877202050620126e-05
film,1.1340277947215795e-05,3.7477210283051917e-06
films,8.28614852555649e-05,1.0908488612588986e-05
filoni,0.0,0.0
fils,0.0,0.0
filth,2.8558832852317592e-05,5.4850876159606005e-06
filthy,2.6551228146496538e-05,0.0
fin,0.0,0.0
final,0.00011375529983985272,0.00028800300515196723
finale,0.0,0.0
finality,3.103396462015842e-05,0.00019910477265182113
finally,0.0006371030406861851,0.0003303403437530865
finance,1.7928495530205398e-06,8.013847142550982e-05
finances,7.821018153083153e-06,9.256412048678998e-06
financial,5.974764625162222e-05,9.1858606834089e-05
financially,4.2951321454354095e-06,5.705822055510493e-06
financing,7.504402235581688e-07,1.3040108583969643e-05
find,0.0002287313978713166,0.0003127836794583336
finding,2.3832637894814798e-05,8.622536707649295e-05
findings,5.804717058859909e-06,3.47527662701082e-05
finds,8.617561283537089e-05,0.0002653079761920483
fine,0.00012896649821820752,2.0590198547522252e-05
finest,3.900501403099826e-05,2.9177269662288974e-05
finger,1.7567812995056923e-05,8.949787344387868e-06
fingers,6.414569824516579e-07,0.0
finish,3.322197454231143e-05,4.997740635594919e-06
finished,4.2201392791973485e-05,1.9306436998327045e-05
finishes,8.159446072334855e-07,0.0
finishing,5.6144586332547554e-05,6.875122486694778e-05
finite,5.143419581952718e-06,3.193868455156763e-05
finland,0.0,5.057959451294877e-06
finnish,0.0,0.0
fire,0.00013414868691172485,7.301456274658058e-05
fired,1.6871440216515084e-05,4.606897497185747e-06
fires,2.4727868806411775e-05,1.6096692435899546e-06
firm,0.0002260763171595994,0.00022361802272686328
firmament,1.0562190422998225e-05,0.0
firmer,1.647559920340475e-05,2.026441431299097e-05
firmest,1.660203446452231e-05,3.442950519337105e-06
firmly,0.00023561529660955015,0.00011521082193972058
firmness,0.00012337421008236311,6.233079994653079e-05
first,0.0003804207552317359,0.0004479461046211453
firstborn,1.5103269816446628e-05,5.492468395945025e-05
firsthand,0.0,4.129912892309976e-06
firstly,8.990677247722713e-06,1.2245303818339712e-05
fiscal,8.320457570127026e-06,7.607973290483918e-06
fish,2.073214691349671e-05,1.775397321655185e-05
fisher,0.0,8.07578984884725e-06
fisherman,0.00011684082183590789,1.638241556259595e-05
fishermen,0.0,1.4452244875219122e-06
fishers,5.658671386013822e-06,1.492925863677533e-06
fishes,2.985188746481549e-06,3.5095955467175855e-06
fishing,0.0,8.58188089532155e-06
fisichella,0.0,0.0
fit,0.00015666956292034913,0.00015998552739082835
fitly,4.273274744372467e-05,0.0
fitness,2.5002750576406277e-05,1.8522433888708887e-05
fits,2.160414073074403e-06,9.370201703502144e-06
fitted,9.782051943251663e-05,8.871696989831587e-06
fitting,0.0003753824988003318,0.0001774222932378448
fittingly,8.184236466171861e-05,5.6722267155794676e-05
fiumicino,0.0,0.0
five,5.1661334931385874e-05,8.839644386803259e-05
fix,4.4582285883208295e-05,9.053333623132189e-05
fixed,0.00014819443651702325,5.4890811881890545e-05
fixes,3.1701113346923734e-06,5.738165660449153e-06
fixing,1.2563065681783107e-05,4.359761904107949e-06
flag,1.0691337647118023e-05,9.454741614308009e-07
flagrant,7.873567541177377e-06,1.3888999870546347e-05
flags,3.7477628048450756e-06,0.0
flame,4.215300435510824e-05,1.4587277351270737e-05
flames,0.00011349778115870479,1.0322852541990755e-05
flash,0.0,0.0
flattery,1.9382050616004682e-05,0.0
flavour,0.0,9.258986458801751e-06
flaws,1.9718622609559263e-05,4.650864217978928e-06
fled,1.2442345815112222e-05,1.3561494042840666e-05
flee,4.080532912104659e-05,2.3883195345203072e-05
fleeing,8.643053046169454e-06,8.598434723618612e-06
flees,9.416018240377724e-06,0.0
fleeting,5.333026294827963e-05,4.0537706973563996e-05
flesh,0.00018262531800887364,0.0003457715652985661
flexibility,1.394813134992473e-06,2.5984662113975345e-05
flexible,4.443971286442744e-06,4.567693732959705e-06
flies,8.223983719805044e-06,1.4182439924765028e-06
flight,5.989159716245394e-05,2.684956364560463e-05
flightsunday,0.0,0.0
flock,0.0007643329174837099,9.624939009332545e-05
flocked,3.47492442455279e-05,2.6786708485919003e-06
flocks,0.0005069080611731047,2.5505147071025054e-05
flood,6.480549502371064e-05,2.6973080370195194e-05
flooded,8.703660133007127e-06,1.7516133367238364e-06
flooding,4.018952287161337e-06,0.0
floods,1.6314052115160816e-05,0.0
floor,3.969024186239044e-06,2.4015249132488388e-05
florence,0.0001054741930877992,0.0001935316558257166
flores,0.0,2.000470746105432e-06
flour,1.1982737644575931e-05,1.8116555754753662e-06
flourish,0.00026976382384747235,3.3600259066375e-05
flourished,5.474526453578309e-05,1.0989532271992111e-05
flourishes,6.0743229537081316e-05,4.090843075030485e-06
flourishing,0.00011194276892393279,3.762310358869493e-05
flow,0.00014096105137200146,7.013855434202547e-05
flowed,4.837385146383202e-05,8.877003457757e-06
flower,7.6515356044873e-05,4.971703847586818e-05
flowering,1.2484390376146327e-05,6.051726761209031e-05
flowers,7.04879491281387e-05,6.093286400832399e-06
flowing,7.034634358278114e-05,3.1850002385368814e-05
flows,4.335536704366557e-05,7.301562542373849e-05
fluid,2.4935255819311885e-06,4.270275149354277e-05
flux,1.191761406142861e-05,3.792668248841127e-06
fly,9.614100255511888e-05,3.2644016564667818e-06
flying,1.5448691598145647e-05,0.0
focal,2.089284792720548e-06,1.4822351692925106e-05
focolare,0.0,0.0
focus,4.497296095888339e-06,5.309099242450465e-05
focused,1.1236404628486389e-06,3.058065733586817e-05
focuses,3.8411507785786566e-07,8.646952482676415e-06
focusing,3.4358526945664835e-06,1.5126807125997252e-05
foe,3.8541414070320304e-05,1.087961596317262e-06
foes,4.024682172123475e-05,1.2061240571270356e-06
fog,1.3498054827845602e-05,0.0
foi,0.0,0.0
fois,0.0,0.0
fold,0.00020996124591945127,2.2381868485607535e-05
foley,0.0,0.0
folk,1.835956825725981e-05,3.1008327125993094e-06
folklore,0.0,4.431059595578713e-06
follereau,0.0,0.0
follow,0.00031747584088555753,0.00020059578518839008
followed,0.0002290389928026455,0.00027460240674010057
follower,1.7787406263098813e-05,3.072241546344144e-05
followers,0.00015934526964140588,9.563220710046774e-05
following,0.00041196465156274437,0.0005366274015017069
follows,0.00029036373445045756,0.00019301580977686285
folly,2.8617367446151164e-05,1.4356919811000296e-05
foment,9.213529862167229e-06,3.0863383219318417e-06
fomented,2.8408808717942707e-05,3.2916430533588165e-06
fomenting,2.3104759163667552e-05,2.553579301711566e-06
fond,2.816232496733128e-05,9.90435627023341e-06
fondly,1.447426410816234e-05,0.0
fondness,0.0,1.3964097117910318e-06
font,2.7969134078164637e-05,1.2753550144225031e-05
fonti,0.0,0.0
food,0.0002251582536583082,0.0003951342472194785
foods,7.079208662834241e-05,0.0
foodstuffs,1.1388432648082814e-05,2.8385908637147105e-06
fool,8.654234533683116e-06,4.4541269026606415e-06
foolish,0.00014960300687921855,8.395861485137032e-06
foolishness,2.1710339108731605e-05,2.7914817416056257e-05
fools,1.5735403420485e-05,1.2622530970663741e-06
foot,7.049783706662105e-05,6.818011208055488e-05
football,0.0,0.0
footing,1.9912911630249688e-05,7.79615737686564e-06
footnotes,2.4353454860012718e-05,0.00010003852838531058
footprints,1.1499403019908358e-05,0.0
footsteps,0.00013049488668083527,9.29538992042925e-05
fora,0.0,7.498558707699918e-06
forbade,6.386318368892545e-05,4.043066508702244e-06
forbearance,1.993967339761862e-05,1.1796800137490298e-05
forbearing,2.497449255663224e-06,0.0
forbid,0.000241095510552197,5.131686195062253e-05
forbidden,0.0003698089627780677,4.105638067154251e-05
forbidding,6.734463664822033e-05,1.2428436112665419e-06
forbids,0.00016721374946582419,1.2588778928425509e-05
force,0.00045192743357652616,0.0005508606240445911
forced,0.00016238189754081735,6.607587844925993e-05
forceful,8.187956348243291e-06,3.2176676857082343e-05
forcefully,4.175535074480207e-05,6.327679948243422e-05
forcefulness,8.587561882764936e-07,1.529847137756166e-05
forces,0.0002198749895761094,9.879648532668882e-05
forcibly,3.894297169949549e-05,1.3379924634332769e-05
forcing,1.8114989147080622e-05,1.3831048063809787e-05
fore,2.728747091600194e-05,6.5906406815357565e-06
forebears,0.0,1.148517589878663e-05
forecasts,4.355542181783941e-06,0.0
forefathers,0.00013924731631432882,5.23558388619231e-05
forefront,0.0,2.8434218608186165e-06
forego,4.8551187124680116e-06,3.968296195849708e-06
foregoing,3.6561372694021394e-05,1.8059428140370193e-05
forehead,1.0138888797225727e-05,9.058660080335545e-05
foreign,0.00019183859476339042,5.4318313782830805e-05
foreigner,2.5753926419946164e-06,1.3166704153979168e-05
foreigners,4.9641123938549014e-05,2.1411752311595858e-05
foremost,4.0846084537316636e-05,7.681174416820046e-05
forerunner,1.5363616152849783e-06,1.3158423881776463e-06
foresaw,5.635988206349059e-05,1.2131791053272054e-05
foresee,3.500874786169445e-05,1.0670469849939933e-05
foreseeable,1.4784451062388303e-06,1.3316962734502458e-05
foreseeing,7.904339628086485e-06,2.574515981183636e-05
foreseen,3.6655430421062365e-05,8.268215580269879e-05
foresees,3.66717257820672e-06,0.0
foreshadow,1.1463232331355213e-05,1.0375545586014255e-05
foreshadowed,2.7457740272084044e-05,1.9939671565228872e-05
foreshadowing,1.544040879585225e-05,2.7261427965718977e-05
foreshadows,0.0,3.999340183090942e-06
foresight,5.5046508315846996e-05,1.472681557689321e-05
forest,1.154917912813215e-05,9.412563118580033e-06
forestall,2.8559929203352722e-05,3.699478284847225e-06
forests,6.695217256906159e-06,1.2157678135661953e-05
foretaste,1.4886426248400336e-05,2.4324208792607264e-05
foretell,1.3638537523102525e-05,0.0
foretelling,3.2273170074292746e-06,1.0617537386836292e-05
foretells,5.496581460885128e-06,6.540796646913355e-06
foretold,7.824927111104011e-05,4.4509051778007565e-05
forever,0.00016975449217714186,9.331637540817992e-05
forfeit,1.972001613763466e-06,4.125186133878664e-06
forfeits,9.686444285593589e-06,3.0785230478448905e-06
forgave,0.0,1.6714814840699168e-06
forge,2.1540391846083644e-06,1.8239949151762133e-05
forged,1.0164834459262529e-05,7.660765106025174e-06
forget,7.60801829818835e-05,8.691519766913149e-05
forgetful,4.143943110737112e-05,8.917353821196047e-06
forgetfulness,8.715983595439319e-05,2.3970966064513013e-06
forgets,5.163038654285788e-06,5.915587608774059e-06
forgetting,2.546517401059478e-05,4.0131145365689123e-05
forging,0.0,5.613052449483134e-06
forgive,3.1866226532554084e-05,0.00011445650403529828
forgiven,2.2597677539034877e-05,0.00014617762953760563
forgiveness,6.955457488916269e-05,0.00021491768355694495
forgives,1.3457017107747566e-06,3.485823262022211e-05
forgiving,7.802746240700812e-06,1.917061709134248e-05
forgot,1.0208573077005964e-05,1.146158849930525e-05
forgotten,8.153002379630686e-05,0.00010074910258052346
form,0.00042725790578345205,0.0004391254637083729
forma,3.651994170799417e-05,9.45219554567462e-06
formal,5.0965168388518865e-05,7.77034960231962e-05
formalism,6.421872519844368e-07,1.7377440194413713e-05
formalities,1.7126870586400454e-05,1.795890428347496e-05
formality,3.4976069817766593e-06,2.8872729926116066e-06
formally,1.836792974427195e-05,3.302579868040064e-05
formation,0.00011586225775840174,0.0006289174443880542
formative,4.939156621488276e-06,2.216842262816711e-05
formators,3.947032315718955e-06,3.119476031017142e-06
formed,0.00018908615635487863,0.00011471527497679668
former,0.00029273738511468114,0.00016652967186083783
formerly,0.00012272769053279088,2.813988183749112e-05
formidable,4.29064965562707e-05,3.5810651088506505e-05
forming,3.618087558884741e-05,6.024754401557285e-05
forms,0.0001112572165464037,0.000507758500302167
formula,8.409717238180748e-05,0.00027164264149721445
formulae,3.980753415547041e-06,1.529614335832937e-05
formulas,3.1399542684036694e-05,9.356246836046095e-05
formulate,3.067007323177914e-05,3.835310922607435e-05
formulated,2.7330485393491467e-05,4.0785493615394703e-05
formulates,3.2359651120247555e-06,1.0870950871897237e-05
formulating,0.0,4.06023186113972e-05
formulation,2.7444326175568708e-06,6.853365970555836e-05
formulations,1.4179875223806008e-06,2.1637468583151484e-05
forsake,4.404963545962753e-05,2.439778647466778e-05
forsaken,2.0760020164595946e-05,2.089078866904493e-05
fort,3.0436097383923642e-06,0.0
forth,0.0005938025335827797,0.0003261377629960755
forthcoming,1.2075175970400276e-05,3.412673398709974e-05
forthe,0.0,1.921639019093885e-05
forthright,3.1966214527195205e-06,1.442464697757181e-06
forthwith,2.1232746982077582e-05,1.3117469665593712e-06
fortieth,1.9045797002033336e-06,1.293974295476872e-05
fortified,7.629582800122298e-05,5.586278372725124e-06
fortify,8.668668386946708e-06,1.8313028985587096e-06
fortitude,0.00015069033147292233,8.621420620379697e-06
fortress,1.5337106922032916e-05,4.137319839765285e-06
fortunate,2.702933404190149e-05,1.6256334096691886e-05
fortunately,1.3557402592929474e-05,1.4094231399710944e-05
fortune,0.00014231377462834246,4.113161122938636e-05
fortunes,9.646803317512614e-05,0.0
forty,4.1052880565130794e-05,1.496970113322196e-05
forum,5.173713850126172e-05,9.531942084674183e-05
forums,0.0,7.284954706450287e-06
forward,9.062189975859072e-05,0.00010378586807792769
forwards,2.431262586260854e-06,2.855588918675662e-06
fossil,0.0,4.3806551757623466e-06
foster,0.0001451853141174586,0.00011914340501891315
fostered,5.576921690041965e-05,5.858279503606363e-05
fostering,4.721847344109786e-05,0.00013212845832735626
fosters,5.63547345246707e-05,3.099175956958015e-05
fouad,0.0,0.0
foucauld,1.3949908203119863e-06,1.9970815291888394e-05
fought,8.249429828149668e-05,6.9532045587200775e-06
foul,7.912956552735321e-05,0.0
found,0.0004390720638267054,0.0004476880780390103
foundation,0.00020752890856670482,0.00024169083070842243
foundational,0.0,1.610635734867659e-05
foundations,0.0001775002989213363,6.84762858953029e-05
founded,0.00030870267403244645,0.00013183939923542602
founder,0.00020009960357844482,6.180480999375083e-05
founders,4.5652941804798905e-05,6.207608189357197e-05
founding,8.927894317609875e-05,2.2053202468842897e-05
foundress,3.663809147296891e-06,1.4718620971400059e-05
foundresses,0.0,2.2902365006060304e-05
fount,3.6322547051699095e-05,3.135056995434225e-05
fountain,5.433505570113422e-05,2.5144973814852055e-05
fountainhead,1.9444308703215238e-05,0.0
fountains,5.237321631376917e-05,9.973742020426866e-06
four,0.0001109262296312771,0.00013491319054541046
fourteen,2.1900727741887348e-05,1.8381261731148384e-06
fourteenth,0.00011006697460540656,3.0137398794957045e-05
fourth,0.00014644476737247592,0.00024127176663422012
fovendam,0.0,0.0
fra,1.309196174041448e-06,1.5693452982507806e-06
fragile,4.694152969330198e-06,3.0088994292625654e-05
fragility,2.0757402112365077e-07,4.2396536142937946e-05
fragment,0.0,2.1259982788366063e-05
fragmentary,0.0,1.067216914146222e-05
fragmentation,0.0,2.237147588292915e-05
fragmented,1.1962699978401237e-06,1.328917973562961e-05
fragments,8.378890259476395e-06,6.116942236881448e-06
fragrance,1.2323161837593249e-05,5.0809471795822e-06
fragrant,3.670845833281117e-06,6.413248946448137e-05
frail,8.204122513966675e-06,5.87726936229159e-06
frailties,2.8720360116963666e-06,3.5837793799574235e-06
frailty,2.2893923560103204e-05,2.6319999109692053e-05
frame,2.452384817869091e-05,7.158280391255097e-06
framed,3.172206190452703e-05,5.921601702540926e-06
frames,0.0,0.0
framework,1.0277405110817274e-05,8.272102390009323e-05
frameworks,1.5851075071523477e-06,4.335049843914996e-06
franc,0.0,0.0
france,0.0005001856205796326,1.2629969002200635e-05
frances,1.6114238552686917e-05,9.731081296484207e-06
francesca,9.414065480500892e-06,0.0
francescane,0.0,0.0
francesco,4.342261368895229e-06,5.614863075937679e-05
francis,0.00013909030326729571,7.213883053264233e-05
francisat,0.0,0.0
franciscan,5.900218190748385e-05,9.435533504035075e-06
franciscans,1.5543370304376718e-05,2.3816091347144455e-05
francisco,1.444455161114571e-05,1.3641013122857036e-05
franciscus,3.60922578293058e-06,1.0218348690136589e-05
francisfor,0.0,0.0
francison,0.0,0.0
francisto,0.0,2.455571232993958e-06
franciszek,0.0,0.0
franco,0.0,0.0
frank,1.3171229632401672e-05,1.445412897665592e-05
frankincense,6.530226607950732e-06,0.0
frankly,2.559395637487221e-05,1.4235336553974881e-05
frankness,2.521449153162331e-05,1.2504185256001914e-05
frantic,0.0,3.97703383679448e-06
franz,1.2991318985993074e-05,0.0
françois,3.818354466130643e-05,0.0
frassati,0.0,1.5893131765440085e-06
fratelli,0.0,1.026810004912416e-06
fraterna,0.0,0.0
fraternal,9.344888724257207e-05,0.0001639116715667364
fraternally,8.981096391350916e-06,4.823380324986929e-06
fraternities,8.606860966359379e-07,1.8498414015580137e-06
fraternity,5.464033710875557e-05,0.00010746140572218962
fratres,0.0,1.4587248519743796e-06
fratricidal,2.7345693210980077e-06,8.274267553111626e-06
fraud,8.170304351325986e-05,9.317841265101403e-06
fraught,1.8123697733274517e-05,1.71722825625017e-05
frederick,2.2348122655560815e-05,0.0
free,0.000443285636445134,0.0003811689325511708
freed,7.018554444460441e-05,2.3891419716562472e-05
freedom,0.00023284679029086802,0.0005299884077362101
freedomdignitatis,4.228743881798146e-06,2.6033281150251124e-05
freedoms,0.0,1.3173200811655586e-05
freeing,1.243560685978932e-05,2.2389187033017595e-05
freely,0.00024659152545768257,0.00024570720549891266
freer,2.1724861607774288e-05,8.156078497560673e-06
frees,7.103430004137475e-06,2.4017869909395278e-05
freiburg,2.777396318055471e-05,1.9288772598350597e-05
freising,2.8678585228038477e-05,0.0
french,0.0002161611528118519,2.0141980313808702e-05
frenetic,0.0,5.032682245710145e-06
frenzied,3.4762280893653782e-06,1.4059919040665019e-06
frenzy,5.084500674956568e-06,1.2304649744393027e-06
frequency,2.8947705109910515e-05,4.590991424310401e-05
frequent,0.00023951061021826916,0.00012447021676444372
frequented,1.7520955290372395e-05,1.4394266704061562e-05
frequently,0.00032589745472321445,0.00014285577778246493
fresco,0.0,0.0
frescoes,0.0,0.0
fresh,0.00010560618692621458,0.00011011141412345428
freshness,5.963901926916232e-06,2.5808518707675446e-05
friar,2.308563197559385e-05,0.0
friars,0.0002987318293030204,9.07784837391934e-07
friday,2.5401712258896065e-05,1.1957367503923243e-05
friend,4.270893474080848e-05,5.1439416907283395e-05
friendliness,1.6129482899076263e-06,1.3414389644921275e-06
friendly,0.0001067066018067541,1.2735097656463625e-05
friends,3.3131307526719705e-05,5.514786112481984e-05
friendship,7.010252001888933e-05,0.0001150925703685127
friendships,1.5721628230338736e-06,3.710778628160656e-06
frighten,2.3144910828319936e-05,0.0
frightened,3.87688813184077e-05,4.934211110995707e-06
frightening,3.969153338407755e-05,5.065357441742721e-06
frightens,0.0,2.98449953173514e-06
frightful,3.049574668615192e-05,4.043117311636146e-05
fringes,0.0,1.0095955754477428e-05
frivolous,1.4572105026451324e-05,1.087961596317262e-06
fro,9.901359152021414e-06,4.353705175647478e-06
fromthe,0.0,2.879894472810558e-06
front,1.5276369449518688e-05,0.00010173134539176385
frontier,3.956272278674355e-06,2.396171765098974e-05
frontiers,2.018299061988684e-05,3.803022255941042e-05
fronts,1.3276818774193e-06,1.5548947706543944e-06
frozen,1.805380607693189e-06,2.7242256657405677e-05
fruit,0.00021747343077806468,0.00020412580024288
fruitful,0.00016385681391211897,0.00022572263630829932
fruitfully,1.8969380307550928e-05,1.241633426823019e-05
fruitfulness,3.410461729311746e-05,0.00012233516371489795
fruition,2.8438859611896538e-05,9.261331545112067e-06
fruitless,4.09343146804575e-05,2.1726450483637418e-05
fruits,0.0003249019782451642,0.00014068462215736062
frustrate,1.2816754304556883e-05,0.0
frustrated,1.6731252101517904e-05,4.1502437631437894e-05
frustrating,9.609867716551838e-07,3.928049026184847e-06
frustration,1.6657210574999556e-05,9.523371458219727e-06
frustrations,0.0,6.1483376239680645e-06
frères,0.0,1.140204082984763e-06
fuel,5.645155290785579e-07,4.72978320282715e-06
fueled,0.0,1.3652229177207013e-06
fuelled,0.0,2.330228804222333e-06
fuels,0.0,5.283165003725303e-06
fulcrum,0.0,5.382670343628869e-06
fulfil,2.0145500173831678e-05,0.00012111547275526311
fulfill,0.00048260842297053,0.0001301759067495148
fulfilled,0.00012726317960168014,0.0001814023456549102
fulfilling,9.295052528502042e-05,0.00011748993535274797
fulfillment,0.00018393285405458623,0.0001641563670179898
fulfills,3.9676645541032593e-05,5.258066797668309e-05
fulfilment,1.825286950943606e-05,0.00014986160146380226
fulfils,1.0401913726261833e-06,4.422073976156258e-05
full,0.0003515740522578314,0.0005456482461027515
fuller,0.0001008846986508118,7.227999455081459e-05
fullest,7.192667655072941e-05,3.565348809915722e-05
fullness,0.00012872840570630627,0.00044278008842922053
fully,0.00023887630561182288,0.0004513609322634091
fulness,3.084049543130459e-05,0.0
fun,0.0,0.0
function,0.0001596275958408903,0.0002210890253254071
functional,1.0637102206680529e-06,8.680165678970543e-06
functionalism,0.0,1.3519640653903288e-06
functionality,0.0,1.328464446783493e-06
functionaries,6.346821123852583e-06,2.605295629740373e-06
functioning,1.6386257397297553e-05,4.625501385177425e-05
functions,0.0001660173688535329,0.0002948968274693335
fund,2.620388156123335e-05,1.0394525645169971e-05
fundamental,6.918709162825383e-05,0.00048182621335856625
fundamentalis,0.0,4.718210153558835e-05
fundamentalism,0.0,1.6258148468062144e-05
fundamentalist,0.0,2.412248114254071e-06
fundamentally,9.342985512327925e-06,4.198586007897683e-05
fundamentals,3.8367346481774045e-05,1.6880796171630242e-06
funding,0.0,1.3895844727061114e-06
funds,4.6578566714287674e-05,5.378050213703843e-05
funeral,2.4567851988521854e-05,0.0001430560228840521
funerals,2.106262142462905e-05,4.420739207784659e-06
funk,0.0,2.707762672030022e-05
furious,5.406066222249727e-05,0.0
furnace,2.6790305556045516e-06,9.691101482594024e-06
furnish,7.43534179023461e-05,3.745519007652536e-05
furnished,0.00012429100830581806,4.15778054784191e-06
furnishes,1.78700275882631e-05,9.870198042159312e-06
furnishings,4.6096125277627316e-05,4.842916086032515e-05
furrow,3.4694707292231106e-06,6.150903701639878e-06
furrows,2.0620364310114714e-06,0.0
furtherance,2.158021467128609e-05,0.0
furthered,3.438165051859961e-05,0.0
furthering,1.9296973850355174e-05,6.194730237531597e-05
furthermore,0.00036210824279497535,0.00020271637248800957
furthest,7.117202083063582e-06,3.016955731036457e-06
fury,7.340246135563364e-05,1.1095719081929538e-06
fusion,9.356232175181914e-06,2.1733191235611944e-05
futile,3.983723573486371e-05,1.7161527692284424e-05
futility,2.6167508366085975e-06,1.7454939241906996e-06
future,0.00023685939677174867,0.0003440740108788306
futuro,0.0,0.0
fátima,0.0,0.0
für,0.0,0.0
gabon,0.0,0.0
gabriel,2.8025313405908315e-05,3.7962225225760385e-05
gaetano,0.0,1.7644281392416495e-06
gain,0.0002864426595957437,9.140958583960664e-05
gained,0.00014825829677077648,5.670279974698585e-05
gaining,5.9988001924465154e-05,9.01334962623805e-05
gains,3.6205909422407257e-05,1.7019411331386555e-05
gal,2.6652140073909172e-05,7.99940741420328e-05
galatia,5.744976664999836e-06,0.0
galatians,9.174616390451957e-06,1.109684886005997e-05
galicia,1.6257737993860277e-05,0.0
galilee,8.344391251933268e-06,4.421102130278179e-05
galileo,0.0,5.6336106368406215e-06
gallery,0.0,4.6793920432514885e-05
gambia,0.0,0.0
gambling,0.0,0.0
game,5.714836827960195e-06,1.4430031961360555e-06
games,1.2879348016297377e-05,6.5476611480790605e-06
gandhi,0.0,4.606558718718048e-06
gandolfo,3.2364407640625394e-05,4.363234652760429e-06
gandolfofriday,0.0,0.0
gandolfosaturday,0.0,0.0
gandolfosunday,0.0,0.0
gandolfothursday,0.0,0.0
gandolfowednesday,0.0,0.0
gantin,0.0,0.0
gap,2.744643656375609e-06,5.650344400291833e-05
gaps,0.0,6.504774132188637e-06
garb,4.636154775704711e-06,2.825508510271663e-06
garcía,0.0,1.6221746201825953e-06
garden,4.060518851441647e-05,3.519038520245519e-05
gardens,7.992469026506067e-06,1.2683595655043818e-06
garment,2.601355938475696e-05,7.301491664920731e-06
garments,1.9909133135561117e-05,1.0884371645716727e-05
gas,0.0,7.1301367218122015e-06
gate,1.2818594910243323e-05,1.7450772601849045e-05
gates,9.466564416855505e-05,1.0417816230695123e-05
gateway,0.0,5.151147584321568e-06
gather,0.00014390327520026323,8.610718212334384e-05
gathered,9.881624677672411e-05,0.00013422966564383292
gathering,5.977456513809701e-05,4.99405290137286e-05
gatherings,4.39538442280546e-05,4.493749403749655e-05
gathers,1.796143218282332e-05,3.166175909406316e-05
gaudete,4.3817365466128363e-07,2.1313355257904514e-06
gaudium,3.076431653864366e-06,0.00013092186110246737
gauged,5.946168049956851e-06,6.675994275690555e-06
gaul,2.096364946923284e-05,0.0
gave,0.00033111923332454095,0.0002510482623203057
gaza,1.238520268124132e-06,0.0
gaze,4.482845154125775e-05,0.00013853683701850974
gazed,4.595332460591106e-07,7.0337948563078815e-06
gazes,4.818181127229521e-07,2.503045541948102e-06
gazing,9.152390364539497e-07,9.424068777352244e-06
geared,0.0,1.37170666665311e-05
gem,1.8592741143457726e-05,0.0
gemelli,0.0,1.5516907230230092e-06
gen,1.8500483079967574e-05,0.00014654042213386063
gender,5.562115522911183e-06,1.896760249684773e-06
genealogy,0.0,3.7639785759526486e-05
general,0.0003097667089025709,0.0004440105705289403
generale,7.120609065953055e-07,2.3163324823605362e-05
generalized,1.6648475649198804e-05,7.481839982315533e-06
generally,0.0001509228920597453,9.63812105455064e-05
generalof,0.0,0.0
generals,2.0022040424382533e-05,1.1319674035246075e-06
generate,8.643304341965532e-06,2.3263004170385605e-05
generated,4.478647933761634e-05,2.3924345473830458e-05
generates,2.3325348367972133e-06,1.2926650512760638e-05
generating,3.646289751976232e-06,3.3165282603644925e-05
generation,6.240653037024353e-05,0.0002023968750589334
generational,0.0,0.0
generations,3.898201539927735e-05,0.00014526178470897737
generative,8.10411569041833e-06,3.173078721425313e-06
generic,1.6763671124895898e-06,6.798705670218435e-05
generosity,0.00017400655142461646,7.30642533061179e-05
generous,0.00014791774166658813,0.00019102345623507738
generously,9.221958343179344e-05,9.532682740057629e-05
genesis,2.12847621314417e-05,0.0001393735610375188
genetic,0.0,0.0001032250909858052
genetics,0.0,6.685982284227848e-06
geneva,2.65354676636337e-05,3.982179828599851e-06
genius,0.00012020986167936969,2.820095122225282e-05
genoa,5.822095302969077e-07,0.0
genocide,4.394215219336553e-07,7.497064129905946e-06
genre,0.0,1.0914282549951754e-05
gentes,6.644450517352024e-06,0.00018687103351059127
gentesand,0.0,1.1071874699964106e-05
gentile,2.8838804417040714e-05,5.3254385425902e-06
gentiles,0.00011772915049976,6.214400142377753e-05
gentium,5.45435874234849e-06,0.00047885676406034944
gentiumand,0.0,3.89551308149367e-05
gentle,0.00010871986478197976,2.6293620610029554e-05
gentleman,0.0,1.4147160113191653e-06
gentlemen,3.2152176648797867e-06,5.768026881475501e-06
gentleness,8.658087349799984e-05,1.109785252690176e-05
gently,3.6138616143561124e-05,4.813485745977759e-06
genuine,0.00012947078961065295,0.00027319140415573594
genuinely,1.0376838215677171e-05,5.713615551953547e-05
genuineness,1.3553925723912811e-05,1.3519742627352686e-05
geographic,0.0,1.240647245420464e-05
geographical,2.5475211517035802e-06,4.693690451190106e-05
geographically,0.0,4.333492226220618e-06
geography,5.930320049477533e-06,6.5911286154701774e-06
geopolitical,0.0,5.728474765103007e-06
georg,6.706310435596001e-06,1.337021055573112e-06
george,5.175829514782769e-05,3.421557276273661e-05
georges,0.0,5.874791831449346e-06
georgia,0.0,0.0
gerard,7.81523997836649e-06,0.0
germ,1.901686105189572e-05,4.561943179624074e-05
german,9.480082827832814e-05,2.6439231315389422e-05
germanic,4.890925825676241e-06,0.0
germans,4.9031029520852944e-05,0.0
germany,0.00018244744479041706,1.2031389305430802e-05
germinate,4.249320689442365e-06,0.0
germinates,0.0,0.0
germs,7.78133723147658e-05,0.0
gestation,0.0,7.412981575734891e-06
gesture,6.152750806825645e-06,4.658699012892604e-05
gestures,1.8584052063071768e-06,5.5362040854242105e-05
gesù,0.0,1.1254069093714735e-06
get,4.646151331365079e-05,3.619162152899828e-05
gethsemane,7.07047321731351e-06,4.1006894687818785e-05
gets,3.0396433920497996e-06,6.008755775090115e-06
getting,2.5461599673921044e-05,1.5234297773465863e-05
ghana,0.0,0.0
ghost,0.00034185438303743683,9.799059024265213e-07
giacomo,1.2999902817524836e-06,2.095785670039684e-05
gianfranco,0.0,0.0
giant,1.0465638566098416e-05,1.408545935592753e-05
gift,0.00015164908554217966,0.00046268737568503157
gifted,2.2657314093220742e-05,2.8516782226448528e-05
gifts,0.00046217145300264705,0.00023370547345370152
gigantic,8.880502449244967e-06,1.2304137820015541e-05
gioia,0.0,0.0
giorgio,4.963217786221601e-06,0.0
giovani,0.0,0.0
giovanni,1.50808434320444e-05,5.146138555217348e-05
giovedì,0.0,0.0
gird,7.6020796000394405e-06,0.0
girded,3.1401584678057734e-06,5.93416501870335e-06
girl,4.597936666869169e-05,9.360574594318508e-06
girls,0.00010764601534052801,3.634042838447108e-05
giugno,0.0,0.0
giuseppe,2.4926026932048414e-06,2.4187712987422e-06
giussani,0.0,0.0
give,0.000448531210497566,0.0003029305072181257
given,0.0010064817120795564,0.0006463032859759401
giver,9.176383849598225e-05,5.133643683027873e-05
givers,1.3054131923540067e-05,3.6243652852722056e-06
gives,0.00013274392813885014,0.00028545022981230994
giving,0.00017126848201561097,0.00028081731250281274
glad,6.182922345016627e-05,2.1839066035831004e-05
gladden,4.526429459210193e-06,1.824787828607267e-06
gladdened,1.044581421646486e-05,8.460078102751932e-06
gladdens,9.098867234973755e-06,0.0
gladly,0.00014275407136987093,2.675308121867389e-05
gladness,4.081828272221516e-05,1.4163098378476113e-05
glance,3.152362405530405e-05,1.4451391492145643e-05
glances,1.3415045790535174e-06,0.0
glaring,4.335693166376968e-06,1.9019933226209794e-06
glasgow,6.029353811745298e-06,0.0
glass,1.3398717059841212e-06,2.85200699646749e-06
gli,0.0,1.6938564287479755e-06
glimmer,0.0,3.089578577853543e-06
glimpse,9.100589176841649e-06,2.721632842045882e-05
glimpsed,0.0,4.483904933984133e-06
global,2.7324892010433103e-06,0.00016696020831276457
globalization,0.0,8.606717749964091e-05
globalized,0.0,3.0055114857688203e-05
globally,6.962098975095154e-06,2.9645530830546587e-06
globe,3.548693158227255e-05,1.0175792242416203e-05
gloom,6.145126126497963e-06,5.244214970285941e-06
gloomy,3.95318358584577e-05,0.0
gloria,1.588747007170472e-05,1.1931500971919205e-05
glories,8.261618128445114e-05,1.2862433337669978e-05
glorification,3.1967669912318436e-05,2.4558281755094707e-05
glorified,5.079593742893439e-05,0.00013611320598461916
glorifies,0.0,7.245449929463753e-06
glorify,5.855023389966548e-05,3.255958656435204e-05
glorifying,1.2085509500835035e-05,8.660101674564565e-06
glorious,0.000259172830298963,0.00014620531093178973
gloriously,3.916718514862893e-05,1.6793583762388328e-06
glory,0.0006806546160679873,0.0002534573888435016
glow,1.926021312111902e-05,1.0335296310452486e-05
glowing,1.2834027038353457e-05,0.0
gniezno,5.946283616603896e-05,2.447249701119709e-06
gnostic,0.0,5.372209224747189e-05
gnosticism,0.0,8.993603043351092e-05
goal,0.00013048901247351735,0.00021928585591409218
goals,3.981898353024333e-05,9.314719501100572e-05
goats,1.0110154949262608e-05,3.3215413844786605e-06
god,0.0004647049413434968,0.0005175669536833458
godand,0.0,1.984294560064762e-05
godfor,1.9042536516493296e-06,3.33703671538605e-05
godhead,2.713139740340649e-05,1.3908779970214517e-05
godin,0.0,4.3900918034246055e-06
godless,1.3142302868682442e-05,0.0
godliness,6.058439500169044e-06,2.0544704666325716e-06
godly,6.031738513916264e-06,1.1470742296084587e-05
godparents,5.982113713630768e-06,7.076525582399948e-06
godpaul,0.0,0.0
gods,3.796860897023464e-05,4.590881870361068e-05
goes,7.064500466392399e-05,0.00015291704675828466
going,0.00010666902510113157,0.00013354739708567418
gold,0.0001028927544900784,2.695596579578544e-05
golden,6.352692298077379e-05,1.9003259999670134e-05
golgotha,5.374825219463191e-06,5.665605943395401e-05
gone,0.00010293070932580986,3.425391551682397e-05
gonzaga,0.0,0.0
gonzález,0.0,1.7171434825054042e-06
good,0.0003928506902027582,0.0003518501880292691
goodbye,0.0,0.0
goodness,0.00022666069859879717,0.00016981137218464076
goods,0.0003469322041691727,0.0003006524710216561
goodwill,9.043083070945996e-05,7.810514471126795e-06
gora,0.0,1.9963792913846788e-06
goretti,1.775502922133923e-06,0.0
gospel,0.00014571052715588168,0.000462337983022855
gospels,7.081565624194626e-05,0.00011989136560520649
gossip,1.2668225122237197e-05,0.0
gossiping,2.837705482263425e-07,0.0
got,1.4504473049502543e-05,1.3664043950860388e-06
gott,1.1328307899981756e-06,2.3041449951381562e-05
gotten,3.2709829341912806e-06,2.2067651002699255e-06
govern,0.0002456969525208582,6.305432885930872e-05
governance,3.360761805546628e-05,0.00010159682986116815
governed,0.00010974701844473377,0.00017121787509404558
governing,0.00013453247415602798,0.0004334500477939443
government,0.000551475042041454,7.459857903240151e-05
governmental,1.4959166194946084e-06,3.2480787993286074e-05
governments,8.107353044019699e-05,4.9488284537574334e-05
governor,3.749876517810135e-05,4.981663881649705e-06
governorate,0.0,0.0
governors,7.75103238951625e-05,2.9011268364783974e-06
governs,6.714447800882655e-05,2.9766366778763783e-05
gozo,0.0,0.0
grace,0.0004904643199840204,0.00046063018504208936
graced,8.792926522362148e-06,1.525688502852896e-05
graces,0.0003444999236161223,4.012099501745925e-05
gracias,0.0,0.0
gracious,5.930011206329986e-05,1.4158457350165744e-05
graciously,0.00012871159999866774,4.914678466333199e-05
graciousness,7.654265974359816e-06,0.0
grade,9.691039705035756e-05,6.135000394332648e-06
grades,3.57520169852539e-05,0.0
gradual,2.197950680024653e-05,5.887615053374272e-05
gradually,0.0001740946529547577,0.000163745212152521
graduate,2.7898276516888227e-05,0.0
graduates,5.033225890045326e-07,0.0
grafted,3.5861632374437284e-06,4.9628628983566935e-06
grain,3.3762778985374564e-05,1.2859934472009355e-05
grains,6.875248383748335e-06,8.666069832049199e-06
grammar,4.825393959780637e-06,5.972696194995156e-06
gran,0.0,0.0
granada,0.0001628036237505201,0.0
grand,4.5510602302294725e-05,6.500335368750428e-05
grandchildren,0.0,7.315469155972384e-06
grande,0.0,1.93971930454051e-05
grandeur,1.8538363486389287e-05,5.658805822583184e-05
grandfather,8.939889684858656e-06,0.0
grandfathers,0.0,0.0
grandiose,2.9736946033239456e-06,1.3366318360990623e-05
grandmother,0.0,3.6319659191772944e-06
grandmothers,0.0,1.5105097735089613e-06
grandparents,0.0,2.189766035494763e-06
grant,0.0005857643475375439,0.00016190749382741183
granted,0.00046347828953715605,0.0004714620868211214
granting,0.00013131380878266037,0.00020112642257178454
grants,4.567686253592997e-05,0.0001348880497313485
grapes,4.848077559022159e-06,4.024063834391911e-06
grasp,4.08864117011789e-05,0.00011004454491022128
grasped,1.699146343832162e-05,3.971847609953843e-05
grasping,9.108014302704156e-06,1.7264710202651648e-05
grasps,2.7494279728031064e-06,1.5320905594730585e-05
grass,1.1474664529665693e-06,6.763512027456324e-06
grateful,4.6244644110046054e-05,7.956874655079238e-05
gratefully,4.371049317367481e-05,2.9955296006243612e-05
gratia,7.5634806817258134e-06,4.6934235789586554e-05
gratification,2.48748717731365e-05,3.0915694124142595e-05
gratified,0.0,0.0
gratifying,4.937239049535145e-05,1.9087819342941163e-06
gratitude,0.00012394713506936908,0.00010480056303623779
gratuitous,1.7352894981603865e-05,3.6694649554663744e-05
gratuitously,5.854326169528416e-06,5.686409507396613e-06
gratuitousness,0.0,2.1806272413353994e-05
gratuity,2.688145322300391e-06,9.456144623878813e-06
grave,0.0004692618227877998,0.00035670436008277307
gravely,8.96912550695207e-05,0.0001576152109744531
graver,2.8147966601423038e-05,1.2304649744393027e-06
graves,8.195620294357798e-06,0.0
gravest,8.481297226240756e-05,3.379551265330056e-06
gravissimum,0.0,2.3630264376261384e-05
gravity,0.00013922021850435424,5.0676966994102454e-05
grazie,0.0,0.0
great,0.0005644754496951564,0.0003490062758082189
greater,0.0005914464997979911,0.0003691843588387086
greatest,0.00061284241139756,0.000193227221328154
greatly,0.0004906155388859396,9.937366165457371e-05
greatness,0.00017073190977401822,8.365721229749756e-05
greccio,0.0,0.0
greece,7.484675969438176e-05,8.652751448168462e-06
greed,8.654186816021846e-05,5.727385406373972e-06
greedily,2.5689027656624296e-05,0.0
greedy,2.8341822856547567e-05,3.6668472437127627e-06
greek,0.00032987473662107443,0.00021553071704347778
greeks,0.00024399512102046467,2.9791078641667027e-05
green,8.27082347777637e-06,9.005965038598629e-05
greet,8.96396476268815e-06,6.615073574117827e-06
greeted,2.0759818915081375e-05,3.683037084364943e-05
greeting,6.337546039659138e-05,3.900686318815739e-05
greetings,0.00022651890972962856,4.575018367239043e-06
greets,4.205234847540926e-07,1.621780945943461e-05
greetthe,0.0,0.0
greetyoung,0.0,0.0
greg,5.427106229853711e-06,0.0
gregis,2.8796825206290663e-05,7.88679824672679e-06
gregorian,0.00015398951683917003,9.416266897228579e-06
gregorio,1.0484444003197334e-05,0.0
gregory,0.0005766119638984294,7.42521493611889e-05
grew,6.723856526133383e-05,5.5945111021651325e-05
grey,0.0,3.5795718871941596e-06
grief,0.0002336428191252086,2.5779922026913297e-05
griefs,8.810446776235066e-06,1.909930565907994e-05
grievances,1.333289789471329e-05,2.2843425362084616e-06
grieve,0.0001318163586699574,2.5158467183793136e-06
grieved,0.00010160911001713762,5.0148277648256904e-06
grieves,3.116519073560928e-05,1.4107245344569615e-06
grieving,4.395927050459533e-05,1.658949085322408e-06
grievous,0.00017800050213099492,1.1321095297997789e-05
grievously,0.00010057918342526762,1.1329070548356852e-06
grim,5.160848034392561e-06,0.0
grip,3.660172094349477e-06,5.025433965683451e-06
gripped,1.3684609967738238e-06,3.817436907466936e-06
grips,1.42722080688571e-06,1.1065357478115582e-05
groan,3.469032712292583e-05,3.529601007746491e-06
groaning,1.1018077765855308e-05,1.050734990902117e-05
groans,3.4488191222551105e-05,8.208563678642277e-06
grocholewski,0.0,0.0
groom,7.817203988899582e-06,8.903878081965623e-06
groping,0.0,8.074368013082574e-06
gross,2.008681674984724e-06,3.927287963884811e-06
grotto,3.936035769724578e-05,0.0
ground,0.000130525698287318,6.487137304539511e-05
grounded,2.0958978599459095e-05,7.68099860462322e-05
grounding,0.0,1.0247430934478293e-05
grounds,0.00013037000706892654,8.971197388571304e-05
group,6.988667693614107e-05,0.00013677599721193136
grouped,9.705859736957046e-06,3.137632940967949e-06
grouping,9.635857725090431e-07,1.0885505576264252e-05
groupings,0.0,2.4494467019721658e-05
groups,8.16388816654692e-05,0.0002872122036794403
grow,0.00012040721554560923,0.00012329154081124026
growing,0.00014103516612916183,0.00018336140135763606
grown,0.00012072843615388998,4.176398590599019e-05
grows,8.198406832913636e-05,7.936919939154729e-05
growth,0.00011872989343474453,0.00028299182971047336
grumbling,0.0,0.0
gruppo,0.0,0.0
grâce,0.0,0.0
guadalajara,0.0,2.710678045230631e-06
guadalupe,4.492508282347098e-06,1.0814317970754488e-05
guam,0.0,0.0
guarantee,8.173429262650954e-05,0.0001380230824949018
guaranteed,5.871303967518435e-05,6.771072831755718e-05
guaranteeing,7.852425351239757e-06,6.657121895693942e-05
guarantees,6.483949352306801e-05,3.261762975032644e-05
guarantor,1.1982529545319344e-05,1.1606835567548039e-05
guard,0.00019151180095760883,4.741378331266439e-05
guarded,5.5163093481183474e-05,1.612548623252012e-05
guardian,0.0001979775406570295,5.345721421645058e-05
guardians,5.356589829619853e-05,1.4629392335516024e-05
guardianship,3.945623562509647e-05,4.4987681970440414e-05
guarding,8.422365851290504e-05,4.125864444153243e-05
guardini,0.0,2.564968923369692e-05
guards,2.9864266209445845e-05,2.615893173767689e-05
guatemala,0.0,0.0
guest,5.230567237017996e-06,1.1107809444455304e-05
guests,9.967289595714963e-06,1.0260195294788638e-05
guidance,0.00017437619778653169,0.00011469012453849956
guide,9.895384249196943e-05,0.00019414521006827563
guided,8.118912468075662e-05,0.00012979426085804263
guideline,0.0,1.0126896022162695e-05
guidelines,1.858661269893884e-05,0.00010191878829039418
guides,4.047485616422233e-05,7.395157038417835e-05
guiding,4.4138252338210036e-05,3.9950502223124425e-05
guido,0.0,2.128635632040357e-05
guilt,0.00011194519007910773,4.093750899788851e-05
guilty,0.0002026696172854868,0.00017751201649336386
guinea,5.994945737420844e-06,0.0
guise,5.77259558411473e-05,3.099153883341883e-05
guises,7.37871261406088e-06,4.98501131000461e-06
gulf,1.917344025112466e-05,3.2869846810237307e-06
góra,0.0,0.0
habit,0.00010230857464902981,3.137192849503423e-05
habita,0.0,0.0
habitable,1.6443119682396551e-06,1.4696582322269578e-06
habitat,1.5986516382780355e-06,3.067576328762396e-06
habitation,3.1398514580460145e-05,0.0
habits,0.00012188114941898219,2.4095863169645144e-05
habitual,1.5865854729399086e-05,4.28238844530304e-05
habitually,1.996868673303788e-05,1.1717767187619558e-05
haereses,3.64438019266304e-06,0.0001326034427994581
hail,3.649135907090061e-05,2.197018299336488e-05
hailed,1.7952489113366176e-05,6.392700276481534e-06
hair,1.2237825469960523e-05,1.2502090026421373e-05
haiti,0.0,1.5737432507053991e-06
haitian,0.0,0.0
half,5.7811604237240015e-05,7.987422291253105e-05
halfway,0.0,2.4373789729642247e-06
hall,1.8663135671389844e-06,2.1449148237751146e-05
hallfriday,0.0,0.0
hallmark,0.0,0.0
hallmarks,0.0,1.3799764070828775e-06
hallmonday,0.0,0.0
hallowed,3.955807300359283e-05,4.422096825182593e-06
halls,3.303866358574263e-05,0.0
hallsaturday,0.0,0.0
hallthursday,0.0,0.0
halltuesday,0.0,0.0
hallwednesday,0.0,0.0
halt,1.5346373259777973e-05,3.0892908048891774e-06
halted,0.0,6.725008846700795e-06
halting,0.0,5.031391590755532e-06
hammer,1.3290106860057206e-06,0.0
hamper,1.201237325474733e-05,2.5458092902533275e-06
hampered,2.6706832063904188e-05,3.486904462942439e-06
han,0.0,1.7253649705846537e-06
hand,0.0004338311756900929,0.0004132876711355079
handed,0.00015711367451584467,8.603593311018275e-05
handful,1.5144369165668047e-05,8.883465734032421e-06
handicap,1.1591937777822555e-05,9.573739012862713e-06
handicapped,4.642174830589093e-06,3.7859175523723795e-05
handicaps,0.0,3.3561026794235635e-06
handing,2.1068088512914302e-05,3.711905341346282e-05
handiwork,4.011364565296189e-06,3.9084932905884e-06
handle,2.0544162229386444e-05,4.613775159550617e-06
handled,2.094028033658946e-05,1.4686993959915645e-05
handling,6.243806904892896e-05,1.280828309829134e-05
handmaid,2.65316941371619e-05,0.00013602335637281508
handmaids,4.003177141082109e-06,1.3629919575785522e-05
hands,0.0003176530786764774,0.00020357787902907228
hang,9.069921191836666e-06,1.2751926584941236e-06
hanging,2.4507675723627844e-05,3.8026543290610785e-06
hangs,2.314160111130214e-05,4.5089453666354423e-05
hanno,0.0,0.0
hans,0.0,3.00031841896555e-06
hansen,0.0,0.0
haphazard,5.262025469631896e-06,5.620238027983562e-06
happen,0.00014211092091809545,0.00011924928029348743
happened,0.00011222677105060526,4.9790013584435256e-05
happening,2.215611755385661e-05,2.9260902098395503e-05
happenings,6.025821997751935e-06,8.868716330152617e-06
happens,0.00017492855663583788,9.361736328192998e-05
happier,6.347119894990056e-05,8.64714441584691e-06
happiest,1.2423591893502194e-05,0.0
happily,0.0002986653482003961,1.0533583909344478e-05
happiness,0.0002706397153730677,0.00010094026905376038
happy,0.00031634840262299244,6.24879125565773e-05
harassed,7.991812562464648e-05,2.7759616098346804e-06
harassment,5.768853545407078e-06,0.0
harbinger,6.861828431760391e-06,2.5119837933271016e-05
harbour,9.72301802148663e-07,0.0
hard,0.0001355383247112273,5.5868711261952595e-05
harden,1.7112577400285043e-05,5.167827755130722e-06
hardened,2.592337279247918e-05,5.67849059337347e-06
hardening,1.5553117979172688e-06,0.0
hardens,0.0,5.096404652292616e-06
harder,2.3507791297799038e-05,1.659738171679168e-05
hardest,8.68542965921937e-06,0.0
hardly,0.00027358432980718005,9.157693390048051e-05
hardness,7.087992551521937e-06,1.1413312622356082e-05
hardship,2.5975853557805546e-05,9.519595860711839e-06
hardships,0.00013660060201149826,6.268869639836277e-05
hardworking,6.126377946266201e-06,0.0
harm,0.00028550692442264486,0.0001890314562478241
harmed,1.539816859442145e-05,7.307690805562308e-06
harmful,0.0001710521069669314,6.864045666912146e-05
harming,2.2631935226655187e-05,3.581473598844334e-05
harmless,1.7429203871626848e-06,6.232121723394602e-06
harmonious,4.976426219013479e-05,4.085627662689038e-05
harmoniously,3.2845144415502284e-05,1.3564047551211831e-05
harmonization,0.0,5.901388254800478e-06
harmonize,3.4869273056497295e-05,1.5612743973023313e-05
harmonized,9.8374571889629e-06,8.030669375566399e-06
harmonizes,1.0766733217911107e-06,6.350696005445706e-06
harmonizing,5.861027429628328e-06,7.72165689196605e-06
harmony,0.000267041903639885,0.00018980507214383298
harms,1.6646550262979875e-05,1.88697711379853e-05
harp,5.012536652558409e-06,0.0
harsh,6.948926048565183e-05,2.326762225791244e-05
harshest,1.6599314230718575e-05,0.0
harshly,3.544912635960558e-05,5.697117781600387e-06
harshness,1.4588458703321639e-05,4.8149706371177365e-06
harvest,0.0001660079504367887,4.600483725722023e-05
harvests,1.7195982243066835e-05,0.0
hasa,0.0,2.3783312925475744e-06
hassan,0.0,0.0
hast,7.795568086517826e-05,1.0417971403519562e-05
haste,3.4246550359569194e-05,6.250723589531759e-06
hasten,0.0001517404927611285,1.89523810769088e-05
hastened,4.8957741369214756e-05,3.4750838332240145e-06
hastening,3.015243129396374e-05,1.1727753824071995e-06
hastens,2.01021610519084e-05,1.7706139319960416e-06
hastily,1.067535256575629e-05,2.165386498474329e-05
hasty,1.952993235848196e-05,4.16621100003139e-06
hat,0.0,4.363873549755423e-06
hate,9.789146893389062e-05,8.621846366658523e-06
hated,2.5203702770478105e-05,1.604208464846025e-05
hateful,7.854735046634623e-05,3.3550287025519845e-06
hates,2.0600910182374557e-05,2.1649056711319755e-05
hath,0.00022807030290561734,0.0
hating,3.0453582579567095e-05,1.962704529576223e-06
hatred,0.00020803620820914774,3.857242113701719e-05
hatreds,9.041115938177339e-05,2.4118226377906568e-06
haughty,1.8651266683267e-05,1.9749506809477748e-06
havana,0.0,2.4310221960354663e-06
havea,0.0,3.0037946487408802e-06
havoc,2.6472264223452152e-05,2.8818296536633585e-06
hay,0.0,3.1410511319534768e-06
hazardous,2.2313919140008236e-05,4.321516483400988e-06
head,0.00039835957897240435,0.00017788795028643561
headed,2.2729129513397296e-06,2.4497213654328185e-06
heading,1.2213795883100316e-05,2.9653797167607247e-05
headings,2.160402169673447e-05,1.6989925066994774e-06
headlines,0.0,1.2203736222226621e-06
headlong,5.4992879342702086e-05,2.9519419642984506e-06
headquarters,7.559281310372146e-06,3.3647588741474477e-06
heads,0.00010054743099659974,3.127725274639716e-05
headway,8.498041699165023e-06,1.1469308722158193e-06
heal,7.076656340941897e-05,4.156702613856638e-05
healed,2.930201377662236e-05,3.595280618142039e-05
healer,3.37559049291086e-06,1.0660405197381768e-05
healing,7.319144145116856e-05,0.00014521571112180654
healings,0.0,2.2742222208163e-05
heals,1.816315369169476e-05,2.4765837286366217e-05
health,0.00023903361173122488,0.00019710084774280252
healthcare,0.0,2.1000656804521058e-05
healthier,0.0,2.616901499803666e-06
healthy,6.55233597297281e-05,5.2704819769637076e-05
heap,2.101617076249046e-05,7.240093355137064e-06
heaped,5.871722391722108e-05,5.4656339878085586e-06
hear,0.0001709422206314377,0.00018403549386561042
heard,0.00012658886533090428,0.00015961461000839767
hearer,2.6751605523213388e-06,8.068098605007028e-06
hearers,4.7719955710500913e-05,3.2874503067141476e-05
hearing,0.00010430993391759909,0.00015633219065208556
hearken,2.8148768714718845e-05,0.0
hears,4.009719986926657e-05,3.483706932224333e-05
hearsay,2.600813710728772e-06,0.0
heart,0.0003537101209872079,0.0003516024558838017
heartbeat,0.0,0.0
heartened,6.237175823284798e-07,2.974926404444914e-06
heartening,1.5981089546007533e-06,2.9203880331882227e-06
heartfelt,4.287777132458291e-05,6.203096109726392e-05
hearth,2.1105990527597646e-05,2.8068541953178764e-06
heartily,7.236040358634565e-05,3.33590147511548e-05
heartless,6.706310435596001e-06,4.9865967127876455e-06
heartrending,4.954881623492509e-06,0.0
hearts,0.00023169500498712505,0.0002329046526950351
hearty,4.306621682205441e-05,0.0
heat,2.0496304399465183e-05,7.039753475395914e-06
heated,7.918742280770928e-06,1.2587995881864427e-06
heathen,7.950604383698396e-05,0.0
heaven,0.0005927821858260525,0.0003376358937697327
heavenly,0.0009480242936601886,0.0001385537110119007
heavens,4.6786495540840426e-05,4.224800396286349e-05
heavier,2.1612653038623376e-05,1.2074103132024061e-05
heaviest,1.2071179950535916e-05,0.0
heavily,4.356510311128936e-05,3.3766936397321e-05
heavy,0.00014064985322956351,1.9539576379753316e-05
heb,4.072540543627252e-05,7.59229972462039e-05
hebr,1.289407264670665e-05,0.0
hebrew,1.4743766143433618e-05,3.636090250380053e-05
hebrews,7.711537907522581e-05,5.434182511404461e-05
hedonism,6.347949888764116e-06,1.4924757503589416e-05
hedonistic,4.068689539327662e-06,8.798129827515235e-06
hedwig,0.0,2.2665558651905086e-06
heed,9.929240610138224e-05,4.557123086825079e-05
heeded,2.409609619496486e-05,1.7863749661346532e-06
heeding,8.887606800160159e-06,8.490215991845637e-06
heedless,1.2774170839748759e-05,2.589741217416816e-06
hegemony,0.0,7.117301879570164e-06
height,6.878956350800975e-05,3.009175310452433e-05
heighten,5.313374514637336e-06,2.897265702138992e-06
heightened,4.183003144534355e-06,9.491508173465863e-06
heights,3.969688217073237e-05,3.0098779720538554e-05
heinous,2.7600420764432655e-05,0.0
heir,5.066743302528604e-05,4.3337732394409356e-05
heirs,6.057589118662326e-05,4.63850964630408e-05
held,0.00040169681784124855,0.0002519115991190831
helicopter,0.0,0.0
heliport,0.0,0.0
hell,0.00021147387380224586,3.219877828535823e-05
hellenistic,0.0,3.345649848217807e-05
hello,0.0,0.0
helm,2.4570648487414226e-05,1.7807417950766718e-06
help,0.0003481229299544588,0.00024400653311886362
helped,7.331501364491014e-05,0.00014251924344184125
helper,5.379722358146615e-05,2.696095314544338e-05
helpers,0.00013738909100838493,8.768729115911276e-06
helpful,6.589523087624425e-05,0.0001479131416206338
helping,6.669815648164072e-05,8.305131593110375e-05
helpless,2.0900037004386825e-05,1.5276342418179495e-05
helplessness,3.270077287331172e-06,9.169936344501117e-06
helps,5.8843995055951806e-05,9.990954355873037e-05
helsinki,0.0,0.0
hemisphere,0.0,1.8359342369002504e-05
hence,0.0005420129100434597,0.0002684063313985247
henceforth,0.00011400176603339124,5.674651041656805e-05
henri,5.232831755571339e-06,9.39055429655653e-06
henrik,0.0,0.0
henry,4.8849733947549295e-05,8.619988472943359e-05
herald,3.5129715864743076e-05,2.564468573771641e-05
heralded,1.3693093826123656e-05,0.0
heralds,5.872836612729087e-05,2.765639455777591e-05
hereafter,5.6985072474411364e-05,2.206439990629539e-05
hereby,0.00010548767200653924,3.5603018208441426e-05
hereditary,5.489918441093394e-05,9.080449409522438e-06
herein,3.8719325274235714e-05,2.340154392156002e-05
heresies,0.000279780220771504,4.221332846905193e-05
heresy,0.0004032767293926946,2.503439033580367e-05
heretic,7.829919054948861e-05,0.0
heretical,0.0002757147381452871,0.0
heretics,0.0004962788118854779,0.0
heretofore,2.8203789423281557e-05,0.0
heritage,6.314208395057959e-05,0.00022763173732211184
heritages,0.0,0.0
hermeneutic,0.0,7.898645888458141e-06
hermeneutical,4.970822039678651e-06,1.1820167938439622e-05
hermeneutics,0.0,4.460356310319702e-06
hermit,2.9661101945368006e-06,1.6524688005015432e-06
hermitage,0.0,0.0
hermits,1.794176833905801e-05,1.0294392091949525e-05
hernández,0.0,0.0
hero,1.0753345995732568e-05,0.0
herod,3.803568595966524e-06,3.084117078539964e-05
heroes,3.770130003612994e-05,7.3934370319233044e-06
heroic,6.907083694893044e-05,8.848739949452464e-05
heroically,1.0019280783495616e-05,0.0
heroism,3.4654870956209216e-05,3.390813179978258e-05
herzegovina,0.0,1.2641739812461495e-06
hesitant,3.4374626685219512e-06,6.531625660169931e-06
hesitate,0.00020437263248478804,7.265187639406803e-05
hesitated,0.00011117862948487625,0.0
hesitating,1.3989357318261354e-05,6.184401437264859e-06
hesitation,6.8678221169383e-05,2.5343987367499516e-05
hesitations,0.0,0.0
heureux,0.0,0.0
hid,1.6839024051861115e-05,1.9090638742582723e-05
hidden,0.00018713041059937688,0.00021925442799362941
hiddenness,0.0,2.1507791486720686e-05
hide,8.641609784181217e-05,3.768297542166715e-05
hides,6.193792820635982e-06,1.76718902144997e-05
hiding,3.9436652291432795e-05,0.00015597791093718084
hierarchical,3.153636057871856e-05,0.00018405559984706468
hierarchically,0.0,6.5823547196477486e-06
hierarchies,9.227446499044907e-06,8.478567401082281e-06
hierarchy,0.0002870823315043913,0.0001295563414520358
high,0.0003053711526653094,0.00014515222065482377
higher,0.00031635136345092564,0.00016530672875999128
highest,0.00030556695838399105,6.250475334676572e-05
highlight,5.939596089460693e-06,6.78744078843785e-05
highlighted,4.59373051885063e-06,6.469686353200665e-05
highlighting,0.0,1.8794607637401753e-05
highlights,3.154256775268179e-07,2.4380425902677424e-05
highly,0.00013547853827363657,0.00013436579736815222
highness,0.0,0.0
highway,1.4356205177002134e-06,2.921478227040151e-06
highways,3.5491666619380144e-06,3.8602949166952555e-06
hilary,1.9648858597537966e-05,4.042167365583145e-06
hill,2.1553955072959712e-05,5.062022113207112e-06
hills,1.4140057349196994e-05,5.38442514919541e-06
hinder,0.0001217605875871873,3.4764026274860496e-05
hindered,0.00012438575409531272,3.277400613812997e-05
hindering,1.5040632904697382e-05,1.5662422473094933e-05
hinders,1.3589053100761579e-05,4.549359688657989e-05
hindrance,0.00010009037387492379,2.8464270849836107e-05
hindrances,3.511393048793593e-05,2.4716340191015614e-06
hindu,1.0363493462666297e-05,0.0
hinduism,0.0,1.8463940543659475e-05
hindus,7.455350720609058e-05,0.0
hinge,7.513282250371064e-06,9.594508808645497e-06
hint,1.4097081897503792e-05,0.0
hippo,4.7372437507970865e-05,7.057264221452685e-06
hire,1.0491331474160045e-05,1.3680566384914901e-06
hired,3.375760923872679e-05,1.7553341074731788e-05
hiring,1.507604550452047e-05,0.0
hiroshima,0.0,3.544061466829684e-06
hisconfessions,0.0,5.064074164502261e-06
hisletter,0.0,1.7111444933862125e-06
hispanic,0.0,1.3284331642022864e-06
historia,3.022201369938413e-06,1.7706139319960416e-06
historian,1.3730130313528615e-05,9.108933334913724e-06
historians,4.46208135672358e-06,2.0262379548111758e-05
historic,7.369688925662474e-06,2.9790929333629184e-05
historical,5.357885189200307e-05,0.0003603837250782978
historically,5.009079323259873e-06,3.408847436065031e-05
histories,6.295150922699874e-07,1.7250589654241722e-06
history,0.00015895468650933093,0.0006204952273158237
hit,0.0,4.349577216458927e-06
hitherto,0.0001492476707608448,8.947567541402421e-05
hoard,0.0,2.0086544900667727e-06
hoc,0.00011727802062147798,0.00021373019416927316
hold,0.00047632723535996125,0.00012051725665433731
holding,8.122220196537822e-05,7.120846726361788e-05
holds,0.0002002508235946959,9.29101246155474e-05
hole,0.0,4.996459355241245e-06
holes,1.483732412916117e-06,3.72655636679494e-06
holiday,2.054696173857504e-06,2.293774035330997e-06
holidays,0.0,0.0
holier,3.62977306014363e-05,2.716960624587104e-06
holiest,1.5052477525081647e-05,1.6681419958055217e-06
holily,7.133402240594086e-05,1.9254381680765144e-06
holiness,9.651777671545824e-05,0.00013787593613562228
holinessbenedict,0.0,0.0
holinessjohn,0.0,1.4869886751129878e-05
holinesspope,0.0,1.1439140218225143e-05
holistic,0.0,5.648080576890237e-06
holland,1.8437211007331694e-05,0.0
hollow,5.095938026089369e-06,2.695735058257002e-06
holocaust,3.7084347897019644e-06,8.66842718276739e-06
holy,0.0005355189692748488,0.0005273428947252847
hom,1.763469418388293e-05,5.005398746702527e-05
homage,0.00010167825302633595,4.31747391460491e-05
home,0.0001120773465728457,0.00018727149091462303
homeland,2.3036139951587622e-05,5.252470750937277e-05
homelands,1.340702193217957e-05,5.37470097359552e-06
homeless,2.1826693902996343e-05,5.9366402017905076e-06
homes,0.00012154150462959212,2.1560618505406393e-05
homework,0.0,0.0
homilia,5.071978189683656e-07,5.534081909191769e-06
homilies,1.1797890368376096e-05,0.00011574801226997173
homily,8.190915128340915e-06,0.00010038114533835443
homilyof,0.0,0.0
homine,1.043838100272145e-05,1.1104099904062014e-05
hominis,6.470576223361354e-07,6.687124122012028e-05
homme,0.0,0.0
hommes,0.0,1.2466163914085199e-06
homo,7.77863749124085e-06,2.820234098924443e-05
homogeneous,5.61809701886373e-06,4.049521079630607e-05
homosexual,0.0,0.001223527012789596
hon,0.0,0.0
honduras,0.0,0.0
honest,0.00012592260442346147,4.094382078922872e-05
honestly,2.5666844891729995e-05,1.5356913532298304e-05
honesty,5.896909240716974e-05,4.089343780343457e-05
honey,3.419484380785309e-05,7.492579294336143e-06
hong,1.6376675097507357e-06,0.0
honor,0.0009675201500412619,0.0001504694911333648
honorable,0.00019332638854633726,5.1232898930048915e-05
honorary,2.7210032735103757e-06,0.0
honored,0.0001925563908592901,1.7815469958720958e-05
honoring,5.8114540483304616e-05,0.0
honorius,4.315909825991784e-05,0.0
honors,0.00017907400270040946,1.767056206717828e-05
honour,7.329793828320092e-05,9.611065186909047e-05
honourable,2.6510584179815624e-05,0.0
honoured,1.1577369281413187e-05,1.6360199318282422e-05
honouring,9.184209451808848e-06,6.130812459005354e-06
honours,1.5990413675959428e-05,1.3351592925471031e-05
hooks,0.0,3.745600284700963e-06
hope,0.00024855391662027305,0.00028878080784922196
hoped,0.00015365948784337935,0.0001317340381531816
hopeful,1.135786893334604e-05,2.547025855918241e-06
hopefully,2.2865821914670335e-05,6.884995131382938e-06
hopeless,2.2363634839003135e-06,6.2702503929787605e-06
hopelessly,5.562299327186333e-06,6.4815966898129205e-06
hopelessness,1.738424873806385e-06,1.179509480740651e-05
hopes,0.00012529873413424984,8.28695357664464e-05
hoping,2.70588814806238e-05,2.3719172790885744e-05
horeb,0.0,0.0
horizon,5.161913816058835e-06,0.00011008213366476511
horizons,2.7453545221074495e-06,8.868095434371191e-05
horizontal,0.0,1.182920093062427e-05
horn,1.021665479483868e-06,0.0
horrendous,0.0,5.2848976134164595e-06
horrible,8.200058342912702e-05,7.839359633281275e-06
horrific,0.0,0.0
horror,7.088485527263347e-05,1.0460016893608655e-05
horrors,1.0156547440800156e-05,4.2870262562448215e-06
horse,1.405912510661608e-05,0.0
hos,4.910040164642422e-07,7.90625153294863e-06
hosanna,0.0,0.0
hosea,1.5989092282777752e-05,1.2588872811472594e-05
hospice,0.0,2.8469951776876224e-06
hospices,6.454864300334735e-06,1.4154243085702877e-06
hospitable,3.934100252514119e-06,5.733451577081861e-06
hospital,2.0721464857016528e-05,6.652302797057558e-06
hospitality,2.629045879889046e-05,1.8441641057059014e-05
hospitaller,0.0,0.0
hospitals,5.444916606698774e-05,1.3996634474174308e-05
host,9.374643660226073e-05,2.082574671675875e-05
hostage,0.0,3.2499809739455405e-06
hostages,0.0,2.5714930635973922e-06
hosted,0.0,1.2762819351125406e-06
hostile,0.00023787887632514034,5.04728207831777e-05
hostilities,3.2255865920442496e-05,0.0
hostility,8.251687825649586e-05,4.371419494877491e-05
hosting,0.0,0.0
hosts,5.6570454586665594e-05,7.926930943173193e-06
hot,1.2667325389032658e-05,0.0
hotbeds,0.0,1.4059919040665019e-06
hour,0.00016512223312106455,0.00011140731754249085
hours,0.00015127550085184739,0.00017026749124885509
house,0.00021134378286325338,0.00015281729485907986
housed,2.8374027030765242e-06,0.0
household,0.00012203715367816457,7.384961428584018e-05
householder,0.0,9.399092788794947e-06
households,2.33447412674261e-05,0.0
houses,0.00017267821943142258,0.00010164797390059438
housing,4.576477607858809e-06,4.253672507578831e-05
however,0.0006523495608189108,0.0005202887136438744
hoy,0.0,0.0
huge,2.236956929677872e-05,3.187192618507628e-05
hui,0.0,0.0
humaine,0.0,0.0
human,0.0004128151339227618,0.000918261129276465
humana,2.906164921721584e-06,6.870736202997939e-05
humanae,1.0739551327562414e-05,5.245695527578378e-05
humane,2.3747905023305007e-05,2.7421110126572995e-05
humanism,9.882388205042998e-06,4.698780286095447e-05
humanist,0.0,5.25777969273752e-06
humanistic,1.1361278595943676e-05,1.967807035288838e-05
humanitarian,0.0,2.465288535878623e-05
humanities,2.5995210475096086e-05,9.029795434730401e-06
humanity,6.365678153226046e-05,0.0004215993910255984
humanization,4.1954246501817786e-07,4.9131751625671134e-05
humanize,5.788041775498674e-06,2.6268138655453382e-06
humanizing,0.0,1.0162954704673919e-05
humankind,1.9926101727777023e-06,2.7314198726156226e-06
humanly,2.9311301801724737e-06,4.084534376516147e-05
humans,5.9763000340857136e-06,0.00011393802265875236
humble,0.00017957285048763433,0.00014701461604964774
humbled,2.0348676353890923e-05,9.093553830635106e-06
humbles,6.708900209329083e-06,9.720609558749234e-06
humblest,6.654582847787141e-06,0.0
humbling,0.0,1.3853607987399663e-06
humbly,0.00020952822685549931,6.804746099919613e-05
humiliate,2.6007587645415927e-05,4.431693669467494e-06
humiliated,5.87241838518642e-06,1.9177986306586618e-05
humiliates,0.0,5.123414854678527e-06
humiliating,1.6410676656459777e-05,9.014137244589183e-06
humiliation,1.26864796533773e-05,2.891542695750409e-05
humiliations,3.5781809575401954e-06,3.251061874429678e-06
humility,0.00016699192031264688,0.00011816306134243119
humour,0.0,0.0
hundred,0.0001557040056419891,8.226113886957012e-05
hundredfold,6.244511913373912e-06,1.516124026558002e-05
hundreds,6.952674098431492e-05,2.0473071340192768e-05
hundredth,1.1374845387912426e-05,4.683247188796025e-05
hung,1.7107400938258055e-05,8.721564993559918e-06
hungarian,9.815099667688764e-05,0.0
hungarians,2.6597408386933523e-05,1.4851087493691619e-05
hungary,0.00024734265119964066,6.949713914805671e-06
hunger,5.449882910746041e-05,9.283112212390897e-05
hungers,1.633028852917856e-06,1.8759841533020868e-06
hungry,1.3620824735975353e-05,3.467404728406227e-05
hurricane,0.0,0.0
hurried,5.7271214696415966e-06,1.5014301214165986e-05
hurry,4.729017367868549e-05,3.3880554433773494e-06
hurt,1.821931197756504e-05,2.380616521236186e-05
hurtado,0.0,3.5515234968495604e-06
hurtful,4.2256624067468434e-05,0.0
hurting,0.0,5.442885842286336e-06
hurts,7.383833935976136e-06,5.968772913692057e-06
husband,0.00010973066448254427,0.00018352518847471712
husbands,5.178580645701996e-05,5.1499198952353496e-05
hygiene,4.227306728457269e-06,1.0021772067715149e-05
hymn,3.698350963521935e-05,8.884393879004587e-05
hymns,7.106782842608697e-05,1.970707913872421e-05
hypocrisy,2.166762032136612e-05,7.772098241047717e-06
hypocrite,3.129584380420029e-07,0.0
hypocrites,1.3187706750022962e-05,0.0
hypocritical,9.44520420473474e-06,0.0
hypostatic,3.242452334171246e-05,2.578827826023069e-05
hypotheses,1.0613191235329357e-05,6.990214148594069e-06
hypothesis,9.432230291478545e-06,6.248609972570679e-05
iam,8.97198185690587e-06,4.8505059601222026e-05
ian,0.0,0.0
iarchbishop,0.0,0.0
ibid,6.843967100215201e-05,0.0001803260958072445
ibidem,6.473739881132624e-06,1.5602642927298376e-05
ice,5.026688911530315e-06,1.3895844727061114e-06
iceland,2.746280586439631e-06,2.113352239450438e-06
ich,0.0,0.0
ici,0.0,0.0
icon,4.977791939241524e-06,4.856720185228851e-05
iconography,3.2318390108099303e-06,8.473091601933558e-06
icons,0.0,9.320126435435401e-06
icy,3.782027569766174e-06,0.0
idea,0.00015407542838512524,0.0001461655751245447
ideal,8.725381846763908e-05,0.00010498285921910178
idealism,1.4993253103172757e-05,1.0156225579121858e-05
ideally,1.9993492979531383e-06,2.955580583753801e-06
ideals,5.3693482899761806e-05,8.841072476659464e-05
ideas,0.00018679648092397646,0.00019703178742390255
idem,6.172906939434402e-06,1.8021799933165805e-05
identical,2.7509156780486218e-05,6.484013591461297e-05
identification,7.110874317674131e-06,2.0774870155162607e-05
identified,7.984463921538834e-06,0.00012031297811251716
identifies,1.1833414671900396e-05,2.497533867236208e-05
identify,1.1355935027351305e-05,8.478195142854989e-05
identifying,9.272001977270522e-07,2.4554847753317323e-05
identities,0.0,3.1603625825529332e-06
identity,1.83425381272329e-05,0.0002830490561151372
ideological,5.1719805387731345e-06,0.00010756202355937317
ideologically,0.0,8.432203088088549e-06
ideologies,3.825166590131083e-06,8.683504190325103e-05
ideology,7.186751323221579e-06,0.00012778584019892316
idle,0.0001025634283407825,1.1021695653307377e-05
idleness,7.379335683033963e-05,5.447084812098196e-06
idol,4.3583741699795295e-06,1.093536299191542e-05
idolatrous,8.78432835723382e-06,1.277519056361891e-05
idolatry,1.0197428481375504e-05,5.20619670845246e-05
idols,1.6860697865691915e-05,2.6733431206396093e-05
iesu,1.0591586961039306e-06,1.5463759755565407e-05
iesus,0.0,9.181160152093092e-05
iglesia,0.0,1.0238829007954729e-06
ignace,0.0,0.0
ignatian,1.0988026528275382e-05,5.201518400568686e-06
ignatius,4.945863275534594e-05,5.809428389367492e-05
ignite,5.050711042020669e-06,0.0
ignites,0.0,0.0
ignorance,0.00024035522436647918,6.420723690661935e-05
ignorant,0.0002792750437099196,4.07146742944691e-06
ignore,6.226198365298497e-05,9.708820647820014e-05
ignored,3.060595093267404e-05,5.197119328366204e-05
ignores,1.0994380679163981e-05,1.0343734649591024e-05
ignoring,2.798047895240873e-05,2.7421290429199144e-05
ihr,0.0,0.0
iia,0.0,3.0494362215442097e-06
iial,0.0,0.0
iiallocutio,0.0,0.0
iiand,0.0,2.07833143733515e-05
iiat,0.0,0.0
iiduring,0.0,0.0
iifamiliaris,0.0,0.0
iifor,2.798501028140764e-06,2.606666110691134e-05
iigeneral,0.0,0.0
iii,0.0003349741174395798,0.00032860568716041124
iiin,0.0,0.0
iinuntius,0.0,0.0
iion,4.751364268586956e-06,2.4898151397781316e-05
iiredemptor,0.0,3.3470061968833913e-06
iisaid,0.0,1.1549271161442404e-06
iisollicitudo,0.0,2.8385908637147105e-06
iito,3.962013192457214e-07,3.2196539024414514e-05
iiwednesday,0.0,0.0
iià,0.0,0.0
ill,7.651546748534294e-05,0.0001447521666441371
illegal,8.690800586575147e-06,5.510787088168762e-06
illegality,0.0,2.0232448501652873e-06
illegitimate,3.6799434193173e-05,2.1077791935210106e-05
illicit,0.00012389158234275377,9.105541658388017e-05
illiteracy,0.0,2.6530657057395473e-05
illiterate,1.3366321863877419e-05,8.44930607132385e-06
illness,4.1880689807321376e-05,6.902049324122908e-05
illnesses,1.3247175647610177e-05,6.034705386603273e-06
ills,0.00014382739706403266,1.1571645356774117e-05
illud,2.441752365014937e-05,3.3800769601193816e-06
illuminate,6.07550597658177e-05,1.8692828095266295e-05
illuminated,3.007652840025847e-05,3.0030987739308214e-05
illuminates,9.743916427504691e-06,9.194414898928147e-06
illuminating,1.631400941172675e-05,1.7810989199695796e-05
illumination,2.529303388152843e-05,4.055586305702738e-06
illuminator,1.6559581493063968e-06,1.2848299348998834e-05
illumine,5.3050666822113526e-05,6.67568024032257e-05
illumined,5.394087673067977e-05,8.37767667227203e-05
illumines,1.6631917792954605e-05,3.519446284306668e-05
illusion,1.7429486299274492e-05,4.633638388336006e-05
illusions,1.598060244415395e-05,2.5072890469619865e-05
illusory,9.340311947367325e-06,3.278449930936524e-05
illustrate,4.863251235192643e-05,5.406579658937686e-05
illustrated,1.5852063321488152e-05,5.720119367055503e-05
illustrates,3.4604806038502836e-06,4.964382467071358e-05
illustrating,1.2251301288168988e-05,0.00013808078075174186
illustration,1.2226433376165212e-05,1.86219603341968e-05
illustrious,0.00035876437700635113,4.8505625905795364e-05
ils,0.0,0.0
image,0.00010091465882889116,0.0003588062387672433
imagery,5.382657007958076e-06,1.4034164696798005e-05
images,6.230366307007538e-05,6.983749848588633e-05
imaginable,1.1256041863123137e-05,0.0
imaginary,1.66299271629796e-05,1.329837262032612e-05
imagination,3.995162585547988e-05,2.270720211320945e-05
imaginative,7.088022749343537e-06,7.715198741619705e-06
imagine,5.319461208048761e-05,3.942141178439272e-05
imagined,6.365070039363892e-05,5.03221179185289e-05
imagines,3.7134808868173775e-06,1.8306119948703272e-06
imagining,5.3909604800875175e-06,0.0
imam,0.0,5.717697240070272e-06
imbalance,1.5365789190408368e-06,3.776052634111156e-05
imbalances,3.4859573960520567e-06,2.4362405272931437e-05
imbue,8.097666436716671e-05,3.7459569839098753e-06
imbued,6.685168747940067e-05,3.636373977939489e-05
imbues,9.730020968621447e-06,1.2254908787894535e-05
imbuing,4.29350238330996e-06,8.79405599421742e-06
imitate,0.00012311017223531445,6.871538043515484e-05
imitated,2.7282746654821135e-05,5.968311908237483e-05
imitates,2.1471611935809504e-06,8.047872017320902e-06
imitating,6.216379610003387e-05,2.7213505520143458e-05
imitation,0.00011688856597414504,0.00011551838041308889
imitator,1.1847181938248642e-05,0.0
imitators,4.430894812998766e-05,2.2763756231129203e-05
immacolata,0.0,0.0
immaculate,0.000287262585165092,7.268440183720653e-05
immagine,0.0,0.0
immanence,1.547682400621558e-05,1.3060482490703434e-05
immanent,1.4379539586522015e-05,3.1103440181269706e-05
immature,3.4433416962315544e-06,5.2223478438731935e-06
immeasurable,6.851034132147169e-06,7.398888072306955e-06
immeasurably,5.902289570636388e-06,2.131967167348931e-06
immediacy,3.1540954864244617e-06,1.4705950747999455e-05
immediate,0.00011734017511562069,0.00014827006016409751
immediately,0.0002548096241373816,0.00014765151383968952
immemorial,3.223068511885214e-05,2.4607636449640884e-05
immense,0.00013583116922489185,0.0001274262451645064
immensely,4.982284335932017e-06,4.290528404902717e-06
immensity,1.4962106122542162e-05,1.9468259374703048e-05
immerse,1.1186701641799093e-06,8.237225279057948e-06
immersed,1.890849137720036e-05,5.5118272868143984e-05
immerses,0.0,1.1044060982461488e-05
immersing,0.0,8.686712989240018e-06
immersion,0.0,5.2291238595825646e-06
immigrant,0.0,7.675020428138355e-06
immigrants,9.88629409966685e-06,2.7107187460731393e-05
immigration,5.315370200482385e-06,1.013488837892848e-05
imminence,0.0,2.5135880202186447e-06
imminent,2.8579268657008392e-05,5.7177892578496776e-05
immobile,0.0,3.0785230478448905e-06
immoderate,5.528235940455743e-05,1.8083993721909297e-06
immolated,1.227202108159853e-05,1.4044837819112445e-05
immolation,1.3473559984520854e-05,3.830253320535785e-06
immoral,7.98052923067348e-05,8.422828872452653e-05
immorality,2.582194651199267e-05,3.7446523370358474e-06
immortal,0.00021934327740206824,2.1715453744339e-05
immortality,6.04923782423139e-05,2.514331919585462e-05
immovable,4.82766962060279e-05,2.5532483871060547e-06
immune,5.150094181650108e-05,2.792012107021682e-05
immunity,7.431720239937875e-05,3.346808389004295e-06
immutable,8.325809466307058e-05,1.2985422452944812e-05
impact,4.541944307917236e-06,7.512549689491552e-05
impacts,0.0,1.5006578179825972e-06
impair,4.606473925017204e-06,0.0
impaired,2.634852961392926e-05,1.0083697287954795e-05
impart,0.00037723749844461885,7.010525221335443e-05
imparted,6.999262788726633e-05,3.7868671073869614e-05
impartial,3.627082906679938e-05,1.1460027079522886e-05
impartiality,2.7403864449804377e-05,2.3572378556383688e-06
impartially,1.616766381332301e-06,0.0
imparting,2.1108261055243234e-05,1.1938616254622752e-05
imparts,1.762804686565423e-05,2.3126688916482135e-05
impassioned,0.0,1.8795798039858933e-05
impatience,1.8583144499534894e-05,2.883253583675842e-05
impatient,1.9605127000627052e-05,8.023122660835015e-06
impede,7.025504076739232e-05,3.162497819697163e-05
impeded,9.29769617335054e-05,0.0001488598508169424
impedes,2.601980223149488e-05,3.324639932263137e-05
impediment,0.00014763205508551655,2.5344763571758976e-05
impediments,9.421790303165014e-05,6.455809741922262e-05
impeding,8.578627383229396e-06,0.0
impel,1.5394628404760762e-05,6.413009969912417e-05
impelled,7.086399387776163e-05,3.636751647669607e-05
impelling,3.581798486086247e-06,4.0414321962571326e-05
impels,2.9831246333549315e-05,4.749752794674494e-05
impending,4.967935576063847e-05,3.112337721363777e-06
impenetrable,8.01930833748352e-06,1.9811700198340326e-05
imperative,2.5689751628933624e-05,5.951665870294469e-05
imperatives,0.0,1.146131265974091e-05
imperfect,3.9017262436927823e-05,6.644303589898131e-05
imperfection,1.5395056343416983e-05,7.030251430694084e-06
imperfections,6.922546208065622e-06,1.0316998120347923e-06
imperfectly,7.614761745947094e-06,1.7223189625438565e-06
imperial,8.153662485467814e-05,1.0829958254027564e-05
imperialism,3.958072706533205e-06,1.6415757397061356e-05
imperishable,1.838549205523101e-05,7.593825723831336e-06
impersonal,5.009866879330725e-06,2.4204628000212302e-05
impervious,0.0,4.868707775356665e-06
impetus,1.0160178035391338e-05,3.772246195006374e-05
impiety,0.000217250367676655,1.6412411781044948e-06
impious,0.00041477685006577716,0.0
implacable,4.418083355544684e-05,6.318404053433314e-06
implant,1.9733398745119557e-05,5.382131367005708e-06
implantation,0.0,3.5551114091906284e-05
implanted,5.085609514438037e-05,2.275390752755906e-05
implanting,5.397154595782791e-06,6.51128862332215e-06
implement,8.72087607411449e-06,9.236800414970979e-05
implementation,1.847276803755919e-05,7.91358383778599e-05
implemented,1.999510993239395e-06,3.5619767837466364e-05
implementing,7.319457111773733e-07,3.258587302565167e-05
implements,0.0,0.0
implication,6.518802212225456e-06,5.556662569533219e-06
implications,1.6513372069344863e-05,8.431124073406934e-05
implicit,6.061851566479436e-06,2.1492353836373833e-05
implicitly,2.6375606722396855e-05,1.4162044516594882e-05
implied,1.451825018408621e-05,3.86362384598124e-05
implies,4.0204028053115423e-05,0.00013392312827729085
implore,0.0003183963424128021,4.198492204450331e-05
implored,8.978628033415763e-05,4.571201215171201e-05
implores,2.9119886976780496e-05,2.45201276764581e-05
imploring,0.00010193790897343348,5.568793832434204e-05
imply,2.830034906436167e-05,1.9223875744639426e-05
implying,2.5306179447328506e-06,1.800660493430808e-05
import,2.2920063280519717e-05,1.825937722377888e-05
importance,0.00022135489421676582,0.0003844355715075709
important,0.00016304208273955538,0.00027381534840539655
importantly,5.257782907016679e-05,2.2740026388753503e-06
imported,8.677601401125699e-06,9.654231828287495e-06
impose,0.00010716693531279215,0.0001674210468246335
imposed,0.00024878610830028234,0.00014634318154127266
imposes,3.642955809753425e-05,4.708914742618666e-05
imposing,3.6732407810026545e-05,2.8658359795523865e-05
imposition,9.552935211806829e-05,3.3808529582010656e-05
impositions,5.873597227305369e-06,4.231103653424e-06
impossibility,4.522701326927299e-05,0.00016640287878531853
impossible,0.00018985553018398082,0.0001591959693062988
impotence,5.061025544723502e-06,5.5133266350395534e-06
impoverish,2.9282482034864055e-06,7.366014728339799e-06
impoverished,3.7005632986855603e-06,4.144386605509682e-05
impoverishes,1.3158644492719527e-06,4.3229232194853425e-06
impoverishing,0.0,5.903513638341041e-06
impoverishment,1.5309266319410138e-06,2.3254800748954663e-05
impregnated,1.4894547299668308e-05,1.456974791367294e-05
impress,8.443202326817124e-05,6.029213703274523e-06
impressed,5.488349608069333e-05,2.372261226471039e-05
impresses,1.1831456298368733e-05,8.944507012918834e-06
impressing,2.6706505723489394e-06,8.7447130285183e-06
impression,2.749112929498517e-05,3.641236411164928e-05
impressions,8.457005914358217e-06,1.7262197984277617e-06
impressive,9.186606664240404e-06,2.27979891477927e-05
imprint,1.1954472753220203e-05,2.2205803318562063e-05
imprinted,2.8741916192603712e-05,1.6046773681602252e-05
imprison,1.689769776361941e-05,6.812462719611177e-06
imprisoned,3.678723562554336e-05,2.2063302376343462e-05
imprisonment,3.563762228146518e-05,4.9531320870186206e-05
imprisons,1.5741294100922932e-06,5.16317670245083e-06
impromptu,0.0,0.0
improper,5.1084418177961776e-05,6.342081993339056e-05
improve,4.0995062721444666e-05,4.411730946532832e-05
improved,4.989362907518525e-05,2.2764517674344924e-05
improvement,6.316159325075603e-05,2.9595196027136066e-05
improvements,4.956054230156499e-06,2.608923458824022e-06
improves,3.7244203420935325e-06,2.9272469604411998e-06
improving,4.583393253483057e-05,5.386633686706345e-05
improvised,6.171840050178199e-06,1.9417501847294274e-06
imprudent,4.503472206912139e-05,5.728474765103007e-06
impulse,7.540642650143495e-05,0.00015963806565912484
impulses,5.5023422545796765e-05,3.262132184444435e-05
impunity,7.415707521223371e-05,1.7860525356515223e-05
impure,3.070911506638086e-05,4.2511529910963164e-06
impurity,1.988906934498076e-05,9.213911413412026e-06
ina,0.0,9.041988741798402e-06
inability,9.488910674950424e-06,5.523738920973099e-05
inaccessible,3.83184086659123e-05,1.923059592991826e-05
inactive,1.839569495786501e-05,7.815316349877979e-06
inadequacy,1.1530105015224093e-05,2.7739369779716412e-05
inadequate,5.302667354297652e-05,5.565456429681886e-05
inadmissible,2.68122318228002e-06,2.2492505227785227e-05
inalienable,1.9449567803031514e-05,6.804218254800371e-05
inanimate,2.594104864279945e-05,8.944872679800122e-06
inappropriate,1.0351700288679485e-05,1.3456212713011043e-05
inasmuch,0.00022213341428328238,0.0001537808927929795
inaugural,0.0,1.62296737679536e-05
inaugurate,1.0836066893208403e-06,8.495987700788654e-07
inaugurated,7.6011181864715115e-06,2.6991925075423222e-05
inaugurates,0.0,8.872077734016805e-06
inaugurating,0.0,4.718951641864277e-06
inauguration,1.9149351114563533e-05,4.0935912847973366e-05
inborn,2.1502041311973738e-05,3.494517509540693e-06
incalculable,2.2638321900122733e-05,2.441484806481263e-05
incapable,9.025222072808823e-05,8.279090806739593e-05
incapacity,2.3035442750314624e-05,0.00015304323123265323
incardinated,0.0,0.0002582073446530199
incarnate,5.255610535818236e-05,0.00023656653185138844
incarnated,4.607916057390858e-06,1.228069149219659e-05
incarnates,1.5190912862110416e-06,0.0
incarnating,1.4437418877142826e-06,7.415344870391239e-06
incarnation,9.483489813209443e-05,0.0003226738722468467
incarnationis,0.0,1.8032330302869245e-06
incense,4.121958342219708e-05,4.5360472727849784e-05
incentive,8.699764089063351e-05,9.591820895077838e-05
incentives,2.4750535525028587e-05,1.009905602793372e-05
inception,1.3793436348754877e-05,1.2751926584941236e-06
incessant,2.0673351796488892e-05,4.8914410569390065e-06
incessantly,4.4162357428329435e-05,9.559776585325744e-06
incident,1.0742082446809921e-05,0.0
incidental,0.0,0.0
incidents,6.121568650735095e-06,1.3765334868986198e-06
incisive,3.870191820369678e-06,3.4217146896641784e-05
incisively,2.772318918461359e-06,2.1388703769353057e-06
incite,7.424104748887058e-05,4.299738844133829e-06
incited,6.030401842084667e-05,3.174963121930558e-06
incitement,4.705805022265295e-05,0.0
incites,2.322948790397339e-05,0.0
inclination,2.2391824130792885e-05,8.44635833063003e-05
inclinations,4.9781025292016464e-05,4.771516300919618e-05
incline,9.239668257242171e-05,0.0
inclined,6.414346441525082e-05,4.528920714345075e-05
include,5.552364870162642e-05,0.0001851609216387943
included,7.658086829033304e-05,0.00014503229237785293
includes,4.810010117102306e-05,0.00026017929159580087
including,5.848959682915188e-05,0.00020452385598359284
inclusion,0.0,1.086608759917795e-05
inclusive,3.131154162820707e-05,9.087353999180666e-06
income,5.8567963619598304e-05,2.0537691039620807e-05
incomes,2.373270626070508e-05,3.0052551557933606e-06
incomparable,2.2578845365593e-05,7.273948660457514e-05
incomparably,6.769620161090698e-06,1.6932526944408673e-05
incompatibility,1.035463945780693e-05,0.0
incompatible,2.7903000971005703e-05,9.672654025553876e-05
incomplete,1.6508125356175983e-05,0.00011626273785468084
incomprehensible,1.3188521810828259e-05,2.566413639841511e-05
incomprehension,0.0,1.44535972617402e-05
inconceivable,0.0,1.764099452740383e-05
inconsistencies,3.129584380420029e-07,1.8172628878170278e-05
inconsistency,8.51975075354614e-06,2.3857677878885378e-05
inconsistent,3.4599943717922905e-05,2.4455830464864676e-06
incontestable,3.1412465483922895e-05,0.0
incontro,0.0,0.0
inconvenience,2.5900401560720656e-05,3.9112440830949e-05
inconveniences,7.378243671836117e-05,6.317492264063484e-06
inconvenient,0.0,6.000403610794114e-06
incorporate,2.8189154372006102e-06,1.4763361926138445e-05
incorporated,1.9758598982902323e-05,0.00011953605940150943
incorporates,0.0,1.0327031850411065e-05
incorporating,0.0,2.084288562248908e-05
incorporation,9.79117934475061e-06,5.102872795435985e-05
incorrect,5.40236255795437e-06,1.0320771026720766e-05
incorrupt,7.039592758238112e-05,0.0
incorruptible,6.541063145571997e-05,0.0
increase,0.0004705200818419123,0.00016634606547755084
increased,0.0003075504524438574,0.00015407969995947132
increases,5.5818129434518625e-05,5.420416792858052e-05
increasing,0.00014269484229375169,0.00011265439440826909
increasingly,1.794552049045641e-05,0.0001234296091293023
incredible,8.837770933230338e-05,1.343015473878433e-05
incredibly,1.2805617664187788e-05,4.529730763791186e-06
incredulity,3.020720540108148e-05,0.0
inculcate,6.138385677561595e-05,1.7067922948447704e-05
inculcated,8.859528482463914e-05,1.3281630470764602e-05
inculcates,1.626940653591432e-05,1.4869767594937952e-05
inculcating,2.9047993955793907e-05,2.3314967075878346e-06
inculturate,0.0,1.7704043497400203e-05
inculturated,0.0,1.3658857881473584e-05
inculturating,0.0,7.192248917359803e-06
inculturation,1.967269997912214e-06,0.00016673844062675558
incumbent,4.043684476525805e-05,4.972467473971015e-05
incur,0.00028697436816018057,1.9154777566063925e-05
incurable,1.2780744982575864e-05,4.436813136334219e-06
incurred,0.00018020420045831366,4.167514473317259e-05
indebted,2.0880529182788203e-05,1.2364892452717955e-05
indebtedness,0.0,2.1099023016313323e-06
indeed,0.0005927115592805799,0.00030921706866038855
indefatigable,3.3932002803663456e-05,0.0
indefectible,9.106354761544352e-06,1.6111923064416354e-05
indefinite,2.147741617976744e-05,1.4585797049534709e-05
indefinitely,0.0,1.807496471199421e-05
indelible,1.541790817693239e-05,6.285507597904129e-05
indelibly,2.742634609534027e-07,5.2186440303245095e-06
independence,8.6125336935488e-05,4.7245281389262944e-05
independent,7.893965234601272e-05,6.576144187593018e-05
independently,1.6968548439229968e-05,4.971181388448731e-05
indescribable,1.4242197384913292e-05,9.966640314887435e-06
indestructible,4.030197403032446e-06,1.524163856606349e-05
index,9.227373832723174e-05,9.299910555067849e-06
india,5.4381211243231396e-05,1.8826127435181794e-05
indian,1.4420781692396494e-05,3.7774843342956577e-06
indians,0.00024023608160438997,0.0
indicate,0.00012315189864923969,8.884919918970546e-05
indicated,0.000146156900794716,0.00022051704271782438
indicates,4.478496319346092e-05,0.00012046957897561871
indicating,1.4188355501353514e-05,9.282695293247968e-05
indication,7.128950398051662e-05,7.109634614077496e-05
indications,5.236002710584794e-05,0.00018439960444563858
indicative,6.008806632982089e-06,1.1981996520050949e-05
indicator,0.0,8.93330284278338e-06
indicators,0.0,7.490215103828151e-06
indiction,0.00035438320292185076,5.885449905669737e-06
indies,8.045904780061986e-05,0.0
indifference,5.9065784773370174e-05,7.575935165134281e-05
indifferent,3.0143535351834626e-05,5.416065638498973e-05
indifferentism,6.820197646183537e-05,3.039330080428523e-05
indigence,4.8231570968337185e-05,1.6397209900495618e-05
indigenous,8.401898850101687e-05,2.9011479690050655e-05
indigent,2.424933595854205e-05,0.0
indignant,8.92091209380242e-06,6.511800663983054e-06
indignation,0.0001445920502647747,1.620918860442835e-05
indirect,2.3166773276114522e-05,7.269657039588569e-05
indirectly,4.78895969463717e-05,0.00014095786442091846
indiscriminate,7.5944614829537995e-06,8.023815899298692e-05
indiscriminately,5.4905064873392225e-05,8.682897766461574e-06
indispensable,4.326096871038186e-05,0.0001502844143711636
indisputable,3.767634999444778e-05,1.1725889624696117e-05
indisputably,7.4071825512380145e-06,1.3284331642022864e-06
indissolubility,2.1656136833870177e-05,2.9839508965246756e-05
indissoluble,3.054625845866707e-05,9.755167341583583e-05
indissolubly,1.0635042313109289e-05,3.020516957446071e-05
individual,0.0002940072278611109,0.000813945325558037
individualism,3.2729509942631475e-06,6.877049255069545e-05
individualistic,6.247294222197801e-06,4.380769957713316e-05
individuality,3.5969259004240486e-06,1.3173209144005226e-05
individually,0.00015639871277087742,9.900161552356244e-05
individuals,0.00018598165495895265,0.0003464073449864863
indivisibility,2.199996271005544e-06,1.843378820793367e-06
indivisible,4.374582165733125e-05,4.9818601567542257e-05
indomitable,1.2213482421842672e-05,6.836173712936725e-06
indonesia,0.0,0.0
indonesian,0.0,0.0
induce,0.00010077575278754893,3.381566597360061e-06
induced,5.387031066304627e-05,2.34406765784195e-06
induces,1.1192680491246418e-05,0.0
indulge,2.4043767254402007e-05,4.409613988306366e-05
indulgence,0.0005482379949778337,0.00025720541405728123
indulgences,0.00042522482864785344,0.000536452437846303
indulgent,4.772314043031801e-05,1.6399484900502027e-06
indulging,7.234132266096833e-06,8.28354368619978e-06
industrial,1.5337755466881356e-05,0.00011487187329863166
industrialization,6.416393710655723e-06,3.890919611787155e-05
industrialized,1.2264491014904612e-06,3.589653521199477e-05
industries,1.4106880102332341e-05,1.1882918051131419e-05
industrious,6.962961082369094e-05,0.0
industriousness,8.849992342544052e-06,1.932716690134186e-05
industry,0.00019928744758006029,3.15034387943707e-05
indwelling,1.6915739158718892e-05,1.0455117708406972e-05
ineffable,3.558855764208639e-05,7.57105107078331e-05
ineffective,2.0538939966756596e-05,3.8691643593326066e-05
ineffectual,2.0959512264627605e-05,6.444453397417104e-06
inequalities,1.3979012446821571e-05,2.105795895856267e-05
inequality,1.380627736044265e-05,2.771647972292192e-05
inert,1.1123244522717317e-05,1.6771383309568371e-06
inertia,3.188650554358105e-06,1.1583754700088125e-05
inescapable,8.064466021212867e-06,2.2550364228316157e-05
inestimable,3.7098783555563325e-05,3.915295464738229e-05
ineunte,0.0,5.932344878595514e-05
ineuntei,0.0,5.744549113807304e-06
inevangelii,0.0,0.0
inevitability,0.0,4.557683592809556e-05
inevitable,2.4317867273077103e-05,5.5680562943196584e-05
inevitably,3.1428012713886e-05,7.118931644714953e-05
inexhaustible,4.287085104525812e-05,9.772828697907075e-05
inexorable,5.70118536177748e-06,9.71250234365165e-06
inexorably,3.5435743069984244e-06,3.990480664823247e-06
inexperience,3.087184185146541e-05,0.0
inexperienced,5.601395282063827e-05,4.762590127287311e-06
inexplicable,0.0,3.8049377117438884e-06
inexpressible,1.3386216410845441e-05,4.45335999387172e-05
inextricably,2.5670661076042343e-06,3.880318471996262e-06
infallibility,2.0490333619560548e-05,0.0
infallible,0.00011205540482183645,1.141103787176975e-05
infallibly,2.9244287252480106e-05,3.5581764450491098e-06
infamous,4.982264924367975e-05,1.0441348025916495e-06
infamy,6.159004744768574e-05,0.0
infancy,2.4162436966749958e-05,3.951868992625031e-05
infant,6.399317632205819e-05,2.55856646309147e-05
infants,0.00010736978814480292,5.25292825554087e-06
infect,3.179341440559937e-05,1.2701727761167115e-06
infected,0.00010349111434695934,1.4847294165165848e-06
infection,3.888032820757541e-05,0.0
infectious,1.574343784736166e-05,1.8617665428263756e-06
infects,1.6521497082642846e-05,2.4163818172560647e-06
infer,1.8214202444284547e-05,0.0
inferior,0.00012299359331991797,3.6451304511287144e-05
inferiority,5.149321291671058e-06,5.37766792665338e-06
infidelities,1.8215402684872614e-06,1.4564003297105481e-05
infidelity,3.733341674041894e-05,2.8947605736640818e-05
infidels,0.00012309563572459245,1.2464706395961591e-05
infinite,0.00016390247687580708,0.00011921264003392002
infinitely,1.856723678362961e-05,4.36905825844731e-05
infinity,0.0,1.0375346949291279e-05
infirm,7.797143518614468e-05,1.27145063588149e-05
infirmities,2.0699134673592722e-05,6.57353580982706e-06
infirmity,7.252495481357368e-05,1.4065355761804348e-05
infirmorum,0.0,0.0
inflame,9.24032669050178e-05,9.554446316332374e-07
inflamed,0.00015739572568629595,6.599513176270428e-06
inflames,2.1989132980807503e-05,8.541151161526689e-06
inflexibility,0.0,7.172529957025573e-06
inflexible,2.26556773413077e-05,4.3106719182670535e-06
inflict,8.868205150384543e-05,1.3157389198623753e-05
inflicted,0.00016025061320029183,3.6777200749509054e-05
inflicting,2.5785377375396213e-05,3.3470061968833913e-06
inflicts,6.772341035479476e-05,3.50974060257552e-05
influence,0.0003154351026575074,0.00025812726130428976
influenced,5.2517627604551715e-05,7.223361631204632e-05
influences,4.472608756823112e-05,4.346175057000939e-05
influencing,8.415162195258582e-06,2.0952151348327028e-05
influential,2.8819799534528055e-05,2.413624341401309e-05
influx,3.9114827503512434e-06,1.252300851536148e-06
inform,0.00014755264644012911,9.75356862630638e-05
informal,0.0,7.5031685476421415e-06
information,0.00048641283786140805,0.00028039070224044753
informative,0.0,8.349775859497948e-06
informed,0.00011870964557651029,6.597302721580338e-05
informing,2.7345622885947245e-05,4.9111408270567904e-06
informs,2.2333543286118493e-05,8.93474036444617e-06
infrastructure,0.0,2.9439377897055705e-06
infrastructures,0.0,9.412105950919212e-06
infrequent,3.880790172567652e-06,8.636619908577124e-06
infrequently,4.357987879092138e-05,4.168663196615502e-05
infringe,0.0001574610685600959,3.6245293131666865e-06
infuse,1.049721301111461e-05,1.0023586386046306e-05
infused,2.9746803965215574e-05,3.0567092661606185e-05
infuses,4.419103796699253e-06,8.875810239769723e-06
infusing,1.1464722500319127e-05,1.1632568893273076e-05
infusion,3.61494537107491e-05,1.3467037074844844e-06
ingenious,1.4480115543550063e-05,7.395794600355926e-06
ingenuity,5.539254025373668e-05,6.4769405475776845e-06
ingenuous,1.145553186616537e-05,0.0
ingratitude,2.089103937545721e-05,1.0639048875931362e-05
ingredient,1.5072321634657466e-06,0.0
inhabit,1.3581385066962009e-05,7.335211716959885e-06
inhabitant,6.645880331281967e-06,5.737007386314627e-06
inhabitants,0.00012025687039328876,2.08758315942237e-05
inhabited,2.9092561725456587e-05,1.4127794898332646e-05
inhabiting,6.667494952599251e-06,0.0
inherent,4.330347882063379e-05,7.917957959831464e-05
inherently,0.0,5.236499334128762e-06
inherit,7.859868421910389e-06,2.8166137832946145e-05
inheritance,0.00016399320197526916,0.00013409680939052557
inherited,4.699007589687141e-05,3.1118111495471055e-05
inhospitable,0.0,3.0580077334718937e-06
inhuman,5.638769133095275e-05,4.1719646800976634e-05
inhumane,0.0,1.2587110090076158e-05
inhumanity,1.9354976827796847e-05,1.2107629968326109e-06
inimical,7.222100048364799e-05,3.069805676850238e-06
iniquities,1.4765064097406434e-05,2.2913158527232654e-05
iniquitous,0.00012430071971393175,0.0
iniquity,8.273848408469844e-05,3.0466463427400844e-05
initial,1.2825959062913575e-05,0.00013286496986184977
initially,0.0,1.3716379134356644e-05
initiate,3.363809138439055e-05,1.3488756090904813e-05
initiated,3.309057676196944e-05,6.987907875967916e-05
initiates,0.0,6.32435213222776e-06
initiating,0.0,1.5118018301647461e-05
initiation,1.4861080943342305e-05,0.00019731741348070646
initiative,4.6782144418764545e-05,8.13016403662878e-05
initiatives,1.3970246939875068e-05,0.00017951092143043832
injunction,3.436212788829438e-05,8.613900037273076e-06
injunctions,5.3433901165058125e-05,1.1392852072039686e-06
injure,7.174725526008377e-05,3.281876221850239e-05
injured,1.807744715721756e-05,1.8139305784124706e-05
injures,1.731902657158309e-05,0.0
injuries,0.00012123018917244368,3.391229093859128e-05
injuring,1.2203978871693316e-05,0.0
injurious,9.422785792800299e-05,1.0720860922737765e-05
injury,0.00019121498352268865,3.547746958337482e-05
injustice,0.00010995940746327193,9.693674421045691e-05
injustices,6.566229428352494e-05,4.4342436749845135e-05
inl,1.3924554034621492e-05,1.341063651709078e-05
inlaudato,0.0,0.0
inmates,1.1807138775181752e-06,0.0
inmost,2.805584869862185e-05,5.8722660117401053e-05
inmy,0.0,0.0
inn,8.046843452813285e-06,1.5133808737247778e-05
innate,2.2442120776835876e-05,2.5440540742333808e-05
inner,4.891642292557299e-05,0.00014332847673922486
innermost,1.6492282903496704e-05,3.750020868087482e-05
innkeeper,0.0,6.083342316227803e-06
innocence,0.00019153846111769876,3.381568454646595e-05
innocent,0.00033926666795247893,0.00013325739649828629
innocents,2.024963530064222e-05,1.1430181190010388e-06
innovation,4.693557053496594e-05,4.056789038272787e-05
innovations,7.378369464698709e-05,2.4436762331034105e-05
innovative,0.0,1.1353617698032839e-05
innovators,4.995160749177217e-05,0.0
innumerable,0.00016175138594422798,7.098930043308461e-05
inopportune,5.902235122716488e-06,0.0
inordinate,3.605849192321725e-05,1.4210049565344733e-05
inquire,6.11702478804535e-05,9.419171996820594e-06
inquiries,1.7964187482637745e-05,6.269809173570133e-06
inquiring,1.7514575281377286e-05,1.5618315009645432e-05
inquiry,5.3662383611474484e-05,8.747990615335207e-05
inroads,1.4363932133179931e-05,4.019271159745391e-06
insane,6.367598695097731e-05,2.265208994459789e-06
insatiable,3.7963717670059254e-05,2.7134300889219916e-06
inscribed,4.607900744027003e-05,0.00010427616776211754
inscription,7.415713058112566e-06,3.3122685446766623e-06
inscrutable,4.71124441682206e-05,4.3585298709237525e-05
insecure,6.512830786691577e-06,1.2356161131063279e-05
insecurity,1.0161914929567482e-06,1.750227123803321e-05
insegnamenti,4.7437331451767693e-07,9.011787373853315e-05
insensitive,0.0,3.579652277163558e-06
insensitivity,0.0,3.4024507831732508e-06
inseparable,1.609475839155672e-05,0.00010399920786258896
inseparably,7.658079844349084e-06,4.957864015791141e-05
insert,4.317435623625683e-06,5.41329974568926e-06
inserted,8.771050282944487e-05,7.23737766271084e-05
inserting,3.1852067588052227e-06,1.4567464189144477e-05
insertion,6.5733750026218105e-06,2.1295875018414664e-05
inserts,8.427212469250096e-06,6.961167379990975e-06
inside,2.1788982614421286e-05,2.8720372116352427e-05
insidious,6.849312400693921e-05,1.750681361344404e-05
insight,1.3980078310511525e-05,9.58063653332403e-05
insightful,0.0,1.6555151230989564e-05
insights,0.0,6.818806762694684e-05
insignia,2.3702493092447337e-05,3.483527528492671e-05
insignificant,1.1823456409934821e-05,6.504816084383386e-06
insinuate,1.6261812118208784e-05,5.679945504189699e-06
insist,0.00010743264305134391,6.035015562838087e-05
insisted,4.4103903703677694e-05,6.403773454387462e-05
insistence,4.292801504031825e-05,4.5403508059694764e-05
insistent,3.347446904145724e-05,6.407855268496776e-05
insistently,5.525900860740245e-05,5.595911252856519e-05
insisting,6.016083210378911e-06,2.0453836849025933e-05
insists,2.9337857927015685e-05,2.2760508026137047e-05
insofar,0.0001335979413013076,0.00020785432083536998
insoluble,4.47274609660578e-06,3.837247176354277e-06
inspectorate,0.0,0.0
inspiration,0.00016384269732589793,0.00014485678848974315
inspirations,2.5334937318024325e-05,2.0745420023595405e-05
inspire,8.946652339270267e-05,6.807931949931623e-05
inspired,0.0002108288710489246,0.0001446308606521239
inspirer,1.1123929582071808e-05,3.0725833308404925e-06
inspires,5.877461946487503e-05,6.495514367941003e-05
inspiring,4.746383823300412e-05,3.569110605975246e-05
instability,1.6329810520571e-05,1.2574391773101918e-05
instance,0.0001773105865363166,6.82181053659762e-05
instances,5.722187169728937e-05,3.428622130448638e-05
instant,4.226524373862995e-05,1.2733855767436157e-05
instantly,1.873886767266194e-05,4.772758015859367e-06
instead,0.00011020240614300948,0.00012359278915326545
instil,3.546992891907806e-06,3.33514747632803e-06
instill,3.532721657550003e-05,3.2082981747927023e-06
instilled,1.4945749039755228e-05,8.404792821957351e-06
instilling,1.879828965117785e-05,1.1237811388175494e-05
instills,0.0,7.144470073812439e-06
instils,0.0,1.0862057647233543e-06
instinct,6.479655831224802e-05,1.7640730190041268e-05
instinctive,2.3458061444143676e-05,1.156274377842516e-05
instinctively,7.100429810407567e-06,1.2560431977879374e-05
instincts,2.8252988013613726e-05,1.521169712845385e-05
institute,0.00017013061440670867,0.0005866746605209403
instituted,0.00024076075246699983,0.0002633706019776655
institutes,0.00012877710391078834,0.0005603293977066129
instituting,1.5787775763740714e-05,1.3100383521325397e-05
institution,0.0002645843897969052,0.00026791766809718316
institutional,0.0,7.426886234064955e-05
institutionalized,0.0,2.488215517036262e-06
institutionally,0.0,5.0085811856758896e-06
institutionis,0.0,4.679745497023303e-05
institutions,0.0002997865074686672,0.0001675852182465314
instruct,0.00022891790339458346,5.139338711140395e-05
instructed,0.00020103992540250508,3.083945458436449e-05
instructing,0.00010777111748993535,2.6685483697975614e-05
instruction,0.00047442167871410373,0.0006188778764007766
instructions,0.00017953065614416373,5.370551250196733e-05
instructive,4.419100082795009e-06,1.8096556412576435e-05
instructors,5.27467213188696e-06,1.3949750839184961e-05
instructs,2.7152559673610286e-05,2.7727793511604132e-05
instrument,6.0926577778009e-05,0.000195052616738783
instrumental,1.5798494834600585e-05,8.367508290778385e-06
instruments,0.0001576758613449071,9.211490814311924e-05
instrumentum,0.0,1.2829559051862819e-05
insufficiency,2.794154859586849e-05,1.1590343214074886e-05
insufficient,6.833211266773286e-05,3.569739947501309e-05
insufficiently,8.50252263809293e-06,1.6337259764565343e-05
insult,7.396853151336822e-05,9.199993712995688e-06
insulted,4.47658996165373e-06,1.1115266577661024e-05
insulting,4.2931660777356124e-05,3.512552798091171e-06
insults,0.00014099630218739864,4.6507505560944605e-06
insuperable,1.4508904517720246e-05,7.4518958811684236e-06
insurance,9.982848429032123e-06,1.4950024598634738e-05
insure,0.00010556046056222804,6.6225045095086e-06
insurmountable,0.0,8.210220308084287e-06
intact,0.00018398220246880094,8.324370741531925e-05
intangible,6.6502275279526324e-06,1.0076488208184156e-05
integral,2.7609101690918614e-05,0.00021364500130380607
integrally,6.718663950787545e-06,1.7265589149376293e-05
integrate,9.93150129340699e-07,3.549189524704598e-05
integrated,9.288370986940428e-07,5.1069972494292033e-05
integrates,0.0,7.578456471335003e-06
integrating,3.6567676807967746e-06,2.488508161578621e-05
integration,6.47278925191995e-06,6.9870963424506e-05
integrity,0.00031442549210450885,8.737775138087085e-05
intellect,0.0001276936244517857,7.924927444350038e-05
intellects,4.0572255720845877e-05,0.0
intellectual,9.01621214659638e-05,0.0001061383831825035
intellectually,0.0,5.020712414080336e-06
intellectuals,3.375355821233559e-06,1.5616891709501815e-05
intelligence,6.615204162554624e-05,0.00010397815230074783
intelligent,3.679918926208027e-05,2.048536465930521e-05
intelligently,2.689588758734014e-06,3.1010728711858363e-06
intelligible,1.5926565441993507e-05,1.4851680785969255e-05
intend,0.00019157359966350427,0.0001236918156095765
intended,0.00013313576681100008,0.00016765640328900817
intending,2.020365295679167e-06,1.6207748529944126e-05
intends,2.057736429952886e-05,3.566774452053826e-05
intense,5.998261833042152e-05,0.0001194323493406148
intensely,3.683166737115499e-05,3.670170556049041e-05
intensification,2.798037843041566e-06,1.2977002089993187e-06
intensified,5.245659107371822e-06,8.031355694844985e-06
intensifies,2.290636866379694e-06,3.7135373201490307e-06
intensify,1.3308229116743024e-05,1.3553884683708334e-05
intensifying,2.632233055056251e-06,2.901393680752939e-06
intensity,3.4644711382137255e-05,6.730137124978447e-05
intensive,5.033828409767132e-06,5.803156875703115e-06
intent,0.00010547231508376883,3.4602157441937714e-05
intention,0.00024574793549488733,0.0002922491813305801
intentionally,7.881100924073266e-07,1.2587995881864427e-06
intentions,0.00011489709225722677,7.124323545931003e-05
intently,2.0663167397113652e-05,1.907489434299735e-06
inter,0.00018949227027388772,0.00023052710889997238
interact,0.0,4.6416517763519485e-06
interacting,0.0,4.302895598792231e-06
interaction,1.069717461002024e-06,3.8350607481491235e-05
interactions,0.0,8.4262472962143e-06
interactive,0.0,2.0232448501652873e-06
intercede,1.7365317428660628e-05,3.288378562419203e-05
interceded,0.0,1.521747549364909e-06
intercedes,7.4581435118743385e-06,2.2965399283589764e-05
interceding,9.469215957033645e-07,4.626525539017628e-06
intercession,0.00010307209102196087,0.00016276934920006757
intercessions,2.1690770035688368e-05,4.036046682200137e-05
intercessor,2.835568120287825e-05,3.3745160064882447e-05
intercessors,2.883028386351513e-05,4.383093644765701e-06
intercessory,1.0360317091127338e-05,4.374398233012641e-06
interchange,3.410233371378891e-05,1.7338203630395334e-05
interchangeable,0.0,9.038971799644203e-06
interconnected,0.0,3.3130404919390094e-05
interconnection,7.626952764912129e-07,8.737131488126776e-06
intercourse,7.053459011910634e-05,4.767784026866988e-06
intercultural,0.0,7.491374315230362e-06
interdependence,1.3574412010281473e-06,4.648686977842191e-05
interdependent,1.378863340979001e-06,4.202543468776974e-06
interdiocesan,0.0,7.018468439997479e-06
interdisciplinary,1.1171829684266894e-06,2.0710940839166496e-05
interest,0.00018764243053478907,0.00015702846690839194
interested,6.864100531406631e-05,2.306724092772587e-05
interesting,1.4619501501148318e-05,1.1285940465412998e-05
interests,0.0003674587471957603,0.00010578826715790605
interfaith,0.0,0.0
interfere,5.8717079921783866e-05,4.108866485108581e-05
interference,6.223371075252976e-05,4.701109808481163e-05
interfering,9.381581916245596e-06,1.1112746703404698e-05
intergenerational,0.0,3.879089157914068e-06
intergovernmental,0.0,0.0
interior,0.00012666693199135494,0.00030643363695215725
interiority,0.0,1.052532534530134e-05
interiorly,1.91437640038355e-05,2.9877433959422378e-05
interlocutor,0.0,5.13696038122113e-05
interlocutors,0.0,0.0
intermediaries,3.356864658999422e-05,3.5883789055972047e-06
intermediary,3.9608753240455995e-05,9.32332903044831e-06
intermediate,1.0993007377474873e-05,3.1661002102384375e-05
interminable,2.547138333190973e-06,4.29894940356366e-06
internal,9.435900794385527e-05,0.0001523190725407234
internally,4.613067587005208e-06,0.0
international,6.726797333973335e-05,0.00020304154270675242
internationalis,1.4215341093097494e-06,1.653153403357834e-06
internationally,1.6956662515691435e-06,1.0943066477326851e-05
internet,0.0,5.170709473838386e-06
interpersonal,3.2731972759513944e-07,7.319469060103055e-05
interplay,1.6207593336640342e-06,4.163272784796815e-05
interpret,5.666400982376602e-05,4.590315459570054e-05
interpretation,0.0001470109429064366,0.0001283855807098564
interpretations,5.664462152931432e-05,8.765137153103939e-05
interpretative,0.0,2.221031123938062e-06
interpreted,5.151382776398745e-05,0.00012034262064036299
interpreter,4.9304123485624484e-05,1.3367258902468128e-05
interpreters,0.000104744713895456,1.377155154669766e-05
interpreting,4.115118771884055e-05,6.16403476487404e-05
interprets,2.750382082142748e-06,2.2326320452794806e-05
interrelated,0.0,3.070679699462439e-05
interreligious,0.0,5.28177782985238e-05
interrupt,3.225651074139887e-05,3.4133152208052113e-06
interrupted,2.1864361840276156e-05,2.6946623254618412e-05
interruption,5.597379885936297e-05,2.09440829239001e-05
intersect,0.0,1.7539337644981397e-05
intertwined,1.1045530085165654e-05,7.957632170939247e-06
interval,4.8834950793013156e-05,1.0800195011656302e-05
intervals,4.472304118495584e-05,3.928479617368008e-05
intervene,1.314761855468139e-05,6.0679633014010594e-05
intervened,1.2717025830516132e-05,1.526018370280364e-05
intervenes,8.764655830467073e-06,3.9891701726214315e-05
intervening,6.579707459551022e-06,1.675869290937627e-05
intervention,5.936649845126578e-05,0.00014003471991685918
interventions,1.968221144895536e-06,5.781338441050896e-05
interview,1.2284034856239492e-05,1.6162542541319135e-06
interweaving,0.0,4.006626216479706e-06
interwoven,8.790585707669574e-06,1.9887518383353076e-05
inthe,7.114062111842919e-06,2.683835205040097e-05
intimacy,2.5583622451269156e-05,6.394507565932382e-05
intimate,0.00011845527205566743,0.0002218352740736506
intimated,4.64811860261035e-05,2.9289536958485407e-05
intimately,8.268602160097654e-05,0.00014185681477118617
intimidated,2.780750351617716e-06,2.524404052726655e-06
intimidation,1.972970114315444e-06,0.0
intolerable,5.96982469830505e-05,3.6384771918870304e-05
intolerance,1.9789701953345042e-05,2.2673787595630476e-05
intolerant,6.25199841988546e-06,5.9437333306017194e-06
intra,9.488985559628747e-06,1.9733771046012604e-06
intransigence,3.2710974760208934e-06,2.749441516968051e-06
intransigent,0.0,6.279158766162767e-06
intrepid,4.017470814891916e-05,9.477783023712136e-06
intricate,9.211651240690846e-06,1.912858685099273e-06
intrigues,1.3655404227303325e-05,0.0
intrinsic,1.933507293617153e-05,0.00017837350228430628
intrinsically,2.210087859911827e-05,0.00011627047712870931
introd,0.0,0.0
introduce,0.00011948053348714166,0.00011210694485115486
introduced,0.00020136438902010112,0.00014823716027053202
introduces,6.968325482150843e-06,4.4092233649535684e-05
introducing,1.803415864695509e-05,4.361046268532971e-05
introduction,6.334928998357398e-05,0.00020905524945712296
introductory,2.0020320091845904e-05,0.00020877595668433342
introspection,0.0,4.782173816048247e-06
intuit,0.0,3.1169387255488625e-06
intuited,0.0,0.0
intuition,5.215900422113391e-06,7.122038206589292e-05
intuitions,7.0986822148348835e-06,2.0251429270694535e-05
invade,6.757987352361822e-05,0.0
invaded,6.316017891474637e-05,9.035440788669832e-06
invaders,1.8388882940790475e-05,0.0
invalid,0.00010498858655515462,1.0529295708880173e-05
invaluable,1.329409869027044e-05,1.0158618489058723e-05
invariably,1.3503808211955368e-05,1.2786544286147837e-05
invasion,5.570839182487634e-05,9.20707681569913e-07
invasions,1.2845421819602497e-05,0.0
invasive,0.0,5.798600815610687e-06
invent,3.122627447694616e-05,0.0
invented,8.981634962157846e-05,5.982037296055257e-06
inventing,2.9123133696715753e-06,6.623900699315912e-06
invention,6.367505020281935e-05,4.863878432249193e-06
inventions,3.4439609054793856e-05,8.376864444848342e-06
inventive,3.7251225868585845e-06,9.688158753332558e-06
inventiveness,0.0,2.530450975754875e-06
invest,3.1879313669314776e-05,1.6906818487181846e-05
invested,5.501829505400398e-05,3.215172710241988e-05
investigate,6.771257778721531e-05,4.643475610547775e-05
investigated,4.86950280629422e-05,1.5943142399068346e-05
investigating,3.54846334593348e-05,1.9792918858032896e-06
investigation,8.43546167803219e-05,4.4976445275376776e-05
investigations,3.5459071292313857e-05,1.534472654349048e-06
investing,2.127531310372028e-06,0.00015518756003306776
investment,7.499804452959615e-06,2.6275422676978214e-05
investments,4.251393800862782e-06,1.6280063783479353e-05
invests,4.063921411043873e-06,0.0
invigorate,0.0,1.3553777949306138e-06
invigorated,1.7295665970457016e-06,0.0
invincible,8.373531441965776e-05,1.3489061664639363e-05
inviolability,1.2985372642735964e-05,2.4279994464416393e-05
inviolable,0.00012118220772229608,5.1738294922450744e-05
inviolably,3.743607318374711e-05,0.0
inviolate,0.00019425598523957452,9.074155853108283e-06
invisible,6.334422324518495e-05,0.0001172428897411674
invisibly,2.6172515750730736e-06,4.8187167110505505e-05
invitation,5.939324250639223e-05,0.00013423267485300553
invitations,1.3744706413212845e-05,2.0243056692951256e-05
invite,5.6185048646892224e-05,7.330231823378834e-05
invited,5.344151848774188e-05,0.00015004199330890614
invites,2.1148932411984568e-05,8.125059456375066e-05
inviting,3.3008260507633396e-05,6.870766212747126e-05
invocation,5.481574722889097e-05,2.6265782757392402e-05
invocations,9.946870543786073e-06,9.757649667691488e-06
invoke,6.496768819948442e-05,2.626965712952139e-05
invoked,9.371377288330604e-05,8.46958238199811e-05
invokes,4.929215497623165e-06,1.231848655102219e-05
invoking,5.332180199418395e-05,8.955687942208529e-05
involve,3.4511418987575844e-05,0.00012637220072318618
involved,7.969355475927252e-05,0.00021409674562109497
involvement,4.381138643300883e-06,6.799382708856545e-05
involves,4.941331003333273e-05,0.00015408282114634717
involving,3.7672525078201684e-05,0.00011646670854445205
inward,3.335737583576999e-05,2.2007787230313107e-05
inwardly,1.5174790292331868e-05,1.6354764630075625e-05
ioan,2.983824501758579e-06,4.782056071385934e-05
ioannes,2.93827604980455e-07,1.603018208731423e-05
ioannis,9.047765511030193e-07,1.0285434226526855e-05
ipse,9.294341945720106e-06,0.00010292434282434899
iran,0.0,0.0
iraq,0.0,1.2296490545246443e-06
iraqi,0.0,1.661527223686291e-06
ireland,0.00028543359716455937,0.0
irenaeus,4.0591629257004865e-05,0.00011369914815611525
irenicism,0.0,2.2975765283121134e-05
irish,0.00020257786272160044,0.0
iron,4.3690351636524284e-05,2.670962522647397e-06
irony,4.2621127115577215e-06,6.659674365320423e-06
irrational,8.446854423949051e-06,1.1274132065718662e-05
irreconcilable,2.3293996599400158e-05,2.9928808099044232e-05
irregular,1.1269021281350393e-06,7.55894693891829e-05
irregularities,2.2223009435537164e-05,6.083568063848217e-05
irrelevant,9.117157477689667e-06,2.1741421626310275e-05
irreparable,2.2998614697912423e-05,3.132521456697726e-06
irreplaceable,3.0293276016539726e-06,0.00011007790605982921
irrepressible,1.5612150746625685e-06,1.7210163346265133e-05
irreproachable,1.6575840005080447e-05,2.517820238025667e-06
irresistible,7.226967444071896e-06,2.8704544540533706e-05
irrespective,5.605145609795709e-06,1.1439756446623326e-05
irresponsibility,0.0,5.76004224685848e-06
irresponsible,7.609044970611476e-07,1.7584280900581807e-05
irreversible,2.3925399956802474e-06,1.6521738378712e-05
irrevocable,1.7393890805232824e-06,1.7813865623219314e-05
irrevocably,9.733351608190129e-06,1.0815522950140625e-05
irrigate,1.1131335636367906e-06,0.0
irritable,3.0321192153691366e-06,3.5996614567003997e-06
isa,8.078394009900351e-07,3.9282460939225497e-05
isaac,6.453973093642014e-06,2.4257001598557815e-05
isaiah,8.247879882039572e-06,4.173604087185222e-05
isaias,7.109444431231346e-05,0.0
isan,0.0,1.0667240782417474e-05
isidore,2.4575893500261637e-05,2.2777763713677946e-05
isin,0.0,1.0476941642899386e-05
islam,5.393952750404759e-07,2.7441561413117384e-05
islamic,3.374022486136839e-06,2.312170703127316e-06
island,2.1825506940494396e-05,5.441028515468012e-06
islands,0.0003236245992247278,1.7964401787745045e-05
isolate,5.536400622868475e-06,1.200117109291514e-05
isolated,1.146219229004028e-05,9.111031222054008e-05
isolates,1.5741294100922932e-06,8.598451344017422e-06
isolating,0.0,1.2094990723306605e-05
isolation,4.936304663425306e-06,4.143989152780115e-05
isour,0.0,0.0
israel,8.266720579765642e-05,0.00020222794867972324
israeli,0.0,2.7404597289016067e-06
israelis,0.0,0.0
israelite,6.47348021052787e-07,1.3379857768997363e-05
israelites,2.4201837467119785e-06,1.1128693616183565e-05
issue,0.00012669155190387477,0.0002572475522946062
issued,0.0002769939094950798,0.00031681265819305467
issuedmotu,0.0,1.8601588542581007e-05
issues,3.770510135306185e-05,9.837514698850827e-05
issuing,5.4098669917454676e-05,3.271848246719155e-05
ist,0.0,2.955760332732338e-06
istanbul,0.0,3.4442534829561835e-06
isthe,0.0,8.505005422329776e-05
isto,0.0,3.369130427740834e-05
italia,0.0,0.0
italian,0.00016501777003471128,1.7339108749019848e-05
italiana,0.0,1.0484880081117392e-06
italians,0.00013921227066512778,0.0
italy,0.000453162122923465,1.632626023643894e-05
item,6.5103154981692374e-06,1.4799011282168303e-05
items,5.685447202471793e-05,1.2569825708015753e-06
itinerant,1.1677015083697716e-06,5.191776325199195e-06
itineraries,0.0,0.0
itinerary,1.0654173886812658e-06,7.585241115736842e-06
iun,2.3669926873099423e-06,0.0
iuris,1.8844736089194278e-05,2.070285941633552e-06
ius,1.0339715456086527e-06,7.593142057138937e-06
iustitia,0.0,1.7380007994930926e-05
iustitiae,0.0,2.935380785525187e-06
ivan,0.0,1.7277821488731561e-06
ivory,1.350012168903554e-06,1.8322832706104894e-06
iznik,0.0,0.0
jacinta,0.0,0.0
jacob,5.1708549241711574e-05,2.5302242400986998e-05
jacques,1.293431639980797e-06,4.184681565947093e-06
jail,2.4430257027700896e-05,2.9699121776936113e-06
jaime,0.0,1.2973278708115e-06
jairus,0.0,5.914444418358835e-06
jamaica,0.0,0.0
james,5.619098547552663e-05,0.00017309581693460211
jan,8.107181023139685e-06,1.5516907230230092e-06
janeiro,0.0,7.032430024604267e-06
janeiroon,0.0,0.0
january,0.00010007819155746225,0.0010810436008135322
japan,6.789146736984284e-06,9.56452095036638e-06
japanese,8.52838666769465e-06,5.856230751643617e-06
jars,0.0,3.4399130143559036e-06
jas,3.2675680588864184e-05,3.537057930020466e-05
jasna,0.0,1.7007236559578266e-06
javier,0.0,0.0
jealous,5.125234901085018e-05,1.3723333998759599e-05
jealously,2.3235989097456493e-05,8.842722929738799e-06
jealousy,3.4160662063142555e-05,1.3277627678574952e-05
jean,6.8513000731883425e-06,4.93592036480888e-06
jeopardize,2.5886029272367217e-05,1.6515070078395285e-06
jeopardized,2.5307927633058844e-06,3.410650063617238e-06
jeopardizes,0.0,1.6801779418885614e-05
jeopardizing,3.7451031780593103e-06,1.996013611193088e-05
jeopardy,1.0784680998914607e-05,9.349633665793697e-06
jer,2.4296445916483638e-05,6.367674060005781e-06
jeremiah,5.989840098023617e-06,1.2767605366850581e-05
jericho,5.108293432571484e-06,5.629317136121945e-06
jerome,0.00020335282916405804,1.175429477236674e-05
jerusalem,0.00011531092238194344,0.00012608267232017226
jesse,5.213923758674651e-06,0.0
jesu,5.453708341901077e-06,0.0
jesuit,3.1150095890933644e-06,1.3139389179910091e-06
jesuits,8.110012313836455e-07,1.2568593423951435e-05
jesus,0.0003434266546791284,0.00058541351616608
jesús,0.0,6.501391388461724e-06
jeudi,0.0,0.0
jeunes,0.0,0.0
jew,7.137421703422471e-05,1.713834544187723e-05
jewel,1.3401651485792203e-05,4.967463908898222e-06
jewels,9.982208340969705e-06,4.256317374810638e-06
jewish,3.889306778573016e-05,4.83652481931452e-05
jews,0.00035625869972292904,3.8452170959688636e-05
joachim,4.595445833641591e-06,0.0
joan,8.575869211993662e-06,2.3001349907291076e-06
joannes,1.5599401118416085e-05,4.1397928377706616e-05
job,1.1874115463917365e-05,7.767671846282765e-05
jobs,0.0,1.914888452836926e-05
joel,2.0426426802713814e-05,5.617332953168327e-06
johannes,1.924299967715247e-05,0.0
johannine,5.134403529953061e-07,3.303383845150061e-06
john,0.00010864563592651155,0.0004373739284959522
joie,3.3874319861292053e-06,0.0
join,0.00019959430109430825,8.163282672273231e-05
joined,0.00039432771760480894,0.0001294936794575916
joining,7.403602012411919e-05,2.7611641402347247e-05
joins,2.180987568750279e-05,1.0619012142098189e-05
joint,8.458519901641351e-05,6.923171223664643e-05
jointly,1.090417383282244e-05,4.1200326807854506e-05
joints,1.3311426783471251e-05,1.1549271161442404e-06
joke,0.0,3.521899607291605e-06
jonah,2.9439452526335115e-07,8.879077230131296e-06
jordan,6.354908377124767e-06,3.533821499768317e-05
jorge,0.0,1.188566467289406e-06
josaphat,8.304756816957597e-05,0.0
josef,3.1580465169737824e-06,0.0
joseph,0.0002548135001607816,0.0004439541053249446
josephine,0.0,4.574579084830994e-06
joshua,3.5815328467074426e-06,0.0
josé,0.0,3.781212591725793e-06
journal,0.0,2.85419016844064e-06
journalism,0.0,1.6612160558918056e-06
journalist,0.0,0.0
journalists,1.1944133744145461e-05,7.801013270452044e-06
journals,3.5842237731852995e-05,2.0708621358913484e-06
journey,4.772135650186753e-05,0.0001464128122421462
journeyed,2.932234070935656e-05,3.461421696392529e-06
journeying,8.367162172351826e-06,2.980467328430273e-05
journeyof,0.0,0.0
journeys,4.443286717181151e-05,5.216431980158202e-05
journeyto,0.0,1.3226108621029648e-06
joy,0.00015788281349099823,0.00030758664426813455
joyful,7.457113405770134e-05,0.00013223229860241304
joyfully,5.556880353162523e-05,5.030130094754079e-05
joyous,5.434771776636101e-05,2.6588943706565594e-05
joyously,4.4470215644056756e-05,0.0
joys,7.590012259773513e-05,8.915138810834909e-05
jozef,1.9431625869523482e-05,0.0
joão,0.0,0.0
juan,0.0,1.0487413363789026e-05
jubilation,3.047516374538857e-06,1.1314827078432965e-05
jubilee,0.00018295987600056645,0.00035144371434273904
jubilees,3.4079384851601512e-06,4.411612257663166e-05
judah,9.200370700493696e-07,1.844921242060143e-06
judaic,4.9897298827438e-06,0.0
judaism,0.0,0.0001623396763094738
judas,9.156243209182538e-06,6.8370015409436845e-06
jude,1.7690370591962582e-05,2.651806747584207e-06
judea,7.694730314657698e-07,1.0839375535635641e-05
judge,0.0003388264092354515,0.0003160811336386234
judged,0.00024291998675854114,0.00018375908019629486
judgement,3.324599191691784e-05,0.00010812002318681555
judgements,0.0,1.3594275742080584e-05
judges,8.789311345858757e-05,9.176145006046466e-05
judging,5.391226699010514e-05,2.319933397731737e-05
judgment,0.0007407115864286089,0.0003799888923059868
judgments,0.00013158665438404982,8.90167252263701e-05
judicial,6.472540548300529e-05,0.0001877283863347874
judiciary,2.984877287912101e-06,3.608425043279789e-06
judicious,1.8684341577405252e-05,5.865718410184086e-06
julian,2.473233566678203e-05,2.0520505911148664e-05
julius,6.990605011783826e-05,4.928147723388254e-06
july,0.00016088091078533804,0.0013250695636024715
jump,0.0,0.0
juncture,0.0,1.0484880081117392e-06
june,0.0001537085709318046,0.0011154291272390375
junior,4.1886179213458145e-05,2.8369297591788278e-05
juridic,9.142862014497077e-06,3.469344081811284e-05
juridical,4.724107756179812e-05,0.00019198242325936334
juridically,5.503159068875015e-06,4.6428945549983326e-05
jurisdiction,0.0003762939084441469,0.000123659457792374
jurisdictions,1.582581848577577e-05,3.973856836472179e-05
jurisprudence,8.076533804690465e-06,1.0826032785737944e-05
jurists,1.9286126269548064e-06,0.0
justice,0.000547051724785632,0.00037756039112096036
justifiable,1.4137843028774564e-05,5.353852733954296e-06
justifiably,2.4615895879418535e-06,0.0
justification,8.202943032482743e-05,4.47247818183394e-05
justifications,6.694891493166543e-06,8.998312591579135e-06
justified,5.839983316666341e-05,4.926119285123353e-05
justifies,1.9024216253824296e-05,2.9583359256546313e-05
justify,5.50473680877473e-05,0.00011377829935263264
justifying,5.665164800533251e-06,1.0748652517416194e-05
justin,1.1889690830940834e-05,4.532515888444513e-05
justly,0.000212998921479296,2.9396838008390868e-05
juxtaposed,0.0,7.545553111057136e-06
juxtaposition,0.0,0.0
jésus,0.0,1.0834822232021567e-05
jóvenes,0.0,0.0
józef,0.0,3.461621615729385e-06
kalwaria,0.0,4.575536056910896e-06
kampala,0.0,1.0883640822628398e-05
karekin,0.0,2.88070291154458e-06
karl,0.0,2.058932003123133e-05
karol,0.0,0.00010180917935252225
kasper,0.0,1.6524688005015432e-06
kateri,0.0,2.000470746105432e-06
kazakhstan,0.0,1.646623574171943e-06
keen,5.832084466092082e-05,1.238162446932888e-05
keener,1.3449747866536031e-05,1.2139905615530136e-05
keenest,4.224470320423301e-05,0.0
keenly,4.108680890649576e-05,1.1065194273175614e-05
keenness,3.789977375629296e-05,0.0
keep,0.00029439838727669153,0.00014018233193745927
keeper,0.0,1.1420341766127193e-05
keeping,0.00020606177686108688,0.00020143618153991856
keeps,5.315835060218167e-05,4.046266595170547e-05
kenya,0.0,1.3070304734361939e-06
kept,0.00030515566022763676,0.0001157817453173174
kerala,0.0,0.0
kerygma,1.8432529305545376e-06,3.14028309454995e-05
key,7.457069975508177e-06,9.058313911249685e-05
keys,7.207864246811707e-05,3.787177754026311e-05
keystone,0.0,0.0
khartoum,0.0,0.0
kidnapped,0.0,2.663377535223303e-06
kidnapping,0.0,1.2253562208078208e-06
kids,0.0,0.0001706850148929576
kiev,4.2858468375272074e-05,1.9104429294775823e-05
kill,6.323501377120527e-05,6.181882684438251e-05
killed,4.096507914551713e-05,1.3870736239817776e-05
killing,2.7135944252836464e-05,4.3415216930800455e-05
kills,8.502395697119117e-06,1.0300200358295564e-05
kilometres,0.0,0.0
kim,0.0,5.395509012702105e-06
kind,0.0005130080129397164,0.0002821697513236643
kindle,0.0006813077650422137,6.738690585478391e-06
kindled,2.795212151766023e-05,2.5527576296553687e-06
kindles,2.3404572791507486e-06,1.1852484095411804e-06
kindling,1.348953690289934e-05,0.0
kindly,9.331963351691715e-05,1.0567716382899573e-05
kindness,0.00017685685928117944,0.00010339887148354963
kindred,3.772740831472229e-05,5.63223840100958e-06
kinds,0.00021805350563543953,0.00017428739548674746
king,0.0004658906776330174,8.665629342575452e-05
kingdom,0.00044657456469492367,0.0004907138441631889
kingdoms,0.0001590336578942568,1.528812660802184e-06
kingly,3.984704486871875e-05,4.4314448934077694e-05
kings,0.0002950503626191983,1.4111262125255467e-05
kingship,3.583913340697899e-05,6.881407299797246e-06
kinshasa,0.0,4.975853714263918e-06
kinship,3.353502116611015e-05,8.87483359629883e-06
kinswoman,0.0,1.4020741617135124e-05
kirill,0.0,0.0
kiss,6.344750708929844e-05,1.3194530297377314e-05
kissed,7.813098206126008e-07,3.1778000168839174e-06
kisses,0.0,1.3799764070828775e-06
kitchen,0.0,0.0
kivu,0.0,0.0
knee,1.1375873815356021e-05,4.737549373426873e-06
kneel,9.471047311090241e-06,1.801843786377857e-05
kneeling,1.4404772898093149e-05,0.00010867242346761665
kneels,0.0,1.1633162157108478e-06
knees,1.6891286573628558e-05,1.3522337533883424e-05
knelt,0.0,1.3168913163000336e-05
knew,9.931429045576429e-05,8.381092073458628e-05
knight,5.2318657490884124e-06,0.0
knights,2.339013149528866e-05,1.1228515505438175e-05
knit,2.4905934258564194e-05,6.92483330201938e-06
knock,2.2268040419027623e-05,6.728545745297575e-06
knocked,5.741808000395187e-06,0.0
knocking,0.0,7.698625325842803e-06
knocks,1.01967574066652e-05,4.135258150434852e-06
knot,7.5371378499760265e-06,6.881329443306151e-06
knots,0.0,2.504324092710122e-06
know,0.0005124944335997061,0.00022670011836040894
knowing,7.163225714614704e-05,9.582121229349775e-05
knowingly,4.224623520601024e-05,2.3271823084697687e-05
knowledge,0.00066247820016615,0.0005214957275168691
knowledgeable,1.4338706757585096e-05,8.056346135167666e-06
known,0.0004951249616236717,0.0003048297950568238
knows,0.00018342205194024012,0.00015968010359080628
koch,0.0,0.0
koinonia,0.0,1.737024300100849e-05
kolbe,0.0,7.672608224550345e-06
kong,1.6278902266236899e-06,0.0
korea,1.1734434191961401e-06,9.513979333613188e-06
korean,0.0,1.0122606424719994e-06
koreans,0.0,0.0
kosovo,0.0,0.0
kowalska,0.0,3.4676789337124576e-06
krakow,0.0,7.629964050114031e-06
kraków,0.0,8.36977229943437e-05
kurt,0.0,0.0
kyiv,0.0,4.450361178565435e-05
label,2.5031842431427163e-05,5.918956406219766e-06
labels,0.0,1.3553777949306138e-06
labor,0.0009283415004171721,3.7535064456851354e-05
labora,0.0,1.5006578179825972e-06
laboratories,8.125789080089487e-06,2.7518417316107077e-06
laboratory,1.9342078897580413e-06,5.301459153524994e-06
labored,0.00010452680438587343,1.1316207547359752e-05
laborem,0.0,1.6740387564483906e-05
laborer,2.241098869815176e-05,0.0
laborers,0.00014694585513765822,1.4205966246655116e-05
laboring,0.00014679339451275736,0.0
laborious,8.711636776094299e-05,2.5621156587680272e-05
laboriously,2.0419828712620247e-05,0.0
laboris,2.7555703566584732e-06,2.0396285262848007e-05
labors,0.0005257308334473593,3.888030461254017e-05
labour,2.8102072949715848e-05,0.00017237585526368973
laboured,1.6380141043515745e-06,1.1235637525611871e-05
labourer,4.970878395880274e-07,1.323076794790385e-06
labourers,0.0,3.144920360597422e-05
labouring,8.96060738539314e-06,3.065659834049e-06
labours,2.8486403878690076e-05,2.2958494471928216e-05
labyrinth,7.550200117658424e-07,3.095351510987756e-06
lacerated,9.77771195950794e-06,0.0
lack,0.00019516771816908157,0.00022800964107913234
lacked,1.1302542978762987e-05,1.0257680148183678e-05
lacking,0.00015897823769748902,0.00014904975229138048
lacks,3.91920689166708e-05,5.729288853915453e-05
ladder,1.9739977414344792e-05,6.694807377128731e-06
laden,3.0798303054434275e-05,1.3096362257750599e-06
ladies,3.7161873643054545e-06,6.561237788675826e-06
lady,8.205757266325127e-05,7.586038947504276e-05
laetare,0.0,0.0
laetitia,0.0,1.679463246143039e-05
lag,1.445228482077076e-06,1.0398890946891113e-06
lagos,0.0,2.1544065924257525e-06
laici,0.0,7.709828672182894e-05
laicism,2.5950619212391262e-05,0.0
laid,0.0003454175516536988,0.00029265382245556354
laity,0.0002897453691853219,0.00015064024851824066
laityapostolicam,0.0,2.2498177532438935e-05
lake,1.0510214260115193e-05,1.4291470367178538e-06
lakes,4.057169662368521e-06,2.4149774266755094e-06
lam,1.7841654074649942e-05,1.3501989304695216e-05
lamb,5.833170292625998e-05,9.088879810485728e-05
lambs,0.00010814237698818284,3.265115313741505e-06
lame,7.373653360297133e-06,1.0339363876975611e-05
lament,8.161020737109767e-05,4.4057424603453034e-06
lamentable,0.00016689309969376061,5.609309966287295e-06
lamentation,1.3934956572708223e-05,5.2198247818873165e-06
lamentations,7.319157989653846e-06,0.0
lamented,5.801317927851825e-05,9.258491697157885e-06
lamenting,1.8121503768674398e-05,0.0
laments,1.0027655901833576e-05,1.06225074606692e-06
lamp,1.2445374924907549e-05,3.5335138536984584e-05
lampedusa,1.3868904555300571e-06,0.0
lamps,1.2396541760712646e-05,1.6531083039833596e-06
lampstand,1.4184508925273433e-05,1.521747549364909e-06
lance,1.1950519997452027e-05,1.0623683591976248e-05
land,0.0002133237136961623,0.00013127680093407868
landed,1.3028363735100815e-05,0.0
landing,2.557287685296511e-06,0.0
landmark,0.0,0.0
lands,0.00021623681426137566,6.832758927821422e-05
landscape,0.0,7.227356462925881e-06
landscapes,0.0,4.254731977429508e-06
language,0.0001917129447777357,0.00032721860541108254
languages,0.00010682879223195392,0.0001104338108536916
langue,0.0,0.0
languish,4.713804781038505e-05,0.0
lanka,0.0,1.8988844305358813e-06
lankan,0.0,0.0
lap,1.4577138891346037e-05,2.800516419786525e-06
lapse,2.9182768645169187e-05,1.302978249628844e-05
large,0.00023879526563100922,9.894518481369424e-05
largely,4.1959870284793526e-05,3.4185361149325207e-05
larger,7.747733663706931e-05,4.22292742326719e-05
largest,1.4256011509457106e-05,4.412241400542653e-06
las,0.0,2.8529127296567615e-05
last,0.00047975467746972684,0.00023717439353383553
lastad,0.0,0.0
lasted,1.682601071801798e-05,7.693091536734278e-06
lasting,0.00013031837377620444,6.526836709969862e-05
lastly,0.00010273291404912407,4.333836399671866e-05
lasts,4.789200924840521e-05,2.8911227707412193e-05
late,9.20308661450893e-05,4.1111959277089966e-05
lately,0.00014375666186524386,0.0
latent,1.3416729733627656e-05,1.4031007328040237e-05
later,0.00022324965437226987,0.00024098930725358447
lateran,0.00013420547783109585,0.00020135175892316526
latest,2.862209054716293e-05,9.580915567068883e-06
latin,0.0004271478869170029,0.00039458245968314293
latina,9.97799284755517e-07,0.0
latins,7.16972345606474e-05,0.0
latter,0.00024411648990475956,0.00019376393852413027
latvia,0.0,2.3149223477972388e-06
laudable,6.972035634636972e-05,1.072759931063451e-05
laudably,4.337275361151363e-05,4.236871179292428e-06
laudato,0.0,1.1126804474523646e-06
lauds,1.4212089191208275e-05,6.577069894342597e-06
laugh,2.8512448840371272e-06,0.0
laughs,3.005308761851581e-06,0.0
laughter,1.3450180273926644e-05,0.0
launch,1.4623619591765281e-05,8.171468616998588e-06
launched,1.826578378406555e-05,1.2797641109010694e-05
launching,0.0,1.5218490024247085e-05
laura,0.0,1.9866159369411006e-06
lavish,3.26763904328793e-05,8.249440196049493e-06
lavished,1.487899653096449e-05,9.640042719410682e-06
lavishes,4.987244853600122e-06,7.231839440922071e-06
lavishly,4.565923887789177e-05,3.9553747185383585e-05
law,0.0011800576296859507,0.001134174139831815
lawful,0.00044109308759134844,0.00015688279905420952
lawfully,0.00013549185632823703,5.3047442680911414e-05
lawfulness,5.465176668680074e-06,4.3329045238753124e-05
lawgiver,5.737149726810685e-05,1.078249713312062e-05
lawless,5.526991903518419e-05,0.0
lawlessness,2.8516522269988425e-05,2.7278226814393826e-06
lawrence,1.1349858089238685e-05,3.720638645742674e-05
laws,0.0012311733559143864,0.0002998574140339262
lawyer,0.0,4.077439025839534e-06
lawyers,2.3318213154946225e-06,1.521259726051584e-06
lax,1.0284392309330104e-05,2.8970983594527965e-06
laxity,8.35895875433354e-06,0.0
lay,0.0002818975477608937,0.0010891738532169011
layer,0.0,3.0013156359651945e-06
laying,6.282447727001422e-05,3.5828467115964435e-05
layman,5.2329304962851806e-05,3.2901724332171726e-06
laymen,0.0002449390421006637,4.0793975573497414e-05
laypeople,1.3864984583227425e-06,1.6965620662767915e-06
layperson,0.0,5.296843216297999e-06
laypersons,0.0,1.344359581826994e-06
lays,6.574003177181359e-05,2.1115939070648723e-05
lazarus,1.992556563133153e-06,3.448550307610792e-05
laziness,1.4980109468220996e-05,5.205846438166904e-06
lazio,0.0,0.0
lazy,2.8632176654003494e-05,0.0
laïcs,0.0,0.0
lead,0.0002867802791436679,0.0002885813484264917
leader,0.00013743198236968764,1.2592860901866872e-05
leaders,0.00012882908645926516,7.032090742249743e-05
leadership,9.959584788099284e-05,2.6338333473181216e-05
leading,9.800994505102106e-05,0.00017263673316306706
leads,6.440029397859161e-05,0.00022801599489445827
league,4.12370334783811e-05,0.0
lean,7.372006163360669e-06,3.054974627216385e-06
leaning,5.46991583118107e-06,1.9547937327642084e-06
leap,6.861273474810459e-05,1.7398790120674456e-05
leaped,6.410823779320722e-06,4.873630604927353e-06
leaps,3.839096843040518e-06,0.0
learn,0.00021162414544638502,0.00011232073516437954
learned,0.0004000950755486922,8.652634224086335e-05
learning,0.0005198018013711401,9.546808930544637e-05
learns,1.0493652091149655e-05,3.469750728078702e-05
learnt,5.130081137431262e-05,2.5767261184806102e-06
least,0.00039979018197068274,0.0003136251959083342
leave,0.00018783618224714382,9.932919313205394e-05
leaven,2.6642857904166127e-05,6.757232369940347e-05
leaves,4.97031688778967e-05,9.579370333530697e-05
leaving,7.943468135657131e-05,5.72844547185353e-05
lebanese,0.0,0.0
lebanon,1.8696747320047064e-05,3.932144695226069e-06
lectio,0.0,8.298220694583127e-06
lectionary,0.0,5.5703059802235455e-06
lector,8.218536064202674e-06,1.4147160113191653e-06
lecture,2.4172301629940424e-05,5.1599321296721635e-05
lecturers,6.8285737674832835e-06,0.0
lectures,3.396283552434032e-05,2.1832754546619278e-05
led,0.0002475453608606851,0.00018107950127501423
left,0.0002368463855776231,0.00014350093311814503
leftovers,0.0,1.1549271161442404e-06
leg,0.0,0.0
legacies,3.0235414071681258e-05,0.0
legacy,1.3681414353625689e-05,2.485816295268211e-05
legal,0.0001048029197067886,0.0003396846051445644
legalistic,0.0,5.589111232848039e-06
legality,2.621964722288338e-05,2.182964434024729e-06
legalized,8.337093655856652e-06,0.0
legally,7.230385091946731e-05,3.756527244305183e-05
legate,9.139518157361009e-05,6.450166141114714e-06
legates,7.368428774309547e-05,2.2549598750400748e-05
legend,3.583995887312143e-06,2.852054688724881e-06
legion,3.872538669862215e-05,1.3051097711936849e-06
legionaries,0.0,0.0
legions,1.9013486454972213e-05,0.0
legislation,8.774849237417186e-05,0.00019428030434042004
legislative,6.077744724275988e-05,0.00018900883059950465
legislator,3.137018282453428e-05,2.9840300992110367e-06
legislators,5.2068366763511356e-05,4.906542914695173e-06
legitimacy,1.687240456220946e-06,7.336565184290272e-05
legitimate,0.0004061611088412133,0.0002565669244582583
legitimately,0.00013302148429947624,8.765224191846835e-05
legitimize,0.0,1.196766891407613e-05
legs,5.050839095592463e-07,3.187622142562889e-06
leisure,2.4605034754327765e-05,4.180843463735049e-06
lellis,0.0,3.671559207666914e-06
lend,7.37578301265777e-05,3.692298496483925e-05
lending,3.901875577810568e-05,4.187679273601869e-06
lends,9.587689833512136e-06,1.1247660958107359e-05
length,0.0003003259983723932,6.076885538868489e-05
lengthy,6.563036768404163e-05,0.00010677110372409107
lengua,0.0,0.0
lens,0.0,5.116747079152081e-06
lent,5.9053842877893504e-05,9.371328586146598e-05
lenten,1.5635893903401826e-05,2.571923079430523e-06
leo,0.00047079779797566375,0.00018586959532526764
leonard,0.0,3.359827711713389e-06
leonardo,0.0,2.8377577198976555e-05
leone,4.3395161848114593e-07,0.0
leonis,2.96955689731837e-05,4.480332762918767e-05
leopold,0.0,2.0150086366197496e-06
leper,1.5872511348156313e-06,4.516307019447105e-06
lepers,8.22397777014682e-06,6.301766892557174e-06
leprosy,1.5303200104053622e-06,2.768875922388718e-06
les,0.0,5.946303543575592e-06
lesotho,0.0,0.0
less,0.0005419248709267314,0.00026887291822057853
lessen,7.191230313242502e-05,2.633353512288992e-05
lessened,5.68142697241113e-05,4.47672369285117e-06
lessening,7.833836448246599e-05,4.944941397189961e-05
lessens,1.4991173956472304e-05,6.248647759121562e-06
lesser,6.10394155882457e-05,9.48697594971751e-05
lesson,3.956395129524426e-05,5.088371829018337e-05
lessons,6.239569363357811e-05,2.5491240385392334e-05
lest,0.00043705299694415684,7.076513820281018e-05
lesvos,0.0,0.0
let,0.0007180687019762223,0.00023291287992395138
lethal,3.021562080604864e-05,0.0
lethargy,8.292280732487747e-06,2.564367268174639e-06
lets,2.314343569042614e-06,7.064315046077857e-06
letter,0.000932156573245681,0.000537247735000395
lettera,0.0,1.3011399818307218e-05
lettercaritas,0.0,5.5206361466230746e-05
lettercentesimus,0.0,5.5551266841434105e-05
letterdeus,0.0,7.002162941071064e-05
letterdies,0.0,1.1791717218823412e-05
lettere,0.0,2.0150086366197496e-06
letterevangelium,0.0,0.0001393418989845198
letterfides,0.0,6.389301693252586e-05
letterfratelli,0.0,1.1012209927624851e-06
letterissued,0.0,0.0
letterlaudato,0.0,3.381650528928838e-05
lettermulieris,0.0,1.6215812347332464e-05
letternovo,0.0,8.06874008917379e-05
letteroctogesima,0.0,1.881588924411939e-05
letterof,4.032119735542382e-06,4.079961263015884e-05
letterorientale,9.587796978131197e-06,2.561003505841761e-05
letterpacem,0.0,1.1848681502767997e-05
letterpopulorum,0.0,7.757227923355125e-05
letterredemptor,0.0,4.741378168732783e-05
letterredemptoris,0.0,0.00024395251792923802
letterrerum,1.1017055442866947e-05,9.02331127580482e-06
letterrosarium,0.0,1.1926497739916622e-05
letters,0.0006984787179936004,0.00014196633634818202
lettersalvifici,0.0,7.56295625091924e-06
lettersollicitudo,0.0,4.722247035348908e-05
letterspe,0.0,1.2792224821965685e-05
lettertertio,3.1802528997993274e-06,6.866735079102756e-05
letterut,1.4685358536717606e-05,0.000204194702869494
letting,5.055300860703272e-06,1.4337456777789658e-05
lettres,7.410935080280915e-06,1.0045663313413071e-05
leur,0.0,0.0
leurs,0.0,0.0
lev,4.5938177619188823e-07,5.981325479604387e-06
level,6.63384639248985e-05,0.00033639520132111784
levelled,1.8043039380966068e-06,2.885364201670148e-06
levelling,1.47024554282422e-06,7.60923213536185e-06
levels,4.034030435536339e-06,0.00014716684418881296
levite,4.749588684736725e-06,6.574796693979262e-06
levites,2.151891842070446e-05,0.0
leviticus,1.7494276629464112e-06,1.681361477343375e-05
levity,2.619369163297083e-05,0.0
lex,5.32292459924582e-06,0.0001337515594456164
león,0.0,0.0
liable,4.080498557510351e-05,1.5683198333338965e-05
liaison,0.0,5.287019524643861e-06
liar,1.015993861941764e-05,1.0096713574348615e-05
lib,6.480215129873772e-05,4.559376534326911e-06
liberal,9.753365494322268e-05,4.237238528943311e-05
liberalism,4.333732698735946e-05,2.9183888846461746e-05
liberality,0.00022743803954026679,1.3861621037946392e-05
liberally,4.871479274217764e-05,0.0
liberate,7.840046570418018e-06,2.079621434338305e-05
liberated,2.234730119260515e-05,4.4398258791437957e-05
liberates,5.2828514162616525e-06,1.6933441001168928e-05
liberating,1.1384845574569836e-05,5.2021759370623906e-05
liberation,2.4764131515353138e-05,0.00017970618064278387
liberator,1.787710229979354e-05,1.644277043809462e-05
liberia,0.0,0.0
liberian,1.987679382897108e-05,0.0
liberties,4.212667219641891e-05,6.9920578540998924e-06
liberty,0.0008877529268923809,0.00011015198800647298
librarian,1.0030267204669805e-05,5.8553304388821104e-06
libraries,1.3903409473125383e-05,1.704674278111965e-05
library,7.096468257166367e-05,2.6066151091717697e-05
libreria,1.3824629164963622e-06,5.8122523661858495e-05
libro,2.983824501758579e-06,0.0
libya,1.3611167609658096e-06,1.6181251278884397e-06
licence,1.449892095130232e-05,6.482838229887851e-06
license,0.00028414975092810207,1.7789503035255442e-06
licentiousness,2.629073613548787e-05,0.0
licit,7.973971632217981e-05,4.27952124935158e-05
lie,0.0001501687030960695,3.383358815039906e-05
liebe,0.0,0.0
lies,0.0002039062152638184,8.858104313092827e-05
life,0.000312752098856204,0.0006716140784871162
lifeand,0.0,1.5747605944935016e-05
lifeblood,0.0,1.1610928383589576e-06
lifein,0.0,1.2186049535508877e-05
lifeless,1.1747391287324533e-06,2.5223083070419706e-06
lifelong,1.3783967879655827e-05,1.0560421592120188e-05
lifestyle,0.0,3.8771231287779394e-05
lifestyles,2.6360792491903402e-06,2.24544059708611e-05
lifetime,3.6303703779385634e-05,3.430458094285304e-05
lifewhich,0.0,7.925739274529818e-06
lift,9.053335153591002e-05,1.546718100890771e-05
lifted,6.0121083883479484e-05,4.7802226088204575e-05
lifting,6.206208718736248e-05,4.535594558206591e-06
lifts,3.8522019009419555e-05,1.2519676837909536e-05
light,0.000442170964845283,0.0005461926466002263
lighted,1.1680989566159123e-05,9.742059157270763e-06
lighten,3.2752216563103693e-05,4.875583574120398e-05
lighting,7.562456847476647e-06,2.369818033034041e-06
lightly,3.0520715319630995e-05,3.949722400006249e-06
lightning,4.118272206332396e-06,1.7516133367238364e-06
lights,6.756799650733249e-05,6.085022880466013e-05
liguori,9.655607363465883e-06,8.982540326367976e-06
liguria,0.0,0.0
like,0.0002806478258058033,0.00018531380592437213
liked,5.524836874105673e-06,2.2807120992444132e-05
likelihood,9.790427230074295e-06,0.0
likely,5.048123697176186e-05,3.280632529104036e-06
likened,1.3330416893859077e-05,1.0294949819196393e-05
likeness,6.67967788254064e-05,0.00018767094612839435
likes,1.3248235687730165e-05,1.021343886253613e-05
likewise,0.00042467398741720473,0.00025765242010762597
liking,8.823934051089692e-06,0.0
lilies,9.785374519100628e-06,7.245829365963378e-06
lima,0.0,3.7703131681870105e-06
limbs,1.2626706672924875e-05,0.0
limina,0.0,2.483182549430227e-05
liminavisit,0.0,8.352961587481158e-07
liminavisits,0.0,2.989706713615875e-06
limit,9.244104854693121e-05,0.00010795857460274608
limitation,3.1601753094257295e-05,6.851461866911981e-05
limitations,3.0643058146109704e-05,9.154514756912679e-05
limited,0.00010266062809219881,0.00013394757496442143
limiting,8.198036960180644e-06,4.726975488763134e-05
limitless,2.7687418067053586e-05,2.523479836417984e-05
limits,0.0002181591265905008,0.000172461073232118
limpid,2.3028651111001043e-05,2.03351526073656e-06
line,0.00013970424636283488,0.0001019129751420374
lineage,4.840151605633452e-07,3.664732762326641e-06
linen,1.0681360670979297e-05,0.0
lines,4.105730116224991e-05,7.930943632890371e-05
linger,5.537331688664721e-06,0.0
lingering,0.0,8.30545954975228e-06
lingua,0.0,3.383312788519357e-06
linguistic,2.4504479198979187e-07,2.8972832146544847e-05
link,2.7806553567866243e-05,0.00020509455462152797
linked,3.404964728363541e-05,0.0003578707429891985
linking,4.348776491008566e-06,3.261417364005663e-05
links,2.833926024164078e-05,9.732851696746963e-05
lion,1.4608185235334971e-05,0.0
lips,0.00011464457194899146,3.833695687335486e-05
liquid,2.042479566568547e-05,3.4676789337124576e-06
lisbon,4.1680289008845414e-05,0.0
lisieux,7.026565905023935e-06,0.000217162792448649
list,5.768933474487488e-05,4.531573013962534e-05
listed,4.6867715548173716e-05,2.2314447203696194e-05
listen,7.218085321290131e-05,7.098716178373622e-05
listened,4.0288281110161554e-05,1.749759761198848e-05
listener,1.441369073716994e-06,5.515906833676645e-06
listeners,1.6752138345920574e-05,2.4477637248670207e-05
listening,1.8991378461968536e-05,7.882068214762647e-05
listens,5.389152388127957e-06,2.4580422110682398e-05
listing,2.436412466678234e-06,5.134220203365611e-06
listless,2.024984547685347e-06,1.1469283514414615e-06
lists,9.769074424110228e-06,1.8364828626152166e-05
lit,1.1809788869758105e-05,2.940939537108604e-06
litany,7.159690478633179e-05,1.6581464420277013e-06
literacy,1.3078268112156382e-06,9.183272650296309e-05
literal,3.324827013130578e-05,5.815370412523071e-06
literally,1.4849831220574462e-05,1.5531658734629477e-05
literary,7.411246205175414e-05,2.8190268297795665e-05
literature,0.00017090210225282465,3.832396428223802e-05
lithuania,2.823223040453647e-06,0.00017489180092151982
lithuanian,1.5623586159788825e-06,0.00017539099294143406
litt,2.0902512757546923e-05,0.0
little,0.00037212865967052675,0.00015898504854479757
littleness,5.636723282088287e-06,1.0582180503155025e-05
littlest,0.0,0.0
liturgia,3.6714285949957074e-06,5.963809916059352e-06
liturgical,0.00015170529223586395,0.0009635641039606773
liturgies,4.8974349451327856e-05,5.6010963713783235e-05
liturgy,0.00013829021056303715,0.0006516824359014726
liturgysacrosanctum,0.0,9.558650609926161e-05
live,0.00016309601006974124,0.0002614921711871451
liveable,0.0,0.0
lived,8.380068860975386e-05,0.0002109597897729985
livelihood,1.791365543316512e-05,4.592044925413659e-06
liveliness,0.0,2.7695786746925557e-05
lively,5.724314144694026e-05,0.00011147679617008738
lives,0.00015506255145275054,0.000309255020226254
living,0.0002156699844009566,0.0005028576077271641
load,1.8131460160776985e-05,0.0
loaded,1.2742012196464739e-05,0.0
loan,7.890422690235827e-05,1.1181322115489122e-05
loans,2.4702741713072317e-05,5.8447716092249205e-06
loaves,1.1756273739960924e-05,5.337245307886752e-06
loc,1.4580317391516863e-05,0.0004088712699898804
local,0.00020677811215710431,0.0007788369571506395
localities,3.504232912832289e-05,0.0
locality,1.8738729418161386e-05,2.8486171502538493e-06
locally,1.6958057850127864e-06,5.778867444412893e-06
located,3.0004283689301413e-05,6.254975727619297e-05
location,2.954901398060675e-05,3.698955237494931e-05
locations,1.3605016367551878e-06,1.3758488750412739e-05
lock,2.7670706965494416e-06,1.2976475300908265e-05
locked,7.5484844252970625e-06,2.42828413031877e-05
loco,0.0,1.9390102591287115e-05
locus,0.0,1.5204922043804884e-05
lodging,5.325852623751535e-06,1.1795485717089706e-05
loftier,4.813006750980096e-06,4.704901980093903e-06
loftiest,7.713881529934715e-06,7.426955491469166e-05
loftiness,8.647436908618575e-06,1.2819897031532105e-06
lofty,7.6170610920932e-05,4.863192165020659e-05
loggia,1.3110590584792396e-06,0.0
logic,1.9184274939096176e-05,7.159250578504299e-05
logical,2.64537621016862e-05,4.158537904497081e-05
logically,1.5464301227796968e-05,1.1435445742372798e-05
logo,0.0,0.0
logos,0.0,2.6193629172921538e-05
loins,1.4148132578153517e-05,1.9522978713039865e-06
lombard,6.68824590269795e-06,0.0
lombardi,0.0,0.0
lombardy,7.280103956789625e-06,0.0
london,2.1092900547079227e-05,2.640871604504259e-05
loneliness,1.6100695737956887e-06,3.999391939971852e-05
lonely,5.599497664872827e-06,1.0708223481071693e-05
long,0.0006396801412116088,0.0003057939194464351
longed,4.170720884375612e-05,0.0
longer,0.00022440136387876942,0.00022646373167898445
longest,5.229285692171067e-06,5.2277492791020265e-06
longing,4.934442994454485e-05,8.211425549020121e-05
longings,1.4317942874562035e-05,1.0415932681152507e-05
longo,6.285357566361885e-06,3.561788342757544e-05
longs,1.5302043897769646e-05,2.3998287501476608e-05
longstanding,8.353531469418186e-06,3.966243004139943e-06
look,0.00017274646923072482,0.00016386736314953027
looked,7.647048552685347e-05,6.182633236966498e-05
looking,7.623792855784792e-05,0.00012438986802404146
looks,5.491771200685976e-05,7.42707557146918e-05
loom,5.285052159985937e-06,6.024263231435756e-06
looming,0.0,6.739811853080862e-06
looms,0.0,0.0
loose,4.341313541262737e-05,1.1271367367839477e-05
loosed,3.6016314751354485e-05,2.3218165927376696e-06
loosened,2.2336867849248944e-05,2.1802231899583844e-06
loosing,5.520197010207839e-05,0.0
lord,0.0003763823035604188,0.00040396606142063866
lords,9.146595703260581e-05,1.774678196664921e-05
lordship,1.3890060998209263e-05,1.243193760842091e-05
lorenzo,8.000184237363709e-07,1.4896108460095055e-06
loreto,2.5048404975487032e-05,1.4665688389382389e-05
loro,0.0,0.0
los,0.0,1.0072301552904144e-06
lose,0.00013180025244793463,9.88621497338843e-05
losers,0.0,7.920834522014105e-06
loses,2.300038279806111e-05,5.320206249566173e-05
losing,3.3569885674753484e-05,7.433539469235604e-05
loss,0.00019834590485390025,0.00018655688862816337
losses,0.00018006088850328772,1.0731610768687197e-05
lost,0.00015379244921267854,0.00019592243757085104
lot,0.00010754271504859532,5.845843500724797e-05
lots,0.0,1.57016980190535e-05
loud,1.3216699413162848e-05,5.162047216920079e-05
louder,5.1989730485306214e-06,3.3464534301077726e-06
loudly,4.338388428566812e-05,1.3668534012480697e-06
louis,9.899722403691103e-05,2.551476886879478e-05
lourdes,8.146056394293592e-05,7.867940214723747e-06
louvain,4.095788606780117e-05,1.3947866286972104e-06
lovable,1.0147588381299457e-05,6.166457015300622e-06
love,0.0004183885512487015,0.0008476072402231542
loveand,0.0,1.4668948182751147e-05
loved,9.680073667358182e-05,0.00024165093479599085
lovefor,0.0,5.965910365032102e-06
lovely,2.2505240459730963e-05,2.5733188149468935e-05
lover,2.0309131807785808e-05,1.4060513733626199e-05
lovers,3.118499604922187e-05,2.7980176789231165e-06
loves,6.061213378893294e-05,0.00010692929533145636
lovewhich,0.0,6.85365657519289e-06
loving,0.0002534930049360701,0.0001488974746761943
lovingly,0.0007620105291971721,5.442994125997621e-05
low,3.4048319438710004e-05,6.009025656382395e-05
lower,0.00017016758331955652,4.77705325222304e-05
lowered,6.63925124744155e-06,0.0
lowering,1.908631118756084e-05,6.024926097050482e-06
lowers,8.663174539336138e-06,1.8617665428263756e-06
lowest,7.678015698587434e-05,1.0896849364280147e-05
lowliest,0.0,3.7951497889065324e-06
lowliness,3.1767827080902e-05,2.8053670358002226e-05
lowly,6.330924396153615e-05,3.0453703625956577e-05
loyal,3.716462236212851e-05,1.4640404608003098e-05
loyally,3.6660737769663e-05,6.690042821361989e-06
loyalty,0.00013103615794814226,2.3724839224973472e-05
loyola,1.9031127645879833e-05,2.0788177502982617e-05
lozano,0.0,0.0
luanda,0.0,1.0190021175868834e-05
lubac,0.0,9.602512459052028e-06
lubich,0.0,0.0
lublin,9.664940882879059e-06,0.0
luc,1.0684003117213135e-05,1.7500424572563157e-05
luca,2.1249760017522152e-05,0.0
lucam,1.2005642030991681e-06,2.0204511088621974e-05
lucia,0.0,0.0
lucid,9.214836410107075e-06,1.2023993789182699e-05
lucidity,2.8843691493278793e-06,0.0
lucidly,1.3630203454824064e-05,2.800516419786525e-06
lucy,5.069785974697059e-07,0.0
ludwig,1.3290106860057206e-06,3.074724051535309e-06
lui,0.0,0.0
luigi,0.0,2.510646509807532e-06
luis,2.5349082171073025e-07,3.19572208996449e-05
luján,0.0,0.0
luke,9.370055411373137e-05,8.646427192158363e-05
lukewarm,6.606384855202352e-06,7.72074328996996e-06
lumen,1.9406139895322574e-05,0.00025349608557618207
luminous,2.351629714140984e-05,5.657705913448937e-05
lunar,0.0,0.0
lunch,2.9930303380502736e-06,0.0
luncheon,0.0,0.0
lunedì,0.0,0.0
lung,0.0,2.0544704666325716e-06
lungs,0.0,1.1140617094768294e-05
lure,1.3656879435232866e-05,5.701191000613037e-06
lurk,9.737859806458953e-06,2.1930815284622523e-06
lurking,1.1168676404727797e-05,0.0
lurks,2.7984583290699525e-06,9.017530611284439e-06
lust,7.825637246873445e-05,3.9430835520943116e-05
luster,5.074740840450781e-05,6.552118115444849e-06
lustre,3.355517918441065e-06,0.0
lusts,1.6686834419389154e-05,2.0544704666325716e-06
luther,1.0855583663540895e-05,3.913885357775732e-06
lutheran,1.1276344724630206e-05,6.236144199131724e-06
lutherans,1.7605305250615805e-05,2.0664759632938634e-06
lux,1.807836206987948e-05,2.3653113085022905e-06
luxembourg,1.9342066807120038e-06,0.0
luxurious,7.79799935572025e-06,0.0
luxury,4.886069382120473e-05,7.06219830619867e-06
lviv,3.971697407785109e-06,0.0
lying,5.3653866102496535e-05,4.3940140955603685e-05
lyon,1.0027385202283901e-05,5.311841795988124e-06
lyons,8.807808617115938e-05,1.2332691381383198e-05
lyre,1.7167746740615554e-05,2.1960597818630314e-06
lópez,0.0,0.0
maccabees,8.724501953159642e-06,0.0
macedonia,8.911255019832349e-06,1.8393691314987475e-05
machinations,0.00010516182964354094,0.0
machine,1.2321057571185535e-06,2.3447734560099146e-05
machines,1.6831523829831754e-05,5.745831888354655e-06
mackillop,0.0,0.0
mad,2.9164080515528734e-05,1.5948850452493847e-06
madagascar,0.0,2.3571535557139284e-05
madam,0.0,0.0
madame,0.0,8.379783598795667e-06
made,0.0004974466746454502,0.0005126998980134029
madness,2.84914078346254e-05,7.629390881259163e-06
madonna,0.0,0.0
madre,0.0,0.0
madrid,0.0,1.8527813266025497e-06
maelstrom,0.0,3.114836245927063e-06
maestro,0.0,0.0
mafia,0.0,0.0
magazine,4.386194359228988e-06,0.0
magazines,5.348553459262366e-05,0.0
magdalen,0.0,3.750045954174897e-06
magdalene,0.0,1.60255502218782e-05
maggio,0.0,0.0
magi,1.3386889861723389e-05,2.787459184349859e-05
magic,0.0,1.0091875195656006e-05
magical,7.823238403993872e-06,5.02774504266326e-06
magisterial,3.464198421880485e-06,2.268427407873729e-05
magisterium,5.5634753795272955e-05,0.000402211919461433
magistra,5.0288688394209216e-06,2.6092404341176887e-05
magistrate,1.0473135551463748e-05,0.0
magistrates,5.2630951634201266e-05,1.1538896649102278e-06
magna,7.3447238407537046e-06,2.7994580927849804e-05
magnanimity,1.7424263677287796e-05,2.7908364963272166e-05
magnanimous,1.6978092755268156e-05,0.0
magnificat,2.980627265023619e-06,5.9624142220614616e-05
magnificence,7.971674996051973e-06,1.6938564287479755e-06
magnificent,0.00013123058114942999,6.000094292706768e-05
magnificently,3.6774527448703444e-05,0.0
magnified,1.4204532018888755e-05,6.604322783255049e-06
magnifies,0.0,6.23599864700169e-05
magnify,2.971539436287753e-05,5.778554488745771e-06
magnitude,0.00010872320110299878,8.126810394213447e-06
magnum,1.9469744464434123e-05,0.00014002932368446504
magnus,2.1522837528668107e-05,0.0
mahatma,0.0,4.886609609251396e-06
maiden,2.6171393957474483e-06,1.1392852072039686e-06
maidens,4.001860964247209e-06,0.0
maii,0.0,0.0
maimed,3.4018886886055985e-06,3.18330226053742e-06
main,8.746872502361357e-05,4.640502027810264e-05
mainland,0.0,3.640659153455153e-06
mainly,5.045057332142852e-05,4.062449735550568e-05
mainstay,1.068853977766426e-05,8.594909429660745e-06
maintain,0.00018567914431532302,0.000158164389961012
maintained,0.00018463544665484917,0.0001323474015336398
maintaining,5.45502114932855e-05,5.938475963704116e-05
maintains,7.738928735925377e-05,6.63299608331723e-05
maintenance,0.00011370843905893313,3.786985149986955e-06
mainz,2.918852707804604e-05,1.4447621759410165e-05
maior,1.0751987661936429e-05,0.0
mais,0.0,0.0
majestic,3.0722070910941935e-05,6.329413339124187e-06
majesties,0.0,0.0
majesty,0.0002337219276954227,2.176531283196509e-05
major,0.00017928849279969314,0.00024228200699263983
majority,0.00011207882390485087,0.00011793062090957986
make,0.00032489301261449347,0.0003486429849939681
maker,3.767639854679662e-05,1.858839285486693e-05
makers,1.132532174899699e-05,3.3974349976930645e-06
makes,0.00014574811840499058,0.00033196118137287183
maketh,3.666740522549733e-05,0.0
makeup,8.037558682985951e-06,0.0
making,0.0002240390572779605,0.0002571286913716207
mal,1.509101636313727e-05,3.251061874429678e-06
malachi,3.204620647299346e-07,0.0
malaria,0.0,7.544260365809806e-06
malawi,0.0,1.7742267536234176e-06
malaysia,0.0,0.0
male,1.1918411407864153e-05,0.00013276706241503768
mali,0.0,0.0
malice,0.0001038130377464986,1.3364741875284521e-05
malicious,1.5283598473814457e-05,1.099428673553575e-06
malnutrition,0.0,3.7638458310145285e-06
malta,0.0,0.0
maltese,0.0,0.0
mammon,1.8383671367621266e-05,0.0
man,0.0006420522335429787,0.0010734884775561082
manage,2.1110515812225743e-05,1.3567810263845782e-05
managed,6.875418717726553e-06,9.9704114864793e-06
management,2.365043564075781e-05,2.0615818277833636e-05
manager,0.0,0.0
managers,4.39524892921408e-06,1.5273632483101634e-06
manages,4.755755786960115e-07,1.3525314142315453e-06
managing,1.1905893297045332e-05,3.598737741180857e-06
mandate,0.0001119543608855991,9.428623017317308e-05
mandates,3.880533687524477e-05,0.0
manger,1.0782327962908202e-05,1.2260531255831698e-05
manhood,3.2317043584153114e-05,1.9343431221373318e-05
manifest,0.00018879754505389242,0.00017924834490335356
manifestation,4.499833308055537e-05,0.00011142532539577521
manifestations,6.966985429479503e-05,3.9669281282652914e-05
manifested,8.320389380271483e-05,0.0001681072060427904
manifesting,1.8560036985119305e-05,3.2019782575954586e-05
manifestly,6.060670426052124e-05,1.3406332640586544e-05
manifests,5.2540825071759234e-05,0.00011203862303306459
manifold,0.00014918930944960847,6.247239846166458e-05
manila,4.661667880770664e-06,1.4486804158720987e-05
manipulate,0.0,1.7271218593096784e-05
manipulated,0.0,3.0126770413067084e-05
manipulating,0.0,4.302004770637874e-06
manipulation,0.0,8.817473127145218e-05
manipulations,1.5377880918548231e-06,1.5220404064821112e-05
manière,0.0,0.0
mankind,0.0002863555311696922,0.00022227363986046555
manna,3.2239225382970498e-06,7.2160839654997405e-06
manner,0.0008471875429367892,0.00039897035252003607
manners,8.586178242444367e-05,1.7016263099935285e-05
mansi,7.419979273019748e-05,1.1851305570515741e-05
mantle,1.3028983008988248e-05,7.286603017007003e-06
manual,1.3689228859152541e-05,3.481974949356206e-05
manuel,2.0435997501725685e-06,8.812776884267815e-05
manufacture,0.0,1.951657227844496e-06
manufacturing,1.8726048757067093e-06,7.073574272346476e-06
manuscript,1.89628680912314e-05,4.2827317317321136e-05
manuscripts,8.278632836210246e-06,9.751266617801432e-05
many,0.0005518592988368426,0.0003364183168721714
manzoni,0.0,0.0
map,0.0,2.33229864014849e-06
maps,0.0,0.0
mar,1.0381534234432326e-05,7.08871244562595e-06
marathon,0.0,0.0
marc,0.0,5.7296404896848625e-06
marcel,0.0,4.607220265771951e-05
marcello,0.0,0.0
marcelo,0.0,1.4795177562317472e-06
march,0.0004997452451701642,0.0011447642795305475
marches,1.1653908693618638e-06,9.990232524502285e-07
marching,7.86097598233977e-06,1.1549271161442404e-06
marco,0.0,0.0
mare,8.676615926921451e-06,0.0
margaret,4.1076705659794186e-05,2.5275545852166975e-05
margin,6.818287575693444e-07,1.2840879493298213e-05
marginal,0.0,2.9898202522879788e-05
marginalised,0.0,0.0
marginalization,0.0,2.782125132427266e-05
marginalize,0.0,7.740748532754362e-06
marginalized,0.0,1.9920748396482037e-05
margins,0.0,3.1094911320487685e-05
maria,3.522974686813668e-05,3.852170850710403e-05
mariae,7.547408201521258e-06,2.5080021338322264e-05
mariam,7.4435974852393015e-06,1.948544002894412e-06
marian,4.3730612268408245e-05,0.00011921652546255363
mariana,0.0,0.0
mariano,0.0,0.0
mariazell,0.0,0.0
marie,6.856967841676054e-06,5.2584694687921625e-05
marija,0.0,0.0
marino,0.0,0.0
mario,0.0,1.0325483534073087e-06
mariological,0.0,1.9792918858032896e-06
mariology,2.7924563445484754e-06,2.1960597818630314e-06
maris,0.0,5.163690550466659e-06
marist,0.0,0.0
marital,4.484835373269894e-06,6.482788422200759e-05
maritime,3.711635228925065e-06,0.0
mark,0.00012179940868934222,0.00012509303268633983
marked,5.0140596667782156e-05,0.00017811668447769878
markedly,7.714614474446336e-06,1.3969610023540324e-06
market,1.0101530070423575e-05,9.678119405988934e-05
marketing,0.0007841071565659827,1.260458910880122e-05
marketplace,8.28950899796746e-07,8.855104901563236e-06
markets,1.2323807064742977e-05,1.7991062685668157e-05
marking,1.0685983405719467e-05,1.1018939041630692e-05
marks,3.810356690386026e-05,6.756413740377901e-05
maronite,1.754500258505458e-05,6.488114885807179e-06
maronites,3.2340808860356005e-05,2.467078334516372e-06
marred,3.245592328449453e-06,7.1607063643511414e-06
marriage,0.0005192831778702525,0.001567864866348207
marriages,0.0004928159133171329,8.231534749546659e-05
married,8.158047669412574e-05,0.0013640689178175736
marrow,1.7793948184277507e-05,6.080461308164061e-06
marry,6.954532523220284e-05,2.6501016646141875e-05
mars,0.0,0.0
marseille,0.0,0.0
marta,0.0,0.0
martha,0.0,2.011658971043161e-05
marthae,0.0,8.764493800498414e-06
martin,0.00011235141318216449,2.701649283928572e-05
martini,0.0,3.5014420606917237e-06
martino,0.0,0.0
martyr,0.00010981695947360584,3.868369154271147e-05
martyrdom,9.322742174123846e-05,8.815237943982128e-05
martyred,1.5371670035437455e-05,1.1666933435323393e-05
martyrology,7.508340598240405e-05,1.9442785225453853e-05
martyrs,0.00012493426207529974,0.00017289248107296213
martyrum,3.991205242618856e-06,1.2790485906038195e-05
martí,0.0,0.0
martínez,0.0,0.0
marvel,1.110189878746009e-05,1.3327530517711895e-05
marvelled,1.5873501456855767e-06,8.541658453423811e-06
marvellous,3.8822764199246576e-05,5.0010930396209e-05
marvellously,1.9418522727481376e-05,1.254427575218583e-05
marvelous,0.00016665627634247264,4.25569583657782e-05
marvelously,4.9843576246332786e-05,1.6143138483430473e-06
marvels,1.5083675407700187e-05,1.859422773613029e-05
marx,1.4179191363268772e-06,2.062983833961689e-05
marxism,4.545129559744972e-06,0.00010356689066674753
marxist,2.4999094460158714e-06,4.4873014545663145e-05
mary,0.00032969029084890225,0.0005418462346960538
marzo,0.0,0.0
maría,0.0,0.0
masculinity,0.0,1.799705084854441e-05
mask,2.4874633521575365e-05,5.015179124637776e-06
masked,9.865352392890235e-06,2.781120674743386e-06
masks,0.0,1.4782341020878898e-05
mass,0.00037276799723080876,0.000321519741379617
massabielle,1.6754624096043368e-05,0.0
massacre,5.131421104322665e-05,0.0
massacres,5.97422678535256e-06,7.615283571023267e-06
masses,0.00027916746992558524,0.0001280431974455877
massimo,0.0,0.0
massive,5.948140765564447e-06,1.3979524278512791e-05
massof,0.0,0.0
master,0.0002177053614979916,0.00013744685392918862
mastered,1.0330858809241313e-05,3.7998242619373024e-06
mastering,1.152576880463545e-05,3.5581764450491098e-06
masterpiece,1.5685244702014714e-06,7.286627805442982e-06
masterpieces,5.288633690281757e-06,1.8203858204028042e-06
masters,0.00016275637999851699,0.00011144564851143227
mastery,2.314482127842874e-05,1.2790093515040654e-05
match,2.53026835807506e-05,1.4047931004495513e-05
matched,1.3340111930914837e-05,4.061014357898692e-05
mater,1.3441689561913224e-05,3.521613092730028e-05
material,0.00016695571421063504,0.0002470690308961487
materialism,6.595772397120813e-05,4.4051791987470955e-05
materialist,0.0,1.4013717717707726e-05
materialistic,1.374120987703901e-05,3.985539945821279e-05
materially,1.3155505487801328e-05,1.3396905948642939e-05
materials,3.0903741856580736e-05,1.8745176626826877e-05
maternal,8.562105285938317e-05,0.0001921924115457295
maternity,5.0873420924015396e-05,7.527901514621363e-06
mathematical,1.322445227275721e-05,2.5289376875473677e-05
mathematics,3.110165326265853e-06,1.4034516609748152e-06
matrimonial,7.625003556566541e-05,2.5633882725316867e-05
matrimony,0.0001851652644664028,0.0001806554017043313
matrix,5.646830504680968e-06,1.9867110699062484e-06
matt,0.00019585283021779175,5.908236751457005e-06
matteo,0.0,1.6865918168707618e-05
matter,0.0010336308015174986,0.0004969747851445551
mattered,0.0,1.3841444807506839e-05
matters,0.0008527882056109809,0.00027268045141000955
matth,3.211904358809656e-05,1.639373356678503e-05
matthew,3.118518408589689e-05,4.657014006198107e-05
matthias,0.0,1.4294575259618538e-05
maturation,0.0,1.2201494460011808e-05
mature,7.215159751824016e-05,0.00021719316493373712
matured,1.2982388161491021e-05,9.287399699178158e-06
matures,6.7618599483073395e-06,1.153817574659129e-05
maturing,1.5721628230338736e-06,4.579930891504241e-05
maturity,2.7360047542224293e-05,0.00023795688499232757
maurice,3.4165484321724743e-06,1.2594893927568765e-05
mauritius,3.5923973633012794e-06,0.0
mauro,0.0,0.0
maxim,2.8713147334903864e-05,1.800013180562854e-06
maximilian,3.7777360556932176e-06,7.483387083262206e-06
maxims,8.075645206466612e-05,0.0
maximum,1.1109188029596093e-05,5.2643009182169575e-05
maximus,2.0331171131983065e-05,8.695622203082523e-06
may,0.00047280494443066676,0.0003491798873329728
maybe,5.779154052240504e-07,6.070907550155074e-06
mayor,1.2556679011614789e-05,0.0
mayors,7.155671304037038e-06,0.0
mea,0.0,1.31796878166955e-05
meagre,1.917853879104535e-06,7.608410557230435e-06
meal,1.1215861348113384e-05,2.4673680046405126e-05
meals,6.803621007039635e-06,1.1895349550606376e-05
mean,0.00012285046451375632,0.00022296400844480969
meaning,0.00011893496473828189,0.0005244438587095552
meaningful,8.567387329963562e-07,5.219791366232186e-05
meaningless,8.598100321836948e-06,1.4092761546402999e-05
meaninglessness,0.0,1.0420124053533022e-05
meanings,2.123560161850483e-05,4.496035139576061e-05
means,0.0005957211939298674,0.0007976827901332588
meansto,0.0,0.0
meant,3.5375700462572296e-05,0.00021944041032527276
meantime,0.00016685127059088735,9.607644962298014e-05
meanwhile,0.0005533833283696005,3.544830317940866e-05
measure,0.00026634505087550723,0.00010622998909445779
measured,3.771874366260393e-05,4.121843554029737e-05
measures,0.00023521218373851515,0.00022766859547366082
measuring,3.317709835304055e-06,5.1274209071153345e-06
meat,0.00012034414371610665,0.0
mechanical,2.546570712806935e-05,7.172924484744318e-06
mechanically,2.505192498849434e-06,2.945034339942808e-06
mechanism,4.042629578457261e-06,2.387651602121091e-05
mechanisms,3.7921915127042465e-06,4.3428327014173287e-05
medal,5.731836428691587e-06,1.1619864270080401e-05
medellín,0.0,5.747877249845573e-06
media,7.500415365796366e-06,0.00022602575060573136
mediaeval,2.3719075046931633e-06,4.821471253703489e-06
mediate,5.428250289079087e-06,3.3847913269465616e-05
mediated,0.0,4.190025918745237e-05
mediating,0.0,5.1218137525120125e-06
mediation,3.591845529183786e-05,0.00016736444398603116
mediator,6.707132762344737e-05,0.00012351334768793412
mediators,8.589059141589536e-06,3.5424892580046866e-05
mediatrix,3.779408429916093e-05,3.674850440500472e-05
medical,0.00011035968173957567,7.951276167656334e-05
medicine,5.188146701611093e-05,6.702677855861018e-05
medicines,5.2960080512692536e-05,5.589580023697798e-06
medieval,2.239237834872396e-05,1.2009587776157667e-05
medio,0.0,2.2547445849165262e-06
mediocre,0.0,2.8619912818358634e-06
mediocrity,0.0,6.941629393710948e-06
meditate,9.912532613435352e-05,4.500740726230348e-05
meditated,2.1462470961212166e-05,3.3191327429328545e-05
meditates,1.0344107040204411e-05,1.2680400986845086e-05
meditating,2.0843909936680892e-05,7.251771462402103e-05
meditation,0.00012238775489100494,7.928218992518168e-05
meditations,6.761470254317082e-05,0.00015510924372434762
mediterranean,1.2057773977682123e-06,3.76238432383285e-06
medium,2.3949454863773282e-05,1.2596055341287968e-05
meek,3.8329663752954846e-05,9.094782377274132e-06
meekness,4.3716302886110716e-05,6.1166115418223625e-06
meet,0.00011710247807236172,0.000114316228881908
meeting,7.827589923885857e-05,8.180349211537241e-05
meetingof,0.0,0.0
meetings,0.00013933857697842386,0.00016828701158170276
meets,9.48213603891565e-06,5.815701621006283e-05
melancholy,0.0,1.0484880081117392e-06
melbourne,0.0,0.00013192281814571676
melkite,1.3924197950190308e-05,0.0
melodies,4.3791260024069104e-05,7.70037866450058e-06
melody,3.4728925378470076e-05,4.4726702066058675e-06
melt,1.997017384409556e-06,0.0
member,9.827644303248625e-05,0.0001630235349703651
members,0.0002728069658454357,0.0003513308346332458
membership,2.2893096659492916e-05,0.00014494272669301998
membersof,0.0,1.0911203006520178e-06
membres,0.0,0.0
memorable,6.813724558788281e-05,1.6556909439175187e-05
memoria,0.0,1.6008270303639663e-05
memorial,2.095657767582739e-05,0.00023727353804528148
memorials,5.339944465677924e-05,0.0
memories,4.70892424288639e-05,3.8340676668620674e-05
memory,0.00037386900285018063,0.00019345687299328468
men,0.0012492515670108704,0.00047013603033291355
menace,3.6824159814145883e-05,1.4326055740885945e-06
menaced,1.7869886203696623e-05,7.487899847247656e-06
menaces,1.4201204250677008e-05,0.0
menacing,4.7444423416722625e-05,0.0
mend,1.9972426621523483e-06,5.840158736156476e-06
mendicant,1.8217435784335167e-05,5.076775028113142e-06
mending,0.0,2.9670162114846292e-06
mental,7.446307637384794e-05,4.2367338262763905e-05
mentalities,0.0,1.6263645466394648e-05
mentality,2.0294609713867105e-05,0.00012548735097618537
mentally,4.841369760295714e-06,3.4011639528960676e-05
mention,0.00019249561570559983,0.0002338593470656223
mentioned,0.00040057664499752195,0.00023748830020329094
mentioning,8.853201402320544e-06,2.5090018099641362e-05
mentions,1.8544360600530553e-05,2.969379857895609e-05
mentis,0.0,3.8049377117438884e-06
merchandise,6.2998307437563204e-06,6.823581729339366e-06
merchant,1.2142382192890743e-06,5.906416665205493e-06
merchants,7.254660087430965e-06,1.646623574171943e-06
mercies,0.0002713679349822849,8.054683000159974e-05
merciful,0.00021128146146538051,0.00017075265821068494
mercifully,7.743447915395568e-05,2.554088552815219e-05
merciless,0.0,3.4553140460496735e-06
mercilessly,4.097323224141036e-06,0.0
mercy,0.0003350283866755929,0.0005920890126956142
mere,0.00012060539345979803,0.00014405672424522005
merely,0.000250442993606261,0.00026391102530091433
merge,6.481287762251926e-07,9.25089243850935e-06
merged,0.0,0.0
merit,0.00018290400197755599,0.00013729052635504365
merited,5.765827560744965e-05,1.2729800067823078e-05
meritorious,6.407629850239582e-05,1.1042938581540932e-05
merits,0.0003067193180578073,0.00011507433855468333
merry,3.0818742885887374e-06,2.9432274493964466e-06
mes,0.0,0.0
mesopotamia,2.719636892707615e-05,3.935815788971203e-06
message,3.2659783679236055e-05,0.00027888179441338466
messageof,0.0,0.0
messages,1.3677281922009947e-05,0.0002807951162354693
messenger,3.6156293965445564e-05,4.669981021844406e-05
messengers,8.48043881712097e-05,4.8396623059525565e-05
messiah,7.5586607248420215e-06,4.310624693988704e-05
messianic,5.916748431086848e-06,0.00014882946583692996
met,8.582154693519294e-05,7.267866622869547e-05
metanoia,9.820080329284845e-07,4.808020966636151e-05
metaphor,2.473277425028197e-06,0.0
metaphorical,9.195276563778544e-06,5.831809418745332e-06
metaphysical,2.1537158390760757e-05,7.222701135906511e-05
metaphysics,2.043989952325712e-05,3.467194200941243e-05
method,0.0003395622660659878,0.00022673091971791144
methodical,0.0,1.0097063610702406e-05
methodist,0.0,1.9522978713039865e-06
methodius,0.00012315349812174348,0.00030250559159738935
methodological,0.0,3.7275690259373346e-05
methodologies,0.0,7.054059502535669e-06
methodology,3.410286122167541e-06,5.066052920610233e-05
methods,0.00019947299975135816,0.00020670023129438052
meticulous,0.0,5.652461512354636e-06
metres,1.5545597277930029e-06,0.0
metropolis,5.807754957245252e-06,1.0123131884177471e-05
metropolitan,0.00011538257562381699,7.953140922946578e-05
metropolitans,7.02463210737555e-05,3.2445933991372e-06
mexican,8.407894992365328e-05,1.0906654229552822e-06
mexicans,1.0416555914185182e-05,0.0
mexico,0.00011163983989689051,9.115291215014398e-06
miami,0.0,0.0
micah,3.1125029011722134e-07,0.0
michael,4.5271410402457136e-05,2.791937856001838e-05
michel,1.3335411114710886e-06,3.1306993815085778e-06
michelangelo,0.0,0.0
michele,0.0,0.0
microcosm,3.6375123724798015e-05,0.0
midday,2.7752979337563208e-05,1.2231193883145506e-06
middle,4.575229489678677e-05,6.153189523661142e-05
midnight,3.137501085536883e-05,0.0
midst,0.0002401188870110896,0.00022764923368880815
might,0.0008352301606690671,0.000321121033825642
mightier,5.276596186250137e-07,5.873667523778813e-06
mightily,3.529639586066357e-05,0.0
mighty,0.000149789449394612,5.3750068877986965e-05
migne,3.295240327164029e-05,0.0
migrant,3.5469143162592557e-06,2.6463376999264466e-06
migrants,3.6282960153202594e-05,9.594354961143911e-05
migrate,7.83536067865844e-06,1.1175662871045506e-05
migration,1.339118255407828e-05,2.098789685142381e-05
migrations,6.263950719497964e-06,9.01971959952122e-06
migratory,0.0,0.0
miguel,6.614681154732505e-06,1.7734866225299585e-06
mihi,0.0,0.0
miki,0.0,1.965833574191733e-06
milan,5.995657222878846e-05,6.544742892004084e-05
milanese,2.1557540738860235e-06,0.0
mild,3.570297799582302e-05,1.44436168562103e-05
mildness,6.84697099965761e-05,4.768084535525487e-06
miles,0.0,0.0
milestone,0.0,0.0
milestones,1.493199068330269e-06,1.7425830392586149e-06
milieu,7.732401722083748e-06,2.059798050304216e-05
milieus,0.0,4.042465883916614e-06
milieux,0.0,1.8464058394097512e-05
militant,0.000123209081890073,4.811960035844127e-05
military,0.0001467611201322338,3.264809708281427e-05
milk,4.241030930143343e-05,2.301232827142171e-06
millenary,0.0,0.0
millennia,3.7989837307198534e-07,1.6001208828091377e-05
millennial,0.0,9.103256599223444e-06
millennio,2.0209096523051e-06,0.00010657996703316779
millennium,2.6016877296167806e-05,0.00026258408241432494
millenniums,0.0,0.0
million,1.3180524527068226e-05,9.801750025045745e-07
millions,3.0819910585781213e-05,5.791394150634294e-05
millstone,1.0753889181100318e-05,3.5581764450491098e-06
mind,0.0007524769836719495,0.0002767225355968551
mindful,0.00020474866289687166,6.295908286790768e-05
minds,0.0008053782211065654,0.0001263731650700294
mindset,0.0,1.584401825749079e-05
mindsets,0.0,1.3469158543272113e-06
mine,9.631688279395602e-06,6.542126096726709e-05
mines,8.361593184098432e-06,2.635387356340339e-06
mingle,1.536442652111652e-05,4.413653685112777e-06
mingled,4.0946063938831684e-05,0.0
mingling,5.811733447137128e-06,6.5922295175474564e-06
miniature,4.697080794513779e-06,6.7480933120336544e-06
minimal,0.0,1.1794366935415001e-05
minimize,2.5352971666391774e-05,1.1860280725764051e-05
minimizing,4.72669221271495e-06,1.3473915936338558e-06
minimum,1.6186140020131642e-05,5.8500010168948703e-05
mining,2.1123251867313505e-06,5.9593440979687635e-06
minister,0.0001258046895856043,0.0001697085813150101
ministered,3.849389813582946e-05,3.762780519968514e-05
ministerial,6.315386144644421e-06,0.0001782470174959007
ministering,2.3682895389182108e-05,8.342975974533638e-06
ministers,0.00043338233029871265,0.00022093431646307758
ministries,2.8722182409841406e-05,0.00017164815410468064
ministry,0.0004577227942471255,0.0006671783910581086
ministère,0.0,0.0
minor,0.00012513754765417713,0.00010217765522791398
minorities,0.0,5.817829205232593e-06
minority,3.8173718159760445e-06,0.00015487599014785833
minors,2.5574116383306105e-05,6.883707880043812e-05
minute,3.1671385489608185e-06,0.0
minutes,3.223945950526594e-06,9.875213341319569e-07
miracle,2.8632684569579974e-05,2.2258565378677804e-05
miracles,9.644265950986963e-05,1.3996405433915793e-05
miraculous,2.908325769678318e-05,6.252239018142657e-06
miraculously,6.153382449222817e-06,4.672032009645556e-06
mirage,1.0620865397518696e-05,1.9749506809477748e-06
mirages,0.0,4.746142604588371e-06
mired,0.0,5.021256599842928e-06
mirifica,0.0,6.869892899002731e-06
mirror,2.8789123048737024e-05,4.4261464477884765e-05
mirrored,1.236291963915253e-06,6.591054066055804e-06
mirrors,3.503371224410817e-06,1.3162025191307667e-05
mis,0.0,0.0
misdeeds,1.0965424427143781e-05,9.322251757716208e-06
miserable,0.00016943911228705337,1.5537946232646545e-05
miserably,0.00016278548858256905,2.54306948952312e-06
misericordia,2.8635651202654606e-06,4.087109557198681e-05
misericordiae,0.0,0.0
miseries,8.86891494165693e-05,2.9696736250815334e-05
misery,0.0001443528218972085,7.574476252495369e-05
misfortune,0.00013657260413581327,1.1138736548530106e-05
misfortunes,0.0001579034242751288,1.3671491071118744e-05
misguided,3.476072266134606e-05,1.783325597775752e-05
mislead,2.133729922363519e-05,1.0935995582531602e-06
misleading,8.063432020960036e-06,2.7999442239215355e-06
misled,1.747018945075781e-05,2.5807906880415038e-05
miss,1.0998000907540465e-05,2.0421081815411684e-05
missa,3.567920189990234e-06,9.787239118876163e-06
missae,1.0083811017218349e-05,1.3051963189665785e-05
missal,0.00018965597027747422,0.0005373478198266355
missed,6.740195050840533e-07,5.3354002616670255e-06
missing,7.413311190322683e-06,7.522217221613795e-06
missio,0.0,9.059161017998103e-05
mission,0.00012087651593923787,0.0005200706393112875
missionad,0.0,9.539164896946287e-05
missionaries,0.00021539201897281013,0.00012452529249879044
missionary,0.00010593079257749169,0.0004929056093909165
missions,0.000325029840275228,0.00011980924459310249
mistake,2.599839753331687e-05,8.12414401211932e-06
mistaken,3.8920075318931424e-05,4.3824098146875426e-05
mistakes,1.6762158695150252e-05,1.5700828371091596e-05
mister,0.0,0.0
mistreat,0.0,2.9023279210375533e-06
mistreated,0.0,2.466806267005901e-06
mistreatment,0.0,6.0870014626853775e-06
mistress,6.322642896711631e-05,1.6819152826175039e-06
mistrust,7.783695468949674e-06,1.4447295213923711e-05
misunderstanding,2.1239365376376576e-05,0.00012492454363164683
misunderstandings,1.2608317024642181e-05,4.239041340520395e-05
misunderstood,1.2833372446008219e-05,1.0949561066159512e-05
misuse,2.355232995279193e-05,1.832731849039368e-05
misused,3.61582185368476e-06,6.611305797765765e-06
mit,0.0,2.5045853153337743e-05
mitigate,3.570212357927431e-05,6.584554497544242e-06
mitigated,3.674926970791539e-05,2.0150086366197496e-06
mitigating,2.4319251435375794e-05,5.313080799953372e-06
mix,1.5634051098589566e-05,1.1556919073545448e-05
mixed,0.0002400974120177898,2.849642502309442e-05
mixing,3.008472041662713e-05,9.605102426193932e-06
mixture,3.7817850086843516e-05,1.8533155881962109e-06
mobile,0.0,5.341560478633417e-06
mobility,1.4478910105475813e-06,2.7685280884184076e-05
mobilization,0.0,5.544468239048966e-06
mobilize,1.2264491014904612e-06,1.1065755006170212e-05
mobilized,0.0,1.2107629968326109e-06
mobilizing,0.0,2.72170874160966e-06
mock,4.9001093522626115e-06,3.364846442781076e-06
mocked,1.3417999072461746e-05,1.3057795614893204e-05
mockery,3.515681748531952e-05,2.1314532873085023e-05
modalities,3.142946360205577e-06,7.791086025782732e-06
mode,8.604308990374252e-05,4.3837979647011916e-05
model,0.00011480768491661335,0.0002452198092704516
modeled,1.3920705243893365e-05,3.43750046070101e-06
modelled,0.0,2.9369955151933095e-05
models,3.86432927398436e-05,6.926020320626564e-05
modem,6.510423159695362e-06,1.168432083571424e-05
modena,1.3122863318728408e-06,0.0
moderate,9.404336546139936e-05,5.1163047860812235e-06
moderation,0.00017335842719357658,2.6354130952782762e-05
moderator,0.0,3.499615510801073e-05
moderators,2.646071560187251e-05,6.447486624780038e-06
modern,0.00021111283571624136,0.0004933356712176211
modernism,4.063694970331738e-05,5.944896697058609e-06
modernity,0.0,4.131736358599762e-05
modernization,2.5227611927162867e-06,1.8292705118190013e-06
modes,3.5746290307039346e-05,4.502841191988201e-05
modest,5.899249997072464e-05,7.822057788842053e-05
modestly,1.91590248570723e-05,0.0
modesty,0.0001346434607280483,6.842253176117912e-06
modification,1.8127734546996454e-05,5.736375154099587e-06
modifications,2.6225312494603603e-05,0.00011207125912754548
modified,5.231992263486048e-05,5.449504198866824e-05
modify,1.6641178724890104e-05,6.535599628743919e-05
modifying,1.2577182086856223e-05,2.3572662617011564e-05
modo,1.069653529018101e-05,0.0
mogrovejo,0.0,0.0
mohammed,1.457445459107573e-05,2.5289376875473677e-05
moi,0.0,0.0
mold,2.6793905235587643e-05,4.324254635075481e-06
molded,2.10112980035477e-05,1.7309443833400759e-06
molise,0.0,0.0
mom,0.0,0.0
moment,0.00010176711887774802,0.00025923177763526983
momentary,6.312310175552176e-06,6.917093380046399e-06
momentous,1.4311065435796558e-05,5.8049781974972e-06
moments,1.774041532159382e-05,8.632928486699466e-05
momentum,8.539603657736195e-06,5.335547232320105e-06
mon,3.4635149976836644e-05,9.802567048223323e-06
monasteries,0.00014536241927362117,4.291642745233532e-05
monastery,8.790099416700985e-05,3.236143530265121e-05
monastic,8.113340803156708e-05,4.632054974086234e-05
monasticism,2.464626014999926e-05,1.5444507066299173e-05
monday,3.5714313998352235e-06,3.026287518281489e-06
monde,0.0,4.7176034558228915e-06
mondiale,0.0,0.0
mondo,0.0,0.0
monetary,1.87054906815727e-05,2.321378804652867e-05
money,0.0003651406791858741,3.0818461053530236e-05
mongolia,0.0,1.7950477717295143e-06
monica,4.856952877156297e-06,4.176145172042316e-06
monitor,0.0,2.3760179288483575e-05
monitoring,0.0,2.7364248344902908e-05
monk,4.700882666293264e-05,2.140629278248736e-05
monks,0.00014070854674745368,1.3595258256427106e-05
monopoly,2.0789625336099495e-05,1.2392278192620418e-05
monotheistic,0.0,1.6237302066175723e-05
monotonous,6.02350153470087e-06,1.1862743922654519e-05
monotony,0.0,5.432488012833835e-06
mons,0.0,0.0001914114531257672
monsieur,0.0,0.0
monsignor,0.0,0.0
monstrous,0.00013796631305314902,0.0
monte,1.531278834987864e-05,3.463068863377981e-06
montenegro,1.5873501456855767e-06,0.0
montfort,0.0,1.1187282617524731e-05
month,0.000320561493460064,8.071647599862867e-05
monthly,2.0770816568234426e-05,6.518135329329221e-06
months,8.760426589911879e-05,7.330784440859255e-05
montini,0.0,0.0
monument,1.3016591044827962e-05,5.3537728043028946e-05
monumental,4.5777367714432314e-07,4.531364373421891e-06
monuments,0.00011210379902750877,0.0
mood,3.5438942495005023e-06,8.510350850039046e-06
moon,2.3293093588743928e-05,1.4379400238696353e-05
moral,0.0003678916664171118,0.0006528322180114168
morale,4.762436200320653e-06,0.0
moralism,0.0,7.380268669799567e-06
moralistic,0.0,2.9775403463117885e-06
morality,0.00031939010874087906,0.00013467555691375319
morally,3.192377468419372e-05,0.0002438791662490527
morals,0.0006908065815135993,0.0001602804586928449
moravia,0.00013950465511661545,6.959124796541868e-05
moreover,0.000788343868107305,0.0003093045313440171
moresby,0.0,0.0
morning,1.9376049480376775e-05,3.81961370235038e-05
morocco,1.6038224037489241e-06,1.5846839013283174e-06
mortal,0.00021893649353072812,0.00015306392284522062
mortality,8.550531193295797e-06,7.659322830820782e-06
mortally,2.112198586720631e-06,5.1457857440394615e-06
mortals,4.56605772170657e-05,0.0
mortgage,2.5650336656959736e-06,6.310913073971151e-06
mortification,6.632010313072788e-05,2.3379278916231603e-05
mosaic,5.853300121456288e-06,2.7627457913225318e-05
mosaics,6.3859931199304975e-06,2.6120687569092023e-06
moscow,7.563000808083e-06,5.074934499970792e-06
moses,8.570956479448012e-05,5.4653315827040525e-05
moslems,0.0,0.0
mosque,0.0,0.0
mostly,8.558884039659504e-06,1.348902220100203e-05
moth,1.8099282706826096e-05,0.0
mother,0.0005938388500505734,0.0007055052738651441
motherhood,3.183479481017064e-05,0.0003479996679563271
motherland,0.0,0.0
motherly,3.183409737305617e-05,4.131860459341318e-05
mothers,7.29769857500425e-05,8.890607587364997e-05
motif,0.0,9.941612424936271e-06
motion,0.00021506108567365557,2.1697633486090708e-05
motivate,1.7794372579329746e-06,4.7103740722201665e-06
motivated,5.958934862901337e-05,4.4682266660064076e-05
motivates,1.6486026477157036e-05,1.228073066372603e-05
motivating,3.4781192488364367e-06,8.31587356332015e-06
motivation,1.3071835482713965e-06,3.5425801939240464e-05
motivations,8.391009848903417e-06,3.469309779501162e-05
motive,0.00011412811538031124,6.739854781434033e-05
motives,0.00011183186530679412,8.661454562489025e-05
motto,5.0783446924684355e-06,1.9977063728496888e-05
motu,8.276179016960134e-05,0.0011208186312625175
mould,2.2741798446684194e-06,6.983809986983929e-06
moulded,1.3575062556598788e-05,1.7670366746094097e-06
moulds,0.0,1.436267356628135e-06
mount,3.6445435176502216e-05,7.65599587974081e-05
mountain,8.655691289102441e-05,2.659687416037605e-05
mountains,4.107410003028117e-05,3.2941277510245213e-05
mounting,1.1948977890965064e-05,0.0
mourn,2.4003966121707758e-05,9.751254092687796e-07
mourned,1.7321563855820693e-05,1.4182439924765028e-06
mourning,3.741926192299554e-05,1.0119451634836496e-05
mouth,0.00014153310357392757,2.68629955024061e-05
mouths,2.339332934590446e-05,2.687343334487832e-06
movable,2.7722788195246548e-05,0.0
move,8.967813192750991e-05,6.391556291814081e-05
moved,0.0003960185585039008,0.00015334591583827
movement,8.06840417626941e-05,0.00018773963081870286
movements,5.4202729949665607e-05,0.00015437721464169464
moves,5.696977715580007e-05,9.171133976872377e-05
moving,3.7932118334316184e-05,7.617078340747019e-05
mozambique,0.0,4.618264409405753e-06
mozart,0.0,0.0
mrs,0.0,0.0
msgr,0.0,0.0
much,0.0005547066044205144,0.00026905969254940794
mud,1.5937225722330574e-05,1.06225074606692e-06
mulieris,0.0,0.00011986352082241379
multicultural,0.0,1.9845814893324567e-06
multiethnic,0.0,0.0
multifaceted,0.0,8.73702804452595e-06
multiform,1.4306397236484824e-05,0.0
multilateral,2.2885068267460804e-06,9.328094180620718e-06
multilateralism,0.0,0.0
multimedia,0.0,0.0
multinational,0.0,1.1450203807668713e-05
multiple,3.115940626557019e-05,6.455241790504069e-05
multiplication,2.021913102966384e-05,4.268271766811878e-05
multiplicity,2.281427166592731e-05,4.727582604463496e-05
multiplied,5.975051229042937e-05,1.746675146320668e-05
multiplies,6.573552328464329e-06,2.758622744830276e-06
multiply,5.607870488019445e-05,3.253995218915595e-05
multiplying,4.0416657046132224e-05,1.653464208956256e-05
multireligious,0.0,0.0
multitude,0.0002743108953597108,6.271799657312135e-05
multitudes,0.00015989378086483791,5.7729671468073223e-05
mundane,4.240814658118427e-06,1.7516133367238364e-06
mundi,1.742819020633044e-06,1.9379975222765974e-05
mundo,2.6597775059098955e-06,3.3838519425662376e-06
mungu,0.0,0.0
munich,3.9581772795650144e-05,1.769771465970292e-05
municipal,1.2771694231149235e-05,1.1126804474523646e-06
municipalities,6.974922564456117e-06,0.0
municipality,0.0,0.0
munus,1.2772945005027468e-05,6.248883696944907e-05
murcia,0.0,0.0
murder,4.784226864098329e-05,2.8658540716064546e-05
murdered,0.0,5.303276122223442e-06
murderer,2.2850059457329905e-05,8.718019439921508e-06
murderous,1.3587487141857982e-05,5.1447437048500604e-06
murmur,4.0731444592994605e-06,1.86327818339747e-06
murmuring,7.898777908801898e-06,0.0
museum,7.92656438986352e-06,3.517484751499684e-06
museums,0.0,0.0
music,0.0002453621851836716,6.861862207563871e-05
musical,8.027174327185101e-05,5.062910990556633e-06
musician,5.456285319925997e-06,0.0
musicians,1.022841422443655e-05,0.0
muslim,0.0,2.7214500133339024e-05
muslims,3.8938990214993164e-06,1.5821632325381915e-05
must,0.0007940311264407337,0.000808826946822541
mustard,1.0118320289450165e-05,2.5906391785942002e-05
mute,5.856793096436669e-07,3.5050458622216457e-06
mutilated,1.1480553798412324e-05,7.158516731037744e-06
mutilation,7.692250818855536e-06,1.2817075237946046e-05
mutual,0.00024042230556804475,0.00024263185439662058
mutually,4.816041394799059e-05,5.646483684668283e-05
myanmar,0.0,2.760776926489226e-06
myapostolic,0.0,3.616170875646055e-06
myletter,0.0,3.2525551951989585e-06
mymessage,0.0,0.0
mypastoral,0.0,0.0
myriad,3.841726789365645e-06,3.00031841896555e-06
myrrh,3.0930628814705217e-06,0.0
mystagogical,0.0,1.9366739030923898e-05
mysteries,0.0003968536888542402,0.00034077173649555684
mysterious,6.239361866747277e-05,0.00014538715071016862
mysteriously,0.0,2.8649521179387787e-05
mysterium,2.5322783316335215e-06,7.07897617835843e-05
mystery,8.390567851647135e-05,0.0009699854997641448
mystic,6.871876952542724e-05,6.171498502379941e-06
mystical,0.0001946125453826927,0.00019493298826951886
mystically,3.914079609000691e-06,7.171238788202408e-06
mysticism,1.0544541030472426e-05,1.7737220530709786e-05
mystics,6.412155653983866e-06,9.683284399618215e-06
mystique,0.0,3.925848253431772e-06
mystère,0.0,0.0
myth,6.692248919763333e-06,3.526697842915355e-05
myths,2.8785952839107694e-05,1.2143651183598562e-05
más,0.0,0.0
mère,0.0,0.0
méxico,0.0,0.0
même,0.0,1.0023620453897736e-06
müller,0.0,0.0
münchen,0.0,1.7570509255858823e-05
nagasaki,0.0,3.410768861828708e-06
nailed,2.3785883440463166e-05,1.3051896804791238e-05
nails,8.26552658290706e-06,1.8322832706104894e-06
nain,0.0,5.71998552094798e-06
nairobi,0.0,1.5201101990328955e-06
naive,1.4492780844357782e-05,1.0923331690545867e-05
naked,1.657873818450757e-05,5.579923073423519e-05
nakedness,2.3353264575552068e-05,4.501917055065986e-06
nam,6.172906939434402e-06,0.0
name,0.0005021489298985685,0.0004236608964433706
named,8.059759152200981e-05,6.806703030105761e-05
nameless,0.0,2.1278207796158493e-05
namely,0.00042751588911624656,0.00020643111516620765
names,0.0002105751643483382,0.00014608273481341044
namibia,0.0,0.0
naming,2.5423176837682624e-06,4.556128108346595e-06
naples,6.123089071988943e-06,7.055304022598395e-06
narcissism,0.0,6.653619811605129e-06
narcotics,0.0,2.3332952699558634e-06
narek,0.0,4.301390094667096e-06
narrate,4.411922718630996e-06,0.0
narrated,1.49643562254867e-05,1.929932307453199e-05
narrates,3.992799741891089e-06,0.0
narrating,9.964407025227641e-06,1.9252246987144463e-06
narration,3.961252514244983e-06,7.051603854183339e-06
narrative,6.457884341233616e-06,2.65333405886919e-05
narratives,3.6061165634629413e-06,8.632003117358986e-06
narrow,6.004260797796146e-05,4.734397450169726e-05
narrowly,2.4926030284204765e-06,1.210805760022246e-05
narrowness,5.4514431045744735e-06,1.0375848353819328e-05
nascent,1.300980087584062e-05,2.8461453374017962e-05
nathan,7.277230555591217e-07,7.075146783390949e-06
nation,0.00044626592440939067,0.0001802822393205666
national,0.00011430357828114807,0.00019974641853621772
nationalism,1.0707308794260247e-05,4.382807995609228e-05
nationalistic,1.3757159052047736e-06,1.1018383921483255e-05
nationalities,2.635234888950729e-05,2.640881268055658e-06
nationality,2.1704618816227926e-05,5.621825109729651e-06
nationally,2.1123251867313505e-06,6.025963470200318e-06
nations,0.0006537894265993703,0.00029071228142461976
nationsorganization,0.0,0.0
nationum,0.0,0.0
native,0.00021143367506811737,6.206729744454777e-05
natives,0.00010280518697533364,0.0
nativity,4.612866446138207e-05,2.0089951645274817e-05
nato,0.0,0.0
natum,0.0,8.664748027182363e-06
natura,3.0321192153691366e-06,2.9640730358112355e-06
natural,0.00048542056318208796,0.00037665365522072405
naturalism,7.667353729109156e-05,1.7601786781638376e-06
naturally,0.00013902298376319182,7.753509678085828e-05
nature,0.0007972806380522222,0.0007288625491326079
natures,8.790331479232845e-05,4.284889306761192e-05
naught,4.221824998112647e-05,0.0
naval,1.3162079257720282e-05,0.0
navigate,4.627632780244171e-06,1.3284331642022864e-06
nay,0.0002471975793488416,1.3333412630032815e-06
nazarene,0.0,8.191935952393491e-06
nazareth,4.560134986378124e-05,0.0002279628573280955
nazi,0.0,2.6548784449959997e-06
nazianzen,9.18519669222411e-06,6.324569511399779e-06
nazianzus,3.876001137513595e-06,1.7439566470370108e-06
nazionale,0.0,1.1117155017284309e-06
nazism,0.0,4.953363673661629e-06
naïve,0.0,2.3413856752299232e-06
near,0.00010420923222697378,0.00014520806159269538
nearby,3.488619191547321e-05,2.2582908855949387e-05
nearer,5.970438816889806e-05,1.302391906369397e-05
nearest,1.841043192501697e-05,6.036594446252733e-06
nearing,0.0,1.2500982474633645e-06
nearly,0.00011734455688360215,1.3777470853337247e-05
nearness,9.907255194272752e-06,8.241001830927372e-06
necessarily,0.00015431252634297843,0.00015659180261651986
necessary,0.0006335154934306653,0.0006694528982589963
necessities,0.00022364460029612808,4.765694223710653e-05
necessity,0.0003928607828792703,0.0002517260140888136
neck,3.354046425070257e-05,6.255877633075508e-06
need,0.00023329655632596254,0.0004179202121974031
needed,0.0001517396685988007,0.0002430076600474327
needful,8.319039159327051e-05,4.114781389997427e-06
needier,1.6789955353103683e-06,1.4356485722945977e-06
neediest,1.4522736965894603e-06,6.560520731803403e-06
needing,1.436518572274948e-05,9.871778911178175e-06
needless,1.2408740823056402e-05,9.71336255549318e-06
needs,0.0002319477946274158,0.00039066321074944087
needy,7.697274785023934e-05,8.120864000663776e-05
nefarious,7.861064117107735e-05,3.738834920646043e-05
negation,1.2746218164399726e-05,2.4625166816813596e-05
negative,1.3706693780753742e-05,0.00018136004701655402
negatively,5.520443393103168e-06,8.007920359119933e-06
negativity,0.0,1.1426212407432645e-05
neglect,0.0003043654464874696,0.00011129399636943354
neglected,0.0002301137171649273,5.315781263069802e-05
neglecting,4.586704650227273e-05,1.8388945927416817e-05
neglects,2.8538674363483353e-05,1.1678145710057437e-05
negligence,4.556677263902971e-05,2.4021801291273872e-05
negligible,1.5689790718679791e-06,3.419522612312533e-06
negotiate,4.446287040362839e-06,5.263118222753374e-06
negotiated,5.418164142093998e-06,4.108978500220647e-06
negotiating,4.1524814436804844e-06,7.174666967286871e-06
negotiation,2.9285540110381346e-06,7.471701779535089e-06
negotiations,3.577727829584805e-05,3.594841620517361e-05
nehemiah,3.204620647299346e-07,0.0
nei,0.0,1.3652229177207013e-06
neighbor,0.00016302002561310855,9.427923969929722e-05
neighborhood,1.1334910242993064e-05,1.7931436847105248e-05
neighborhoods,2.045160985472794e-06,3.296718683702514e-06
neighboring,8.431466377978161e-05,2.2245229702297213e-05
neighbors,7.752260022644863e-05,1.1388252392418722e-05
neighbour,8.430523527323503e-06,0.0001669884297402667
neighbourhood,5.744811290984426e-07,8.168928631599857e-06
neighbourhoods,0.0,9.168098596749616e-06
neighbouring,2.3949447856052252e-05,2.999863476604234e-05
neighbourly,0.0,3.7555170288062223e-06
neighbours,9.418067569077432e-06,2.3897682924614027e-05
neither,0.00043045380326696235,0.00023976241856072826
nel,0.0,0.0
nell,0.0,0.0
nella,0.0,1.1348957487689972e-05
neocatechumenal,0.0,0.0
neophytes,1.745796348841307e-05,1.8772174740494225e-06
neri,7.095968706896831e-06,7.107724496479739e-06
nero,2.042445853707106e-06,3.863420803225631e-06
nerses,2.3018618922722616e-06,0.0
nerve,2.705226143822945e-06,5.456025777479003e-06
nest,0.0,4.289080482631301e-06
nestorius,0.00011929689795548969,1.5799852008454717e-05
nests,1.453082460860792e-06,1.824787828607267e-06
net,2.2689524261621985e-05,2.430464504327004e-06
netherlands,0.0,0.0
nets,8.304055691041585e-06,1.40090965137851e-05
network,3.654789301363299e-06,2.7484137318118935e-05
networking,0.0,1.2834061449269347e-06
networks,0.0,1.4866689954488058e-05
neumann,0.0,1.9733771046012604e-06
neutral,2.461149789001151e-05,2.9687596165721985e-05
neutrality,1.4087623425276773e-06,1.839944281185402e-06
never,0.0005711555961218817,0.00029540320283828113
nevertheless,0.0006350283237538707,0.00037112615563146886
new,0.00040183991849608873,0.0007256037713882046
newborn,7.024668749851449e-06,1.3308763576921848e-05
newer,5.532321421033008e-06,2.9054442159226255e-05
newly,6.77708202689471e-05,3.736924415935794e-05
newlyweds,0.0,1.6672799647786465e-06
newman,1.0958536384880411e-05,2.428695176089227e-05
newness,3.8113468399997937e-06,0.00012642596494409834
news,7.143345941498306e-05,0.0004578520790094745
newspaper,2.2546830228195055e-05,0.0
newspapers,9.584481666577782e-05,6.991854932924873e-06
next,0.0003091249383037121,9.606940001172328e-05
ngo,0.0,0.0
nguyên,0.0,0.0
nicaea,3.1993962529874005e-05,6.744041684878965e-05
nicaragua,0.0,0.0
nice,5.4656510794844335e-06,0.0
nicea,2.0332924915574808e-05,0.0
nicely,0.0,4.173198070102108e-06
nicene,1.914788777597067e-05,0.0
nicholas,7.529968315816838e-05,1.8440134537915882e-05
nicodemus,1.409656737612718e-06,3.0024919941997172e-05
nicola,0.0,0.0
nicosia,2.8566206623197724e-06,1.843378820793367e-06
niger,1.5359800654702927e-05,0.0
nigeria,0.0,1.3327900769039743e-06
nigerian,0.0,0.0
nigh,3.29620971179139e-05,8.896692853110573e-06
night,0.00012172055429373643,8.378273481460079e-05
nightmare,0.0,2.205052381951187e-06
nights,4.676614146654975e-06,6.035748734305102e-06
nihil,2.6676477771183368e-05,1.106532708423855e-05
nihilism,5.9304534036859305e-06,7.753111712039725e-06
nine,1.0587967606164665e-05,6.670962759876968e-05
nineteen,4.577513492503251e-05,0.0
nineteenth,5.249447890208185e-05,6.751058915788426e-05
ninety,3.165658081701419e-07,1.0799959295685666e-05
nineveh,0.0,0.0
ninth,9.189061172237978e-05,4.2028387724202264e-05
noah,1.7415510776157713e-05,2.3396364105163105e-05
nobel,0.0,0.0
nobility,8.60127793114101e-05,2.5453876924655265e-05
nobis,2.201173635146297e-05,8.589763379764018e-06
nobiscum,7.929973714128919e-06,1.8184127746643798e-06
noble,0.00033668630438191024,9.302824422310427e-05
nobler,5.62378494058277e-05,0.0
nobles,4.782637292256849e-05,0.0
noblest,4.5707156220700616e-05,1.7286919267262836e-05
nobly,2.943673489369419e-05,0.0
nobody,0.00014554636353483337,1.763385411679182e-05
noi,0.0,1.414567962020333e-05
noise,9.717306800534963e-06,1.997887373921389e-05
noisy,2.875050130220995e-05,1.188566467289406e-06
nola,2.959111837304121e-06,9.480255026105584e-06
nomads,0.0,1.1549271161442404e-06
nombre,0.0,0.0
nombreux,0.0,0.0
nominated,1.8377108597689405e-05,5.195333376455953e-06
nomination,5.985103933965624e-06,1.46303401359134e-05
non,7.15013175816364e-05,5.731348654609544e-05
nonbelievers,0.0,2.759891770623397e-06
none,0.0002907370671826251,8.72876281121251e-05
nonetheless,0.0001030636818198473,0.00015035550204913785
nono,0.0,0.0
noon,4.769924934946832e-06,0.0
norberto,0.0,0.0
norcia,0.0,1.4696582322269578e-06
nordic,0.0,7.257819431899615e-06
norm,0.00012367914075240983,0.0002318467300653838
normal,5.1104323457445463e-05,0.00010183618920849522
normality,0.0,1.1309364820999686e-05
normalization,0.0,4.524731276910657e-06
normally,7.3688166133491805e-06,3.981268206630412e-05
norman,5.557599783072889e-06,0.0
normative,0.0,4.2187767334608656e-05
norms,0.00023075628209279897,0.0013645995589969715
north,5.858976752682809e-05,5.454893422142616e-05
northern,1.3176760988837323e-05,1.0829738200043688e-05
norway,9.428384272437567e-07,2.5195801156345403e-06
nos,1.0105413650383937e-05,0.0002822851670241667
nose,5.132286280594067e-06,0.0
nossa,0.0,0.0
nostalgia,1.1711072605661336e-05,1.1853303204709517e-05
nostalgic,0.0,5.396915087899914e-06
noster,1.6871158499798916e-05,0.0
nostra,3.6828108899059116e-06,9.708406197345183e-06
nostrae,0.00012167050097343555,5.705919243383339e-06
nostri,0.00011459661376044047,4.65958757655347e-06
nostrils,1.0590256097564493e-06,4.331272538214058e-06
nostro,1.5848147371142616e-06,1.084588103555437e-05
nostrum,1.7043705987936872e-06,2.40035350030787e-06
notable,0.00010411576710063142,6.709699799556249e-05
notably,2.2808552341425787e-05,2.8861583435784874e-05
notary,0.0002099430178231452,2.2873208796437042e-05
note,0.00011003082067097495,0.00025004807864159557
noted,7.518447884055409e-05,0.00012996607927400126
notes,8.688658230747128e-05,0.00023217906448570156
noteworthy,3.202659045035783e-05,7.151657547695936e-06
nothing,0.0008024070382586443,0.00024301268876243
nothingness,1.4844970201799061e-05,6.824865222057547e-06
notice,9.408270432133288e-05,2.5607442607186017e-05
noticed,2.4128718883716156e-05,8.349926935366638e-06
notices,4.674277205780209e-05,1.4981723489904877e-05
noticing,5.940148188114149e-06,3.2968504677141743e-06
noting,1.4218840456918821e-05,2.7507173583724955e-05
notio,0.0,0.00011676524754366344
notion,5.5983389566517075e-05,0.00014480255866503502
notions,7.089750437829217e-05,4.1584786965920456e-05
notorious,8.749814840273785e-05,2.9840066211774173e-06
notre,1.847491948792053e-05,8.544734645663156e-06
notwithstanding,0.00020906432983163395,0.00022582259968382824
nourish,0.00010133873979028515,4.538434698236858e-05
nourished,0.00010719199662964693,0.00011619836506343837
nourishes,2.9539068807061943e-05,5.073213674408869e-05
nourishing,2.3173112065667557e-05,5.681045230593108e-05
nourishment,6.032824144849625e-05,0.00016229218519213444
nous,0.0,0.0
nouvel,0.0,0.0
nouvelle,0.0,0.0
nova,9.533686148380462e-06,8.85514075277748e-06
novae,3.0205055507922152e-06,4.917643942448418e-06
novarum,2.175548818528434e-05,7.119193110552638e-05
novel,9.53860950815749e-05,8.917240805758276e-06
novelties,0.00011897573466889285,6.050733991352019e-06
novelty,9.285088992146758e-05,9.27298723827327e-05
november,0.0001864685236539306,0.0010073478641597728
novembre,0.0,0.0
novena,3.077033578988959e-05,1.5595711240882699e-06
novices,2.7485474439367505e-05,8.380051923420713e-06
novitiate,5.9013702715047446e-05,1.557344007398779e-05
novo,7.190975814079201e-07,0.0
nowadays,4.055163185816082e-05,7.512161288141215e-05
nowhere,3.180890977571904e-05,4.399560563298324e-05
nuances,0.0,9.51431701362939e-06
nuclear,4.723170321388145e-06,6.86256381275099e-05
nucleus,2.3471987054477015e-05,1.7313948560004644e-05
nuestra,0.0,0.0
nuestro,0.0,0.0
nueva,0.0,1.382963002830325e-06
nuevo,0.0,0.0
nuisance,0.0,3.3730770770200553e-06
null,0.00014699964526735746,8.224930930259449e-05
nullify,2.33062920831764e-05,9.328543776872718e-06
nullity,2.8673974047235655e-05,0.00022127285561137123
num,9.292368396987628e-07,4.766691374660403e-06
numb,0.0,1.3284331642022864e-06
number,0.00048283225989566666,0.0005247633659397341
numbered,5.473376016502074e-05,2.635307193793383e-05
numberless,9.369763240613039e-05,7.538735313509263e-06
numbers,0.0002132918953859236,9.13205205615908e-05
numerical,4.770634505995932e-07,5.410592798684828e-06
numerically,1.6433909326402868e-06,0.0
numerous,0.00017741707185489253,0.00016157160658899773
nun,3.674404332567317e-06,2.296364055842458e-05
nunciature,0.0,0.0
nuncio,4.5675703928654684e-05,7.264643302880917e-06
nuncios,1.5170042651014316e-05,0.0
nuns,0.00012954326155382832,4.003432124375567e-05
nuntiandi,0.0,0.00012981261878776873
nuntius,0.0,1.659256875028444e-05
nuova,0.0,8.242349178906425e-06
nuovo,0.0,0.0
nuptial,4.196881306725021e-05,3.0394620223792773e-05
nuptials,1.5583984975040786e-05,1.1749583662898691e-05
nurse,2.4541043267098195e-05,6.795129290114684e-06
nurses,6.945883631860724e-06,1.4381402315711143e-05
nursing,1.664798148937449e-05,6.2203239831525395e-06
nurture,2.901121206372393e-05,2.7469102967261783e-05
nurtured,1.6432861352336432e-05,8.411507457783568e-05
nurtures,4.932022832766486e-06,2.7918681468838e-06
nurturing,8.659206146331818e-06,6.951440617419352e-06
nutrition,0.0,0.00036066609412056306
nutritional,0.0,1.9814500109382657e-06
nyssa,1.7174638555906657e-05,1.1532890644925631e-05
oases,0.0,0.0
oasis,0.0,1.7418179604095018e-06
oath,0.0002867111851751701,0.000188665531198444
obedience,0.0006424004290289981,0.000350141742563327
obedient,0.00013703203308380502,7.118639025710581e-05
obediently,4.6277658526205785e-05,3.974647843368259e-06
obey,0.000416300217016081,5.938841205275258e-05
obeyed,0.00010102776942360093,1.4517350640961277e-05
obeying,7.751857475381567e-05,1.3063794406239345e-05
obeys,5.0604495417874664e-05,2.931864586892718e-06
object,0.00040606691794575967,0.00023118983330930895
objected,1.9492426194775143e-05,1.2686495867341908e-05
objection,4.692349541348953e-05,5.174957895371659e-05
objections,5.354618373498725e-05,4.340451672533964e-05
objective,5.121599127915911e-05,0.0002684827433566393
objectively,1.091557915631845e-06,8.85769250319437e-05
objectives,3.265865989175037e-05,0.00013118025582770716
objectivity,6.945124572649223e-06,1.7922605542700464e-05
objects,0.0001006444302201004,0.00010014473995165363
oblata,0.0,0.0
oblate,0.0,0.0
oblates,1.018677144994365e-05,4.3789143677889195e-06
oblation,8.186830137817559e-05,3.537015762776135e-05
obligation,0.00035612814179490274,0.0004164940885038831
obligations,0.00017865127525376804,0.00018479699284432887
obligatory,5.89809457191484e-05,0.00033374923663891874
oblige,2.0011932729512345e-05,3.708823968726614e-05
obliged,0.0002330712389213334,0.00019607810231877826
obliges,6.874513207768762e-05,7.798428937629809e-05
obliging,8.366480012955066e-06,5.880529785095588e-06
oblivion,2.564049052073546e-05,7.186175242246786e-06
obscure,3.771021598076366e-05,9.028035103006206e-05
obscured,4.422522437011221e-05,5.353030538674819e-05
obscures,3.978002107780355e-06,1.510731516491269e-05
obscuring,3.24632000613593e-06,2.391056577090536e-05
obscurity,5.040103313478895e-05,1.872294445303489e-05
observance,0.00027552694274346115,0.00021055799466886252
observances,1.5786959063713602e-05,1.6816172324107898e-05
observation,4.950860210135293e-05,2.9122822057465695e-05
observations,2.51716533531876e-05,0.00024442670404672566
observatory,6.575803746334171e-06,0.0
observe,0.0003699998506822927,0.00013610610013100628
observed,0.00042974646304439563,0.0003242105463864632
observer,1.4326156931782886e-05,0.0
observers,1.0865221685331076e-05,8.462444748613242e-06
observes,3.5650963001968755e-05,2.4040787646543592e-05
observing,8.626204466636267e-05,0.00010028774860594485
obsessed,1.1674320336044197e-06,1.1858342083689133e-05
obsession,7.429722036993032e-06,4.386706303077249e-05
obsolete,1.4647749803926649e-05,2.3228297858774942e-05
obstacle,8.587203033889753e-05,0.0001082038753773085
obstacles,0.00012769299346053673,0.00013691700594381414
obstinacy,9.514267400330211e-05,3.156492749535661e-06
obstinate,5.88793957444711e-05,3.4102308917330464e-06
obstinately,4.79918782389055e-05,6.220616592999548e-06
obstruct,1.573732550461262e-05,0.0
obstructed,2.3183572607964013e-05,0.0
obstructing,0.0,4.230674399623468e-06
obtain,0.0004714118712123811,0.00018478627875703687
obtained,0.00027174954968489884,0.00017810585136096745
obtaining,0.00021068530232814487,7.933527717430892e-05
obtains,2.5232053619526318e-05,9.59475532777092e-06
obvious,0.00011363760198941381,0.00011032361814191422
obviously,9.72846012455843e-05,0.00010710168894706525
occasion,0.00020732599843497544,0.00013242702771711545
occasional,1.3574316582200992e-05,1.828302799770179e-05
occasionally,9.724610952721149e-05,6.69796843523028e-05
occasione,0.0,0.0
occasioned,2.5247807422827814e-05,2.9030460680051337e-06
occasionof,0.0,1.3026542470678265e-05
occasions,0.00017845470213992122,8.860794222859644e-05
occupation,3.1316888643759994e-05,3.834355869560843e-06
occupations,4.023310342268847e-05,1.0345226500836351e-05
occupied,0.0001396806830562842,3.379758649794592e-05
occupies,4.691313166142913e-05,1.863315352911434e-05
occupy,0.0001094817966858634,1.95900246408109e-05
occupying,1.6548462804610032e-05,2.705912797078565e-06
occur,5.76713326151991e-05,9.204404187133997e-05
occurred,7.495713229712483e-05,5.865319281043179e-05
occurrence,2.5426612831326362e-05,8.799721071846792e-06
occurring,1.5307683898899254e-05,4.1673787103946676e-05
occurs,3.109894594693961e-05,8.064119545814909e-05
ocean,5.3333054624436396e-05,1.7678317764500062e-05
oceania,6.350999175167536e-06,3.67625936193515e-05
oceans,1.4418741507099368e-06,7.73233640461077e-06
octave,3.622178140455569e-05,1.3315515819212632e-05
october,0.00018270736741013216,0.0010595538504369752
octogesima,0.0,4.6213581630503064e-06
odd,0.0,1.2842400953052825e-05
odds,8.162279210186692e-06,6.2963874904450046e-06
odious,3.532277749756392e-05,2.9672222776548886e-06
odor,4.39653019143495e-05,0.0
odour,3.107594080233196e-06,9.097027580695661e-06
ofa,0.0,1.3422442474535904e-05
ofcaritas,0.0,5.419474412718347e-06
ofcatholic,6.383005753946111e-06,1.4147160113191653e-06
ofchristian,0.0,6.018432706432431e-06
ofcorpus,0.0,1.5552685067551664e-06
offence,2.8535410742848432e-05,4.476760499915008e-05
offences,2.5985946267456576e-05,9.176496587494282e-06
offend,5.5843913647940575e-05,9.035399106488696e-06
offended,5.494704715220085e-05,5.577411920482814e-05
offender,6.561999288515175e-06,7.240427863990194e-06
offenders,3.0834817916290255e-05,3.949602747795199e-06
offending,5.271965448300193e-05,4.47159983466013e-05
offends,2.0427288203664174e-05,1.7423954334947655e-05
offense,0.00012624361002200465,4.953722674765522e-05
offenses,3.79119226814735e-05,7.037260823485827e-05
offensive,5.116668032695717e-05,6.348753832376315e-06
offer,0.00018049673208274944,0.00016889083081835892
offered,0.00026569621505330643,0.00026927250232763086
offering,0.00012988454624419506,0.0002248866747353271
offerings,9.277370454461183e-05,1.5428892486330928e-05
offers,7.215564550643847e-05,0.0001866273142416422
office,0.0008530665772419976,0.0003320412309909191
officer,2.5258113723627803e-05,0.0
officers,8.861537511040582e-06,1.0368370612605732e-06
offices,0.00020996372494072753,0.00026696595495630254
official,0.00010082202317372766,4.2272562566345644e-05
officially,2.2750083270683586e-05,3.34451964104394e-05
officials,0.00011797546661966395,5.3489306614996104e-05
officio,1.0824304132225607e-05,0.00016220066883774825
officium,9.470937701234434e-06,1.7031892330074745e-06
offset,6.265124537569271e-05,1.4667303636408554e-06
offspring,0.00016382701782665212,6.0183005203984714e-05
ofgod,0.0,3.4644325573052275e-06
ofhis,0.0,2.991091130330972e-06
ofhuman,0.0,1.1563792990972928e-05
ofjohn,0.0,0.0
ofl,0.0,0.0
oflectio,0.0,1.4159502892521745e-05
oflumen,0.0,8.871633091831983e-06
ofmy,0.0,0.0
ofour,0.0,0.0
ofpope,0.0,0.0
ofsaint,0.0,4.888241697231358e-06
ofst,0.0,0.0
often,0.0003895704942949846,0.00031174003467282984
oftentimes,5.879468823376771e-05,9.784955106516405e-06
ofthe,2.8815047127968886e-07,5.01587270026774e-05
ofthis,0.0,0.0
ofworld,0.0,0.0
oggi,0.0,0.0
ogni,0.0,0.0
oil,4.756317023376635e-05,0.00021925873886421713
oils,6.23488238183477e-06,1.3496112434990722e-06
ointment,0.0,6.898862689821492e-06
okay,0.0,0.0
old,0.0003007516795281099,0.00037300765330692366
older,5.298049548322077e-05,0.00013320129974846807
oldest,1.83998558441779e-05,3.44223888288564e-05
olive,1.893257994098105e-05,7.819250567996666e-05
olives,0.0,1.108781737768321e-05
olympic,0.0,0.0
olympics,0.0,0.0
omega,1.5662308779529909e-06,2.6376466356704837e-05
omelie,0.0,1.337021055573112e-06
omen,5.890878025654042e-05,0.0
omission,2.1838434878985382e-05,2.3494760362250304e-06
omissions,4.738995921223665e-06,3.685486991873255e-05
omit,0.0001641209333258852,8.620797549879695e-06
omitted,0.00010411283301373295,5.7949461239552666e-05
omitting,3.7058573439850424e-05,8.828886386851629e-06
omnes,1.4471285159171583e-05,0.0001023439641650335
omnia,6.23524964177739e-06,1.802390709967894e-05
omnibus,1.7047748387475507e-05,2.7096225199255175e-05
omnipotence,3.22433985993e-05,8.216835188275329e-06
omnipotent,0.00011593053762799067,1.557292512232706e-06
omnium,0.00014397337071721098,2.986592809532903e-06
one,0.0005399820942646263,0.0005149448644748742
oneness,1.6242839292092827e-05,1.9201850481852988e-05
onerous,4.764793300706025e-05,0.0
ones,0.0001694038123242127,0.00013792329283301112
oneself,4.131510433135135e-05,0.00010292048388694716
ongoing,0.0,3.7252370845021455e-05
online,8.77421135338724e-06,0.0
onset,3.8772375314953596e-05,0.0
onslaught,1.7004084068877533e-05,1.0670945152112822e-06
ont,0.0,0.0
onthe,0.0,1.5440972432360653e-05
onto,6.377112207451898e-06,5.830711068613945e-06
ontological,2.5223914252700946e-05,3.5449602187718966e-05
onward,4.014660205955559e-05,1.667794499468676e-05
onwards,4.390165794176065e-06,5.794201729920535e-05
open,0.00017789268683065805,0.00022428292882860443
opened,0.00013484105384105105,0.0001225699270823531
opening,3.9186244157154666e-05,0.00017655548561406101
openings,3.3455564594581355e-06,2.0086544900667727e-06
openly,0.0005034824597976664,7.513954345783197e-05
openness,1.7502259989818364e-06,0.00015860847047282338
opens,4.3782909371044594e-05,0.00010828207161841482
opera,7.007943059812159e-05,0.000179092551085382
operate,2.6519208390688096e-05,1.3590779598602054e-05
operates,2.9673064958630087e-05,2.108250256928677e-05
operating,0.0,3.2407314105119935e-05
operation,5.1612084213320406e-05,1.3108627858279541e-05
operational,0.0,0.0
operations,5.767101181313071e-05,1.9685972893048576e-06
operative,1.0376782477975137e-05,6.488244171834238e-05
operators,3.515584272161459e-06,1.7492344638392835e-06
opere,4.785285234517962e-06,8.684099967560165e-06
opinion,0.00048131716071942696,0.0002013089298196084
opinions,0.0005207558600623717,7.515143695971463e-05
opponent,1.0533127877904498e-05,5.092315198330924e-06
opponents,5.101075041943825e-05,8.983588268033438e-06
opportune,0.00032284680395370776,0.00014239880655295175
opportunely,6.602000389464854e-05,3.6884815055496063e-06
opportunism,0.0,1.3284331642022864e-06
opportunities,1.91512322951531e-05,6.46991600931448e-05
opportunity,0.00013081131538863688,9.906185739885845e-05
oppose,0.00028203198128389623,5.454914745813442e-05
opposed,0.0003242729811875668,0.0001288244136329168
opposes,6.161500328736368e-05,4.447515054227703e-05
opposing,5.003172042175139e-05,3.185125412231977e-05
opposite,5.793427794569088e-05,3.1561298374864555e-05
opposition,0.00014724232985516446,0.0001915861692458402
oppositions,1.0903732845457564e-05,1.087961596317262e-06
oppress,0.00010837379489418541,9.990650261663181e-06
oppressed,0.00018184948910511745,4.903712261133897e-05
oppresses,5.120440328571593e-05,2.7490803552637738e-06
oppressing,1.4399336117729082e-05,1.531117244898889e-05
oppression,5.724155194901966e-05,3.855358563552155e-05
oppressive,3.078109816954031e-05,3.120782689506545e-05
oppressors,1.011168703171585e-05,4.8172191136188046e-06
opt,0.0,1.351849259997071e-05
optatam,0.0,4.630839693019794e-05
opted,1.3920813019193147e-06,2.501519713715452e-06
optimism,0.0,1.623240983945794e-05
optimistic,3.3405689496243794e-05,3.358497226691745e-05
opting,0.0,5.679945504189699e-06
option,3.1192453658025636e-06,9.708270482624064e-05
optional,2.480450031088428e-06,1.5030911222694829e-05
options,0.0,0.00013462249329157598
opulence,0.0,1.2139815014774734e-05
opus,1.289263509754015e-05,5.171389511664457e-06
ora,0.0,8.464087789314287e-07
oracle,3.0994061921241813e-06,0.0
oracles,2.887644316663747e-05,0.0
oral,1.6560516445217958e-05,7.534560772273111e-06
orandi,6.982150624088672e-07,6.807005478245605e-05
orat,6.070403885320501e-06,4.158286376124478e-06
oratio,5.102566439823673e-07,1.520746964612949e-05
oratories,1.8350996434946912e-05,6.600653927427602e-05
oratory,2.963058553305544e-05,0.00011291678990515458
orbi,5.7453034910715e-06,8.907825639688985e-05
orbis,4.809331435060185e-06,0.0
orbit,2.783010504767777e-06,7.860337444872886e-06
orchestra,0.0,0.0
ordain,0.00014815507678549424,5.297747666840498e-05
ordained,0.00020529962670385202,0.00018733881885603997
ordaining,2.18251680730551e-05,1.3359165460958893e-06
ordains,3.686777234315687e-05,2.4118226377906568e-06
ordeal,7.78120363650814e-07,1.2175142397367868e-06
ordeals,0.0,0.0
order,0.0007836389510596031,0.0006914097955274088
ordered,0.00028564848135645383,0.0004462600271195647
ordering,5.863677526104503e-05,0.00010364213693192746
orderly,3.882576448161701e-05,5.490712047023351e-05
orders,0.0007776867222326817,0.0006205255429863653
orderto,0.0,3.442950519337105e-06
ordinance,8.540335025858388e-05,1.2885667872409296e-06
ordinances,0.00011787968455323453,9.452391437592932e-05
ordinands,6.7030116684240726e-06,0.0
ordinaries,0.0007060656163036654,0.00022644979800120574
ordinariesin,0.0,0.0
ordinarily,1.2771143669477916e-05,6.898614727097991e-05
ordinary,0.00021260115015420857,0.001492166871985028
ordination,0.00012096791297480575,0.000489690540167722
ordinations,2.727042238803459e-05,9.580665945383463e-06
ordinis,3.846010615127132e-06,0.00013915474223456017
ordo,8.825612293093591e-06,3.664168992770872e-05
ore,0.0,6.551721853059141e-06
organ,9.045619492244004e-05,1.4956196933208426e-06
organic,2.9533756204739957e-05,0.00013590539739002962
organically,7.044396957463554e-06,2.526246458374324e-05
organisation,0.0,0.0
organisations,7.166350050760961e-06,0.0
organised,0.0,2.5950830124503453e-05
organism,5.3607227473689574e-05,1.7389083197777012e-05
organisms,2.845442800977491e-06,8.053123624268902e-06
organization,0.00012192641343357797,0.00011410688632237921
organizational,1.0913482406827521e-05,2.2563464212189644e-05
organizations,0.0001245497941475715,0.00012321209733155122
organize,4.062436529589479e-05,2.4646575385520582e-05
organized,8.287891558468184e-05,9.906827353233598e-05
organizedby,0.0,0.0
organizers,0.0,3.823719209116982e-06
organizes,2.800065441990976e-06,0.0
organizing,2.4621571870352383e-05,3.6399709295811486e-05
organs,2.257766751069069e-05,5.798060229638909e-05
orient,3.025770542077411e-05,6.150968255217794e-06
oriental,0.0002904634554952183,0.00012498346402018264
orientale,1.0146273500875894e-05,0.0
orientalium,3.4442945271889965e-05,4.140019798429716e-05
orientals,0.0001303620247245257,3.947498593112414e-05
orientated,2.0703325981353904e-06,0.0
orientation,2.225691621911562e-05,7.848504982918161e-05
orientations,0.0,3.319052893820442e-05
oriente,0.0,1.035745703025042e-06
oriented,3.0830767094894435e-06,4.970227612564179e-05
orienting,0.0,6.408680989270299e-06
orients,0.0,9.355672372973499e-06
origen,1.1737987120780748e-05,4.667084541941371e-05
origin,0.00024154280533820213,0.0002728005834528258
original,0.00023088175929525525,0.00020452169842510607
originality,1.0939633478731105e-06,8.945870198331598e-05
originally,4.453792997377029e-05,0.00012573307539384275
originate,1.928751366223061e-05,3.281146441160271e-05
originated,1.5163997982325747e-05,1.9979042833670855e-05
originates,2.3592724783287996e-05,2.8798239808608343e-05
originating,3.7952547145284327e-06,3.9084928231594074e-05
origins,1.9024250002070653e-05,6.0926483789407805e-05
orione,0.0,3.597365257783474e-06
orleans,1.2911319092162138e-05,0.0
ornament,5.415852966188481e-05,1.4382351749182314e-05
ornaments,0.0001067645309522318,2.814294802551765e-06
orphan,3.843340495180413e-06,9.409615061345975e-06
orphanages,1.1933190545993024e-05,5.7158909191640055e-06
orphaned,1.1670186565549688e-05,3.821908797993113e-06
orphans,1.4528877084480304e-05,2.2583469878756852e-05
orthodox,0.0001496158385162293,0.00012280946248317527
orthodoxy,1.6893957705727523e-05,2.5505545670106536e-05
oscar,0.0,0.0
osservatore,1.459270058878281e-05,9.608403452522796e-05
ostentation,2.0709465230559783e-05,1.6900384800596908e-06
ostia,7.0539444652837156e-06,0.0
otherness,0.0,1.3527333044951299e-05
others,0.0004809253325172532,0.00041290147186820106
otherwise,0.00024500330828319003,0.0001049895779818164
otto,2.164050081201957e-06,2.1368808030766723e-06
ottobre,0.0,0.0
ouellet,0.0,0.0
ought,0.000679947316169832,0.00027042541315089276
ourself,4.1233765433665164e-05,6.690994654299865e-05
outbound,0.0,0.0
outbreak,1.3845205037268185e-05,4.876733945487995e-06
outbreaks,6.646386160758058e-06,4.2527646716577715e-06
outburst,1.1316437758674506e-05,2.348184205031346e-06
outbursts,0.0,7.004121348164988e-06
outcast,2.1109670391278107e-06,1.6814831458700994e-05
outcasts,2.4405598916775042e-06,6.700325916174628e-06
outcome,0.00013303306580036186,6.558337064586404e-05
outcry,4.894825498100418e-06,2.493005008930891e-06
outdated,5.566806308370627e-06,6.172539005195041e-06
outer,8.140533460610533e-06,7.732726936718013e-06
outgoing,0.0,0.0
outline,1.8529916185407012e-05,7.453868871806164e-05
outlined,2.337594172385931e-05,2.5827538267611786e-05
outlines,1.1728463356143412e-05,3.199463460583811e-05
outlining,4.806603660360113e-06,2.8928134915550022e-06
outlook,4.9040922714789725e-05,5.972054817556116e-05
outlooks,0.0,2.1680199082950726e-05
outlying,4.021368604881719e-06,0.0
outmoded,2.9311090925391603e-06,1.7692351059188165e-05
outposts,2.6290878496975298e-06,4.442985887486921e-06
outpouring,3.4616026491385646e-05,0.0001035122794381558
outrage,3.4579123479716797e-05,1.658949085322408e-06
outraged,5.732144466053256e-05,0.0
outrages,6.265767271595104e-05,0.0
outreach,0.0,3.512506485710094e-05
outright,7.1295709042218166e-06,1.1016846700767676e-05
outset,4.312278497798693e-05,1.8984737425562847e-05
outside,0.0002677906903308783,0.00023056524185329194
outsider,4.693368264368478e-06,8.666964100302921e-06
outsiders,1.1141205942496362e-05,3.128776238563698e-06
outskirts,1.3441602591041883e-05,1.4888009833460754e-05
outstanding,0.00029930906118516267,0.00012894080873871363
outstretched,1.2663825583620833e-05,6.0848883590461825e-06
outward,4.2614963915630056e-05,4.9934235043647184e-05
outwardly,6.323642292406151e-06,8.03956275017635e-06
outwards,0.0,2.9222184472604426e-06
overall,1.9373725773165843e-06,8.959584856843744e-05
overbearing,9.304613435323818e-06,4.2011359705079675e-06
overburdened,9.609867716551838e-07,5.95243757843729e-06
overcame,1.1994294019442333e-05,2.4838760712772938e-06
overcome,0.00010998103326695462,0.00014594318571101904
overcomes,5.4425242335154595e-06,3.7045168524591995e-05
overcoming,1.609656889370084e-05,9.90068025370156e-05
overflow,1.784489372409931e-05,7.03777660684035e-06
overflowed,3.3096588741549113e-05,0.0
overflowing,4.620250999739021e-05,1.721254407679069e-05
overflows,1.638078688377234e-05,1.8536933085566058e-05
overjoyed,1.900642299759564e-05,0.0
overlook,5.2857805556178544e-05,6.604717071288808e-05
overlooked,2.1733867890280588e-05,3.509698309057536e-05
overlooking,1.2834635655572284e-05,1.5477522746069726e-05
overlooks,5.9418963504944745e-06,4.992735556016297e-06
overly,5.870214194035508e-06,1.0764269433617828e-05
overpowering,5.466263560363727e-06,3.856897122537115e-06
overriding,0.0,3.07515048768008e-06
overseas,3.46244865103793e-05,2.9253247253575445e-05
oversee,9.14933976073765e-06,1.0785444938742596e-05
overseeing,0.0,3.302488109553361e-05
overshadow,3.063361349286236e-06,2.0420959304122387e-05
overshadowed,9.052196148237746e-06,4.6817550667962166e-05
oversight,5.288281744177779e-06,7.433925773551813e-06
overthrow,0.00015737412001512374,2.556093435589276e-06
overthrown,0.00013024822651857876,0.0
overturn,5.8954138950310213e-05,9.152534136318429e-06
overturned,2.8307248345423126e-05,7.811407389000742e-06
overturning,4.026621834678152e-05,1.8981734710747747e-06
overturns,2.9705783104522045e-06,2.903033642389848e-06
overview,0.0,7.917406726713568e-06
overwhelm,2.0108110892373346e-05,1.3638516754513277e-05
overwhelmed,5.144965894797787e-05,2.3736234499170398e-05
overwhelming,4.2965275255809085e-05,9.959245110284623e-05
overwhelms,2.1175765462453263e-05,1.4107245344569615e-06
owe,0.00011752743527263781,0.00014917088125920272
owed,4.646094483361008e-05,8.102257512160157e-05
owes,6.058451294836889e-05,3.788739568597858e-05
owing,0.00012953113411314944,6.052513513216625e-06
owned,7.774723526679494e-06,1.1671048456243455e-05
owner,9.218737075430112e-06,8.825554861552056e-06
owners,3.0751688570120956e-05,2.789319424010621e-05
ownership,9.605433278810564e-05,9.271265639582611e-05
oxford,1.6397296004177528e-05,7.560577947917896e-06
oxygen,0.0,0.0
pablo,0.0,0.0
pace,1.971864137673837e-05,2.8834381380002742e-05
pacem,2.6188412573035176e-06,7.921068492987656e-06
pacific,1.4244244598018183e-05,3.033115578795278e-06
pacification,4.304416882455246e-05,2.8491670499818547e-06
pacis,6.359731357072052e-06,7.610498860907996e-06
pact,6.586840207722925e-05,1.4916304812345765e-05
pacts,4.694980487799225e-05,8.442848367744202e-06
padre,5.728917135547815e-06,4.443877431553234e-06
padua,7.849740537979154e-06,0.0
paediatric,0.0,0.0
paenitentia,2.6841573504154427e-06,6.545363734591537e-05
pagan,0.00013463600708696244,2.618108455701149e-05
paganism,4.86799068874544e-05,1.1041677745045546e-05
pagans,6.925240610250519e-05,1.9703205963826507e-05
page,0.0006490245675715289,0.00025779360410005457
pages,5.104949027538029e-05,8.393894121531784e-05
paglia,0.0,0.0
paid,0.00015893076347582208,7.020086266456902e-05
pain,0.00012580730777189133,8.78394838652476e-05
pained,4.4013498932493885e-05,0.0
painful,9.032887765405336e-05,0.0001022439283167095
painfully,2.426499799920657e-06,1.4381408381421866e-05
pains,0.00012770454313455827,1.6039358799422712e-05
painstaking,2.353541347405928e-05,0.0
paint,1.44181371887297e-06,0.0
painted,0.0,1.343024766594616e-05
painters,0.0,0.0
painting,8.231756344941536e-06,1.3816163285375626e-05
paintings,5.974423796498296e-06,0.0
pair,0.0,0.0
pairs,6.553192346130931e-06,1.521747549364909e-06
paix,3.327496883844204e-06,0.0
pakistan,1.4466494224492737e-06,0.0
palace,3.5156731361201655e-05,4.003168287305659e-05
palaces,9.560522691038953e-06,5.261544989817965e-06
palacewednesday,0.0,0.0
palatine,0.0,0.0
palazzo,0.0,0.0
palermo,1.3942541439574298e-06,0.0
palestine,0.0001793139803619846,5.807714058467534e-06
palestinian,0.0,2.4498345204761025e-06
palestinians,0.0,0.0
palestrina,7.663120932794971e-06,0.0
palliative,0.0,2.406028817674374e-06
pallium,1.3779480611090539e-05,0.0
palm,3.211126047319586e-05,5.058921303977091e-06
palms,4.526636530570534e-06,7.710200246534072e-06
palpable,2.3824252195582667e-06,3.0311652058072446e-06
pamphlets,0.00010454732919053242,0.0
pamplona,0.0,0.0
panama,0.0,0.0
pandemic,0.0,5.350041282073652e-06
pandemics,0.0,1.1121372361368472e-05
pangs,1.8955889303176727e-06,6.732999779432694e-06
panic,0.0,3.07769675747447e-06
panis,3.2064217862859638e-06,3.470166284679774e-06
panorama,1.1636031602289147e-06,1.399362676971305e-05
paola,0.0,0.0
paolo,5.193623455867252e-06,2.8273070805273444e-05
papa,2.4909626846139592e-06,5.758029512496911e-06
papacy,0.00020478521055316607,7.615690238688231e-06
papal,0.0005460299639636377,0.0001238281661113068
pape,0.0,0.0
paper,8.99698240117166e-06,2.0676053319809664e-05
papers,1.964994727062467e-05,1.301578565682626e-05
papua,0.0,0.0
par,2.297817151096138e-05,4.171995982643877e-05
para,4.97127834744151e-06,1.6238257065707262e-05
parable,1.3463746254279803e-05,0.00012200415471206974
parables,6.2864786982657865e-06,3.3292230775919634e-05
paraclete,4.013871273256434e-05,4.818738364825883e-05
parade,1.1018068593247529e-05,0.0
paradigm,2.2383460407671797e-06,2.476723269443164e-05
paradigmatic,0.0,4.456795129481995e-06
paradigms,0.0,3.3685570525222715e-06
paradise,4.761352513413983e-05,1.4186477862514527e-05
paradises,0.0,1.4131232415390841e-05
paradiso,6.867646370455589e-06,1.0420406762018377e-05
paradox,1.0880258270362547e-06,4.5314115657560704e-05
paradoxical,1.714883376092658e-06,1.9414434210365062e-05
paradoxically,0.0,1.2326029484048361e-05
paragraph,4.271723681122142e-05,6.345583022960973e-05
paragraphs,0.0,4.76506890408154e-05
paraguay,2.607416891014079e-06,1.2325070662182728e-06
paraguayan,0.0,1.5006578179825972e-06
parallel,6.6891999860154245e-06,4.4613988002681405e-05
parallels,0.0,2.1833208572419917e-05
paralysis,1.9431741723386965e-06,6.1481240206865735e-06
paralytic,0.0,5.424674269727291e-06
paralyze,1.951549568865964e-05,0.0
paralyzed,0.0,3.101871417309549e-06
paralyzes,0.0,0.0
paralyzing,4.2105387646617345e-06,6.685958387266556e-06
parameters,0.0,1.4857588421949324e-05
paramount,3.1162471620875956e-05,1.931961364022261e-05
parcel,0.0,6.025963470200318e-06
parched,3.0347221032290607e-06,9.925340886092327e-07
pardon,0.00010049373827636646,0.00014133718045877727
pardoned,1.8927002914938724e-05,1.829303652329809e-06
pardoning,6.807788421185743e-06,4.388089736465974e-06
pardons,2.222191917090891e-06,6.341730709605117e-06
parent,8.978725429503196e-05,3.817887762926332e-05
parental,1.6716553588464607e-05,9.557363967429892e-06
parenthood,0.0,3.1293428618201004e-05
parents,0.0002270189274524799,0.0003252702860493831
paris,7.808552690698002e-05,6.647293543291094e-05
parish,0.00018762488362708733,0.0002631134467612904
parishes,5.65489103735319e-05,0.00014004224225317146
parishioners,2.447234415319006e-06,0.0
parishof,0.0,0.0
parity,2.6248230229110074e-06,0.0
park,0.0,0.0
parliament,1.77707540582667e-05,1.52630330774413e-05
parliamentary,2.7928565197112907e-06,9.036697624835339e-06
parliaments,4.260676473978132e-06,4.640642475731525e-06
parma,3.2469753674513896e-07,2.268657630864177e-05
parochial,3.451446516129409e-05,7.46766947818941e-05
parola,0.0,1.2834061449269347e-06
parole,0.0,0.0
paroles,2.173483414515606e-05,0.0
parolin,0.0,0.0
parolinsecretary,0.0,0.0
parrhesia,0.0,1.05721435635146e-05
parrots,0.0,0.0
pars,2.6202230194500432e-05,1.2379101217858384e-05
part,0.00031343660878898976,0.0005196623654416357
partake,7.593854610652303e-05,2.339020373164134e-05
partaker,1.960392902054742e-05,1.7832832608719346e-06
partakers,3.9705615332895674e-05,4.3839360248336014e-06
partaking,2.4842128635246308e-05,1.0942023620406366e-05
parte,7.65375198481848e-06,2.5840755175765166e-05
partecipanti,0.0,0.0
parted,3.0123461295248766e-06,5.064074164502261e-06
partial,3.076516322194157e-05,0.00015030552081368666
partiality,2.593206797673088e-05,7.133710126663633e-06
partially,2.1334449084738034e-05,1.9910879413446392e-05
participant,0.0,3.884890472765212e-05
participants,8.934441680342522e-06,7.197738077201897e-05
participantsin,0.0,0.0
participate,6.209814100263265e-05,0.00013508427995063266
participated,1.2161893010490366e-05,1.58791429334934e-05
participates,1.3609675634895947e-05,5.165548460367031e-05
participating,1.2097445809665811e-05,4.49171025127241e-05
participation,5.0447137479473714e-05,0.0003085808004874259
participatory,0.0,1.5659470139573638e-05
particolare,0.0,0.0
particular,0.00016966619081379932,0.000609141457126984
particularism,2.5990402845155513e-06,1.4533829187020227e-05
particularity,0.0,7.720266542561467e-06
particularly,0.00022892000930265259,0.00031140444473034726
parties,0.00020628685256934642,0.00012080495993086049
parting,6.621917802917462e-06,0.0
partisan,8.574140842155148e-05,1.1972304437608632e-05
partisans,4.505077166906194e-05,0.0
partly,9.70734553362819e-05,4.269231568073132e-05
partner,3.264830312478038e-05,2.854800069733826e-05
partners,1.32509382225199e-05,3.0069132208809414e-05
partnership,6.867526981920338e-06,5.299426555022644e-06
parts,0.00020996511414007874,0.00025548775119646006
party,0.00022272900127277582,4.2970915729974125e-05
pas,0.0,0.0
pascal,6.23871080011951e-06,2.6035362490272554e-05
pasch,2.0147971133410042e-05,1.027998175717173e-05
paschal,5.236929734538409e-05,0.0002170344662655917
pasquale,0.0,3.979590996316407e-05
pass,0.0002773076517661067,0.00011623553577157599
passage,5.587401510086605e-05,9.443325126186324e-05
passages,8.072279170203773e-05,5.052815757587793e-05
passed,0.00019647469696518273,0.00013348984523988452
passes,6.444409844356518e-05,8.224922272845319e-05
passim,1.8235855318188813e-06,1.4574760553864863e-05
passing,8.872209178516134e-05,9.136286381135282e-05
passion,0.00016417998119910062,0.00020636545310497535
passionate,2.412278351599176e-05,2.4638731885301462e-05
passionately,7.5268957611507525e-06,4.450353270443472e-06
passionist,0.0,0.0
passions,0.00022251467501066012,2.3964523393099128e-05
passive,4.2264492846034085e-05,4.418607542505527e-05
passively,7.919148070136855e-06,1.2364593855788621e-05
passivity,0.0,2.171255948765018e-05
passover,5.906690606784111e-06,4.4729782970956474e-05
past,0.00024603411526840773,0.0001865034326889049
pasteurs,0.0,0.0
pastor,0.00018439956381754159,0.00025910409824500644
pastoral,0.00022041276794776532,0.0009799344977039315
pastorale,0.0,9.210438815197005e-06
pastoralis,2.378456270469526e-05,1.3122817472330692e-06
pastorally,0.0,1.0780813866473842e-05
pastores,0.0,0.0001465381073231276
pastors,0.0003258679168093301,0.00041711772710812815
pasture,1.2837803156400249e-05,0.0
pastures,0.00011040169827560474,2.3202411153500497e-05
patent,2.1534046176207813e-05,1.98163223235287e-06
pater,3.2866689976545144e-05,0.0
paternal,0.0007150860972847331,6.343546686858622e-05
paternally,8.03731717886583e-05,1.793116576821481e-06
paternity,2.2440988878912816e-05,2.4715209503517295e-06
path,0.00013717429971660543,0.0002197635697211805
pathologies,0.0,2.2248120679373315e-05
pathology,0.0,7.554326211758195e-06
paths,8.377426192454821e-05,0.00014287176340350833
pathway,1.4536702489243277e-05,7.107724496479739e-06
pathways,5.977983341730027e-06,7.362072628304655e-06
patience,9.074077300732399e-05,6.247974821376305e-05
patient,0.00013812112462958584,0.000762838338331125
patiently,6.538830019580901e-05,5.345657485463103e-05
patients,6.2939355334171985e-06,3.954905622747912e-06
patres,0.0,6.183764302700433e-06
patria,5.917445427647617e-06,0.0
patriarch,0.0003325525818799548,6.152467600159658e-05
patriarchal,6.81632986730383e-05,4.7561042001111174e-05
patriarchate,4.758667199738897e-05,1.5754054720545286e-05
patriarchs,0.0006780091531584411,5.997998111379943e-05
patrick,1.715551648502188e-05,0.0
patrimony,5.56675252535449e-05,0.00012032733665076543
patriotic,2.1752364934556818e-05,4.328580625767541e-06
patriotism,4.0557355718752703e-05,0.0
patris,1.2323020233251407e-05,1.0604754406351618e-05
patristic,2.3456673207365268e-06,2.9915483867030377e-05
patron,0.00010102830791549674,5.853895276722285e-05
patronage,0.00038419611732762164,4.005045723105985e-05
patronal,0.0,0.0
patroness,4.130824408587548e-05,2.323435722904413e-06
patrons,4.625708346044528e-05,7.265092634435196e-06
pattern,4.1770269948394145e-05,5.385731206338995e-05
patterned,0.0,3.1687021746799556e-06
patterns,1.5380552058679203e-06,4.411023806534841e-05
paul,9.477588100858542e-05,0.00044921904318945456
paula,9.867610203175316e-06,0.0
pauli,6.787392282335806e-05,3.1025690671812204e-06
pauline,5.2360611794423744e-06,1.8045819409101207e-05
paulinus,1.4298657320109185e-05,9.244419174733418e-06
paulo,1.4418741507099368e-06,9.990232524502285e-07
paulos,0.0,4.5162347713531374e-06
paulus,8.17347920084171e-07,0.00011164014201111188
pauperum,3.2064217862859638e-06,1.3553777949306138e-06
pause,5.8238393564449245e-06,5.0684868340241614e-05
paused,0.0,0.0
pauses,1.6686725706876714e-06,4.542562653370818e-06
pausing,3.6033508359331755e-06,3.843931633794439e-06
pave,7.748190844486616e-06,2.7959978795363235e-06
paved,8.411898722399679e-06,3.479786890377465e-06
pavel,0.0,1.762433851625513e-05
paves,0.0,3.1227142544521886e-06
pavia,6.345647219802211e-06,0.0
paving,6.982150624088672e-07,3.1349045867850663e-06
pax,0.0,2.1065325850761442e-05
pay,0.0001592910706549638,5.549359811422966e-05
paying,2.8934186696774964e-05,2.9256131910721318e-05
payment,0.00011335336616662612,1.0039584019395717e-05
pays,2.4933229514416773e-05,9.060762770237448e-06
paz,0.0,1.5516907230230092e-06
pdf,0.0,0.0013194584040569148
peace,0.00045458339425591426,0.0002523847500469596
peaceable,2.113989853094332e-05,5.991634894401794e-06
peaceful,0.00012056085758312092,4.549347700058495e-05
peacefully,4.3951816642046636e-05,7.306380066711178e-06
peacein,0.0,0.0
peacemaker,2.426946616000577e-06,2.6499562521476943e-06
peacemakers,4.141323206567424e-06,1.215293007967464e-05
peacemaking,0.0,9.640924500517754e-06
peacep,0.0,0.0
peak,1.7872024370974305e-05,0.0
peaks,0.0,1.3127107794926627e-06
pearl,1.492791919469186e-05,2.0790627599547505e-05
pearls,0.0,0.0
peasant,6.4303881535442365e-06,0.0
peasants,1.5747225065012366e-05,0.0
peculiar,0.00012394422439415624,5.750181584875363e-05
peculiarly,3.502440462978933e-05,0.0
pedagogical,5.210498684522225e-06,0.00011455949465389094
pedagogy,2.8264860760709236e-06,0.00010573700221911598
pedro,0.0,3.0836225262404127e-06
peer,0.0,5.27436411498642e-06
peers,1.5022660197047467e-05,7.022505523724438e-06
pen,4.0171661317126635e-05,4.8776530381544565e-06
penal,1.2142389713549981e-05,0.0003630729747968695
penalized,5.9256278667501855e-06,1.7644281392416495e-06
penalties,0.000431179192117984,8.892753769311833e-05
penalty,0.00022590376808626254,0.00025170870144992176
penance,0.0004285797945593903,0.0004882052149254944
penances,3.062854374539364e-05,1.2256332061311217e-05
pence,1.1362223583471128e-05,0.0
pending,1.2325984184345305e-06,0.0
penetrate,8.016937983415807e-05,7.149745654087016e-05
penetrated,7.463439570473365e-05,3.196019389925782e-05
penetrates,3.985411300275748e-05,3.3306777012446236e-05
penetrating,3.300130171687208e-05,4.0541908071876364e-05
penetration,9.671176484806967e-06,1.0158828861682831e-05
peninsula,2.3973979233426865e-05,5.655723769856909e-06
penitence,5.4007521941603564e-05,2.255093168911125e-05
penitent,9.471137542273272e-05,0.00014919205768966604
penitential,1.4423503910372944e-05,0.00010022691291302099
penitentiaries,2.060992861415887e-06,5.485174921299523e-06
penitentiary,6.229640314323543e-06,0.00012153083281036441
penitents,7.524964421647065e-05,0.0005067373468587115
pension,7.1523257887539e-06,2.7641004239476705e-06
pentecost,3.756480771856933e-05,0.00022696746444201624
pentecostal,0.0,0.0
penultimate,0.0,2.716892518177743e-06
people,0.00034624251209026534,0.0003462512545709482
peopleand,0.0,0.0
peopleof,0.0,0.0
peoples,0.0003881602273137216,0.00033604415673201747
per,5.152732171583246e-05,0.00012011084929307712
perceive,7.221581488092595e-05,7.716067858559674e-05
perceived,5.9918837120277954e-05,4.637223101211699e-05
perceives,1.4456106050530701e-05,5.287770775609239e-05
perceiving,3.418813585419819e-05,2.2939158406287658e-05
percent,1.9019242819862393e-06,1.3414389644921275e-06
percentage,1.505154778924686e-06,2.2068809110868145e-05
perceptible,6.4323711374799494e-06,7.054712303621125e-06
perception,1.4563510893415288e-05,3.776989533356945e-05
perceptions,1.3348936334481832e-05,5.873667523778813e-06
perceptive,2.023565497546815e-06,5.682064093203398e-06
perchance,5.764352742199417e-05,0.0
perdition,7.636936014719526e-05,1.5152112675711302e-05
peremptory,2.048392799746765e-05,0.0
perennial,2.5546922900512376e-05,8.38587531601728e-05
perennially,1.2445987852996822e-06,9.03282425263592e-06
perfect,0.00047864322037651045,0.00036998373081589586
perfectae,0.0,0.00012524960635882154
perfected,7.509308230921018e-05,5.172654654230294e-05
perfecter,1.8629653537857554e-06,4.866642027044485e-06
perfecting,4.6963189844166514e-05,2.4564795297313872e-05
perfection,0.00046441740923029945,0.00019661499268712826
perfections,9.365600951849585e-06,2.7340563740741076e-05
perfectly,0.00015205561274205754,9.75769301304062e-05
perfects,2.9078808900475968e-05,2.890994827554176e-05
perfidy,4.019595660506345e-05,0.0
perform,0.0002637015952287403,9.23799224598724e-05
performance,6.787281734664729e-05,4.564228176756266e-05
performances,9.251675272763447e-06,0.0
performed,0.00012552860304618918,0.00013681918130324568
performers,0.0,0.0
performing,7.154103618434558e-05,8.683410829927854e-05
performs,2.6544670095256297e-05,3.6114644993043045e-05
perfume,9.889224643274617e-06,7.301352496994624e-06
perhaps,0.00016657343962794605,0.0001702553197018546
peril,0.0001224923518180201,1.830002159526336e-05
perilous,2.3656897519245697e-05,1.2713915772367597e-05
perils,0.00011394173402283836,7.672665314514783e-06
period,0.00021549089312389354,0.000284294404866144
periodic,1.5558087290337267e-05,1.1224593494109036e-05
periodically,3.746990019300441e-06,3.6204275479513876e-05
periodicals,4.452729373000304e-05,1.0638120656450902e-05
periods,7.036387612611841e-05,7.820614790516929e-05
peripheral,0.0,5.916725291986188e-06
peripheries,0.0,2.4088152356411955e-06
periphery,3.4471321046609936e-06,2.220733748523092e-06
perish,0.00014148991790076978,6.0004308816069617e-05
perishable,3.1994238127100116e-05,1.586834700206507e-05
perished,8.507168717307216e-05,1.8617665428263756e-06
perishes,1.214895066801772e-05,3.560376879758941e-06
perishing,2.0109747599860622e-05,3.017612087249026e-06
permanence,5.174001614655414e-05,4.20300687265562e-05
permanent,6.477516070696316e-05,0.0004170132751185091
permanently,4.202972376304968e-05,8.46502777334476e-05
permeate,1.2456110672100962e-05,2.022126677870088e-05
permeated,6.166658569494335e-06,5.1801845174352394e-05
permeates,5.09215686872441e-06,7.576562706051932e-06
permeating,6.473636636775842e-06,2.434507358349988e-05
permissible,7.603162582523295e-05,2.1920506592416115e-05
permission,0.0003171034337200197,0.0001634475323629264
permissive,0.0,5.095621366236758e-06
permissiveness,0.0,9.544734055643061e-06
permit,0.00021924115695983612,7.681723642694826e-05
permits,8.121263881411095e-05,1.146805724260853e-05
permitted,0.0003714679446104085,0.00010291948701921477
permitting,3.610025141655387e-05,1.0434672046601356e-05
pernicious,0.00028382519791947294,1.4207020808643704e-06
pero,0.0,0.0
perpetrated,3.289741794583674e-05,2.4526682854464263e-05
perpetrators,1.640131377413598e-05,3.329750983679587e-06
perpetual,0.00027404149038248255,5.156034074538895e-05
perpetually,6.258533194334794e-05,5.163453715353302e-05
perpetuate,1.5961524556426238e-05,1.6530667427641403e-05
perpetuated,2.7790055335880822e-05,4.788304137157347e-05
perpetuates,0.0,8.430185277330159e-06
perpetuating,2.6779680069534756e-06,7.405491221502337e-06
perpetuity,6.384171515872717e-05,5.894665968612464e-06
perplexed,1.398970991945868e-05,6.466909333570914e-06
perplexity,9.099873624123036e-06,1.3017219815729212e-06
persecute,8.271873574721351e-05,2.5540588850415297e-05
persecuted,7.461494074396148e-05,3.7786081862754043e-05
persecuting,1.345338589789567e-05,1.192814729254314e-06
persecution,0.0001712515964770873,9.328746037087662e-05
persecutions,7.154951275326353e-05,6.891027215434872e-05
persecutor,6.7040224473677736e-06,1.5805900968088686e-06
persecutors,6.935651113340216e-05,1.7374871869557616e-05
perseverance,8.775517672408838e-05,3.7251545767081986e-05
persevere,9.447040899038841e-05,2.6242314417927777e-05
persevered,5.737143894573024e-05,7.508885301874371e-06
perseveres,6.267826095831932e-06,1.305838384650744e-05
persevering,4.502900553047882e-05,5.113710978907099e-05
perseveringly,1.756605075019809e-05,1.254617592707106e-05
persian,3.911710767771102e-06,5.7258557446154144e-05
persist,7.931752960378929e-05,1.5244954049479365e-05
persisted,2.6131094068531665e-05,0.0
persistence,1.979277012931364e-05,3.134087441248426e-05
persistent,5.527376011185593e-05,1.711782048864523e-05
persistently,1.921626282488151e-05,5.339594261410731e-06
persists,2.7387091901690858e-05,1.1607780498344204e-05
person,0.00020052660488348222,0.0006386628888782866
persona,5.468509713825399e-07,3.499369347960308e-05
personages,1.881793569425859e-05,4.6614000843805955e-06
personal,0.00013990873605345593,0.0005351304564839503
personalities,2.142827732559552e-05,2.221182670907948e-05
personality,0.00011179042512146089,0.0001346393282648846
personalized,2.9013087199836204e-06,4.202826414372455e-06
personally,6.204742083558576e-05,0.00011701441370457769
personified,9.869601974741466e-07,1.8384953330722862e-06
personne,0.0,0.0
personnel,2.84511972205433e-07,7.341562775491337e-05
persons,0.00032961936270663276,0.0006395079733868347
perspective,8.048005343167066e-06,0.00019347439084590887
perspectives,0.0,3.245769492731015e-05
persuade,0.00016809042255638826,2.229511087647008e-05
persuaded,0.00011505337574466054,1.8417297569486582e-05
persuading,4.700829920575889e-05,3.8179750373507535e-06
persuasion,7.123856583552475e-05,2.0350024246531537e-05
persuasive,6.31637718560094e-05,1.7419254773305453e-05
pertain,0.00021381384873134143,8.524059946588548e-05
pertaining,7.874041709513871e-05,0.00010361320038499508
pertains,0.00014681071741312157,0.00021871661422530103
pertinent,1.1094187415150083e-05,0.00014682401630687484
peru,0.0,1.4575327613266087e-06
perugia,3.97307643893479e-06,0.0
peruvian,0.0,0.0
pervade,1.921775352377235e-05,1.4684880451292362e-05
pervaded,1.253559249231466e-05,2.0251254362484776e-05
pervades,2.0896107322106505e-05,9.562795990200213e-06
pervading,4.633544213005216e-06,9.633047669951944e-06
pervasive,0.0,3.1763333611660864e-06
perverse,0.00019076468444062614,2.2264606524141054e-05
perversion,9.895462544674365e-05,7.0857174580996934e-06
perversity,4.224441026488841e-05,1.7516133367238364e-06
pervert,0.00010336871158118658,1.6399484900502027e-06
perverted,0.00013962378051227662,4.570006424651407e-06
pessimism,2.1097955146791135e-06,1.4235236238636622e-05
pessimistic,0.0,3.3848312650744926e-05
pest,3.610553417530313e-05,0.0
pestilence,0.00010604027190093855,0.0
pet,8.64604670534743e-06,1.8065226425545272e-05
peter,0.0006918057379606207,0.0003222920482533352
petition,0.00011997883940959566,7.296652397430518e-05
petitions,0.00014856629777967113,8.19606874525371e-05
petr,0.0,1.6975837465406655e-06
petri,0.00011125613540664939,3.0217105616665596e-05
petrine,0.0,4.1261895407381694e-05
petro,3.3919399752178737e-06,4.041995757921277e-06
petrus,1.8103278497837723e-05,1.5434910107240439e-06
pettiness,2.023565497546815e-06,1.345990754039916e-06
petty,3.7660936270255237e-06,1.2766003591681915e-05
peuple,0.0,1.2466163914085199e-06
peuples,0.0,1.7897902554198422e-06
peut,0.0,0.0
phanar,0.0,6.882495640489264e-06
pharaoh,2.9552060750362037e-06,5.8852671883383585e-06
pharisee,5.728588373625678e-07,2.5737313539855328e-05
pharisees,5.963216078187485e-06,1.7538813588077873e-05
pharmaceutical,0.0,1.2204315225016702e-05
pharmacists,0.0,2.6009830847138466e-06
phase,5.691858700067132e-06,0.00012452687278529813
phases,1.3336181853911667e-05,4.594917379739917e-05
phenomena,8.351221211423963e-06,3.7640686889052905e-05
phenomenon,9.812532166905793e-06,0.00015699524593466732
phil,3.1979591205117766e-05,5.3617798405742715e-05
philadelphia,5.6783001572221614e-06,1.0985124287387026e-06
philanthropic,1.1200421008385143e-05,3.597365257783474e-06
philanthropy,9.884005625276843e-06,8.349634716311232e-06
philip,2.6798029542887966e-05,1.749124157471046e-05
philippe,0.0,3.756235164863824e-05
philippi,0.0,6.116113119536578e-06
philippians,1.2979075645695739e-05,3.068711064387542e-05
philippine,9.696205974756069e-06,1.7734866225299585e-06
philippines,2.1882563528250778e-06,6.0444289138341405e-06
philosopher,3.4564705897515886e-05,6.16694317542713e-05
philosophers,0.00010577238834921566,8.127540433086718e-05
philosophical,9.922334458248552e-05,0.0002432643479857108
philosophies,1.226684981516162e-05,2.1815017876485286e-05
philosophy,0.00043935286735190824,0.00034388549148085953
phoenix,0.0,0.0
phone,0.0,0.0
phones,0.0,1.709160332301677e-06
photo,0.0,2.3875463091601484e-05
photograph,0.0,1.0034890053162973e-05
photographs,5.627717126760511e-06,8.812607992311009e-06
phrase,3.6225599009424276e-05,6.963261096909716e-05
phrases,7.070906025221872e-06,2.2464022353004447e-05
physical,0.00010459365496316322,0.00031859322329646746
physically,2.7863596443857303e-05,1.9230760734951565e-05
physician,2.4620296943186702e-05,1.963862539995175e-05
physicians,5.514305609836623e-06,0.00020964147204494515
physics,4.1961090883066914e-05,7.111334376665973e-06
piacenza,8.45180112586778e-06,0.0
piazza,2.3782082984942587e-06,1.8320590771095202e-06
pick,0.0,2.145681732135116e-06
picked,6.333079480752992e-06,0.0
picks,0.0,0.0
picture,0.0001547890944386206,0.00010234753402536844
pictures,0.00013891719417797108,1.9607011202248114e-05
pie,3.2297124262247807e-06,0.0
piece,3.590067866157883e-05,3.961187563234283e-06
piecemeal,0.0,4.5367922282266775e-06
pieces,5.2768677053479104e-05,1.8487354082142014e-06
piedmont,3.5427577237064196e-05,0.0
pier,0.0,0.0
pierce,9.117980351726181e-06,1.9088055599219606e-05
pierced,3.138273775722257e-05,5.395551980569743e-05
pierces,6.421872519844368e-07,8.577824870617858e-06
piercing,8.318200241548637e-06,7.838422935630257e-06
piero,0.0,0.0
pierre,9.490210482029173e-06,0.0
pietatis,5.468564650894539e-06,5.204104692752543e-05
pietrelcina,0.0,7.222155103047885e-06
pietro,3.3162582316909067e-06,1.8298498409152857e-05
piety,0.0012806919454203375,0.0002261823670800843
pii,5.661901087889802e-06,2.989309521413854e-05
pilate,4.334571818003266e-06,1.026380752586298e-05
pile,1.6202846441594355e-05,4.027276291476954e-06
pilgrim,1.1956402059860945e-05,8.130716089740319e-05
pilgrimage,5.330188929442701e-05,0.00015270898496060498
pilgrimageof,0.0,0.0
pilgrimages,7.997244812193393e-05,1.1254114999117858e-05
pilgrimageto,0.0,0.0
pilgrims,5.7261480368090675e-05,2.220930610541539e-05
pillar,7.463165169082348e-05,1.1256732575092541e-05
pillars,1.0159882627294045e-05,1.208587681366886e-05
pinnacle,1.0750846924609193e-05,1.469103045527409e-05
pio,9.495681430279834e-06,9.055104870496072e-06
pioneer,5.2499947982362516e-06,5.781423265962892e-06
pioneering,0.0,0.0
pioneers,1.0206822236644958e-05,3.656085894393537e-05
pious,0.0007299518571666037,9.602397093396106e-05
piously,0.00022493666804488237,0.0
pisa,1.131314196342526e-05,0.0
pit,1.1763721888256819e-05,2.457670901413218e-06
pitch,1.6515745088565424e-05,0.0
pitched,0.0,4.89624948419955e-06
pitfalls,2.240587300875251e-05,0.0
pitiful,4.164395815546922e-05,1.9287071648879336e-06
pity,0.00012168670122776184,1.1485445251511863e-05
pius,0.0007786161668578746,0.00036370419824092906
pivotal,0.0,5.264497951035386e-06
più,0.0,0.0
place,0.0003778855299207346,0.0004490543635074729
placed,0.00043278632043434,0.0001806199847095024
places,0.0005074079883254698,0.0002789595500554074
placing,2.6468838950967692e-05,5.294415549316487e-05
plague,0.00014182762111788526,1.357323022274283e-06
plagued,1.335948897873768e-05,0.0
plagues,1.2209872993279804e-05,0.0
plain,0.0001093134467786331,5.381112843491486e-06
plainly,0.00023535123010561863,8.566561320717769e-06
plains,4.161693160681565e-06,1.2722853807070544e-06
plan,0.00016349763924116895,0.0004573751172426292
plane,2.1701261393550344e-05,3.851962330160626e-05
planes,3.7817418802079542e-06,1.787932422474103e-05
planet,1.2113573590012783e-06,4.709232835555042e-05
planetary,0.0,1.930194485378366e-06
planned,1.200555101841584e-05,5.6698060050684645e-05
planning,5.872526808877463e-05,9.691325775314332e-05
plans,0.00021583081666185066,5.7999809525444554e-05
plant,3.510583258402451e-05,1.0740890876858683e-05
planted,5.298647547119584e-05,3.240744233343425e-05
planting,5.083816267142073e-06,2.6129528565307914e-06
plants,2.276809489955787e-05,6.116483587316022e-05
plastic,0.0,1.4034516609748152e-06
platform,2.656100202707133e-06,1.8516785188691958e-06
platforms,0.0,3.4524215150095926e-06
plato,1.7604284699940573e-05,1.6385519912646745e-05
play,3.015418155656147e-05,9.048435536474273e-05
played,2.9232876931126843e-05,4.0932440796749315e-05
player,0.0,0.0
players,0.0,5.303213622126183e-06
playing,4.035908227871892e-06,1.0351539089749162e-05
plays,2.1105279236962473e-05,8.58175158897073e-05
plaza,0.0,0.0
plea,2.3065092465927896e-05,2.5289109260151505e-05
plead,2.9582582812022905e-05,1.8897410773642977e-05
pleaded,2.2734926467709468e-05,3.91533304430173e-06
pleading,1.906513763412931e-05,1.802863524887962e-05
pleads,1.3652128875812841e-06,1.0727728965977653e-05
pleas,1.1000354810009921e-05,2.145320469430246e-05
pleasant,8.25490924377363e-05,4.763930087922204e-05
please,7.086310456497548e-05,6.837019638972409e-06
pleased,9.194197862471143e-05,5.042193796005048e-05
pleases,7.728068094984772e-05,1.4725496843113515e-05
pleasing,0.0002615186410325015,0.00011160768055494446
pleasure,0.00022106106547709186,2.942520183550639e-05
pleasures,0.00010564753111339044,1.4714565814901991e-05
pledge,0.0004827446016693778,6.503531570395285e-05
pledged,3.380868286722896e-05,7.647075706607765e-06
pledges,8.996995964851568e-06,7.894597817672153e-06
plenary,0.00017127569005648553,0.0002091234918150314
plenipotentiary,1.4951247230618873e-06,0.0
plenitude,5.507241120685173e-05,1.1737294089565998e-05
plentiful,2.357820088488662e-05,1.3526673530857052e-05
plenty,3.642223971568382e-06,7.059070622909603e-06
plight,3.0805154049357106e-05,9.174209648344705e-07
plot,5.755070148825893e-05,7.4314294932416355e-06
plots,7.379184369692927e-05,3.3542732466975736e-05
plough,5.874265366277819e-06,1.1035105325449426e-05
ploughshares,0.0,6.73233551239572e-06
plunder,1.2198928748783542e-05,1.4340937885248967e-06
plundered,2.7879673138396726e-05,1.4602183919207821e-06
plundering,2.540376460354601e-05,6.024427684007766e-06
plunge,2.5658425315372687e-05,4.016269908684849e-06
plunged,3.07698659173051e-05,6.1838079709061625e-06
plunges,2.1419073347254264e-06,5.057955218142944e-06
plunging,8.756527942836453e-07,8.570900818549865e-06
plural,2.9344649405405916e-06,3.7996339247798595e-05
pluralism,2.0258943334100334e-06,6.382054542054637e-05
pluralist,1.5445400592187009e-06,0.0
pluralistic,0.0,1.2878538356959682e-05
plurality,6.002454426476245e-06,3.516441051112438e-05
plus,0.0,2.5132462710070528e-05
pocket,1.2665429856152693e-06,0.0
pockets,0.0,0.0
poem,4.044229108240478e-05,2.6660653380273338e-06
poems,2.4391118693209562e-05,9.982109297307887e-05
poet,7.175669529923789e-05,1.064463359136482e-05
poetic,3.997018483303654e-06,1.4393511302502168e-05
poetry,1.3902884755598426e-05,3.683629742981171e-05
poets,1.3400953381931326e-05,7.079935238670089e-06
poignant,1.4033289895633525e-06,2.667323109457567e-06
point,0.0002795474566731244,0.0004229092758590529
pointed,0.00010974391143075755,0.00010646053634973145
pointing,3.471241425187191e-05,3.863698895021829e-05
pointless,4.029957720920354e-06,1.124307284333269e-06
points,0.00019886786413521074,0.00023668432027360828
poised,0.0,3.0368282537465653e-06
poison,0.00011861183004211513,4.342593293880823e-06
poisoned,7.397520177541922e-05,1.1329070548356852e-06
poisoning,1.5282526710810822e-06,6.197313454571113e-06
poisonous,7.781979430210752e-05,0.0
poisons,8.95530301823868e-06,2.878717974089655e-06
poitiers,3.987793012978925e-06,1.3642511280414601e-06
poland,0.00016080972901071747,4.04175859469299e-05
polandon,0.0,0.0
polarization,0.0,9.454259205464179e-06
pole,4.2135632516659995e-05,0.0
polemical,1.9256326540036652e-05,2.501519713715452e-06
polemics,1.5249580474739108e-05,3.714284205689645e-06
poles,2.250475777261815e-05,1.8648500391699507e-05
police,6.017700879558257e-06,0.0
policies,9.56087312872373e-06,4.489322147902806e-05
policy,7.25466548578989e-05,5.644353110072239e-05
poliglotta,0.0,0.0
polish,4.330179251287583e-05,9.480314151440939e-06
polite,0.0,9.524038831739278e-05
politic,1.9825480049104737e-05,3.2866267709937733e-06
political,0.000192392223009195,0.00036234185222297233
politically,0.0,1.1100083809343643e-05
politician,1.7932803207154085e-06,3.8262614785095845e-05
politicians,6.293917569138717e-06,7.132494642941705e-05
politics,5.668074561315558e-05,0.0001284716534666826
pollute,1.4096163100430431e-05,3.324842369947634e-06
polluted,1.0896935278115367e-05,6.994228573066714e-06
polluting,0.0,1.4723368926932057e-05
pollution,6.986033483934185e-06,3.448655146376153e-05
polycarp,5.3204766634033095e-06,2.0701130412143348e-05
polygamy,4.761472876933901e-06,3.2795706998761662e-06
polyhedron,0.0,6.3318289650026716e-06
polyphonic,7.761941113231935e-05,0.0
polyphony,2.2123236691275362e-05,0.0
pomp,2.6451038797469365e-05,0.0
pompei,0.0,2.1862904919953276e-05
pompeii,0.0,0.0
ponder,5.3072469726700295e-05,7.720054318432646e-05
pondered,3.091388724279601e-05,1.886875203734412e-05
pondering,2.3158234006790637e-05,2.5223153499025843e-05
ponders,6.120712473611458e-06,3.983605939131357e-06
pontiff,0.0006907892951542094,0.0008787572697152071
pontifffrancis,0.0,0.0
pontiffjohn,5.476463463970867e-06,7.796996248526384e-05
pontiffs,0.0005447153031344434,9.53072416864078e-05
pontifical,0.00013165996024314363,0.0006853891725855007
pontificate,0.0012297605266508838,0.0004033364604166671
pontificates,1.600780099857806e-05,2.5483653722984728e-05
pontificato,0.0,0.0
pontifice,2.9764099061935747e-06,3.1227142544521886e-06
pontius,0.0,8.769409506173402e-06
pool,1.9063010786718752e-06,2.2194669187711444e-05
pooling,4.77368279530979e-06,8.115895474521704e-06
poor,0.00021558517603618475,0.0003166212662308894
poorer,2.8715519553839457e-05,4.892470456201039e-05
poorest,1.0329523364055709e-05,4.854994249103873e-05
poorly,5.046264346370429e-06,1.487948375004382e-05
pope,0.00015888465022452898,0.00031959862849065653
popebenedict,0.0,2.151071377275483e-05
popejohn,0.0,1.1791769714672445e-05
popepaul,0.0,3.440785054324384e-06
popepius,0.0,4.2062376531283735e-06
popes,0.00023948344033802082,0.00010605250283442145
popesfriday,0.0,0.0
popesmonday,0.0,0.0
popesthursday,0.0,0.0
populace,2.8417642923784248e-05,1.823535109562519e-06
popular,0.00018828969021120748,0.00011518444827839307
popularity,1.5153188211516553e-05,1.5399909279743764e-05
populated,2.8646414084019653e-06,9.342962587858712e-06
population,5.626671649485521e-05,8.317672689980496e-05
populations,1.9584391968631764e-05,1.5120127702545806e-05
populi,4.941551524913068e-06,1.6311292676086848e-06
populism,0.0,8.704802088362132e-06
populorum,0.0,2.3691372424122375e-05
por,0.0,1.0958397407911139e-06
pornography,0.0,1.0733983240096172e-05
porres,0.0,1.9733771046012604e-06
port,4.1256809575007624e-05,1.724952385132456e-05
porta,0.0,0.0
portal,7.758901490811951e-06,3.6611883889264224e-06
portent,0.0,6.733518537422422e-06
portion,0.00011162629691920077,6.580447426458172e-05
portions,2.5637943069999123e-05,6.056808536305881e-06
porto,2.5132001071237515e-06,0.0
portrait,9.730634506111404e-07,1.4061600127848718e-05
portray,2.27392381386849e-05,8.042449329022413e-06
portrayal,1.3499814393327544e-05,1.3515335723681855e-05
portrayed,8.80189025499009e-06,3.882998861866136e-06
portraying,6.577867116210456e-06,3.844173259875328e-06
portrays,1.1782192808592648e-06,1.0897468999029499e-05
ports,1.4972541666356793e-05,0.0
portugal,0.0003402029440680381,1.5735723507249843e-05
portuguese,0.00010756153726146302,1.5695418664627477e-05
pose,1.1198474850284072e-05,2.3893933233240854e-05
posed,3.2214259764563356e-06,1.9091898161021757e-05
poses,7.325224782977102e-06,2.0388731791283412e-05
posing,3.918618975855296e-06,6.516741083597317e-06
position,0.00020791570802763089,0.00015831134210558356
positions,4.1433175767440825e-05,0.00011747442018005376
positive,4.261911349801583e-05,0.00022363138784641524
positively,3.671202281550803e-05,2.591245268400065e-05
positivism,3.471966643967231e-06,1.9033860414433233e-05
positivistic,0.0,3.12145111431036e-05
possess,0.0002121980455000769,0.00013673775339339514
possessed,0.00012039339454202306,8.163976737939383e-05
possesses,7.720105974776199e-05,0.00013572383189664874
possessing,3.541634308549669e-05,2.1911585048756878e-05
possession,0.00019560782457712244,9.636618003739712e-05
possessions,0.00014286359752558946,0.0001349028073198845
possessive,0.0,7.51356526710671e-06
possibilities,3.6875764518804744e-05,0.00014046962388312442
possibility,5.8843855877221775e-05,0.0002390476873441416
possible,0.0004614373539322233,0.0004981787408909801
possibly,7.77409749652461e-05,4.440640810807461e-05
post,3.849315739872479e-05,2.213343738846883e-05
posterity,8.495934369285747e-05,1.0294104306870438e-05
postmodern,0.0,8.156684470836251e-06
postpone,3.427861217495602e-05,6.507710801651127e-06
postponed,1.7482715886410793e-05,4.097779939201635e-05
posts,2.317929844107357e-05,5.220594805027624e-06
postulate,3.736459495588949e-06,5.76267576206511e-06
postulates,2.0984863143046228e-05,1.9297737522661993e-05
potent,4.584535738140854e-05,1.7990032471020368e-06
potential,4.4819200980217095e-06,7.144766117120837e-05
potentialities,1.343819599988114e-06,1.8650619575594977e-05
potentially,7.212461309020168e-06,9.231443448565639e-06
poupard,0.0,0.0
pour,0.00015993544767339075,8.293887706218176e-05
poured,0.00011485070588062876,0.00010678056708687356
pouring,2.797652773198349e-05,2.8006841211358747e-06
pours,1.5719797217745476e-05,2.807855944867682e-05
poverello,7.420841329547885e-06,0.0
poverty,0.00012373834122588346,0.00022761146052648683
power,0.0009853939059441552,0.0005854667844715062
powerful,0.00034240610426445445,0.00015805629748286783
powerfully,5.3943997362244735e-05,3.3328989300684433e-05
powerless,5.272993475139401e-05,4.582501792969223e-05
powerlessness,2.4590924825224274e-06,9.869031319529039e-06
powers,0.00029644264503122446,0.00013324829647726053
practical,0.00010565472547948289,0.00017415478822038427
practically,0.00013057079619242486,4.791154062047357e-05
practice,0.0004827035946235611,0.0004567560420762733
practiced,0.00012381583474427966,4.190723445808185e-05
practices,0.0001555352455973838,0.0001312750336510381
practicing,4.916557178069121e-05,1.0144137449763219e-05
practise,9.233948096077739e-06,5.2815051214599044e-05
practised,1.1111362877167003e-05,2.9460185758542306e-05
practising,7.0116199751148975e-06,4.543938374574643e-05
practitioners,0.0,6.626149253641716e-06
praesidium,3.2064217862859638e-06,0.0
pragmatic,1.3809094847551592e-05,1.5134201179652728e-05
pragmatism,2.6117043079146215e-06,8.870857002033845e-06
prague,8.920553016752464e-05,0.0
praise,0.00043193824925595684,0.00012338836008719982
praised,0.0001425824220969383,4.461801649804852e-05
praises,0.0001245821547686249,3.0470928294375537e-05
praiseworthy,0.00014659515086673673,5.7319660331478195e-05
praising,3.50674290237688e-05,2.2452172043292933e-05
praxis,4.345455567498653e-07,5.253797323008389e-05
pray,0.0001979907426928216,9.223264765981005e-05
prayed,0.0001083146478069628,7.59854202464946e-05
prayer,0.0003211693423680107,0.00047937531920594763
prayerfor,0.0,0.0
prayerful,1.0957669292360923e-05,2.412525421156076e-05
prayerfully,4.079064704918508e-06,8.539433724233097e-06
prayers,0.0007636983893867412,0.00022238661513252313
praying,6.464122840670621e-05,0.00012544079078805311
prays,5.385275007151291e-05,5.997201863090543e-05
preach,0.00017274448598416378,0.00011131593406173424
preached,9.587559476776301e-05,4.045502681519321e-05
preacher,4.2335876698717576e-05,4.502479461992578e-05
preachers,0.0001945365581103452,2.213851805670757e-05
preaches,5.4440674480096795e-05,1.6903032994699584e-05
preaching,0.0002598109518789964,0.00027932412835022044
preamble,9.041193759295172e-06,1.066257360214155e-06
precarious,2.22241657540481e-05,1.289431672620302e-05
precariousness,1.2058198306684565e-06,8.232912962410735e-06
precaution,4.766355350286697e-05,0.0
precautions,0.0001319822908347301,4.575002641172093e-06
precede,2.7327721880105915e-05,4.088487063639553e-05
preceded,5.580080351954105e-05,6.603195502090951e-05
precedence,2.5653761166607533e-05,3.956551348636049e-05
precedes,1.654067238684242e-05,3.6609209707638124e-05
preceding,6.680575505146679e-05,8.264072920656711e-05
precept,0.0002485909192465556,0.00019640186554830064
precepts,0.000490129869535325,5.868429380982714e-05
precincts,1.8809287442765955e-05,1.1054623604827295e-06
precious,0.00018485061348809558,0.00018773722131553062
precise,3.7452409108472725e-05,0.00013656754148371088
precisely,7.106894681815067e-05,0.00036212392821686004
precision,1.898451796651343e-05,2.258774370511142e-05
preclude,1.8194690694874706e-05,6.113737466328439e-06
preconceived,1.442097608353019e-05,5.646089827774276e-06
preconceptions,0.0,0.0
precondition,0.0,1.5118475700207185e-05
precursor,6.826830514514739e-06,1.5902774860940264e-05
predecessor,0.000576172217621881,0.00023510604188104871
predecessorbenedict,0.0,1.4696582322269578e-06
predecessorjohn,0.0,0.0
predecessorpope,0.0,0.0
predecessors,0.0007017747544431729,0.00016950927450731633
predestination,1.1629876645864079e-05,1.4509188750922293e-05
predestined,2.0034154355486893e-05,2.0460860817435678e-05
predict,6.542900754547935e-05,2.2359313974857903e-06
predictable,1.2611092282858462e-06,3.162337871180798e-06
predicted,2.111982368851489e-05,2.3235607292853487e-06
prediction,1.2894656374260964e-05,0.0
predictions,3.5253003293964578e-06,6.1351806683286495e-06
predilection,2.8361910530780902e-05,1.0035441027386302e-05
predominance,4.879735455279501e-06,4.8236452755813135e-06
predominant,1.2456956341480627e-05,2.196131824204399e-05
predominantly,7.163028988738421e-06,5.63964995376625e-06
preeminence,3.103032185419418e-05,2.0650629157803486e-05
preeminent,5.2493681673137574e-05,1.9020843339288653e-05
preface,7.598490104527199e-05,8.848485881915132e-05
prefect,3.3028971113556136e-05,0.0002998281004728627
prefects,5.4020855730802964e-05,1.807070348737946e-05
prefecture,1.7728100655084878e-06,0.0
prefer,0.00012779145523681706,2.9711010797098578e-05
preferable,5.2080095282956495e-05,1.5520359723774125e-05
preferably,4.035594828215169e-06,1.3918794651724913e-05
preference,5.069531237966792e-05,5.2741997794835066e-05
preferences,3.6645985824427024e-06,1.069020151250223e-05
preferential,0.0,6.005165195932136e-05
preferred,8.440452101641016e-05,1.1252182026667909e-05
preferring,2.3225920979017335e-05,1.2183983691275888e-05
prefers,3.367953772579988e-05,2.1744904069291734e-06
prefiguration,0.0,3.1443876240233755e-06
prefigured,1.564112110841414e-05,5.484239389596976e-06
prefigures,0.0,3.5154423531692423e-06
preghiera,0.0,0.0
pregnancy,0.0,4.4292857946985234e-05
pregnant,2.417655344968592e-05,0.0
prejudice,8.694680552719542e-05,6.513177245085026e-05
prejudiced,2.7938794112766422e-05,3.8867098046482555e-06
prejudices,5.2137602530384966e-05,1.8438829589159224e-05
prelate,0.00010232346269843766,4.858734267974502e-05
prelates,0.0002719468185584923,3.670234306059907e-05
prelature,4.873187748767517e-07,1.4452460864073251e-05
preliminary,2.0428718686272937e-05,0.00019267469225430782
prelude,1.855442352647671e-05,1.0359858364512998e-05
premature,4.1663494024843475e-06,2.821449068913923e-06
premier,0.0,0.0
premise,6.029102972834859e-06,2.5425164571817225e-05
premises,3.7368640349063365e-05,8.617372913793956e-05
prenatal,0.0,2.4850370636930226e-05
preoccupation,3.0374148340882513e-05,4.435199717475408e-05
preoccupations,2.2441302358078632e-05,1.5034128718678074e-05
preoccupied,2.1922772835006685e-05,8.905800200269048e-06
preparation,8.237219992075888e-05,0.00025418104182133695
preparations,8.160862281524291e-06,3.356582223697392e-05
preparatory,1.2599680474553755e-05,5.3586417815847605e-05
prepare,9.250087317396885e-05,8.717781807283396e-05
prepared,0.0001793810460452441,0.00026179788613598455
prepares,2.551430185660052e-05,6.150377739770078e-05
preparing,8.295810387046656e-05,0.00014970841164787757
prerequisite,6.716405719053013e-06,8.275307458971077e-06
prerequisites,2.735936194836232e-06,1.2145686583630381e-05
prerogative,4.931511649920831e-05,2.9275778536922003e-05
prerogatives,7.508167920296531e-05,2.721882846002777e-05
presage,6.209883255997669e-05,0.0
presbyter,2.5634248168859072e-06,0.00010695643842869031
presbyteral,2.1734212523049334e-06,0.00010100056412143227
presbyterate,8.12790607090043e-07,0.00011717354434489694
presbyterium,0.0,1.3358140572520385e-05
presbyterorum,0.0,0.00012960248389243947
presbyters,9.517442584652484e-06,6.530853861698769e-05
presbytery,0.0,2.3061246071140255e-05
prescind,6.307821911285438e-07,1.7977136542778034e-05
prescribe,0.00018381405446616893,5.395375125336405e-05
prescribed,0.0003665563570312058,0.00021961124673858815
prescribes,7.817314155422209e-05,9.570671281263582e-06
prescribing,8.053314325141455e-06,0.0
prescription,7.213759718512072e-05,1.923187676027444e-05
prescriptions,0.00028403614885292607,0.00035265521946843366
presence,9.661104790415138e-05,0.00029082943278609287
present,0.00041163289573555094,0.0005698012507057736
presentation,9.093295638120935e-06,9.86329638456729e-05
presentations,2.0978571634388567e-06,2.688719163653988e-06
presente,8.025057331804326e-06,0.0
presented,0.00010180898921503408,0.00021899727692942253
presenting,2.7852468727977226e-05,0.00010916979348718927
presently,2.9315531520448595e-05,1.149140446361293e-05
presents,6.491227003887936e-05,0.0001501413784832428
preservation,0.00024574902482769206,3.157549529395485e-05
preserve,0.0004931112288192917,0.0001216521171574958
preserved,0.0003072924346832654,0.00020372939363859819
preserves,5.729004431198519e-05,5.36337772716689e-05
preserving,0.00018754472657385123,0.00020784762113436393
preside,9.505793204223759e-05,6.040110670936494e-05
presided,3.404625304861729e-05,5.6098117464906275e-05
presidency,1.921257200315405e-05,2.1798664828594605e-06
president,1.5604342677384635e-05,0.00012220801335359878
presidente,0.0,0.0
presidential,0.0,0.0
presidents,8.868943217203586e-06,3.992193459783101e-05
presides,2.150857724490252e-05,2.8668509708904218e-05
presiding,2.5687138080254675e-05,1.8899621086875218e-05
press,0.00014095742521787695,1.1209667847944914e-05
pressed,9.116142517351138e-05,1.589753258140005e-05
presses,2.5028914348702914e-05,1.1581396026622858e-05
pressing,5.077514416165486e-05,7.899997351801605e-05
presso,0.0,0.0
pressure,3.222458261769016e-05,7.269253014939394e-05
pressures,1.0550045796008779e-05,4.206902282983026e-05
prestige,5.2764599753976156e-05,2.890079599386405e-06
prestigious,0.0,9.167137778510574e-06
presume,0.00018735233745305506,2.9673211180835472e-05
presumed,4.81797659306235e-05,9.349216124667375e-05
presumes,1.3439863890444973e-05,4.571770425999927e-05
presuming,2.6767139358236925e-05,3.0468089018766957e-05
presumption,3.765072481075307e-05,3.7590911541383646e-05
presumptuous,1.4559345451020007e-05,7.400355110013811e-06
presuppose,0.0,2.5288905737697736e-05
presupposes,1.02595891282321e-05,0.00010477229761605483
presupposition,4.230963623384832e-06,2.0309309022905723e-05
presuppositions,0.0,8.987649612747475e-05
pretence,2.391529923369283e-06,1.0238829007954729e-06
pretend,4.979419480336704e-05,7.109900489404062e-06
pretended,4.1712598055009984e-05,7.070041258740786e-06
pretending,3.991527441432276e-05,6.168587458356497e-06
pretends,4.412863549684685e-06,3.0924465897413738e-06
pretense,5.862964726570094e-05,1.5894436839575607e-06
pretension,1.4102269466569094e-05,3.303383845150061e-06
pretensions,7.233965971967424e-06,0.0
pretext,0.00027316543285088075,7.629668228786472e-05
pretexts,3.428187525615457e-05,1.3083323264797528e-05
pretty,0.0,0.0
prevail,9.36600966258244e-05,2.5398836623115444e-05
prevailed,8.585862476019115e-05,5.176778523126076e-05
prevailing,4.279318635350116e-05,6.12207533631023e-05
prevails,6.14050674568904e-05,1.4122520017939564e-05
prevalence,1.268139804460713e-05,0.0
prevalent,3.7463290582830425e-05,1.7172862307498837e-05
prevent,0.00026155890338819325,6.937933914585224e-05
prevented,0.00015782925771885197,0.00023981344542672205
preventing,5.8404234994387344e-05,7.32129968254942e-05
prevention,1.274209508197763e-05,4.700369310876253e-06
preventive,9.383041540132626e-06,2.4726645178869453e-05
prevents,6.336586061324671e-05,6.691245331533953e-05
previous,0.00019945192676816716,0.00014560728935309706
previously,0.00014199365215872045,0.00013496353044333502
prey,5.1872869419668475e-05,3.057990382985663e-05
price,0.00010343664451654272,7.812770336316851e-05
priceless,1.1365258372456018e-05,5.3882051992435913e-05
prices,1.7401961901783626e-05,8.073021676084768e-06
pride,0.00014383712260648978,6.818261993414757e-05
priest,0.0004859956326676833,0.000781254518764111
priesthood,0.00025444305001397465,0.00038627215558943343
priestly,0.0002019818634684436,0.0004320148509558065
priests,0.0006113626147105477,0.0010334892986446514
priestspresbyterorum,0.0,5.0460918350653906e-05
prima,3.0017049128441188e-06,8.59886982530018e-06
primacy,0.00010483389810727811,0.00015877551273266085
primal,1.0212784536357083e-05,3.361249227300805e-06
primarily,4.948165386079295e-05,0.00017730472669563513
primary,0.00011205018673247874,0.00017945142624405284
primate,3.7312260614755895e-05,4.12628019071497e-06
primates,0.0006133118318436643,2.5073664902308517e-05
primatial,9.577016266824459e-06,2.2865493495989918e-05
prime,3.502086610201752e-05,4.190216182969757e-05
primitive,5.0257736612012363e-05,1.3858696322397813e-05
primo,0.00010224661024463574,0.0
primordial,2.590203452192551e-06,9.128310763643972e-05
prince,0.000410617313285423,7.646386155941904e-05
princes,0.0005501889599160405,8.74632119028492e-06
princess,2.9764099061935747e-06,5.709670133825278e-06
principal,0.0002629810057893785,0.00023162259075634747
principalities,2.2255286680489284e-05,2.9699121776936113e-06
principality,1.7861693003521014e-06,0.0
principally,0.00014267327652469066,8.788449300217129e-05
principle,0.00028573014701091786,0.0004869538328294603
principles,0.0005360415645641653,0.000289007074775896
print,5.3473105215871024e-05,4.267848128763343e-06
printed,0.00022982076290169984,1.6575092674692955e-05
printing,1.7393529599756645e-05,1.5624441803270547e-05
prior,0.00010368788286901131,0.00018752941828714337
priori,4.100550621148017e-06,7.36999249187485e-06
priorities,0.0,1.9129341238862958e-05
priority,1.4669872411082514e-05,6.232167265948744e-05
priscilla,1.9535814856841632e-06,3.1268329382366395e-06
prison,0.00011943837049444997,4.148113603985012e-05
prisoner,1.064247564572237e-05,1.2133784013897285e-05
prisoners,2.464835003554974e-05,2.7448899470136084e-05
prisons,1.9298588262974188e-05,1.3521192823930147e-05
pristine,8.54057979860234e-05,1.6770150185690558e-05
privacy,1.3322600021723915e-05,1.3164986087909142e-05
private,0.0006225678550272446,0.00021412219401595667
privately,9.76719241439787e-05,3.219731333183451e-05
privation,1.5621431958536165e-05,1.9243527495236766e-05
privations,2.4556581183167134e-05,1.1172779203570223e-05
privilege,0.00013101829192460734,1.680532005247222e-05
privileged,3.0398105532818073e-05,9.093609461077925e-05
privileges,0.00023032632572990856,4.798098190286076e-05
prize,1.2487728504666652e-05,6.804136031508615e-06
prized,9.59472773938259e-06,0.0
prière,0.0,0.0
pro,5.2703297598427035e-05,0.00018717798210599404
proactive,0.0,2.6093326310552673e-06
probability,6.0096003122115925e-06,1.2092727180794908e-05
probable,3.9276413204108355e-05,2.3582434607486395e-05
probably,1.790218897481206e-05,4.2543729609284e-05
probe,1.961808742884836e-05,1.0851489715836503e-05
probity,6.346486674915926e-05,1.0549146987970847e-05
problem,0.00012173940199598539,0.0002127943781774589
problematic,0.0,1.072958566243192e-05
problems,9.634328898693908e-05,0.0002799653208329485
procedural,0.0,0.0
procedure,8.522996820346253e-05,8.516481283801444e-05
procedures,3.521441742608773e-05,0.00038911282537492514
proceed,0.0002106914348997523,0.0001765511106432956
proceeded,3.590126738094804e-05,6.3509868459841814e-06
proceeding,7.861087839417094e-05,0.00010766148056854944
proceedings,3.8954891063822846e-05,7.41442366406343e-06
proceeds,9.538617114874895e-05,4.439908809520611e-05
process,4.427199172351914e-05,0.0004432708739653775
processes,2.6403511459852668e-05,0.00017890779587934047
procession,6.520632797189525e-05,3.6742162342629555e-05
processions,4.7890839638022715e-05,1.5507322503124191e-06
proclaim,0.00012799078848925335,0.00019875443985369298
proclaimed,0.000159837223027382,0.00023462430438468224
proclaimer,1.8619561307106795e-06,3.9389068593765435e-06
proclaimers,0.0,7.309575739360655e-06
proclaiming,4.382518798994796e-05,0.00013661273398141507
proclaims,3.972325351452416e-05,0.00016275519642953087
proclamation,3.042724932231739e-05,0.00026468691882843346
proclamations,1.4396914722104401e-05,6.240389797313007e-06
procreation,1.9801394640513636e-05,0.00017695710774619865
procreative,6.791315348620458e-06,1.0097044477489373e-05
procurator,2.288356851409986e-05,3.775778267415565e-06
procure,7.83245138486727e-05,5.041327017714104e-06
procured,2.5632271059675706e-05,2.084380369268243e-05
procuring,3.9427454247305014e-05,3.6671565550951594e-06
prodigal,1.342078327707755e-05,9.890886946992264e-05
prodigious,1.2040134498983057e-05,1.6496009630060075e-05
produce,0.00017689750852325494,7.318268824193555e-05
produced,0.00019037157991537838,8.537371924053811e-05
producer,1.5851075071523477e-06,5.011137038899352e-06
producers,2.3274766910195618e-05,2.632377304872863e-05
produces,4.0067419802584155e-05,6.170852947221352e-05
producing,5.497441863859326e-05,3.986549384507445e-05
product,2.66025416242823e-05,2.8304124796649016e-05
production,6.492585801472991e-05,0.00024040743058246575
productions,1.0379198067167927e-05,0.0
productive,4.544290187578372e-05,3.535654938334697e-05
productivity,1.4177431091235544e-06,1.0292453222495623e-05
products,1.2119070862964841e-05,6.69477426127749e-05
profanation,2.4753448267347634e-05,0.0
profane,0.00016621713842819203,2.265794452817614e-06
profaned,3.1015213910052696e-05,1.2890252887271476e-06
profess,0.00016578832255480295,0.000144171552576178
professed,0.00014173265063982418,0.00010433342838589095
professes,4.868490285790529e-05,8.987951281506289e-05
professing,6.50060947975779e-05,2.6543110788296956e-05
profession,0.0002939403252786758,0.000314771073114899
professional,4.323051404911761e-05,9.81867445586704e-05
professionalism,0.0,1.3671359887840176e-06
professionally,6.3463307819340125e-06,1.4403073892331028e-05
professionals,0.0,1.0722847792026948e-05
professions,3.671665093654004e-05,2.389944668651913e-05
professor,1.9956598233195495e-05,1.692078437265484e-05
professors,0.00012714674170707016,2.7751075620697295e-05
profile,0.0,2.554432200739484e-05
profit,0.00026884264393463845,6.744038653470708e-05
profitable,6.81658139505208e-05,1.881439710717528e-05
profitably,4.723490517821669e-05,1.1336439997345551e-05
profiting,1.0767305893454008e-05,5.752333227631088e-06
profits,4.133155140343949e-05,4.0985876209804224e-05
profound,7.770420735203326e-05,0.00035109951295664565
profoundly,4.9463869437792815e-05,0.00018401493340044553
profundity,9.22699562300122e-06,4.5594124995097915e-06
profusion,1.5682421165808266e-05,0.0
program,9.97960929819746e-05,0.0001525939952011838
programmatic,0.0,3.4720717700546765e-05
programme,1.0366054168928968e-05,0.0001296791388599862
programmed,0.0,7.047493924199974e-06
programmes,7.802719215855675e-07,6.722000079643555e-05
programming,0.0,4.88115744813046e-06
programs,4.540670151558574e-05,0.00010427432686571175
progress,0.0002504718637315104,0.00024272809110243603
progressed,5.355155448258707e-05,5.043448114229127e-06
progresses,0.0,4.842794551515666e-05
progressing,2.973157117066745e-05,1.116936815765434e-06
progressio,0.0,0.0001043235548126811
progression,0.0,1.8933227677536265e-05
progressive,2.712726188318737e-05,4.0993254871283365e-05
progressively,1.3269927014191843e-05,9.577606547556705e-05
prohibit,8.575420972594793e-05,7.317158180406191e-06
prohibited,0.0001311978943745108,5.101860685526257e-05
prohibiting,2.0052444555626713e-05,0.00010665646025855913
prohibition,0.0001616548383093638,4.3138592979916315e-05
prohibitions,1.685337947380309e-05,2.9870129614659978e-05
prohibits,5.260084015445764e-05,1.5531959834254175e-05
project,4.2127032131556305e-05,3.601927501248567e-05
projected,9.158996385522129e-06,4.6745430043985184e-06
projection,4.891690575360197e-06,8.715977034709013e-06
projects,4.87455059971493e-05,6.157384652137409e-05
prol,0.0,9.330331967528933e-06
proletariat,4.612526295877826e-05,1.8140314596125588e-05
proliferation,2.452739299573441e-06,5.007823488255515e-05
prolific,1.1600603826301753e-05,4.476647431290036e-06
prologue,2.4040728733429134e-06,2.4068068557831823e-05
prolong,2.1587291416005254e-05,1.9877006374883853e-05
prolongation,4.810930626447236e-07,1.0786310081939033e-05
prolonged,5.446919893913446e-05,2.5843983260420038e-05
prolonging,6.160078787023591e-07,0.0
prolongs,6.312351975843203e-07,1.098276051155649e-05
prominence,1.9909986789503018e-05,5.644219092322119e-05
prominent,4.48982704686389e-05,1.783189311925179e-05
promise,0.00019652044030551763,0.0001877122165137987
promised,0.00018606303013850428,6.688961868016335e-05
promises,0.0001489905848774033,9.446570877058164e-05
promising,2.5720827064182932e-05,3.8502919881501116e-05
promote,0.0002292200871709252,0.0002461350194718343
promoted,0.00015721168099776294,0.00016575292416721326
promoter,1.6153087689311554e-05,1.9252553406958176e-05
promoters,4.9835341464118353e-05,1.0097850828469617e-05
promotes,2.987024880422553e-05,5.498184505646883e-05
promoting,9.00421478433191e-05,0.00014492718202262166
promotion,7.619617365568814e-05,0.00015638596860365552
prompt,8.937218384367943e-05,3.019342463935079e-05
prompted,5.072838645105472e-05,8.35756662405546e-05
prompting,1.3992204753250707e-05,5.1228356814881134e-05
promptings,1.7948363958931276e-05,3.5147976127164146e-05
promptly,0.00011362940252472734,1.4575278286066127e-05
promptness,1.6890066523299377e-05,0.0
prompts,2.5943541948421652e-06,2.527517169094569e-05
promulgate,5.504453045275515e-05,7.789798721096729e-05
promulgated,0.00016179305336246546,0.0003916713782080344
promulgating,2.74195463186772e-06,5.240572036405356e-05
promulgation,7.623583620908452e-05,8.562549109960896e-05
prone,3.612088715429581e-05,1.0905685420493722e-05
pronounce,3.473408338964561e-05,3.9252675788048815e-05
pronounced,7.384089879384776e-05,6.826789204303269e-05
pronouncement,5.808354084563999e-05,2.250639839767538e-06
pronouncements,3.9561921868219046e-05,1.772574635467206e-05
pronounces,1.038941206628088e-05,1.228042123440076e-06
pronouncing,3.7184710441335246e-06,5.296843216297999e-06
proof,0.00031516825460772846,0.00020733660661215002
proofs,0.00016529802777420275,6.204994071075185e-06
propaganda,0.00011666162237095908,1.9686226969839293e-05
propagate,0.00013275064972926188,7.706539363791999e-06
propagated,0.00010680476769622952,1.6609479276214371e-06
propagating,7.765590688657671e-05,0.0
propagation,0.00034745772697620093,5.723681451578041e-05
propels,4.330716063690063e-06,2.28134580326155e-05
propensity,8.410985930546805e-06,0.0
proper,0.000564527977361252,0.0007916264292116737
properly,0.00026561605072836556,0.0002805750315079296
properties,5.771259879954168e-05,5.232654545334629e-05
property,0.0004918707187519245,0.0001117370787822276
prophecies,1.692233226001747e-05,7.290779525054939e-06
prophecy,4.4196330542158276e-05,3.486329246836605e-05
prophesied,8.093423362455114e-06,5.3138446241691135e-06
prophesies,0.0,1.8617665428263756e-06
prophesy,5.381853212886848e-06,9.052077823767606e-06
prophesying,3.834719951417914e-06,3.3544448554386557e-06
prophet,0.00010550676696370067,6.63027859486681e-05
prophetess,0.0,0.0
prophetic,5.603090782680702e-06,0.0001415665057090711
prophetically,9.951340218850434e-06,9.665433193909595e-06
prophets,8.453451765494601e-05,0.00011171828063752745
propitiation,3.188215024677194e-05,3.8125059278699117e-06
propitious,3.1184869554608716e-05,1.0641334876800037e-05
proportion,9.899743315087808e-05,4.7205391548268166e-05
proportionate,4.482039912342615e-05,0.0003724476778274986
proportions,3.458424741427373e-05,1.976675440152021e-05
proposal,8.113933520865628e-05,4.1346861949520995e-05
proposals,4.071528460307433e-05,0.0001557184595826869
propose,0.00010240250270957763,0.00012473491047889105
proposed,0.00025760665270391393,0.0002236359146886019
proposes,5.516313369796351e-05,6.137047211002252e-05
proposing,3.063071153831141e-05,5.88230941529398e-05
proposition,4.808054036022572e-05,7.14569249552025e-05
propositions,9.848563418333675e-05,3.2222877167225835e-05
proprio,6.242819511512587e-05,0.0007239680393197028
proselytism,0.0,3.681873063012622e-05
proselytize,0.0,0.0
proselytizing,0.0,4.22501614631351e-06
prospect,2.2766582820880087e-05,4.379910178556461e-05
prospective,3.145368969230476e-06,0.0
prospects,2.4503362623281164e-05,3.1711557647001894e-05
prosper,6.551501104374734e-05,1.54876094369186e-05
prosperity,0.0004244349594715794,4.247397162608198e-05
prosperous,4.0533580388435045e-05,1.0694049699125305e-05
prostitution,2.3948189848544184e-06,1.696974938449612e-05
prostrate,5.4907425511582554e-05,2.5515532330655772e-06
protagonist,1.824202078367748e-06,2.8630639059320903e-06
protagonists,0.0,4.132202438687378e-06
protect,0.00020777208631667422,0.00010707950913107098
protected,9.991576913445806e-05,4.061712459240545e-05
protecting,0.00013206885209525153,5.6220160053267434e-05
protection,0.00027651629960802793,9.63721075673914e-05
protective,4.3001749835776583e-05,9.713594784934878e-06
protector,9.346394318758695e-05,4.207101102307429e-05
protectors,2.2681761943942265e-05,2.912217444014893e-06
protectress,3.257335623270027e-05,1.9401377602247594e-06
protects,3.5708607560023766e-05,1.6505085155802256e-05
protest,0.00013060651716148845,3.983629624431841e-05
protestant,1.8367515831336865e-05,1.3858632479767793e-05
protestants,8.523946282148901e-05,1.5461143889984678e-05
protested,3.872515123055701e-05,0.0
protests,6.779868976651507e-05,5.835776138199499e-06
protocol,0.0,3.755481680888897e-05
protocols,1.1090962963559475e-05,5.347561111488269e-06
protomartyr,0.0,2.1544951886723834e-05
prototype,3.515166366119382e-06,1.7571945174827614e-05
protracted,8.770146918268488e-06,5.134220203365611e-06
proud,9.106863718156672e-05,4.0802345734157876e-05
proudly,2.606297612032202e-05,2.1627049619357264e-06
prov,5.5686412057862605e-05,0.0
prove,0.00017823707549963845,0.00010093513762788169
proved,0.0002209772994711419,5.723828210819832e-05
proven,0.00015043187676291547,3.724579956305157e-05
proverb,1.3371645827344255e-05,1.5561688606818886e-06
proverbs,1.1649726745188422e-05,8.873721859842622e-06
proves,0.00011702798284970644,4.759091770452787e-05
provide,0.00039381465914349893,0.00022710738329776974
provided,0.00034590880204977015,0.00026764918158013267
providence,0.00033310907337379716,9.700421047593057e-05
provident,3.0185563054370845e-05,4.2790059056420895e-05
providential,4.1385414273907575e-05,6.716436517750633e-05
providentially,3.76393962774522e-05,1.685359633541816e-05
provides,5.5205320743236154e-05,0.00013415353107098962
providing,9.782808384991463e-05,0.00012688934259755664
province,0.00024206922288495816,1.5523762247008253e-05
provinces,0.00031093756469280045,3.78411992839482e-05
provincial,0.0001801366351671601,3.0214688400468898e-05
proving,3.829282863370603e-05,9.86796795165708e-06
provision,0.00011981944380611333,0.00018418396035914847
provisional,1.2014990818941403e-05,1.702954967686297e-05
provisions,0.00012680491453884144,0.0003936842246430582
provocation,7.906897641024745e-06,3.195617288139818e-06
provocative,0.0,3.069233843040158e-06
provoke,6.741291262558721e-05,4.304609372978893e-05
provoked,7.066538402555193e-05,1.2035333521425505e-05
provokes,9.535502998784295e-06,2.4374143090571558e-05
provoking,4.587558516671384e-06,9.835168090488395e-06
proximate,3.705041688671848e-05,8.176748822678286e-06
proximity,1.7366448416152757e-05,1.7418348736988595e-05
prudence,0.000367303020859456,8.205830196842805e-05
prudent,0.00025330846461538983,0.00014531540699991494
prudently,0.00011065350799808156,2.971416981758121e-05
pruning,0.0,3.6263944375541253e-06
prv,1.3452291715269153e-05,1.1992386521905963e-05
près,0.0,0.0
prêtres,0.0,1.7706139319960416e-06
psalm,3.397021327220548e-05,3.775694901568298e-05
psalmist,2.6699294641512733e-05,3.237215174611042e-05
psalmody,3.5391222930333245e-05,0.0
psalmos,5.238544717370557e-07,1.0191855630973738e-05
psalms,7.795182558821067e-05,2.243765392303197e-05
psalter,7.912675810086981e-05,6.620156840972575e-06
psyche,2.4081179034258757e-05,9.636511731727296e-06
psychic,0.00017764961628715975,0.0003255544640354342
psychological,5.468968530537745e-05,0.00019956666919489807
psychologically,0.0,1.0309105006683672e-05
psychology,0.00015443642574579066,0.00011975499211258038
public,0.0012126562016253723,0.00024114471089064515
publican,4.322908009511808e-06,5.2378529335511446e-06
publicans,1.6032865362084208e-05,0.0
publication,0.0001368132887031084,0.0004974031143969416
publications,0.00015236276924182084,2.0470109337166185e-05
publicity,3.034115716512816e-05,1.3314418785784274e-05
publicly,0.0003615893268010789,2.68208685949407e-05
publish,0.00016716926965273845,3.889485692595874e-05
published,0.000558157678029285,0.0002687544321999105
publishing,6.463042846007002e-05,1.1433150436646871e-05
puebla,0.0,2.3595989189329857e-05
puerto,0.0,0.0
puffed,3.300988449432147e-05,0.0
puglia,1.7919979436560715e-06,0.0
pulchra,0.0,1.7955297538403406e-06
pull,3.0063837686443845e-05,4.355363953157779e-06
pulled,2.5895352146579896e-06,4.258920113669035e-06
pulls,1.073719957067501e-06,1.382963002830325e-06
pulpit,3.9771538117136655e-05,2.8581121765215295e-06
punish,0.0001153814424655606,3.4773306839439455e-06
punished,0.00013070985505536474,1.872951676709155e-05
punishes,0.00010183733615834978,5.807344487952581e-06
punishing,5.036986298058522e-05,0.0
punishment,0.00032866208786954553,0.0001839727203102392
punishments,0.0002023587909527592,5.6963145230958075e-05
pupil,1.703358915469364e-05,2.725261738156205e-05
pupils,6.305531697335921e-05,4.8103330777281525e-05
purchase,3.112922654495261e-05,2.2274217406434263e-05
purchased,4.913407698184447e-05,1.1525244601020972e-05
purchasing,2.9886639078268963e-06,1.508837663539786e-05
pure,0.0002112822393707207,0.00011563186114354221
purely,9.931447475280976e-05,0.0001572427151252679
purer,1.6718844786108687e-05,1.8558259716662382e-06
purest,1.701642758286487e-05,2.279030490629572e-05
purgatory,9.200980051236066e-05,4.654093577833343e-05
purification,0.00010248070987010493,0.0001340586334642719
purified,8.846993415614283e-05,0.00012478045820142882
purifies,5.302601435209064e-06,2.6803733955914285e-05
purify,1.3637210953453251e-05,4.833929724371333e-05
purifying,4.682277777181728e-05,3.090576826058161e-05
purity,0.0002195094732561516,5.7790265259228795e-05
purple,2.411649234308351e-05,0.0
purpose,0.0006007743446424569,0.0004275944921472596
purposes,0.00011191372170991668,8.29851095488239e-05
purse,4.667856797802339e-06,0.0
pursue,0.000127943259240697,4.927623961538991e-05
pursued,4.012452920272068e-05,5.4103992744707065e-05
pursues,2.9073143656023703e-05,1.4218806962594375e-05
pursuing,5.281715926677167e-05,5.8731854430873964e-05
pursuit,6.929492843505937e-05,8.131438307925853e-05
pursuits,8.374330634798042e-05,7.464196814501833e-06
push,5.117501203825176e-06,1.6378775804736067e-05
pushed,1.3107192369855158e-05,3.7704207478206092e-06
pushes,5.7725324089528215e-06,3.5425497086283433e-06
pushing,0.0,2.8385908637147105e-06
put,0.000389663508906541,0.00024213829786784322
puts,5.610049456131095e-05,0.00010402508074065408
putting,9.97805664024305e-05,8.338122639221045e-05
père,0.0,3.0852958748341733e-06
pérez,0.0,0.0
qua,1.4905412169872724e-05,0.0001083232280978222
quadragesimo,3.572399838012565e-05,0.0
quae,3.0091295715249885e-05,8.418272965503414e-06
quaedam,2.3330101737821664e-05,0.00010650660105350148
quaerere,0.0,0.0
quale,0.0,0.0
qualification,1.0634816317710033e-05,0.0
qualifications,1.75093996994444e-05,2.0360405220753062e-05
qualified,4.822969791085049e-05,0.0002716259298743906
qualifies,0.0,5.177736906799267e-06
qualify,1.4377790294216609e-05,1.1842470329995976e-05
qualifying,5.415589204075791e-06,0.0
qualitative,1.588426906856621e-06,0.00016757006711880514
qualities,0.00013696787934455054,0.00021436730219371054
quality,5.949216780019173e-05,0.00010841444625820455
quam,4.4475391804507915e-05,1.1705498565090614e-05
quand,0.0,0.0
quantitative,1.7904419835296346e-06,1.7951110887084604e-05
quantities,8.065582171887842e-06,2.9023279210375533e-06
quantity,1.0500979405142233e-05,1.508705684440637e-05
quarrel,1.2057766723057458e-05,1.124307284333269e-06
quarrels,6.418151036116539e-05,9.580042628682337e-06
quarter,3.4874976122036206e-05,1.1695275562823574e-06
quarters,4.776573162993446e-05,2.5766054177661262e-05
que,7.765307958900033e-05,0.0
quebec,1.3980185645152503e-05,1.8067328304248741e-06
queen,0.0002575982857358943,6.47196214857921e-05
quench,3.525461677212435e-05,2.23863865971314e-05
quenched,1.7212046720401216e-05,5.354413571784502e-06
quenches,2.720554367820995e-06,4.808503201233752e-06
queridos,0.0,0.0
quest,2.1793112853215738e-05,8.795990584442887e-05
questa,0.0,0.0
question,0.0003245385596456518,0.0007288431780691681
questionable,5.337259673036983e-06,2.0848741585053007e-05
questioned,2.5266454196380835e-05,1.9212046614182337e-05
questioning,3.711471365677487e-05,4.086763477270856e-05
questions,0.00015121249813474362,0.00044571830726688626
questo,0.0,0.0
qui,3.0206927234337575e-05,0.00013740341760835274
quia,2.5275955083830133e-05,7.513217972519589e-06
quick,4.74724937787055e-05,3.5925270003861614e-05
quicken,5.756121106582349e-06,3.187622142562889e-06
quickened,4.818893766600413e-05,6.445916434685747e-06
quickening,2.096874987055042e-06,8.461468272754439e-06
quickly,0.00019002965955092517,4.764650509503657e-05
quiet,9.427624427768817e-05,1.870844879425095e-05
quietly,2.7581728372695646e-05,2.279083463058396e-05
quinquennial,0.0,1.1212607384629512e-06
quintessential,0.0,0.0
quintus,0.0,7.644295594314949e-06
quite,0.00020408479834900287,0.00013005012448634386
quito,2.278285694337092e-05,1.3122817472330692e-06
quo,2.0281950956756345e-05,1.222939154759253e-05
quod,6.319645921930882e-05,0.00018977946702412947
quotation,0.0,2.0623433339780013e-05
quote,4.498170096300541e-05,3.070490522532957e-05
quoted,4.329863064762764e-05,0.00012028070506371446
quotes,1.0785839597725915e-05,1.990564510360541e-05
quoting,1.5777680481318766e-05,3.539711046085278e-05
rabat,0.0,0.0
rabbi,0.0,6.151453023236647e-06
rabbis,0.0,0.0
race,0.0004540844598139155,0.0002263039236682907
races,7.158531086852533e-05,2.030151958198152e-05
racial,2.9270758872962536e-05,2.1366518736396782e-05
racism,3.570214852434047e-06,4.5722691053995366e-05
racist,0.0,9.509252906893539e-06
radiance,7.295530450001407e-06,3.334552196818261e-05
radiant,2.1611797817671374e-05,5.718201377860673e-05
radiate,1.36979336804004e-05,3.503206055893356e-05
radiated,4.438743480719079e-06,8.627905973144936e-06
radiates,1.5807425433500348e-05,3.384322934899027e-05
radiating,0.0,3.1792484392221785e-05
radiation,1.0366267420181133e-05,1.1143096252068783e-05
radical,1.1060690960188648e-05,0.00018111313335840185
radicalism,0.0,1.4471012908507492e-05
radically,8.689462613338896e-06,8.865809088071664e-05
radicalness,0.0,3.0755903224836982e-06
radio,8.02719280125868e-05,3.1828528357174284e-05
radiomessaggi,1.029245939090788e-05,1.3929899278946184e-06
radius,3.0523415738291406e-06,2.954702043745728e-05
rafael,0.0,3.7278863291302205e-06
raffaele,0.0,0.0
rage,8.611598240441153e-05,0.0
raged,4.47858331879467e-05,0.0
rages,2.6222660577087243e-05,2.431810139706457e-06
raging,7.399275571038997e-05,3.172043580807257e-05
rai,0.0,0.0
rain,1.2956377414730838e-05,6.95282680125309e-06
rainbow,1.204897379411605e-05,0.0
rains,0.0,0.0
raise,0.0002454800465984079,9.748854433408333e-05
raised,0.0002665997759313633,0.00016525167765847243
raises,4.945424839007505e-05,7.009721132624394e-05
raising,5.282256502153128e-05,8.676667489705018e-05
raison,7.147194922400827e-06,1.748827393734844e-06
rally,1.7276397567168052e-05,0.0
rampant,1.967676871507344e-06,2.554002493059942e-06
ramsey,0.0,0.0
ran,2.0333066539979927e-05,2.7851786606746674e-06
rancour,4.579775474745159e-07,1.1763333285811053e-06
random,1.876936574511446e-06,5.61586425635699e-06
rang,5.440582031342722e-06,0.0
range,2.5078799424943363e-05,7.37491638684752e-05
ranging,1.4370298054320147e-06,1.2562200010027696e-05
rank,0.00027982153630733055,7.914435501553838e-05
ranks,0.00020967108060663715,2.3508673577557787e-05
ransom,4.4258224725402806e-05,3.993858254866813e-05
ransomed,7.119776192236066e-06,1.5137661457354375e-05
raoul,0.0,0.0
raphael,1.3687305124230628e-05,0.0
rapid,3.637958601712395e-05,5.597692785074196e-05
rapidity,1.1553397070786301e-05,9.254373703963059e-06
rapidly,6.517712141473431e-05,2.043612711548841e-05
rapport,0.0,4.033078745480982e-06
rapprochement,2.540016316673569e-06,3.735849252639908e-05
rare,4.7149704187313474e-05,4.3589050220896756e-05
rarely,5.280033796668669e-05,1.3876385227691218e-05
rash,0.0002116794501976564,3.7601599134299452e-06
rashly,0.00023629735188649065,4.187042755435132e-06
rashness,9.4294137600985e-05,3.0999319796047305e-06
rate,4.7009893723555194e-05,1.9264593636276973e-05
rates,3.712246852530163e-06,1.8830151297616763e-05
rather,0.00045980116530682294,0.000367233638511015
ratification,1.73925818287232e-06,1.800013180562854e-06
ratified,7.133776061114973e-05,4.683813587954634e-05
ratify,1.8126812584708636e-05,6.6536251199642355e-06
ratio,1.0538742423562452e-05,7.813289779197041e-05
rational,5.411035866596309e-05,9.927099787900987e-05
rationale,4.153989240454772e-05,4.1668673036927505e-06
rationalism,5.599153018329416e-05,2.675999094969247e-05
rationality,8.390849300363557e-07,7.326576169631645e-05
rationally,0.0,1.1557548666076825e-05
ratzinger,0.0,6.856035930885755e-05
ravaged,3.4524776240186188e-06,3.116332655115577e-06
ravages,1.875168773455303e-05,2.987390026311331e-06
ravasi,0.0,0.0
ravenna,3.512411963377027e-05,0.0
raw,3.364863878395695e-06,2.4841552252068892e-05
ray,1.683845575002392e-05,2.944306221118459e-05
raymond,2.1705805948152356e-05,0.0
rays,4.166231638723036e-05,6.930556971889653e-06
raúl,0.0,1.3652229177207013e-06
reach,0.00014344588795723012,0.00019024781699171622
reached,0.00018568090338615093,0.00019118954537700742
reaches,5.1506515795075384e-05,7.371011307661129e-05
reaching,4.033359333425699e-05,6.20279815019858e-05
react,2.975856986230714e-06,1.4539308846322187e-05
reacted,0.0,1.3426534345262319e-06
reacting,3.944595656485765e-06,0.0
reaction,9.204838291668546e-06,0.0001680215991641452
reactions,3.8199183994210465e-06,4.639236952027679e-05
reacts,4.776014079370718e-07,1.6752478502369234e-06
read,0.00020839825991890985,0.00019683793550684462
reader,3.8762726034303694e-05,2.096712549061734e-05
readers,2.8344475919711164e-05,1.1418691553036036e-05
readily,0.0002130198284958729,0.00013063794996930427
readiness,3.8862379115128927e-05,0.0001012289968144829
reading,0.0001130191081095155,0.00011456715283632637
readings,2.044319436636051e-05,0.00018650149734430462
reads,1.4690228990252204e-05,5.5205728792906636e-05
ready,0.00022924372893777897,0.0001395763442370005
reaffirm,5.111879059158101e-06,4.857872114883143e-05
reaffirmation,0.0,5.932177145396221e-06
reaffirmed,2.052225852353544e-05,5.0496976182396215e-05
reaffirming,4.821223496873657e-06,2.4176291837535546e-05
reaffirms,0.0,5.34740355173051e-05
real,0.00016448610181760321,0.00037340566698601155
realisation,0.0,0.0
realise,5.6747317515224615e-06,0.0
realised,1.862898662994864e-05,3.2492677381163625e-05
realism,1.3997785956561491e-05,3.8310490503356984e-05
realistic,1.0361755608524419e-06,4.452940670996735e-05
realistically,0.0,1.3600314622672265e-05
realities,9.985483432053513e-06,0.00021310851532879512
reality,7.611212437467844e-05,0.0003986446773982614
realization,9.225205585069775e-05,0.00017067165143161067
realize,0.0001849306287535234,0.00015703283795260925
realized,9.790737793657889e-05,0.00011058214654447075
realizes,9.434941414325855e-06,2.161614348664594e-05
realizing,3.399556732613331e-05,4.610525428421831e-05
really,0.00015843184776381992,0.0002727198237679395
realm,0.0001139087330958049,7.197087884697438e-05
realms,1.3707432394984041e-05,0.0
reap,3.986769944015937e-05,2.086708801317924e-05
reaped,2.377764930483094e-05,8.21140051412966e-06
reaping,1.7435550511352272e-05,2.0554938766445263e-06
reappear,1.3782221880813726e-06,1.1150764743803936e-05
reaps,3.586706882120865e-06,1.9814500109382657e-06
reason,0.0008328412946225669,0.0006975830540633801
reasonable,0.00014576748167912526,9.52892448666168e-05
reasonableness,1.809158652180542e-05,2.5697240924929002e-05
reasonably,3.6646300941801265e-05,7.626463466341874e-05
reasoned,1.1599696527882535e-05,0.0
reasoning,8.270400705056796e-05,3.084935024633193e-05
reasons,0.00033681768741605,0.00039340894237629737
reassert,1.3638938575636753e-06,1.58604141235734e-05
reasserted,1.497119784959486e-06,0.0
reassurance,0.0,6.119822203178081e-06
reassure,2.818981165787599e-07,3.0038291379566077e-06
reassured,2.777017698604608e-05,3.174310881157265e-05
reassures,0.0,2.9364807793870153e-06
reassuring,1.8434842936230678e-06,1.5765644110469746e-05
reawaken,6.222241940430381e-06,2.1290405816590413e-05
reawakened,2.216366769230329e-06,0.0
reawakening,2.2956219965328886e-06,1.9833574088737714e-05
reawakens,3.0898566935246795e-06,1.2090117725416456e-05
rebel,1.7789329948394956e-05,8.565106198315052e-06
rebelled,2.0640380926321975e-05,0.0
rebellion,0.00014201213663356333,1.4627789109172885e-05
rebellious,6.16333729902529e-05,3.2016165685319913e-06
rebels,4.101371525257954e-05,8.860307659162933e-06
rebirth,4.01286335732791e-06,3.248366418250379e-05
reborn,3.9467941650950974e-05,3.590431634735425e-05
rebuild,2.174207864157128e-05,1.117411124935022e-05
rebuilding,7.137613962620927e-06,9.529048359576278e-06
rebuilt,4.902516726921026e-06,2.306612479054363e-06
rebuke,7.113516211150855e-05,7.468418190826141e-06
rebuked,3.9353988461704165e-05,8.190100518437886e-06
rebukes,5.654981436244267e-06,3.4102308917330464e-06
recall,0.0003679711467982384,0.00020322926061106547
recalled,0.00010856503414298666,0.00014254069500666949
recalling,7.18562506881959e-05,7.12106698051177e-05
recalls,6.380692109522512e-05,0.00011145046570077089
recapitulated,0.0,1.4165784280709977e-05
recapitulation,5.049550594158034e-06,5.304106611967271e-06
receive,0.0004613357616294733,0.00044548653526330025
received,0.00046648253677462925,0.0004190811558813285
receiver,7.240424020850709e-06,1.6309971968612006e-05
receives,7.50743477223365e-05,0.00019831987321656508
receiving,0.00019858509729746526,0.00023607603038443563
recent,0.0002346242650869076,0.00024237114847750827
recently,0.0002756789702374229,9.412642617421946e-05
reception,0.00013362555774385464,9.584523555574096e-05
receptive,2.348633031496373e-06,2.338038608247035e-05
recesses,2.2892344962274285e-05,5.798671011598365e-06
recipe,0.0,1.2410876896753656e-06
recipes,0.0,2.8066792878000697e-06
recipient,2.9916093914791044e-06,4.2451097258430305e-06
recipients,2.348460774011837e-06,4.0985732671303044e-05
reciprocal,4.423373700548679e-05,4.884131724722746e-05
reciprocally,8.330862386726548e-07,1.1803292015324692e-06
reciprocate,1.1083773710686586e-06,1.0263135531904157e-06
reciprocated,0.0,0.0
reciprocity,6.48120019080254e-06,3.363963160902202e-05
recital,3.947742117510883e-05,0.0
recitation,7.439410916360229e-05,8.363151438429552e-05
recite,9.518936723106247e-05,7.445047181741334e-05
recited,0.00010721384391230589,4.286112285730245e-05
recites,3.5435743069984244e-06,1.0594825325398858e-05
reciting,8.97777977135861e-05,2.1791202708619952e-05
reckless,5.79257720715069e-05,3.0461254081530616e-06
reckon,5.079984326258776e-05,1.7377454689635414e-06
reckoned,0.00011323478067435336,1.6393587541644277e-06
reckoning,2.5942157039623455e-05,8.435311750481629e-06
reclaim,0.0,3.796499815368154e-06
reclaimed,2.1272199627022455e-05,4.511079580806056e-06
recognise,1.7356090720836558e-06,7.234136649079919e-06
recognised,1.094160821899403e-05,1.923739477779065e-05
recognises,6.909214002208954e-07,0.0
recognising,1.6954297743126457e-06,0.0
recognition,4.600049837843118e-05,0.00031784400552720653
recognizable,0.0,4.573397714853181e-06
recognize,0.000179314276233614,0.00020937421653798678
recognized,0.000147043655409809,0.000265936369952894
recognizes,5.37655144404376e-05,0.0001021821865914106
recognizing,4.484840003449582e-05,0.00011828972064675412
recollect,1.1553207241026892e-05,1.3969610023540324e-06
recollected,0.0,4.590706819167696e-06
recollection,5.547754626774619e-05,1.9532842817638138e-05
recollections,3.5775525023333106e-05,1.2579063494482664e-05
recommend,0.0001968544316857385,3.6191491224772e-05
recommendation,7.176216101304629e-05,3.7571872417192826e-05
recommendations,7.013225600980618e-05,3.113174910643569e-05
recommended,0.00020538260459099721,0.0001555170071325949
recommending,3.0065454998843816e-05,5.6880685563271866e-05
recommends,4.293131493337631e-05,1.0871443841511519e-05
recommit,0.0,2.1799347077081906e-06
recompense,5.69345396213176e-05,2.0419534898460257e-05
reconcile,5.887368124059104e-05,4.952498985608769e-05
reconciled,8.267982528106201e-05,0.00022611132266765456
reconciles,7.4106664095908864e-06,4.973168300182281e-05
reconciliatio,3.666981302159389e-06,0.0
reconciliation,5.8406371056517444e-05,0.0004201705394370582
reconciling,1.9575882781580127e-05,4.025542499130437e-05
reconfirm,0.0,9.047473669935741e-06
reconfirmed,0.0,4.960390127408591e-06
reconsider,0.0,1.762003462543142e-05
reconstruct,2.5772892601604067e-06,5.5608466824411304e-06
reconstruction,1.5601046465597946e-05,3.0199961215992217e-06
record,0.0001611878886476744,5.563775171785106e-05
recorded,9.146753909756819e-05,5.421986691347453e-05
recording,1.4359835805993935e-05,2.337070221671487e-05
records,7.100427190636014e-05,3.376184055569953e-05
recount,3.076153190871253e-05,5.055306090814814e-06
recounted,2.0492489409891946e-05,7.198690304473357e-06
recounting,1.802757190993471e-06,1.4546635302351314e-05
recounts,5.626402030069109e-06,1.8473777437836683e-05
recourse,0.00024044286434105215,0.0002725918673055523
recover,2.1360135660781344e-05,0.00015511642456479414
recovered,4.0461904865540506e-05,1.748628749420342e-05
recovering,0.0,1.9531958498398916e-05
recovery,3.5661031572381234e-05,2.7326197053843212e-05
recreate,0.0,0.0
recreated,2.7608595012856704e-06,1.8921877535949653e-06
recreation,3.746071020518457e-05,2.6742014737304848e-05
recreational,1.6289936183923416e-06,2.2166121114885388e-05
recrimination,1.5553117979172688e-06,0.0
recriminations,2.9348265357500805e-05,9.153772765415563e-06
recruit,2.3000415400462536e-05,1.8508334085038099e-06
recruiting,8.41276693927023e-06,0.0
recruitment,1.2703484882602452e-06,8.000421067722278e-06
recruits,1.3263808624440256e-05,0.0
rectify,7.174391580060138e-06,7.0511100296491525e-06
rectitude,7.000204929865672e-05,9.172055529781009e-06
rector,4.1577734518780283e-05,0.00014594465958145408
rectors,2.9548416256711197e-05,1.8000973922157935e-05
recur,4.59994382125532e-06,0.0
recurrence,2.0805133298138723e-05,1.1113395343920055e-05
recurrent,4.755548809885855e-06,0.0
recurring,6.70164020065199e-06,7.600837265902355e-06
recurs,0.0,5.055127634174068e-06
red,5.421832678488908e-06,1.6410169783794717e-05
redeem,2.9876245121349647e-05,3.283850811215272e-05
redeemed,0.00011957556371976436,0.00018305091558561105
redeemer,0.00048389202383755404,0.0002450716296345536
redeeming,1.928571651291876e-05,6.220642665999384e-05
redeems,4.910474512426546e-06,2.2596730145399977e-05
redefine,0.0,0.0
redemption,0.0001697541758919312,0.00039135990013713207
redemptionis,0.0,5.989820699090723e-06
redemptive,4.73372716570425e-06,0.0001306304956964777
redemptor,1.8169172827914353e-06,3.046230461232555e-05
redemptoris,4.313331161816419e-06,9.550476913501187e-06
redintegratio,1.1404831441062134e-05,0.00017790198917033546
rediscover,6.284158536112439e-07,6.993121235565048e-05
rediscovered,6.977294793481866e-07,6.507142568266357e-05
rediscovering,2.7895086134127587e-06,1.3354227687830461e-05
rediscovers,0.0,1.4081048999584336e-05
rediscovery,0.0,0.00011166951239291582
redistribution,0.0,1.271174796314277e-05
redouble,2.0719235284881658e-05,0.0
redoubled,7.192810079182175e-05,0.0
redound,3.6530205631048224e-05,3.231866126479388e-05
redounds,2.4040277026491228e-05,8.999652124355812e-06
redress,2.598123073847425e-05,5.117407201229888e-06
reduce,7.444918863945415e-05,9.211127781309471e-05
reduced,0.0001353020036835878,0.00011914548872340175
reduces,2.8174670473861006e-05,3.73548204558503e-05
reducing,1.5755926176630507e-05,4.583092573815897e-05
reduction,1.9974191856042045e-05,6.413905989700578e-05
reductionism,0.0,2.2385689405848635e-05
reductive,0.0,1.9088731160598918e-05
reed,1.3069236717963551e-05,1.2053805694881032e-05
reestablish,2.9049712139903477e-05,1.845696750348256e-06
reestablished,6.047937644647539e-06,2.056937113603585e-05
refer,0.00012666468461466508,0.00010853855033828002
reference,8.869419341216285e-05,0.00026702421171761673
references,0.00016304044233964837,2.8429220791387074e-05
referred,0.00012731811982578644,0.0002098723489709984
referring,6.14384663927894e-05,6.83061074221574e-05
refers,2.019591577852772e-05,0.00014037526931329731
refine,6.642923122397581e-06,2.613170258989146e-06
refined,4.4792288058938594e-05,1.2410255628316097e-05
refinement,3.279605772747562e-05,6.099185591203939e-06
refining,1.6432701327528597e-06,6.471576004338873e-06
reflect,7.501894825214363e-05,9.915511878502524e-05
reflected,2.271643708984457e-05,0.00010936542265524783
reflecting,5.332327730299476e-05,2.7589787698014823e-05
reflection,4.541815513956106e-05,0.00024489524236537914
reflections,1.4326049364261027e-05,0.00010692901786668379
reflective,0.0,8.88819540449457e-06
reflects,1.3268422127017642e-05,0.00010455755802839965
reform,0.0001487535923918143,0.00040528893777348914
reformation,0.0002631231182571753,5.631249102294925e-05
reformed,2.3764785954538175e-05,6.166426870658957e-06
reformer,2.577505207728953e-05,5.257640118532168e-06
reformers,6.40582241225948e-05,2.554862238361323e-05
reforming,1.626951705148098e-05,1.157476696657023e-05
reforms,4.575704107429824e-05,1.9841804346057362e-05
refrain,0.00013237392354085363,6.427444563764662e-05
refraining,1.7282487129457058e-06,9.008043384471768e-06
refresh,3.410646931491242e-05,3.976918843195675e-06
refreshed,6.504960141572624e-05,2.449220713682971e-06
refreshes,9.03047886448361e-06,2.802576664568428e-06
refreshing,0.0,7.004121348164988e-06
refreshment,1.7465815264933192e-05,6.914168326167181e-06
refuge,0.00012792109531197627,5.771332481048791e-05
refugee,5.661767980237497e-06,2.7113864462958e-06
refugees,4.373900282513432e-05,8.069666732689512e-05
refusal,1.9017235048811094e-05,6.865906812475704e-05
refuse,0.00025635167660392646,7.357619737080655e-05
refused,0.00011723798881130092,3.933423434501229e-05
refuses,3.339091480540899e-05,3.198432341974914e-05
refusing,4.918145628741738e-05,6.712692384454842e-05
refutation,3.0386671071725875e-05,0.0
refute,8.428487072220627e-05,2.1232599268443912e-06
refuted,6.085246367826893e-05,4.546225197646358e-06
refuting,3.890370825252636e-05,1.2006041264690432e-05
regain,2.807591587386435e-05,4.670658849092542e-05
regained,2.605395574522942e-05,6.591359754597041e-06
regaining,1.7223748279549513e-05,3.83636030636096e-06
regains,1.2894831679654415e-06,8.690129604602552e-05
regal,1.255520778677201e-05,1.5338671213569414e-05
regard,0.0003284956166792833,0.0005351221763450834
regarded,0.00017456666840776327,0.00011885890030599645
regarding,0.00016243041365870722,0.0004908803611765489
regardless,1.3892628685551994e-05,1.9607248050945158e-05
regards,0.0002241775829964892,0.00013247864765203037
regenerate,2.640478238596916e-06,5.114922978952032e-06
regenerated,8.181132309826744e-06,4.1118836532237166e-05
regenerates,7.344754058976825e-07,3.6137657111082363e-06
regenerating,2.584947030790732e-06,0.0
regeneration,4.7144259287586954e-05,2.9226531251589992e-05
regenerative,0.0,1.4187487703352602e-05
regensburg,0.0,2.0141799847743955e-05
regent,0.0,0.0
reggio,0.0,0.0
regime,2.4286137246590582e-05,1.498016029964518e-05
regimes,3.022810774169832e-06,2.795508859522721e-05
regina,0.0,6.358523842592537e-05
region,8.817699924945237e-05,7.753811889928204e-05
regional,9.26709287118089e-06,7.773358923187592e-05
regions,0.00038776268946950665,0.0001702424738907385
register,9.364720816811049e-06,0.00020888377342641245
registered,3.964577311781282e-05,1.29164078046924e-05
regression,1.4579115933221949e-06,4.097852390804207e-06
regret,0.00011243034745115291,3.196204148676494e-05
regrets,1.1121299511781349e-06,1.192814729254314e-06
regrettable,1.6666303098448012e-05,1.3421155039500326e-05
regrettably,0.0,1.1286800634817956e-05
regula,3.1629951865429157e-06,4.082844509769843e-05
regular,0.0002210509578977863,4.224886027140706e-05
regularly,4.0952465488488945e-05,2.58063815987239e-05
regulars,0.000101390296261442,0.0
regulate,9.414312909289944e-05,0.0001478564885507049
regulated,4.4722449580027764e-05,9.212639305199872e-05
regulates,2.0989542100216155e-05,5.4977280064384345e-06
regulating,4.1100252136942926e-05,0.00019154371956101764
regulation,4.8994496826066594e-05,1.3286383016201918e-05
regulations,0.00016215705332320917,0.00015313868113239857
regulatory,0.0,2.8681875770497933e-06
rehabilitation,7.737743392264539e-06,5.735892965983563e-06
rei,3.8471511541841904e-05,7.132043706318733e-05
reign,0.0001430806610817244,2.9112558172768885e-05
reigned,1.632011287434125e-05,0.0
reigning,3.38541502596387e-05,1.2541811234759375e-05
reigns,5.136588525107688e-05,1.7680355698021835e-05
rein,2.432848126203387e-05,4.233443685255148e-06
reinforce,1.357039584257973e-05,1.2006579855737343e-05
reinforced,8.963394336931793e-06,4.129189329713956e-05
reinforcement,1.2993144281226258e-05,0.0
reinforces,0.0,1.444909476964127e-05
reinforcing,7.884503777997787e-06,8.915317036940749e-06
reins,1.7896101952244413e-05,0.0
reintegrate,0.0,0.0
reintegration,1.82119172388725e-06,2.905859341165002e-06
reinvigorate,0.0,5.329921892831051e-06
reiterate,7.756197585501827e-06,2.4826317481323958e-05
reiterated,7.871153229030948e-06,2.5415358386963176e-05
reiterating,3.093664901427382e-05,7.260169700444973e-06
reject,0.00019323031465888805,7.587305660228495e-05
rejected,0.00014981466662896694,5.1802822894952405e-05
rejecting,4.997197752396154e-05,7.577435374446772e-05
rejection,1.925359405413234e-05,9.881110052486904e-05
rejects,6.104412353884634e-05,3.688394235329865e-05
rejoice,0.00021539786046483668,7.632944532924622e-05
rejoiced,5.2548016327778646e-05,4.206157108212931e-05
rejoices,5.2151033685075084e-05,6.916004745523354e-05
rejoicing,6.63929399231114e-05,5.0261276874018414e-05
rejuvenated,0.0,0.0
rekindle,2.3753113603176614e-05,1.1231937499540641e-05
rekindled,1.014898039370016e-05,2.1760169957328596e-06
rekindles,0.0,0.0
rekindling,1.0331687429104543e-06,0.0
relate,3.111259784639185e-05,7.7328896798224e-05
related,8.819168472612995e-05,0.00010895453022407347
relates,3.113303365793838e-05,4.7580574471111674e-05
relating,5.725594254783746e-05,7.542398356380625e-05
relation,7.787512504322393e-05,0.0001782061983555807
relational,0.0,1.8027420273723302e-05
relationes,0.0,5.2440032156864774e-06
relations,0.00012492346306195403,0.00015109783794230844
relationship,1.8808856566215347e-05,0.00036770082736200003
relationships,1.6122859043618543e-05,0.0003048589255444018
relative,4.7945234490761345e-05,0.00011619174085318818
relatively,1.2340811421935707e-05,2.0781416238669772e-05
relatives,2.893857080055214e-05,2.607414742931101e-05
relativism,1.7875481288535989e-06,6.993353848553833e-05
relativistic,0.0,3.158434020061678e-05
relativize,0.0,4.0891924391273005e-06
relators,0.0,0.0
relaunch,0.0,0.0
relaunching,0.0,8.107044053949394e-06
relax,4.579392505070795e-05,5.035746179509976e-06
relaxation,2.759887443045331e-05,2.242550273828319e-05
relaxed,3.873378412070889e-05,3.5588238526263883e-06
relaxing,1.5851075071523477e-06,2.548098531438316e-06
relay,0.0,5.261544989817965e-06
release,1.6869766210396685e-05,4.2570147863753706e-05
released,3.415822987253578e-05,6.799843557537909e-06
releases,0.0,0.0
releasing,1.7796968251552568e-05,0.0
relegate,4.703470538272994e-06,3.031334734522911e-06
relegated,2.0478477536475166e-05,2.156938366594803e-05
relentless,1.3321000465884469e-05,2.2191438163859076e-06
relentlessly,3.056821458093956e-06,2.4929191054813773e-06
relevance,4.585337955000294e-07,8.11121112199888e-05
relevant,4.718825810265457e-05,0.00011234370422812616
reliability,0.0,2.0340194596478164e-05
reliable,3.288796337573875e-05,3.230218524624123e-05
reliance,3.783172160290113e-05,5.1450586163541384e-06
relic,4.565951543084724e-06,1.5429471506206232e-06
relics,5.3546139835560454e-05,3.6139795349241946e-05
relief,0.00015545859125981785,2.1909663738725396e-05
relies,4.709096163698583e-06,5.689565067946219e-06
relieve,8.700136471243486e-05,5.408283808715054e-06
relieved,8.472425954134651e-05,1.116459986623661e-05
relieving,3.591343418141027e-05,4.4442377954720325e-06
religieuses,0.0,0.0
religieux,0.0,0.0
religion,0.002113975766302832,0.00023976043476021039
religions,3.577073166526625e-05,0.0003180750743303072
religionsnostra,0.0,1.540458975357005e-05
religiosity,7.683223507055619e-06,2.445228833602847e-05
religious,0.0006193778078291575,0.0005928218144304676
religiousand,0.0,2.3153280552291905e-05
religiously,0.00025566503070683077,2.674260491572038e-05
relinquish,1.1965060842972682e-05,6.964775546014115e-06
relive,0.0,4.51037378437919e-05
relived,0.0,1.403146451520451e-06
relives,0.0,5.88383379904568e-06
reliving,0.0,5.79798659274145e-06
reluctance,3.417824031392853e-06,6.134787382687741e-06
reluctant,1.2272401934088851e-05,1.131232186149973e-05
rely,2.888013215885416e-05,2.3284452308713727e-05
relying,0.0001497501073709477,1.3451041493634431e-05
remain,0.000248106489983503,0.0003522701764661438
remainder,4.9944943639199815e-05,5.769686590014797e-06
remained,0.00013099885382981838,8.834545929526378e-05
remaining,8.427910391340979e-05,0.00012300895361643026
remains,0.00019714815489146458,0.00027808633134864176
remark,4.652418478504852e-05,5.0733825696198694e-05
remarkable,0.0002681640236462177,7.254366426178391e-05
remarkably,3.996850797386893e-06,5.719202441982058e-06
remarked,2.7463193913333637e-05,9.718875762060505e-06
remarks,4.1957390159755915e-05,7.155712468381651e-06
remarried,0.0,1.611187166716801e-05
remedied,1.2602387092799086e-05,1.4602183919207821e-06
remedies,0.0002100073453961315,1.565486321350496e-05
remedy,0.00032149855734884235,0.00011366560155834581
remedying,2.0405470837332104e-05,3.7637411441791384e-06
remember,0.0001798673668436933,9.211902185764151e-05
remembered,5.508521150047368e-05,0.00011950132606358021
remembering,2.2020291431290554e-05,3.8174282263336135e-05
remembers,3.2697448186110245e-06,2.753619354496783e-05
remembrance,6.20938132582702e-05,0.00010688421487179065
remind,0.00012372785141913378,0.0001156562542127094
reminded,3.40234984877599e-05,8.779431026615419e-05
reminder,1.2210097863747523e-05,3.13733269685703e-05
reminders,3.134559722928088e-05,0.0
reminding,1.7570682902470432e-05,3.7007649740057086e-05
reminds,1.9542338814533667e-05,5.8529801982278026e-05
reminiscent,3.0898566935246795e-06,0.0
remiss,3.4595369848995596e-05,0.0
remission,0.00018408515710222208,0.00014879526158481266
remit,2.0219572913403436e-05,3.157675743806779e-06
remnant,1.1755269155129676e-05,0.0
remnants,2.9880031959370004e-05,4.54321752624576e-05
remorse,2.0878502952804837e-05,1.20271533744418e-05
remote,0.00011825575818119765,8.56767596335335e-05
remotest,5.313937143040677e-06,2.9510269815393657e-06
removal,6.036236871408415e-05,1.639071963319669e-05
remove,0.0002787744635102356,7.285092361800353e-05
removed,0.000358657188062436,0.00011270680742568301
removes,2.6277442203877996e-05,1.740579061935946e-05
removing,9.524404313870729e-05,4.6174003571755754e-05
remuneration,4.360406811515119e-05,7.368456729335328e-05
renaissance,4.501246548752205e-06,1.2187375794582915e-06
renato,0.0,0.0
rend,2.6742421276709595e-05,0.0
render,0.0002669023939041843,4.7627123158873206e-05
rendered,0.00016784245565891733,6.382642484660438e-05
rendering,5.018955879842297e-05,2.897421909971566e-05
renders,6.89644720674609e-05,4.851483565258393e-05
rending,2.73410290533647e-05,0.0
renew,9.34869840031683e-05,0.00010691683912398273
renewable,0.0,9.937505977907344e-06
renewal,5.1226953632208696e-05,0.0003824252483120286
renewed,0.0001040048086887829,0.0002824250526117418
renewing,5.172764662626328e-05,6.481768574791695e-05
renews,3.7244423815754184e-05,5.7673756476689797e-05
renounce,5.0340608849705674e-05,3.128083591069586e-05
renounced,3.112463357905004e-05,2.073822596505015e-05
renounces,0.0,0.0
renouncing,1.4309135750956156e-05,2.316307092248177e-05
renovation,2.0334068660515162e-05,0.0
renown,3.633911197690267e-05,0.0
renowned,0.00016349897520463383,1.0634671583743906e-06
rent,4.0664699458520186e-05,4.225347488087283e-06
renunciation,4.408391306537936e-05,0.00011787830541978698
renunciations,8.547251788657083e-07,1.3697662606037365e-05
rené,0.0,3.1033049701455355e-06
reopen,7.04419850191075e-06,0.0
reopened,1.5282526710810822e-06,2.1236305654733306e-06
reopening,0.0,0.0
reorganization,3.965225740710124e-06,5.0280191201793735e-06
reorganized,5.857016548526701e-06,1.951657227844496e-06
repaid,2.1804969413113466e-05,1.2357064377039943e-06
repair,6.895465004546729e-05,3.873597330108382e-05
repaired,1.873140177073194e-05,1.7806295593065392e-06
repairing,1.044820925849699e-05,7.358730552051384e-06
reparation,0.0001061170508035792,8.572873254898438e-05
repay,3.3273198940002016e-05,9.0586928708385e-06
repeat,0.00014157735983324983,7.592467165573109e-05
repeated,0.0001904058497661564,0.00010677053966846242
repeatedly,0.00021150649103214157,9.238650700522054e-05
repeating,7.083583815972032e-05,3.8015291433573225e-05
repeats,1.7853892718545198e-05,3.442218598874562e-05
repel,0.00011110685721929753,0.0
repent,4.157232838760448e-05,9.810169931324632e-05
repentance,9.645471971360906e-05,6.397697073292556e-05
repentant,2.3854932715278753e-05,8.59151127860974e-05
repented,1.7901091549030438e-05,0.0
repenting,1.0248068530065236e-05,3.6867106059621227e-06
repents,1.6573371693977316e-05,4.24834315931937e-06
repercussions,5.894320946121401e-06,3.687191824815579e-05
repetition,2.4259939113728493e-05,6.712192665205119e-05
repetitive,0.0,5.614501604269014e-06
replace,5.9801199197159526e-05,8.268507816749267e-05
replaced,3.2175146813500474e-05,3.983139433160368e-05
replacement,3.251553753518988e-06,1.6511386855287694e-05
replaces,0.0,1.7212407783071305e-05
replacing,3.786446676074403e-06,7.1008275740267765e-06
replied,6.931786650427305e-05,3.0279785135968066e-05
replies,1.0734204554319944e-05,4.4131051188410805e-05
reply,7.53261612439097e-05,7.919949440780571e-05
replying,1.9901552537843402e-05,1.3747207584840254e-06
report,7.861643033395554e-05,0.00011534529962865704
reported,7.023724269329845e-05,5.516106822702416e-05
reporting,1.9980715634781118e-05,8.822921864970922e-05
reports,0.00011275176057076497,4.7299511550686484e-05
repose,3.5141412711684124e-05,1.0279062163365903e-05
reprehensible,5.2071199091749085e-05,5.944609923102737e-06
represent,4.0194916054225966e-05,8.171663198678546e-05
representation,5.8180363458276105e-06,1.782577313692252e-05
representations,1.765198902897095e-05,1.6164129493159932e-05
representative,8.979730950413843e-05,3.5861848025295345e-05
representatives,6.627054453683418e-05,7.297848536361894e-05
representativesof,0.0,0.0
represented,2.9180891401567176e-05,5.288480439390543e-05
representing,2.0646210542340474e-05,6.178305718799067e-05
represents,3.075505481227244e-05,0.00014486250688050715
repress,8.042276066778895e-05,0.0
repressed,3.0194142124441416e-05,1.2595767255158434e-06
repression,1.7611285055318876e-05,0.0
reprimand,5.8487367522989255e-06,0.0
reprisals,1.1947400832454858e-05,1.2973278708115e-06
reproach,5.3065395014072316e-05,6.738066915730819e-06
reproached,1.3364363845089143e-05,4.6286821333919625e-06
reproaches,2.0953230642411085e-05,9.802472604343766e-07
reproduce,2.2022571169147583e-05,2.631099506860188e-05
reproduced,1.596078534490854e-05,5.791841378706077e-06
reproduction,3.7217987426196507e-06,6.064448871969028e-05
reproductive,2.486884320250386e-06,1.5821041396863927e-05
reproof,1.6096651770056027e-05,8.653283250837424e-06
repropose,0.0,3.373209853201322e-06
reprove,8.584317069841054e-05,3.1813021915354522e-06
reproved,4.771916924547476e-05,2.076724476635986e-05
reproves,1.2952633889301547e-05,7.069403394525861e-06
repubblica,0.0,0.0
republic,0.00012375129218949077,8.490099067404294e-06
republicof,0.0,0.0
republics,4.38021839695479e-05,1.8116555754753662e-06
repudiate,8.616774727065985e-05,9.949294389525534e-06
repudiated,7.106887306140067e-05,0.0
repudiating,3.423703958072329e-05,1.9287071648879336e-06
repudiation,3.504267113902434e-05,3.7081394069768693e-06
repugnant,8.173167110811767e-05,0.0
reputation,6.994594079072166e-05,4.300377314058774e-05
repute,3.9766200134119914e-05,0.0
request,0.00022242894928483476,0.0002578211845526267
requested,0.00012434881993783118,9.936098117933128e-05
requesting,2.052945596635679e-05,1.4662819901516845e-06
requests,0.00014231383893717603,0.00024846213514125454
require,0.00012412746571587643,0.0001221007464954811
required,0.00032265563491232056,0.0003300083540866246
requirement,1.8532066991587423e-05,0.00012185848860425433
requirements,9.638513603810748e-05,0.00015670043604641608
requires,0.0001318396633418604,0.00020188890368606468
requiring,2.660085679192226e-05,4.5653409027257964e-05
requisite,4.890628049173139e-05,3.83392079086493e-05
requisites,4.341182368757896e-06,4.491477877523982e-05
reread,0.0,5.607524174286618e-06
rereading,0.0,4.79362845659291e-06
rerum,5.97211778746918e-05,2.513418797151122e-05
rescue,2.873231189462205e-05,6.383535507414676e-06
rescued,2.416675699298129e-05,3.88715790432321e-06
research,0.00010275256816710467,0.0003120037551816434
researcher,0.0,1.1126307322092965e-05
researchers,1.0692370845327767e-06,3.684226928316403e-05
researches,1.7055915549995042e-05,1.8359109593950275e-06
resemblance,1.988496898680229e-05,4.257681471389578e-06
resemble,4.204326248361315e-06,1.1572736337231703e-05
resembles,7.976129584459853e-06,3.848936492233857e-05
resentful,5.428250289079087e-06,5.568517273123912e-06
resentment,2.936238113728081e-06,1.4787243332502577e-05
reservation,1.5963593635500155e-05,1.257557555674583e-05
reservations,2.0557359265657212e-05,5.693982711726376e-06
reserve,4.834806090742813e-05,6.072219140127969e-05
reserved,0.00014196705080139378,0.00018504066098163946
reserves,4.390042422537935e-05,1.8825577899569687e-05
reserving,4.5564385864941015e-06,7.293297995712096e-05
reside,6.208912571863218e-05,6.1494579643111835e-06
residence,2.5945915193111914e-05,2.8533941381709602e-06
residences,1.8750307996336858e-05,0.0
resident,9.392582062773713e-06,0.0
residential,3.1732051402552563e-06,3.6683962916084743e-06
residents,9.727652673295681e-05,3.5906515908547974e-06
resides,5.414170754295914e-05,1.2870300839692845e-05
residing,1.8808754908737352e-05,1.2589101190128335e-06
resign,2.4488453727905057e-05,2.1634569379193574e-05
resignation,4.903884630215007e-05,3.4170526823526264e-05
resigned,2.6650994423746436e-05,5.25605849042162e-06
resilience,0.0,1.5897372430709334e-06
resilient,0.0,0.0
resist,0.00010880213362994673,2.7474760418926033e-05
resistance,7.676502007838035e-05,4.9844218277075545e-05
resistant,0.0,1.3895844727061114e-06
resisted,7.109971567617028e-05,2.186805285117263e-05
resisting,3.949757708466138e-05,7.3776656013478855e-06
resists,0.00010822295943410858,4.006422915706961e-05
resolute,4.529059901228295e-05,1.360824712802985e-05
resolutely,4.087355250278957e-05,2.5573339012476116e-05
resolution,9.100392339675694e-05,3.828954565269338e-05
resolutions,5.222473227734383e-05,9.065786718567552e-06
resolve,7.191971517587176e-05,6.993067535523115e-05
resolved,0.0001441626925124084,5.691772586382486e-05
resolves,7.629417396023266e-06,5.621607127235058e-06
resolving,3.197918411112586e-06,4.792635977352282e-05
resonance,0.0,2.5154430700627307e-05
resonate,0.0,1.9501725840422378e-06
resonates,0.0,0.0
resort,8.787892630806338e-06,2.1209005695393108e-05
resorting,1.710777919204085e-06,4.978487524654435e-06
resound,1.9747203882185232e-05,2.6085910395303698e-05
resounded,6.203652485398225e-06,2.9797019283164492e-06
resounding,6.10765767082063e-06,3.753754760005481e-05
resounds,1.834951254518783e-05,1.3438556328112574e-05
resource,3.366263219627287e-05,2.9358607626407163e-05
resourcefulness,0.0,1.0767102634231074e-05
resources,0.0001725818311720063,0.00021903492988026752
respect,0.00025839899867930274,0.0003262802716251903
respectable,1.5204889015863144e-05,0.0
respected,5.752613095593464e-05,9.338150480683428e-05
respectful,2.5739677473393464e-05,3.567174372619374e-05
respectfully,1.4440700743876148e-05,7.791042559319749e-06
respecting,3.852554462553561e-05,0.00010892873658389655
respective,6.846526451548982e-05,0.00013695800451728562
respectively,4.346808289316873e-05,4.609269410331894e-05
respects,4.1018366167573116e-05,7.124436271517187e-05
respite,1.3983167689047545e-05,2.313263509319615e-06
resplendent,0.00011847200623352853,2.9967443432298973e-05
respond,9.09209522762549e-05,0.00020918908316546148
responded,6.616006883822344e-05,5.8771190338464245e-05
responding,1.2803133393154374e-05,8.471593995280685e-05
responds,6.9027967153196764e-06,4.004815421867814e-05
response,8.017789423098534e-05,0.0004718679423087489
responses,7.433092767619105e-06,0.00035111796908484706
responsibilities,2.5437718073966642e-05,0.00016523239767085772
responsibility,7.77453725270604e-05,0.00042852833624562283
responsible,6.266624376702271e-05,0.00021659670107242345
responsibly,0.0,5.033468382435625e-05
responsive,9.940668299371258e-06,1.0422122558047987e-05
responsorial,0.0,2.468181118546032e-05
rest,0.00035939092038560097,0.000199916148413548
restate,0.0,3.0929725232834285e-05
restated,2.381206152359489e-06,2.7134149768950268e-05
rested,2.1878370001303155e-05,2.2494502401646088e-05
restful,0.0,0.0
resting,1.927147413752192e-05,1.4456118584938502e-05
restitution,0.00011562674710516356,1.7734866225299585e-06
restless,2.3034679731132034e-05,2.406213662725097e-05
restlessness,8.5584933884464e-06,6.3489049908738974e-06
restoration,0.00015139325322918729,7.609294320794151e-05
restore,0.00020182736732691215,8.469899196621534e-05
restored,0.0003811260716112742,0.00012338932166580628
restorer,4.589060238814885e-05,0.0
restores,2.5800108584424594e-05,1.7341321802772433e-05
restoring,0.00011668486952213441,4.126869470499682e-05
restrain,0.00019074247165658297,9.085655252030648e-07
restrained,0.00015285618617118658,4.887553350433358e-06
restraining,2.6748217782054877e-05,0.0
restraint,9.884994966335243e-05,1.0963578970745815e-05
restraints,3.1017514547544897e-05,1.4696582322269578e-06
restrict,3.698719707840612e-05,1.727200977925976e-05
restricted,6.552346008670119e-05,5.6138826258838154e-05
restricting,1.252145699080388e-05,0.00018202614155685533
restriction,2.3510742653306866e-05,1.5418955486797454e-05
restrictions,2.8933095719133617e-05,1.3434970800093717e-05
restrictive,1.4109256109468499e-05,1.9563518583592347e-05
restructuring,0.0,0.0
rests,0.00015168629440698512,6.775711025530435e-05
result,0.00035987293942125456,0.00037756729122501214
resulted,7.321857366263553e-05,5.11135253147572e-05
resulting,5.034964591804861e-05,8.780382571418342e-05
results,0.0002276631307407247,0.00023907674805889164
resume,2.8163428679723248e-05,1.1934990977030308e-05
resumed,1.990549431221425e-05,8.394473693524685e-06
resumes,0.0,2.44171143593433e-06
resuming,2.3274793068161396e-05,2.2289275514424447e-06
resumption,2.6997545745560328e-05,7.8641167452756e-06
resurgence,0.0,5.335273383322968e-06
resurrected,0.0,1.511606605514119e-06
resurrection,4.72730530296033e-05,0.0003209835770168939
retain,9.4362234109415e-05,7.095859601248183e-05
retained,7.137021908308668e-05,4.2168605842636645e-05
retaining,5.681475249254042e-05,1.7631238177896925e-05
retains,4.4449832213270065e-05,0.00011100429910699611
retaliation,0.0,1.2466163914085199e-06
rethink,0.0,1.6748229940783736e-05
rethinking,0.0,8.064272334733568e-06
reticence,0.0,3.0006387207924404e-06
retire,1.8273211717391532e-05,0.0
retired,2.2619875874890722e-06,4.5029224936305014e-05
retirement,7.335873709405385e-06,1.1439882342128408e-06
retrace,2.0933526806669343e-06,8.574231175032267e-06
retracing,0.0,1.4034516609748152e-06
retreat,4.534663364405346e-05,2.2072729384955477e-05
retreats,3.595114334408382e-05,5.4163755807140025e-06
retribution,7.619573086939047e-06,5.135991199908478e-06
return,0.0003909856156699855,0.00017727874690216404
returned,0.00010446859105076575,4.8506743821971294e-05
returning,4.8333815034481155e-05,4.37028940147289e-05
returns,1.274709409591375e-05,9.538974952005394e-05
reunification,0.0,2.1307560551110386e-05
reunion,4.930527094574223e-05,2.707051547768085e-06
reunite,0.0,2.5135880202186447e-06
reunited,1.2590713354397896e-05,3.99699921880423e-06
reuniting,0.0,1.3652229177207013e-06
rev,7.3796025530338736e-06,0.00011554025145173084
reveal,7.422565100351501e-05,0.00016741006854135223
revealed,0.0001902672253251058,0.00033040476051578524
revealer,4.670491837504098e-06,2.8228621874849604e-05
revealing,1.7496821171796566e-05,7.0061298715872e-05
reveals,3.4590746623085066e-05,0.00021090328622696728
revelation,0.0001836011786478065,0.0004943731168657553
revelationdei,0.0,4.564408947775148e-05
revelations,2.3836031090524347e-05,1.4135976477911311e-05
revenge,3.7288217747909845e-05,1.6015748044141676e-05
revenues,7.995941708890372e-05,4.762590127287311e-06
revere,2.1193044280727873e-05,3.4961131594726785e-06
revered,4.577827893255293e-05,3.932241707349625e-05
reverence,0.00042485807368600176,0.0001554045667321614
reverend,2.675131653438382e-05,5.766360339137292e-05
reverent,2.1195877337425304e-05,8.335250904923801e-05
reverently,8.921409322984666e-05,3.623257226621909e-06
reversal,8.393451955107458e-06,1.488184667534175e-05
reverse,5.59305925893004e-06,1.1787654968562883e-05
reversed,2.8360134721064384e-06,5.260338503544584e-06
review,5.6754730251042625e-05,9.241716012708498e-05
reviewed,2.0209424433090388e-05,1.2087794289569707e-05
reviewing,2.482863790883054e-05,1.768580068218519e-05
reviews,2.4966276654522385e-05,0.00017489737550260208
revile,1.0459621148099301e-05,0.0
revise,1.3698018660128718e-05,2.2905747183765907e-05
revised,2.1014940070268444e-05,0.0002772049408725403
revising,9.294898478188135e-06,4.927756639821298e-05
revision,3.7749441127689004e-05,0.00024230388625800711
revisit,0.0,1.5398635858421814e-05
revitalization,1.514940162140665e-06,2.1362552665757888e-05
revitalize,3.458301700428065e-06,7.754430793567569e-06
revitalized,9.516829229207948e-06,7.819069374061684e-06
revitalizes,0.0,1.8508334085038099e-06
revitalizing,0.0,1.948544002894412e-06
revival,4.9953061069393514e-05,6.986785218270766e-05
revive,8.728202267925594e-05,2.2895102615918272e-05
revived,4.2713901121702575e-05,5.740031082624222e-06
revives,1.7050119767283236e-06,4.327997108480592e-06
reviving,1.5438857880033945e-05,7.344013223799625e-06
revoke,4.47244598134776e-05,5.015377694606351e-05
revoked,5.310943904665309e-05,6.744194325423078e-06
revolt,7.28628669733445e-05,1.1610928383589576e-06
revolution,6.443853876950809e-05,6.553203495909567e-05
revolutionary,3.507730641724815e-05,3.251966014260724e-05
revolutions,2.019511547375694e-05,5.681328137833113e-06
revolve,3.4431696437060096e-06,4.66716566799682e-06
revolves,0.0,0.0
reward,0.0002062547292651079,2.834051056696895e-05
rewarded,3.063875962677818e-05,5.180486097186146e-06
rewarding,2.438716432931843e-06,1.5893131765440085e-06
rewards,0.0001161677746651211,1.1638288536480659e-05
rhetoric,1.3799330671169126e-05,1.3375420916028157e-05
rhetorical,0.0,1.8145342045853454e-06
rhythm,2.987006497855401e-05,6.344796606732141e-05
rhythms,1.2972808938657698e-06,1.1547319046919248e-05
rica,0.0,0.0
ricardo,0.0,0.0
riccardo,0.0,0.0
ricci,1.7031906767194432e-06,1.9101409298355722e-05
rich,0.00020843358840857772,0.00019118625479926855
richard,4.104095356135874e-06,4.272393158557096e-05
richer,4.0088081693387264e-05,9.054266386454396e-05
riches,0.0001557882795562355,0.00017141121589029588
richest,4.3165086965211905e-05,1.9261780428526112e-05
richly,3.9927341869460366e-05,2.5021884936509423e-06
richness,3.9694830261965275e-05,0.00018021833042247018
rico,0.0,0.0
rid,5.05202538399658e-05,1.9056059968246123e-05
riddle,0.0,3.328335939837354e-06
ridicule,4.662772272543558e-05,3.31818007424857e-06
ridiculed,2.489771104565467e-05,3.383143883124417e-06
ridiculous,2.3446773039775515e-05,5.3138446241691135e-06
riding,3.7342097334040125e-06,1.0575396997648665e-06
right,0.0007328803410248781,0.0005555366575023394
righteous,3.4528266407573673e-05,2.4438858166424348e-05
righteousness,4.127480787904803e-05,4.893224276357577e-05
rightful,0.00010680856865084574,7.01747969453976e-05
rightfully,9.992372486125653e-05,0.0
rightly,0.0003050975070132619,0.00017658785490999154
rights,0.0008363510028754504,0.0004932836854557595
rigid,5.56030165565089e-06,2.239603260594933e-05
rigidity,0.0,7.2412474590521464e-06
rigor,4.2451855498462324e-05,9.472621131773931e-06
rigorous,3.1945494542552146e-05,4.0456857448191293e-05
rigorously,2.6997843553412786e-05,1.1094296510747217e-05
rigour,2.2748362738939617e-05,1.6260125274977665e-06
rimini,3.5264981070426312e-06,0.0
ring,9.104800776811734e-05,3.77119945760954e-05
ringing,9.905380444402763e-06,0.0
rings,1.6169605064433032e-06,3.7331433555634668e-06
rino,0.0,0.0
rio,0.0,1.0969745545190763e-05
ripe,2.1724023530002532e-05,0.0
ripen,8.410829578614905e-06,0.0
ripened,3.295548176928072e-05,2.2067651002699255e-06
rise,0.0001590744761038982,0.0002435854730799137
risen,4.5215690774076516e-05,0.00020399113509734303
rises,3.3885926329663785e-05,4.3140287271382494e-05
rising,8.01072506949012e-05,4.325582786043742e-05
risk,4.631665156007695e-05,0.0001370566501289993
risked,0.0,2.447249701119709e-06
risking,3.525545977770061e-05,7.252447264832457e-06
risks,6.387337341142143e-06,9.071669113501255e-05
risky,0.0,1.3064764282653957e-06
rite,0.0004328070802689023,0.0007179015387095587
rites,0.00045331248746875995,0.00033254560994475254
ritual,5.787749368356392e-05,9.623203045939414e-05
rituals,6.693408033006254e-06,3.572106851394354e-05
rival,2.2017276151395133e-05,4.089046325318701e-06
rivalries,7.346671556895778e-05,5.254622700460935e-06
rivalry,0.00014280610542904683,1.1433016460114967e-05
rivals,9.657062893336844e-06,3.813266680274823e-06
river,2.414101712183041e-05,2.4702660389870835e-05
rivers,1.0911319252007567e-05,2.2555578097300217e-05
roaco,0.0,0.0
road,0.00013357773552659936,0.00014694944294154998
roads,3.65992260330146e-05,1.1434635698617176e-05
roadside,0.0,1.0505296787911006e-05
roar,0.0,0.0
roaring,2.0307787115336235e-05,0.0
rob,3.1210531572935945e-05,1.137689045581186e-05
robbed,2.5204846574940962e-05,2.073613195711762e-05
robber,1.0460711030563313e-05,2.7107555898612276e-06
robbers,2.3668372894707534e-06,1.5612058935896117e-05
robbing,1.437894086533318e-06,4.935498931107301e-06
robe,2.1678084429118514e-05,8.200439444315556e-06
robert,6.557021391907107e-06,2.1375063068575417e-06
roberto,0.0,1.6995984632644029e-06
robes,3.977687344282253e-06,1.4227234019617122e-05
robs,5.442578031449024e-06,2.512005249478243e-06
robust,1.193834851432906e-05,4.01549357888426e-06
rocca,0.0,0.0
rock,0.0001338759871406786,9.052886395602544e-05
rocks,8.973494925885392e-06,1.6655855365199989e-06
rocky,1.7298021581759359e-06,0.0
rod,3.571836567269034e-05,4.718338998591369e-06
rodríguez,0.0,0.0
roger,3.934424930675835e-06,0.0
rohingya,0.0,0.0
role,5.3632346912298276e-05,0.00027355929993317887
roles,7.622465244050206e-06,6.0849961498634285e-05
roll,1.7725050218838776e-05,1.4140935864865921e-05
rolled,1.670840840378961e-06,0.0
rom,9.790913889790267e-05,0.0002448463389820045
roma,5.478600414809822e-07,0.0
roman,0.001123446503532816,0.0010928283863802166
romana,1.4883296447085602e-05,0.0
romani,1.7501479937578148e-05,2.232554635824151e-05
romania,0.0,0.000203372595999037
romanian,0.0,6.435222053382633e-05
romano,1.8902388546481447e-05,0.00013180003570781778
romanoenglish,0.0,0.0
romanon,0.0,0.0
romanos,2.1314514523297884e-06,5.524187898389146e-06
romans,8.850228122992926e-05,3.159914286456065e-05
romantic,9.545827443270147e-07,4.276337520027028e-06
romanum,6.603832032359833e-06,0.0003958819383569232
rome,0.0005815975342069819,0.00040235454501641997
romero,0.0,0.0
roncalli,0.0,9.747429887476985e-06
roof,5.963371947758425e-06,1.9107327586947354e-05
room,3.208236771880231e-05,0.00011950105819578759
rooms,0.0,4.669114065027021e-05
root,0.00012203752668245385,0.0001046895382044449
rooted,5.313840096533487e-05,0.0001446448173968633
rootedness,0.0,1.4696582322269578e-06
rooting,1.8621357735531722e-05,9.101242305298689e-06
roots,3.6602742940261286e-05,9.382197669290145e-05
rope,5.071914736154489e-06,0.0
rosa,0.0,0.0
rosario,0.0,1.310524066244639e-05
rosary,0.0007272760783211232,0.0004919965631771172
rose,4.001006347112479e-05,3.690687365540774e-05
roses,8.634290503652171e-06,0.0
rosmini,0.0,1.9960263095801037e-06
rossi,1.5473139042270752e-06,0.0
rot,0.0,0.0
rota,2.606540468655743e-07,8.5339456605232e-05
rotondo,0.0,0.0
rough,4.3751511652116124e-05,3.010754132801623e-06
round,5.1664912666956386e-05,1.1134014684660101e-05
rouse,8.235211391249988e-05,0.0
roused,2.496810385927394e-05,0.0
rouses,2.9035666107288357e-06,8.694526189197203e-06
rousing,3.3184150497452065e-05,0.0
route,1.2241826191616795e-06,1.6585747294677343e-05
routes,9.496862615743349e-06,1.7293032010802328e-06
routine,1.4402236801065512e-06,2.087353583281154e-05
routines,0.0,0.0
row,0.0,0.0
royal,0.0001476128796100155,3.0075710833591888e-05
rubble,1.8113132787127598e-05,0.0
rude,1.685818870160448e-05,4.408117010542436e-06
ruin,0.0003374940247057875,5.732994140095965e-06
ruined,2.971694204052242e-05,2.9381759712271715e-06
ruini,0.0,0.0
ruining,3.204620647299346e-07,0.0
ruinous,4.65051507084355e-05,0.0
ruins,0.00010011314444512393,7.721782357718756e-06
ruiz,0.0,1.9252246987144463e-06
rule,0.0007664334502376422,0.00016144319078746576
ruled,8.344606692683644e-05,1.8942833355410452e-05
ruler,0.00020188050919202314,4.176984599822144e-06
rulers,0.0004914811791198082,1.275774044900382e-05
rules,0.0003917048902247359,9.306591903346469e-05
ruling,0.00012811596482250863,3.337893515642264e-05
rumours,0.0,0.0
run,9.012408752541115e-05,5.735199083611202e-05
running,1.9912888290091746e-05,1.1905873349738195e-05
runs,2.9308189069817668e-05,4.631469741394735e-05
rupture,1.3665608873407505e-05,3.4682850490482075e-05
rural,4.9931418938698924e-05,2.4095061823179828e-05
rus,9.564578279192488e-06,2.209231161551014e-05
rush,2.0805139398042817e-05,4.6487195270688725e-06
rushed,8.592371173929537e-06,0.0
rushing,1.356949338977568e-05,3.5863811641491557e-06
russia,2.6420556081506327e-05,6.944716835905815e-06
russian,1.8800265784944285e-05,1.8683873453393444e-06
rust,1.790996920702526e-05,0.0
ruthless,7.146712937020638e-06,5.664151171215984e-06
rwanda,0.0,0.0
rwandan,0.0,0.0
ryłko,0.0,0.0
république,0.0,0.0
réunion,0.0,0.0
sabato,0.0,2.343628033523744e-06
sabbath,1.0757295433472112e-05,0.00012004419532402439
sabina,3.083553804223159e-05,0.0
sacerdotal,0.00011883839042416327,0.0
sacerdotalis,2.057495008502997e-06,6.378759423121343e-05
sack,0.0,0.0
sacra,1.4542070915790325e-05,3.869220047396797e-05
sacrament,0.00044895938460023623,0.001001387867373661
sacramental,0.00010479336265335691,0.0005436063958320948
sacramentality,9.593625312233107e-07,1.4552569866208518e-05
sacramentally,3.758980069565094e-07,0.00010879754493236092
sacramento,8.870673397736957e-06,0.00012515970826701962
sacraments,0.000347939800742287,0.0005978093480578492
sacramentum,1.0782010361778626e-05,0.0001329850081020282
sacred,0.0018727306110507779,0.0011369476479663454
sacredness,1.7117639632763946e-05,2.2699647897610945e-05
sacrifice,0.0003452395906473974,0.0003748382185325427
sacrificed,2.0902559891970844e-05,2.312305745897403e-05
sacrifices,9.583504589070015e-05,4.5174075841914134e-05
sacrificial,7.276107458124777e-06,3.476643033213689e-05
sacrificing,2.3141016540859676e-05,2.926731922896783e-05
sacrilege,5.172650637347432e-05,2.5382989264481868e-06
sacrilegious,0.00012374556056668883,0.0
sacristy,1.6225706220130215e-06,1.1854939706794326e-05
sacro,0.0,1.8018245837031055e-06
sacrosanct,3.1266805300818524e-05,2.1225074680097563e-05
sacrosanctum,3.968627896292591e-07,4.562644337035789e-05
sacrum,5.499155770114751e-06,1.153999890819187e-05
sad,0.00017055533302199116,0.00010689614497102919
sadden,3.18891820856045e-05,1.3568012809174612e-05
saddened,4.4406721630305744e-05,0.0
saddens,2.959111837304121e-06,0.0
saddest,7.4974373139452665e-06,0.0
sadducees,1.5548670224080593e-06,2.5017096087760912e-06
sadly,2.9421033374421348e-05,2.7165656741292054e-05
sadness,0.00010821709469787035,5.882111579241483e-05
safe,0.00020537062327286704,1.2740391930039589e-05
safeguard,0.0001655225356843223,0.00019461452238317485
safeguarded,4.801879545429635e-05,8.194141855359782e-05
safeguarding,8.125610286980418e-05,6.604821029205681e-05
safeguards,6.683746411589765e-05,9.049327506214445e-06
safekeeping,1.2197795018500577e-05,1.0935995582531602e-06
safely,7.618274866317899e-05,3.761259745853571e-06
safer,1.091692255059698e-05,2.8700890679404434e-06
safety,0.0003535285266882587,3.4815502793924596e-05
sage,0.0,8.090744937800434e-06
sages,9.639813887894663e-06,2.5458092902533275e-06
sahel,0.0,0.0
said,0.0005688515237167838,0.00034367323290872563
sail,4.183743209976994e-05,0.0
sailors,1.674361533181607e-05,1.5770871192537542e-06
sails,0.0,0.0
saint,0.00014278637423441944,0.0005534426984548867
sainte,0.0,1.4999726000217944e-05
saintjohn,0.0,0.0
saintly,0.0001053852916568041,1.2093315466252865e-05
saintpaul,0.0,0.0
saints,0.0002908606625687765,0.0002954185538852896
sake,0.0002587262941623855,0.00024886965799653836
sakes,1.5160167598944216e-05,8.618839575572475e-06
sala,0.0,0.0
salamanca,0.00011455044767894485,1.7253649705846537e-06
salaries,8.714620485392743e-06,2.3725208177560677e-06
salary,2.3474388205506e-05,1.0248571832493069e-05
sale,3.353117051962973e-05,5.572267837539217e-06
sales,4.133651453409816e-05,3.543721460813795e-05
salesian,0.0,5.203703174198125e-05
salesians,0.0,0.0
salient,5.69399994733575e-06,9.366410870548301e-06
salle,0.0,0.0
salmi,0.0,0.0
salt,7.192832374133255e-05,4.902307342340865e-05
saludo,0.0,0.0
salus,4.540186781969672e-06,0.0
salutary,0.0007052130524967724,5.050537936407221e-05
salutation,0.00010089181341450882,5.0531405852103734e-06
salute,3.748312284958507e-05,6.442048798342949e-05
salutis,1.3780118149581183e-05,3.953874955492988e-06
saluto,0.0,0.0
salvador,0.0,0.0
salvation,0.0007150018298069488,0.0008284554150035654
salvatore,0.0,0.0
salvi,0.0,8.381784651790123e-06
salvific,2.3250297768292065e-05,0.00037312931373184886
salvifici,0.0,2.7361132769829803e-06
sam,0.0,4.289090755540645e-06
samaria,1.132017841140025e-05,9.925295311861616e-06
samaritan,1.1259268533385022e-05,9.105270034496298e-05
samaritans,7.643783652904862e-07,1.1495603092151955e-05
samuel,0.0,4.250737640120084e-06
san,1.473611174965147e-05,1.0377389089541354e-05
sancta,3.176137871683152e-05,0.00011226792094315845
sanctae,6.619202177008816e-06,4.107383073585532e-05
sanctam,6.3954300454247195e-06,0.00011582019048539989
sancte,3.4888458546065697e-06,0.0
sancti,4.2142105072992715e-06,5.783230326992142e-05
sanctification,0.00010570458759595916,0.0001837747525263741
sanctified,5.129381534112923e-05,3.8552951599775154e-05
sanctifier,1.0377125313865652e-05,2.8712971445891954e-06
sanctifies,2.795696006336253e-06,1.4368377038571847e-05
sanctify,6.0670408448507845e-05,3.364013995802307e-05
sanctifying,4.316876026345169e-05,8.888814396811986e-05
sanction,0.00013863999687799424,6.742337340445135e-06
sanctioned,0.00021823385171009345,4.71889925172581e-05
sanctions,0.0001836917860550007,9.118644289378713e-06
sanctity,0.00045791264900708146,9.55680415048322e-05
sancto,1.4588276992291966e-06,6.089881584397231e-05
sanctorum,8.456753486408077e-06,0.00010628846698065889
sanctuaries,2.3768601010498883e-05,2.267520937899733e-05
sanctuary,9.27936077940622e-05,3.8789509168903604e-05
sanctum,2.5527423906756277e-05,4.5477647278751714e-05
sand,9.779890717026258e-06,2.472825544519091e-06
sandals,9.25417923280708e-07,1.0164059648200024e-06
sandri,0.0,0.0
sands,8.311434049846789e-06,3.1857855384119205e-06
sane,5.817437527674167e-05,1.4056547694239552e-05
sang,2.1491317327049245e-05,1.4310517812445762e-05
sanhedrin,0.0,6.396104881238425e-06
sans,5.911842955105386e-06,0.0
sant,3.7590526362613226e-07,1.0122606424719994e-06
santa,5.602287154370302e-06,6.294395319891236e-07
santi,0.0,0.0
santiago,1.5157240618820225e-06,1.508930969913219e-05
santità,0.0,0.0
santo,5.128258040606427e-06,8.764540983583584e-06
santos,6.92175526819609e-06,0.0
sap,1.333104255281594e-05,2.052173086124318e-06
sapientiae,1.958276859503157e-05,0.0
sapiential,2.825257040194284e-06,1.0747118708628782e-05
sapienza,0.0,0.0
sarah,0.0,1.2609408462569187e-05
sarajevo,0.0,5.795088087587542e-06
sardinia,7.124016281161166e-06,0.0
sat,1.0839673269525132e-05,9.1278146225605e-06
satan,6.704667407639168e-05,1.2952658417258776e-05
sated,0.0,3.1349045867850663e-06
satellite,0.0,1.8658584174311519e-06
satiated,2.163652310794658e-06,0.0
satisfaction,0.000168006541532573,0.00010677896305271352
satisfactions,2.0266454003454394e-05,1.3553916139109613e-05
satisfactorily,1.3587466419489259e-05,2.7896739145799107e-06
satisfactory,2.8680995208356375e-05,2.438232401288109e-05
satisfied,9.39889153931952e-05,4.5950281541701443e-05
satisfies,2.593616210492273e-06,2.5215025450012313e-06
satisfy,0.00010303631606330788,0.00012251024788995424
satisfying,2.0290072578428768e-05,5.421308933884866e-05
saturday,8.968169456978658e-06,1.2686513890805464e-05
saul,9.504266865196686e-06,1.4940467597101153e-06
savage,9.216056893474038e-05,3.6159233203233505e-06
save,0.00014498643503722748,0.00020507092395919465
saved,0.00013843779980480769,0.00017613152274039163
saverio,0.0,0.0
saves,3.776171176390046e-06,4.088657913858792e-05
saving,9.308595848380668e-05,0.00018544102897647622
savings,9.233833968873182e-06,8.129155880005399e-06
savior,0.00026162958010146744,0.0002947800181947855
saviour,5.735340903505338e-05,0.00010464666780404293
savor,2.3137544060369333e-05,1.4829498836579255e-05
savour,8.703011042499392e-06,7.581367906041253e-06
savouring,0.0,6.079309679687505e-06
saw,0.00012833647128581414,0.00011868734679190899
say,0.00037794430419068454,0.0002917811328237386
saying,0.0001365731313243106,9.915483961174633e-05
sayings,7.717664058939468e-06,3.4057523129058724e-05
says,0.0002314146279041961,0.00019956387198908693
scalabrini,4.901250900573078e-06,0.0
scale,4.5895646135768676e-05,4.9298980741501846e-05
scales,1.1000199694610203e-05,3.8115521721823033e-06
scandal,0.00012217323472968873,0.0002771189494343163
scandalize,1.9234142396151256e-05,0.0
scandalized,2.1674468945025362e-05,1.4298428248138883e-05
scandalizes,1.475105369592531e-05,3.331684829027715e-05
scandalous,5.7239223981961896e-05,8.201889616241218e-06
scandals,7.103802261667225e-05,6.711315516816459e-06
scandinavia,3.0240601660804335e-06,0.0
scant,9.164931659035398e-06,3.5785135432458384e-06
scarce,1.4198849743962379e-06,7.378227449297744e-06
scarcely,0.00017891123311841983,1.8493147765257557e-05
scarcity,1.4498355913558605e-05,2.1468479944663674e-05
scarred,0.0,8.64305867931602e-06
scars,0.0,2.620252218163027e-06
scatter,2.651966951160866e-05,9.479131020920841e-07
scattered,0.00016009522614786564,4.755546011498646e-05
scattering,5.364537941738739e-06,3.017612087249026e-06
scatters,2.0542171258235716e-05,2.6701546498223834e-06
scenario,0.0,9.89305657768505e-06
scenarios,0.0,6.799482071414135e-06
scene,2.7572270778121323e-05,6.565569146706116e-05
scenery,0.0,0.0
scenes,7.51822327255618e-06,8.146814706205081e-06
scent,1.1011117980716818e-06,0.0
sceptical,0.0,6.18370580475009e-06
scepticism,0.0,2.0335232107664825e-05
sceptre,0.0,0.0
schedule,2.8138347304173395e-06,2.1750376084075805e-05
scheduled,8.278864461743148e-06,0.0
schedules,6.527189100287688e-06,3.4322761526640514e-06
scheme,2.7681727668026432e-05,0.0
schemes,3.043812082335772e-05,1.809928181020977e-06
schism,0.00023223748938673455,6.216881867043242e-05
schismatic,9.323357608494413e-05,4.438458132476485e-05
schismatics,0.00018835721862064277,0.0
schisms,7.061064844271947e-05,0.0
scholar,6.7474853035344294e-06,0.0
scholarly,2.0751259292452823e-05,7.522500627354534e-05
scholars,6.838759513992902e-05,4.1909067073010166e-05
scholarship,1.3248871356702744e-05,4.923972691372323e-06
scholarships,1.3532883257893971e-06,2.431810139706457e-06
scholastic,8.125617521350314e-05,1.5886368269741877e-05
school,0.00013635730168460474,0.0001271720170397662
schooling,3.07054176807064e-06,1.3683430305128085e-05
schools,0.0004986552902683244,9.897785989805273e-05
schuman,0.0,0.0
science,0.0003010897239622995,0.0001768528278163404
sciences,0.00021965874750166277,0.00030729262886350703
scientiarum,6.923337416295099e-06,1.47519860737185e-05
scientific,0.00012367832883419742,0.0002088496712065777
scientifically,4.201966781946121e-06,1.762153490430381e-05
scientist,1.2385173865822248e-05,3.831863510189595e-06
scientists,8.804158469386673e-06,3.0989493553355985e-05
scola,0.0,0.0
scope,9.088464482456903e-05,4.842254173036251e-05
score,1.8638508271603828e-05,3.4615334706618464e-06
scorn,3.8621175036572654e-05,6.164926970687269e-06
scorned,2.3765588765292515e-05,2.6660653380273338e-06
scotland,3.278455034391896e-05,3.825740289592505e-06
scottish,3.4185496565587334e-05,0.0
scourge,5.411596091786405e-05,1.638919613462483e-05
scourged,1.1562444342042812e-05,5.992265353723488e-06
scourges,4.059001823232597e-05,7.224166566562218e-06
scourging,3.261889806425008e-05,7.916667985752158e-06
scout,0.0,0.0
scouts,2.5189508573013383e-05,0.0
screen,1.0768407420828507e-05,1.1503802722806528e-06
screens,0.0,5.980116232675354e-06
scribe,6.855788841884186e-06,4.181823503655175e-06
scribes,5.303437028809792e-06,6.052239553454757e-06
scriptural,1.6299869970301637e-05,1.4992848086612256e-05
scripture,0.0003540387903161678,0.0003064548411211872
scriptures,0.00024721362888926573,0.00016259761078674993
scritti,0.0,3.423000079950068e-05
scroll,0.0,1.3444614200397141e-05
scruple,3.955302644301799e-05,4.748102759257966e-06
scruples,7.17336447168471e-06,0.0
scrupulous,1.3826504728653916e-05,4.1145304422073677e-05
scrupulously,9.927858275173709e-05,6.479503702833917e-05
scrutinize,2.4056256652678807e-05,2.8512359993956874e-06
scrutiny,1.824688414998089e-05,2.4324820854337447e-05
sculpture,8.578532684929949e-06,6.191799897868004e-06
sea,0.0001438212891741516,3.2421856165469135e-05
seafarers,0.0,0.0
seal,0.0001597263331344799,6.0912468225085734e-05
sealed,0.00010397309485625724,4.246060583007551e-05
sealing,1.102733765481327e-05,1.3299331550080147e-06
seals,9.257059058652086e-06,2.5138868103144716e-05
seamless,5.334550463677278e-05,3.1818350665613543e-06
search,0.00032987360085002105,0.0002638856912707071
searched,9.598003682333874e-06,3.16212356114597e-06
searches,1.8073000411094506e-05,2.732135925756642e-05
searching,3.23265333028194e-05,7.808615788998698e-05
seas,8.138785913450956e-05,9.750931223166405e-06
season,6.716137268820074e-05,3.4065973188310984e-05
seasons,8.997365567990312e-06,7.228386102915923e-05
seat,0.00012444412662695022,2.466941348697323e-05
seated,1.83784133081535e-05,1.8247705687695904e-05
seats,3.2997438716032716e-05,0.0
sebastian,6.54648370461637e-06,1.6164960809002485e-06
sec,1.1201756633702019e-05,6.332700242938048e-06
second,0.00017308940587178916,0.0010369485199745445
secondary,5.5733845950439646e-05,2.783939397204151e-05
seconded,3.928157866579089e-05,1.3564858238889585e-06
secondly,6.961704329304795e-05,3.069893103455904e-05
secrecy,1.8504831068730758e-05,0.0001517323064332326
secret,0.0002013697652600818,0.00011103430801702548
secretariat,2.19244391417011e-06,0.00010328797603844977
secretaries,0.0,3.992586723632805e-05
secretary,3.237772266442375e-05,0.00018255576970532144
secretly,0.0001445915364251784,3.7654583069308075e-05
secrets,6.007924255078262e-05,5.593526253589878e-05
sect,0.00047324370496576196,0.0
sectarian,3.488163193428762e-05,4.721678550926353e-06
section,5.5859803835583174e-05,5.163489505120837e-05
sections,4.333198463190331e-05,4.963539756990309e-05
sector,3.1777546530516923e-06,5.6649319902188906e-05
sectors,4.347114233386126e-06,7.976740280502901e-05
sects,0.00027048100965089563,2.9587922702715926e-05
secular,0.00035184162990363477,0.000185112899410622
secularism,1.96879181804873e-06,4.188064930508542e-05
secularist,0.0,8.029222612174067e-06
secularity,0.0,3.5854604185348865e-06
secularization,4.278356999461645e-06,3.085912136114321e-05
secularized,0.0,2.6058848233280487e-05
secundum,1.437021006470466e-05,5.0611651580457135e-06
secure,0.00012879492828219325,3.7357268075938436e-05
secured,0.00011142492911008739,3.7849725650744183e-06
securely,2.8288447543978542e-05,8.248695688918473e-06
securing,6.466857150270798e-05,6.1912079723194574e-06
securities,2.57106084046446e-06,2.337142820976191e-06
security,0.00011770210676819034,7.926618147120514e-05
sed,2.3453890785612303e-05,1.0412482430182984e-05
sede,3.236305791046222e-06,1.2609092050612903e-05
sedes,1.2796624464748031e-05,0.0
sedis,8.801806874501357e-05,0.0001559816247700866
sedition,0.00011828052370670101,0.0
seditious,8.218793778624034e-05,0.0
seduce,3.612302657642618e-05,1.7950201403802263e-06
seduced,4.858977564260573e-05,7.173114438929696e-06
seduction,2.2724624780649784e-05,4.014604581919912e-06
seductions,3.2978415745424044e-05,9.87734019958184e-06
seductive,4.06064008603002e-05,0.0
sedulously,7.902450771184038e-05,1.8663236080789353e-06
see,3.4972107803432795e-06,3.426430403611058e-06
seed,0.00014471973457549835,0.00010647124993365104
seedbed,2.6091995256176507e-06,1.4898360244921909e-06
seeds,0.00013947744296593804,0.00015010355218493613
seeing,0.00017680498346593187,9.689602231087189e-05
seek,0.00033207124467235104,0.00021853895228121474
seeker,2.4271823754674266e-06,3.6917087992991877e-06
seekers,8.382837496447831e-06,3.0964475745719014e-05
seeking,9.811173504596073e-05,0.00011704275247664856
seeks,6.91346519706603e-05,0.000136163482909376
seem,0.0003266449928809069,0.00015141323208736702
seemed,0.00027621497571666956,6.888132013113618e-05
seeming,5.5071297516869355e-06,7.345374233074015e-06
seemingly,1.7904484989473015e-06,2.4695305412371825e-05
seems,0.00023265003860026135,0.00020469559282878781
seen,0.0002198544017672823,0.0003021039659312476
seer,0.0,0.0
sees,0.00010850036184729683,0.0001459781014939524
segment,3.7450206336836156e-06,0.0
segments,0.0,3.721531621058348e-06
segregation,1.8235855318188813e-06,1.1249483704394006e-06
seigneur,0.0,0.0
sein,0.0,0.0
seize,6.151862784863176e-05,2.106913358247363e-06
seized,7.064253393301358e-05,4.415279604412602e-06
seizing,4.1203906644234805e-05,4.476176035051044e-06
seldom,3.3700908592655214e-05,7.51282679592577e-06
select,9.398674357452355e-05,2.0565930194277684e-05
selected,0.00011172962576486794,5.3446964298870026e-05
selecting,4.253921947596146e-05,9.789884447779286e-06
selection,9.03909323141436e-05,2.6819624146293312e-05
selective,0.0,1.4821988658612849e-05
self,4.758638546578834e-05,0.00017504392340670353
selfish,2.3367282723530488e-05,5.160509640748434e-05
selfishly,1.451445804481027e-06,4.677868716544401e-06
selfishness,2.003482422980027e-05,4.429390960960437e-05
selfless,9.78890181983036e-06,1.5828444045993116e-05
selflessly,0.0,7.328907112881648e-06
selflessness,0.0,2.991043541237109e-06
selfsame,6.683312188644143e-05,0.0
sell,8.480530774390076e-05,3.366666387644765e-05
selling,2.5190403686651423e-05,5.583028419962199e-06
sells,1.7090724551434745e-06,6.417538781572202e-06
selves,2.5064450445312404e-05,1.4131475340748661e-05
semantic,0.0,1.3934234044624495e-05
semblance,7.235378128282847e-05,9.376143340784267e-05
seminar,1.6511954998269935e-06,0.0
seminarian,0.0,1.661315785331274e-06
seminarians,6.481888703279628e-05,0.00012638056927122033
seminaries,0.00041273846056560774,0.0001400487218334478
seminars,1.9466379922994743e-05,6.937139168064722e-05
seminary,0.00012364733718125547,0.0002010447187354959
semper,9.232911499780806e-06,1.2778613488126575e-05
sempre,0.0,0.0
senate,2.60408109788001e-05,0.00011780356902285638
senator,1.317348524178515e-06,2.530450975754875e-06
send,0.00018579752870404433,0.0001398066618340037
sending,8.788070087370812e-05,4.518284887096173e-05
sends,1.1379485129509219e-05,4.8565382262705376e-05
senegal,0.0,0.0
senhora,0.0,0.0
senior,2.2765889848110764e-05,8.50961713400571e-05
sens,3.069340361202014e-06,0.0
sensation,0.0,2.9286642951685136e-06
sensational,0.0,1.999107008330491e-06
sensations,0.0,4.456123411521864e-06
sense,0.00020511588743331294,0.0005787045797841827
sensed,6.4432639723018656e-06,6.788687036510351e-06
senseless,1.8040267221400976e-05,4.0713295487608104e-05
senses,0.00012069945683062715,7.612064195999333e-05
sensibilities,1.3111389739326614e-05,1.0168944731531791e-05
sensibility,0.0,1.9427353349466303e-05
sensible,0.00010684887830596954,6.587244763807469e-06
sensing,0.0,1.8133845632870027e-05
sensitive,1.744107083321087e-05,8.063859735774294e-05
sensitivities,1.2866736671635152e-06,4.187716286129966e-06
sensitivity,5.042524390487015e-06,0.00010686919204329982
sensitize,0.0,0.0
sensual,4.491954993115196e-05,3.649575657214534e-06
sensuality,2.237663453138157e-05,3.2944090365389805e-06
sensus,0.0,5.790085544950133e-06
sent,0.000491093220623428,0.00022523844714638608
sentence,0.00022728496388367485,3.692867903521618e-05
sentenced,1.2928841406255958e-05,1.77933813705605e-06
sentences,8.017631221325683e-05,3.7096071599233543e-06
sentiment,6.122060984109619e-05,2.6342789715686504e-05
sentimental,0.0,7.977676015014788e-06
sentimentality,7.2355652051079015e-06,1.9814500109382657e-06
sentiments,0.00011187049214042234,4.25788577913923e-05
sentinel,0.0,1.1987514443137184e-05
sentinels,1.4548094579386068e-05,2.3980440741420827e-06
seoul,0.0,0.0
separate,0.0001471922105890817,8.894422930079537e-05
separated,0.0002877930312777702,0.00017476658111092931
separately,6.194735519574851e-05,2.0473948616486935e-05
separates,1.5787074814205707e-05,1.905134678433919e-05
separating,3.237120981878754e-05,3.2468912144871165e-05
separation,0.00017255134142107382,9.500274082608365e-05
separations,7.257236906924323e-06,3.6565830993981e-05
sepe,0.0,0.0
september,0.0001833428784950244,0.0009781502002884652
septemtrionalis,0.0,0.0
septuagint,1.7532251138767667e-06,2.132450166985735e-05
sepulchre,7.721852552041714e-06,0.0
sequela,0.0,1.0766759638386126e-05
sequence,1.809149178892838e-05,2.454235623816983e-05
ser,2.6679257391297394e-06,0.0
sera,0.0,0.0
seraphic,3.866479077787384e-05,0.0
seraphim,2.3107422378795403e-05,5.291746179287024e-06
serbia,1.5549553475434144e-05,0.0
serbian,0.0,0.0
serene,3.981740014413559e-05,6.494289581764164e-05
serenely,9.591547387117447e-06,3.3126614903609714e-05
serenity,1.795048319772351e-05,3.5771834063016786e-05
sergio,0.0,0.0
series,5.802418253481453e-05,0.00010649866106209979
serious,0.0005256366973075848,0.0004712112800208708
seriously,0.00018259986090131248,7.35929371228629e-05
seriousness,6.980635860677007e-05,8.977982934500024e-05
serm,3.5398808431467354e-05,6.2501641359147e-06
sermo,7.840299869699572e-06,0.00014796030214510065
sermon,5.306264268689009e-05,5.267208557657078e-05
sermones,0.0,1.0759734611165938e-05
sermons,0.00018007767010562992,6.189093553997521e-06
serpent,8.616168534648004e-05,8.008561838802328e-06
serpents,2.3109751002269292e-05,1.9313476116041675e-06
serra,0.0,1.8317841902332818e-06
servant,0.00015390645483519133,0.00017367655840480704
servants,0.0001804832751642729,0.0001378668309322395
serve,0.00016349239424383785,0.00018424040903076532
served,6.590566653621838e-05,3.801298519276901e-05
servers,2.8269381657336803e-06,3.3683461642316716e-05
serves,3.200885672222064e-05,0.00010328989082334064
service,0.00011494439398680672,0.0002895608222058803
services,0.0001307009101249923,0.00011735775875563636
servile,7.282520516284557e-05,7.810499661145853e-06
serving,3.587940935438717e-05,0.00010979198002505165
servitude,9.010038923864007e-05,4.249391162000203e-06
servorum,0.00016107912042688188,5.066800362139185e-06
ses,0.0,0.0
sess,5.590205160084625e-05,4.22302957572736e-05
session,0.000810874107434865,0.0002846215568988856
sessionof,0.0,0.0
sessions,3.013908791044816e-05,4.5569956383529815e-05
set,0.00038253661147316756,0.00035696914710160033
setback,1.5089373343717297e-06,3.854226375499954e-06
setbacks,1.1646604132275762e-05,1.1700695542328912e-05
seton,0.0,4.300937065058804e-06
sets,8.812760805390431e-05,7.478374487847179e-05
setting,0.00011495766607396602,0.00015882244997523918
settings,0.0,3.122754661599192e-05
settle,3.409180484204061e-05,1.0330663219923199e-05
settled,0.00010593090493103513,6.919428874754236e-05
settlement,3.397784691378879e-05,4.213984097532137e-06
settlements,1.792394937115917e-05,0.0
settling,3.846376447662484e-05,6.0471383124663155e-06
seu,0.0,9.390735066754936e-06
seulement,0.0,0.0
seven,0.00012618317897122833,9.477199531837964e-05
seventeen,0.0,4.221313999245122e-06
seventeenth,7.221732129225421e-05,1.2666450368827454e-05
seventh,0.00014278217385495185,7.840857525499973e-05
seventieth,0.0,4.291531447255511e-06
seventy,1.712463661982245e-05,8.819222000220466e-06
sever,2.1175053914298064e-05,5.914779223621439e-06
several,0.00023688508877637714,0.0001865649128831703
severe,0.00014375381421659512,5.330779028883807e-05
severed,3.212958406971161e-05,3.3547345092503744e-06
severely,7.659870693141536e-05,1.9661641057625732e-05
severity,0.00011390144406170328,1.2520695319191478e-05
seville,5.9457638570927615e-06,0.0
sex,9.250015481855684e-05,9.876033218634401e-05
sexes,0.00019079874613743265,3.816770151880706e-05
sexual,4.800436531787189e-05,0.0003307339606143778
sexuality,8.352926394362845e-06,0.00024680828457746814
seychelles,0.0,0.0
señor,0.0,0.0
señora,0.0,0.0
shade,3.1323531333170076e-06,2.7604847617161926e-05
shadow,7.458426638623564e-05,3.0094499883534265e-05
shadows,1.5067775372967663e-05,4.841942264676456e-05
shake,2.9896456236006287e-05,8.050688339784574e-06
shaken,0.0001025361727097021,7.80446770316051e-06
shakes,5.973334622041369e-06,9.552677139694977e-06
shaking,1.2019469314397186e-05,0.0
shall,0.0011789109482801259,0.0005384522272163092
shallow,2.6613323281409398e-05,1.8078183255557022e-05
shalom,0.0,0.0
shalt,6.187658081453301e-05,1.960494520868753e-06
shame,6.109664825580591e-05,3.2088343445337066e-05
shameful,9.850687469703893e-05,1.300545124473244e-05
shamefully,3.4542875081070956e-05,0.0
shameless,6.161888172351289e-05,1.201589372133168e-06
shamelessly,5.552442572207807e-05,2.330228804222333e-06
shanghai,0.0,4.761530970503316e-06
shape,1.9536232290378753e-05,0.00010676787180059213
shaped,1.052932359456393e-05,7.148100910881138e-05
shapes,3.827520336743484e-06,3.702070338601105e-05
shaping,1.8263585761832303e-05,3.233929829627861e-05
share,0.00015363316320126202,0.00025012578763672865
shared,3.408102810420101e-05,0.00019626125984033605
sharer,1.1960991759101496e-05,5.202156315120844e-05
sharers,2.0602563585973663e-05,6.882618523034259e-05
shares,1.4060920348819588e-05,0.00010047211982868245
sharing,7.619629103655312e-05,0.00028848338395419263
sharp,6.988149308016836e-05,7.601068466029056e-06
sharpen,9.031590724267974e-06,0.0
sharper,7.809960641953086e-06,0.0
sharply,2.5014973642614e-05,3.5690291117774063e-06
shatter,2.161604558287426e-05,1.843990555738087e-06
shattered,3.015832643153771e-05,4.87619347111039e-06
shatters,2.7560973460441254e-06,1.276789650855783e-06
shed,0.00015531711170663125,8.157585258030278e-05
shedding,7.760410074352154e-05,7.08335352151594e-05
sheds,7.306231336331699e-06,4.333738066777544e-05
sheep,0.0003175744382554125,7.200866024916488e-05
sheepfold,9.320343825220396e-05,1.0342391573947961e-05
sheer,1.940786364141996e-05,2.3234361787284333e-05
sheet,4.934800987370733e-07,1.3881566932535695e-05
sheikh,0.0,0.0
shell,2.525581896593767e-06,1.912131346447439e-06
shelter,4.421175313915296e-05,1.3761212467530593e-05
sheltered,5.447528985524915e-06,3.0470285204066075e-06
sheltering,3.6149175507311273e-06,0.0
shelters,1.3372193922820452e-05,5.25900934716741e-06
shenouda,0.0,2.5171277630226463e-06
shepherd,0.00017024369220350842,0.00012204545817910455
shepherding,0.0,8.08058129627825e-06
shepherds,0.00018478669503871925,3.754090082066255e-05
sheshan,0.0,4.761530970503316e-06
shield,7.021974321106496e-05,5.517002798072518e-06
shielded,1.1165230556301326e-05,5.039457744410159e-06
shift,5.371884638076505e-06,2.1628706732789983e-05
shifting,1.3246354268726398e-05,5.5977749577878725e-06
shifts,9.256953340861744e-06,7.515931390339709e-06
shine,0.00017671685612319243,0.00014598351205286083
shines,0.0001097536978879501,8.778692534819392e-05
shining,9.832246647725495e-05,6.0980713449285905e-05
ship,3.49592756955285e-05,1.1621743049161852e-06
ships,7.428907614487755e-05,0.0
shipwreck,2.7209056720533777e-05,1.5237411338202456e-05
shipwrecked,3.3915569404044476e-06,0.0
shirk,2.1943232474766204e-06,4.6138698932282e-06
shoah,0.0,0.0
shock,5.9175823032711214e-06,9.34342891682462e-06
shocked,4.729399716051475e-06,0.0
shocking,4.293063501244249e-05,3.635529844736277e-06
shoes,6.192201174027918e-06,9.660290455673547e-07
shone,9.215738520048051e-05,3.98477454935079e-05
shook,1.547497575260924e-05,0.0
shoot,1.538857733619468e-05,0.0
shoots,4.1235969554593546e-05,1.1465050523733752e-06
shop,1.3468764879031846e-06,1.3680566384914901e-06
shops,3.2058828681433957e-06,0.0
shore,2.3199604503969362e-05,2.3212046071156507e-06
shores,4.292920680226672e-05,0.0
short,0.00016383909837794266,0.00010085952010134984
shortage,1.4896792612587418e-05,7.259940732057247e-05
shortages,0.0,4.115645434767171e-06
shortcomings,1.9994276288883996e-06,1.6616625172246435e-05
shortcuts,0.0,0.0
shorten,2.2666782461399706e-05,0.0
shortened,2.563343322956176e-05,2.174701886751207e-05
shorter,5.369396081358088e-06,2.8310030571914303e-06
shortly,5.5406391045061645e-05,3.97129598904346e-05
shortsighted,1.46283078267442e-06,0.0
shot,1.4261956329436852e-06,0.0
shoulder,2.514676164596306e-05,1.7864877957550072e-05
shouldered,0.0,1.4696582322269578e-06
shoulders,1.5244077659559053e-05,7.557655052719055e-06
shout,7.489310469970192e-06,1.787209154572422e-06
shouted,3.104469321993674e-06,0.0
shouting,2.863355857316879e-06,0.0
shouts,2.906308558819163e-06,0.0
show,0.000304875416023782,0.0002009381499414152
showed,0.00020680004860635523,9.042728995009108e-05
shower,1.789467506581725e-05,2.04769630409811e-06
showered,4.180843328813494e-05,6.972817614057997e-06
showing,0.00010457526406844258,0.0001271545056682157
shown,0.0003010657154240737,0.0004005646327364418
shows,0.00012931031658995485,0.00022864828165321548
shrewdness,8.999941204738477e-07,2.2364093311388532e-06
shrine,1.90623650465368e-05,1.6563037088022324e-05
shrines,3.2643547154962294e-05,5.119657118061269e-05
shrink,7.281140561358785e-05,8.567391766143378e-06
shrinking,1.5833683025135575e-06,9.00573815322544e-06
shroud,0.0,0.0
shrouded,4.3375536987316986e-06,8.92650521288049e-06
shun,0.0001063982914316177,2.740669546986657e-06
shunned,5.859101158846615e-05,1.1319674035246075e-06
shunning,9.175377156427277e-06,0.0
shut,4.87151838675163e-05,4.726816710436443e-06
shutting,4.964639895292711e-06,0.0
sia,0.0,0.0
siblings,0.0,0.0
sicily,3.1062450163313576e-05,0.0
sick,9.532471432359837e-05,0.00038520998276146955
sickand,0.0,1.643038009491228e-06
sickandnewlyweds,0.0,0.0
sickness,3.744075757870059e-05,0.00012826334354848107
side,0.00016914884450474314,0.00023311792383763343
sidelines,0.0,1.3489120807228454e-05
sides,0.0001726951407827713,3.22010373089442e-05
sie,0.0,0.0
siege,1.5354846611781936e-05,1.2842400953052825e-05
siempre,0.0,0.0
siena,2.040100525867598e-05,2.748124443591626e-05
sierra,0.0,0.0
sift,5.754697624920355e-06,2.0396549271700675e-06
sigh,8.706660123280661e-06,3.085236473784847e-06
sighs,1.3797479515652303e-05,6.688999199873989e-06
sight,0.00015802795364261847,0.00012635173012528727
sights,2.4961361464176885e-05,2.504601703072296e-06
sign,0.0001161621822735674,0.0003851149403626428
signal,9.985249154317712e-05,1.0176909332759032e-05
signals,6.059813370861176e-07,5.8412666628084115e-06
signatura,0.0,3.6140867028544395e-05
signature,9.383334438495467e-06,0.0
signed,0.00019475937744691714,5.414048309521102e-05
significance,3.1622080390162805e-05,0.00023557195430798855
significant,3.253837721026008e-05,0.00028853691392352333
significantly,1.6750455226392156e-05,3.926098170925171e-05
signified,6.522665034653173e-05,1.8620481858498965e-05
signifies,2.8934270813017852e-05,3.991367019107537e-05
signify,6.730213243937426e-05,4.7847752444550594e-05
signifying,1.1709003523375174e-05,3.8049377117438884e-06
signing,3.3419597230711085e-06,1.766353142965748e-06
signor,0.0,0.0
signore,0.0,3.6657949235511605e-06
signposts,0.0,0.0
signs,7.890215702088384e-05,0.0002381253627265709
signum,4.808006032423668e-06,9.385689109196098e-06
silence,0.00018984382814969965,0.00011126713304841874
silenced,1.730042006963609e-05,3.262909813752816e-06
silences,0.0,4.8914968962240125e-06
silencing,0.0,0.0
silent,9.928070660288125e-05,4.160194858701296e-05
silently,5.971409212141574e-06,1.3457355861949283e-06
silesia,0.0,2.44171143593433e-06
silk,7.679776024336475e-06,8.30130200589676e-06
silva,9.295140512864288e-06,1.252300851536148e-06
silver,4.262757702176637e-05,1.583244506005458e-05
simeon,1.0082808103126442e-05,5.170430646931518e-05
similar,0.00032808013198241693,0.0001763682631755138
similarities,0.0,1.569623241401374e-05
similarity,3.0352686165019525e-05,1.8105069785923504e-05
similarly,0.0001308007882634881,7.344844034006306e-05
simon,6.436667210083934e-06,1.7208659284847932e-05
simple,0.00013135657214868808,0.0002552169427451966
simpler,3.5446641661267377e-06,1.9625241577077664e-05
simplest,3.400764571507077e-06,9.114640318919507e-06
simplicity,8.205027627042458e-05,6.144871938434835e-05
simplified,0.0,3.8745489685799555e-05
simplistic,7.999259138237431e-06,4.440895323425905e-06
simply,9.315641905026029e-05,0.0002927577929528008
simultaneous,1.687487752970283e-05,9.69951156747693e-06
simultaneously,4.4407961929098336e-05,5.1632529715676206e-05
sin,0.00047132284822576636,0.0007175317457166325
sinai,1.7914839642281587e-06,2.8662491257211906e-05
since,0.0010686777651484891,0.0005297896591044872
sincere,0.0001491311396330571,0.00016944773141612852
sincerely,8.033703942556554e-05,6.627091379243571e-05
sincerity,5.428478252420022e-05,2.8665267492750254e-05
sine,1.4782091689561088e-05,2.1319731589711863e-05
sinful,4.759212271157074e-05,3.9967105479295524e-05
sinfulness,4.587330106369363e-06,2.0605062636926926e-05
sing,7.605491777851334e-05,4.892882426622756e-05
singapore,0.0,0.0
singers,6.582966622662875e-05,0.0
singing,0.000128606302011615,2.4138231283540976e-05
single,0.0001451717600833388,0.00022240216817060628
singled,3.722998418015309e-06,7.693682472267158e-06
singly,6.669982721213076e-05,8.311293368318484e-05
sings,1.549407488342692e-05,1.5116449701543316e-05
singular,0.00028115409248573043,0.0001301090412335242
singularity,0.0,1.7342837279391413e-05
singularly,3.480638798376769e-05,2.620682861746503e-05
sinister,1.2654390852414466e-05,4.040111122453453e-06
sink,5.3129811232439065e-05,1.1410356080207222e-05
sinking,2.156924891179167e-06,8.499496870834612e-06
sinks,1.9117340790558283e-06,2.9673115283502166e-06
sinned,3.814773552203533e-05,5.7306722290194516e-05
sinner,0.00010726270182898122,8.513393797291768e-05
sinners,9.901674128490876e-05,8.894837759677416e-05
sinning,2.57380495190439e-05,2.8517367098010788e-05
sins,0.00047375138472561157,0.0005758245348298161
sint,8.575864633815292e-06,0.0001663895754731824
sion,9.920912443205538e-05,2.3452094477705687e-05
sir,2.7611555714765693e-06,8.443358441912499e-06
sirach,0.0,3.2801978295028432e-06
sister,3.0053551314715683e-05,0.00010498735402593014
sisters,2.9082324140315717e-05,0.00012342373828957094
sistine,0.0,4.9069302953250865e-05
sit,4.6147141389289535e-05,2.1256108684531462e-05
site,0.0012250874305902609,6.106942175722745e-06
sites,2.0871355254955066e-06,1.172033828920975e-06
sits,1.8466195093894655e-05,5.405581697185037e-06
sitting,3.125297636707213e-05,6.659715313636259e-06
situate,1.4370298054320147e-06,1.2526084120106778e-05
situated,3.1675730878762775e-05,5.261503238556508e-05
situation,0.00012644417209041554,0.00031874677099015086
situations,2.994285816002966e-05,0.0003160693376963152
six,4.865928232237045e-05,0.00011709288680011821
sixteen,8.212661826770457e-06,1.2127042481881859e-05
sixteenth,0.000100311738139851,0.0001229478078375122
sixth,0.00013274672502520398,8.504381559202343e-05
sixtieth,0.0,3.327090924233449e-06
sixtus,7.182822513819231e-05,0.0
sixty,8.71204406468282e-06,1.052081430778993e-05
size,2.9525378063612672e-05,1.406123178146644e-05
skepticism,6.782502867127083e-06,4.846481574931023e-06
sketch,1.0090623776399677e-05,1.348909252235714e-05
sketched,4.804913770281513e-06,4.743292650292185e-06
skies,2.366854653158647e-05,1.1503802722806528e-06
skilful,7.703316941169421e-06,0.0
skilfully,7.71397251643486e-06,3.4085277017293403e-06
skill,8.057332959350245e-05,2.7650697686649743e-05
skilled,3.038137672179225e-05,3.500041378377353e-05
skillful,3.9887681312981475e-05,0.0
skillfully,7.290482050087157e-05,2.9845401005592186e-05
skills,7.279075541921807e-06,2.3712195847274114e-05
skin,4.499651991129175e-06,1.150053704574976e-06
sky,3.250464917371023e-05,9.280816564437488e-07
slain,4.296317775485121e-05,2.322185676717915e-06
slander,1.2278900047713068e-05,3.135029016868083e-06
slaughter,8.384245906590527e-05,6.130204563497433e-05
slaughtered,8.689249246653882e-06,2.221031123938062e-06
slav,1.0633424165625043e-05,0.00022190200948976404
slave,5.1653720370783365e-05,5.5865140055712383e-05
slavery,0.00023496196967213816,0.0001001688880744239
slaves,0.00016565975451437407,2.884494674417949e-05
slavic,9.32072136336644e-05,0.0
slavorum,1.5666091909280132e-06,6.1955823162956164e-06
slavs,5.245377508646211e-05,0.0002162761067173665
slay,3.8026329975175566e-05,5.358120978140689e-06
sleep,4.5721057930927895e-05,1.381036717026033e-05
sleeping,9.823834741905842e-06,2.9788268002946425e-06
sleeps,0.0,1.0935995582531602e-06
sleeves,7.685695607445988e-06,7.476812563378063e-06
slept,1.7727678748981414e-06,1.7454939241906996e-06
slight,7.474729196097804e-05,6.0537497152089075e-05
slightest,9.115026833199281e-05,8.011527060444562e-06
slightly,9.579505494941574e-06,2.694109111672307e-06
slip,1.3704865624917241e-05,2.269774601243045e-06
slipping,0.0,1.2819897031532105e-06
slips,2.685749758424594e-06,0.0
slogan,3.501437596531514e-06,0.0
slogans,2.8247748475087656e-06,3.0812660342879716e-06
sloth,4.0659939670618475e-05,5.769615714347735e-06
slothful,3.1137785483229346e-05,3.019525571654687e-06
slovak,0.0,0.0
slovakia,0.0,4.694703934687461e-06
slovenia,1.5493724935054595e-05,0.0
slovenian,0.0,0.0
slow,3.508296066387159e-05,3.620414198557423e-05
slowly,2.918581838422249e-05,2.259998167092795e-05
slowness,2.058750114655168e-05,1.2226007004803563e-05
slumber,5.45288602727758e-06,0.0
small,0.00016626972555413338,0.00012497085547941695
smaller,3.86951917021167e-05,2.2943630943823877e-05
smallest,3.0410600795429213e-05,1.1423724355610367e-05
smallness,0.0,1.1904185413438747e-06
smell,3.797250484976539e-06,1.0398890946891113e-06
smile,3.0301329589578337e-06,8.83799336622677e-06
smiles,2.804108212192355e-06,0.0
smiling,1.1600483887589378e-05,1.4430031961360555e-06
smoke,2.354819408078483e-05,1.3642079400650075e-06
smooth,1.6973316233836573e-05,1.508222382181564e-05
smoothly,2.6828702251255253e-06,0.0
smyrna,1.7632061893750116e-06,1.8306119948703272e-06
snare,2.7655538865061278e-05,1.773329908697328e-06
snares,0.00020376444677397578,1.677646983796891e-05
snatch,5.5188189198230624e-05,5.051896861912468e-06
snatched,5.33429587403332e-05,0.0
snow,6.063875387241019e-06,1.7670141164643949e-06
soap,0.0,0.0
sober,1.6896683362556123e-05,5.78130640967853e-06
sobre,0.0,0.0
sobriety,1.1763421772328762e-05,1.627224275227277e-05
soccer,0.0,1.86327818339747e-06
social,0.0002337078599726833,0.0006191095279320984
sociales,0.0,1.3553777949306138e-06
socialis,0.0,5.774608171259148e-05
socialism,0.0001344884248954356,5.813366226873548e-05
socialist,1.5351742178720844e-05,2.824124820545778e-05
socialization,0.0,1.6448935128709902e-05
socially,9.555857580074481e-06,2.2939145305051152e-05
societal,0.0,8.393848223786256e-06
societies,0.00038690965969544584,0.00024232564823356922
society,0.0005208158328566914,0.0005077693285951758
sociocultural,0.0,1.0942883250050887e-05
sociological,3.872730007767785e-07,7.569276421174328e-05
sociology,5.975559049594784e-06,3.787345164250685e-05
sociopolitical,0.0,5.479484726838836e-06
société,0.0,1.06225074606692e-06
socrates,1.4290559321420597e-05,4.2159638675965996e-05
sodalities,0.00012059183840201998,2.4721151016579147e-06
sodality,0.00012844544408195736,0.0
sodano,0.0,0.0
sofia,0.0,0.0
soft,1.4731241953798666e-05,0.0
soften,2.7124391966282192e-05,1.6279727164010399e-06
softened,3.395655500455053e-05,0.0
soil,8.232770251910645e-05,4.8001063979827685e-05
soiled,1.026330972764951e-05,1.1319674035246075e-06
soit,0.0,0.0
sojourn,1.6179316378699787e-05,5.054443660197661e-06
sojourners,0.0,8.50982821011906e-06
solace,9.415951275937285e-05,1.2438928458536794e-05
solar,3.0370308633674077e-05,8.304743478596329e-06
sold,6.138556018944637e-05,2.232786567363972e-05
soldier,4.673623362440701e-05,3.927808361189845e-06
soldiers,0.00019252827935201377,2.4032477706876734e-05
sole,7.498305593942282e-05,9.562211881116899e-05
solely,0.00012697815138333328,0.00015269368910557522
solemn,0.0003414638739630278,0.00015217618529179353
solemnities,9.20316279471772e-05,4.262671051580903e-06
solemnity,7.548671062175767e-05,0.00012821067825574285
solemnly,0.000266199921219281,0.00016454027003251408
solicitous,0.0001502699827724318,2.5758951341961588e-05
solicitously,5.479316386347823e-05,3.442950519337105e-06
solicitude,0.00037610632186476327,8.661274628428223e-05
solid,0.0002399825468093694,9.588523822461585e-05
solidarity,6.792248485904994e-06,0.0001924573444337784
solidary,0.0,1.4956196933208426e-06
solidity,3.257117291751096e-05,1.5590918636074926e-05
solidly,2.3450259058440414e-05,2.135896940124727e-05
solitary,2.792787512703984e-05,1.2396696416632493e-05
solitude,3.114894334328179e-05,5.3280797881779355e-05
sollicitudo,0.0,1.4718894596196475e-05
solo,1.1243916101938719e-05,0.0
soloists,0.0,0.0
solomon,1.0657484902778361e-05,5.911913152439195e-06
solution,0.00010647711867382794,0.0001011846939382808
solutions,0.00038842500543181734,7.898928697540312e-05
solve,5.307545281212168e-05,2.4774922913152694e-05
solved,2.5539131458127167e-05,6.965618219558995e-06
solves,1.1486841936122713e-06,9.208582260782382e-06
solving,7.857654645290767e-06,4.3031780046680984e-05
somalia,0.0,0.0
somalo,0.0,0.0
sombre,0.0,2.1388703769353057e-06
somebody,1.2434801242481852e-05,0.0
somehow,5.896037590372459e-06,4.897607068802914e-05
someone,7.433215064878299e-05,8.98256049161803e-05
something,0.0002105760370324428,0.00026214352439243497
sometime,1.4088684705475323e-05,0.0
sometimes,0.0001997140381681872,0.00022636365089292795
somewhat,8.277283941399067e-05,1.998939529958234e-05
somewhere,1.2044877279406472e-06,3.2720173012698924e-06
sommes,0.0,0.0
son,0.00032338768274518294,0.0007206152693360513
song,2.0472380089335134e-05,5.083134923760885e-05
songs,2.575315200642865e-05,0.0001627547866569296
sono,0.0,0.0
sons,0.0006298804766926984,0.0002554931073132952
sonship,2.4966609282029494e-06,2.2205187195889715e-05
sont,0.0,0.0
soon,0.00041111307586503713,0.00019631816685398092
sooner,4.209442849992743e-05,1.2204766753793625e-05
soothe,2.7387919985163642e-05,3.888375908716969e-05
soothes,6.362341851644295e-06,2.0120305895002728e-06
soothing,1.5246856800702774e-05,4.6096536848742975e-06
sophia,3.293369714178418e-07,0.0
sophisticated,0.0,9.079248798416794e-06
sordid,2.1395524193876522e-05,0.0
sorely,4.001897502428343e-05,1.503106596999587e-05
sores,1.5588654126947978e-05,2.935380785525187e-06
sorrow,0.00043503236206506843,5.6225550617084606e-05
sorrowful,0.00011725412747410043,4.7287375657281184e-05
sorrowing,3.716877427731606e-05,1.7338394668562288e-06
sorrows,0.00013300207940026784,5.0365636047548956e-05
sorry,2.4201924696589676e-05,2.7203138626211052e-05
sort,0.00020121533629499934,0.00014300069650659188
sorts,5.2839518150726074e-05,8.982022962747602e-06
sotto,0.0,0.0
sought,0.00024727996633139613,0.0001760884171179157
soul,0.0005770706709586823,0.00025737378138906687
soulless,0.0,4.962221314676881e-06
souls,0.0014568839320272106,0.00028313858225225775
sound,0.0004019168151194924,0.00011050893459239929
sounded,1.356482135945451e-05,0.0
sounding,1.4792371364589337e-05,0.0
soundly,1.8446528295070643e-05,1.951657227844496e-06
soundness,2.144364415427882e-05,4.6917746665169916e-06
sounds,2.6890775424423258e-05,1.1165508727303997e-05
soup,0.0,0.0
source,0.00027458013037534075,0.0003830057220069047
sources,0.0001302403088592097,0.00018024866458801097
south,0.00012897656166240384,3.591099629445959e-05
southeast,0.0,0.0
southern,1.576351468189338e-05,1.3858789028664225e-05
sovereign,0.0002658455584810002,0.00012283092987353954
sovereigns,4.048980381266012e-05,0.0
sovereignty,9.150571704153284e-05,2.4933150253971276e-05
soviet,5.031742840275583e-06,0.0
sow,7.336239414181831e-05,1.6605706879869568e-05
sowed,8.51952617501264e-06,1.0242693563985765e-05
sower,1.654943571946204e-05,1.4453368835029398e-05
sowers,1.5878523143571095e-05,1.0829828458209869e-06
sowing,3.4229903519722046e-05,0.00013625859987487882
sown,3.292924476090403e-05,4.678445875865528e-05
sows,1.7102004601257943e-05,9.98537056515108e-06
space,7.754722499226703e-05,9.986950634129896e-05
spaces,1.9323452359651413e-05,1.5980439880887035e-05
spacious,1.3589166302634822e-05,0.0
spagna,0.0,0.0
spain,0.00011352310546658409,4.552349840461469e-06
span,3.2133075134710945e-05,3.6823450685659104e-05
spanish,8.270798208083307e-05,6.037737599077061e-07
spans,0.0,0.0
spare,0.0001297465446646012,1.4564987982230874e-05
spared,7.820157122759182e-05,1.474286437050988e-05
spares,0.0,0.0
sparing,2.385678672587116e-05,2.2175899152234423e-06
spark,3.36436638513954e-05,2.0805085400367572e-05
sparked,0.0,4.474322721558673e-06
spe,5.807674490456576e-07,4.3246237754914e-06
speak,0.0002247360108961275,0.00021805640312003028
speaker,1.6354315512716434e-05,0.0
speakers,3.259465468888673e-06,6.135515055307502e-06
speaking,0.00013339916132563455,0.00014112210982445368
speaks,7.884161850052503e-05,0.00018137474838695315
spear,2.1150798509543883e-05,2.940040440173443e-06
spears,2.483269249122734e-06,3.5622312831555848e-06
special,0.00037740623604142035,0.000517798913332738
specialists,9.972619855820931e-06,3.646855942715568e-05
specialization,1.0452193558816057e-05,1.4490873046510491e-05
specializations,4.018668949526358e-06,2.1591328558622102e-05
specialized,1.0002334830044384e-05,3.922194775277462e-05
specially,0.00015021735325695287,7.2056236393515e-05
species,9.511537048784028e-05,8.044521264894367e-05
specific,4.6430341877578704e-05,0.0005648242381193093
specifically,7.103683234094128e-05,0.00019499173890656356
specificity,0.0,3.7947366257955516e-06
specified,4.035018072693462e-05,0.0001958470072143561
specifies,0.0,1.8533653150316716e-05
specify,1.05941534536551e-05,8.33177920356375e-06
specious,4.26804778429003e-05,4.317297526612595e-06
spectacle,0.0001376254795271293,1.1767954105347763e-05
spectacular,0.0,2.3990885284022237e-06
spectator,0.0,0.0
spectators,3.4341580217543196e-05,1.509071023120076e-06
spectre,0.0,1.0403814738032716e-05
spectrum,0.0,6.4959205744582815e-06
speculation,1.2418061139007592e-05,2.4147785684478124e-05
speculative,1.388551895740784e-05,3.684288779355696e-05
speech,0.0001902283942752734,2.719041976355744e-05
speeches,5.0160623309589084e-05,9.218250246136744e-05
speed,2.905732448670806e-05,2.5646655800174434e-05
speedily,6.922825336145985e-05,2.2959968272071478e-05
speedy,6.318379887815813e-05,1.958380897157954e-05
spell,1.1684437337778212e-05,0.0
spelled,0.0,4.935506066913793e-06
spend,5.307917499002305e-05,1.8891082932090227e-05
spending,1.3576894804683135e-05,9.89655660552817e-06
spends,3.960527021152731e-06,1.2304649744393027e-06
spent,4.124868423570066e-05,5.076464042926998e-05
speranza,0.0,0.0
spes,3.242975382286298e-06,0.00024618655983997084
sphere,5.908534667113772e-05,0.00019177099773117764
spheres,1.055837950598244e-05,5.652260610008317e-05
spilled,1.7316059528441646e-05,0.0
spiral,1.0848636922371768e-05,3.530541008441154e-06
spirit,0.00039625670030197553,0.0007951316701209153
spirito,0.0,0.0
spirits,0.00013717126482473138,3.0013161780475906e-05
spiritu,6.713925552948958e-06,5.89333942429102e-05
spiritual,0.0003028562719899676,0.00048783234891147773
spiritualism,3.0954587904377437e-06,1.4059919040665019e-06
spiritualities,7.168379230794785e-07,1.1469283514414615e-06
spirituality,6.5499855591321615e-06,0.000229922662932971
spiritually,1.740472685981916e-05,4.849378692097657e-05
spiritus,5.152004106510706e-06,5.184970755282527e-05
spite,0.00011395804722782993,6.456643792830857e-05
splendid,0.00014082703715038555,3.2706653160611644e-05
splendidly,2.7946468007784114e-05,3.1503526800785604e-06
splendor,0.0002669101908288868,5.737334513736396e-05
splendour,2.094206437061596e-05,9.154179644253571e-05
split,4.700295681007692e-05,1.9266903456807638e-05
spoil,7.826023630044952e-06,4.836544571698148e-06
spoiled,3.7918610739386025e-06,0.0
spoils,1.821764479465115e-05,2.0232448501652873e-06
spoke,8.421310731726262e-05,0.00010640076185306525
spoken,0.0001317408842237011,0.000192739364496148
spokesman,1.2483347373898845e-05,1.620011355860683e-05
spokesmen,8.302335175656431e-06,7.4940565481892165e-06
sponsored,4.281244945452117e-06,6.254622294077677e-06
sponsors,2.928922970896398e-06,1.767676585111651e-06
spontaneity,5.547528549612332e-06,2.933679715554394e-05
spontaneous,3.9808804716011e-05,4.216013445934551e-05
spontaneously,8.390026992919433e-05,8.386089004100201e-05
sporadic,1.5642925655732044e-06,5.484049597023365e-06
sport,1.4659662077444786e-06,1.290700746052972e-05
sporting,2.4471085798906832e-06,8.589423677975179e-06
sports,9.056674372500912e-06,3.290969655180934e-06
spot,3.350553872873469e-05,2.1369514838273933e-05
spotless,6.497714345893838e-05,2.0461563969723636e-05
spotlight,0.0,0.0
spots,4.538591977228652e-06,5.311114488650785e-06
spousal,0.0,0.0001984309160697704
spouse,0.00028182025238626744,0.0001815175410605483
spouses,5.3631921206527396e-05,0.0002569712154330448
sprang,1.943057680862023e-05,6.0265087723061565e-06
spread,0.00044411198021248395,0.00015610478347249988
spreading,0.00019175957105711021,9.321689414006654e-05
spreads,4.939087389992479e-05,5.11241154441002e-05
spring,0.00012516712966142152,6.282520331419283e-05
springing,2.8916992640923352e-05,2.5538243824905048e-05
springs,5.1706679437616076e-05,7.563446117901012e-05
springtime,1.245389387189282e-06,2.015385495626933e-05
sprinkled,9.64207151186259e-06,7.525685206873242e-06
sprinkling,3.7397100809913105e-05,8.628587252460731e-06
sprout,6.908121978721486e-06,0.0
sprouts,0.0,0.0
sprung,5.051303436122487e-05,5.199164820529401e-05
spur,3.982230821747107e-05,2.72411682763677e-05
spurious,1.3488723097224784e-05,4.305026266503411e-06
spurn,2.9715022506533634e-05,1.276789650855783e-06
spurred,4.364046038970075e-05,2.1425877933042765e-05
spurring,0.0,0.0
spurs,6.229125481822308e-06,1.6639588214546374e-05
squander,9.17927544265746e-06,4.8337000531340956e-06
squandered,7.266610658511873e-06,2.1615511914359117e-05
squandering,1.4857068031865224e-06,1.8886492092159586e-06
square,2.1706173877333188e-05,1.3204877963008236e-05
squarefourth,0.0,0.0
squarefriday,0.0,0.0
squarely,1.8483207555858962e-06,7.065581259481813e-06
squaremonday,0.0,0.0
squares,8.286141952493292e-06,4.646029617422518e-06
squaresaturday,0.0,0.0
squaresecond,0.0,0.0
squaresunday,0.0,1.710648125942701e-05
squarethird,0.0,0.0
squarethursday,0.0,0.0
squaretuesday,0.0,0.0
squarewednesday,0.0,0.0
sri,0.0,1.8937758815628969e-06
stability,8.060701668281288e-05,4.1944257551487234e-05
stable,5.271908400623532e-05,6.283960865417375e-05
stadium,1.3746225697913039e-06,2.2683478965658227e-06
staff,2.080473943021716e-05,3.1891476207591606e-05
stafford,0.0,0.0
stage,1.958990218234824e-05,0.0001826884760238392
stages,2.328065600902146e-05,9.953772988598403e-05
stagnant,0.0,0.0
stagnation,2.4650976189782248e-06,8.347859239624538e-06
stain,0.00018276024161091283,9.1405531751771e-06
stained,3.365986027927273e-05,1.7840253498811588e-06
stains,7.554273874637793e-05,1.4152064192868023e-05
stake,4.1004479562908965e-05,4.6940189111701316e-05
stakes,0.0,3.3610882859343198e-06
stamp,1.406550189398005e-05,1.0419670637766762e-05
stamped,2.437443239964516e-05,4.911693138402119e-06
stance,1.350012168903554e-06,1.1343301081737839e-05
stand,0.00019161518281383128,9.128045298421235e-05
standard,0.00012187229392225921,3.382945329257006e-05
standards,0.0001099218326135506,1.798054555744933e-05
standing,5.715616883999443e-05,8.891594871324368e-05
standpoint,2.4870976402765753e-05,0.00011097884088410541
stands,9.82214749879054e-05,8.621095715367033e-05
stanislaus,1.0533259557315367e-05,3.1840039682071067e-06
stanislaw,0.0,0.0
stanisław,0.0,0.0
star,3.198612864467322e-05,6.771593054372581e-05
stark,0.0,1.3262024682154112e-05
stars,3.34413773449468e-05,2.211839603890335e-05
start,6.678065139862992e-05,6.78986944368079e-05
started,2.3699028328492426e-05,2.5856899430934575e-05
starting,1.7842392774697454e-05,0.00010603897958704515
starts,2.7084312917096626e-05,1.7938948478923975e-05
starvation,2.9523226918796685e-05,0.00019553272661632142
starving,0.0,9.541885058007113e-06
state,0.0009802960695677895,0.0006817367304102813
stated,0.00012914603286402266,0.00021516211626548145
statement,8.527071664158938e-05,0.00015602031498858842
statements,9.533571989316836e-05,0.00013270788366732074
states,0.0002244927990053613,0.00016548733332769178
statesman,5.4264130371516375e-06,0.0
statesmen,6.870559606030733e-06,4.543219544938751e-06
stati,0.0,0.0
static,0.0,1.3870580672827151e-05
stating,1.0042409696736475e-05,4.478185895127637e-05
station,3.8477188396823645e-05,2.8642978776126857e-06
stations,2.644611230987449e-05,1.3875933021375189e-05
statistic,1.873546055165394e-06,2.0232448501652873e-06
statistical,0.0,8.155004920595058e-06
statistics,1.3876603313436065e-05,5.4480163334669075e-06
statue,1.2248534276258892e-05,9.455099622606549e-07
statues,1.5191038006463459e-05,1.708511664784809e-06
stature,1.3647399078617134e-05,6.510101524380608e-05
status,0.0001208031088993585,0.00011035664409363151
statute,7.092553763892026e-05,0.0
statutes,0.000264124303118349,0.00019957707104970582
statutory,3.983684083203021e-06,5.670030110155838e-06
staunch,1.6724876417306083e-05,0.0
stay,6.0127918282134586e-05,1.1068475708786444e-05
stayed,8.771416223255543e-06,6.5732212008251175e-06
staying,9.988326846599558e-06,1.0879036752127402e-05
stays,2.2082521485761693e-06,1.1121155166343012e-05
stead,1.975638166193995e-05,0.0
steadfast,7.770979787605137e-05,3.263490857807934e-05
steadfastly,5.630847446217678e-05,4.006403421283666e-06
steadfastness,6.105813655514025e-05,1.4125199176180092e-05
steadily,8.18182495020465e-06,8.86500967767934e-06
steady,1.4489947855118799e-05,3.1963547831513964e-05
steal,2.0718057975214484e-05,1.4428345979207111e-05
stealing,1.8283371614680936e-05,0.0
steel,1.4401524822111598e-05,0.0
steep,2.2963125540682935e-05,7.6184040718429424e-06
steeped,1.8261462722415543e-05,5.945263362377045e-06
steer,4.841763676852437e-06,3.5401608104168198e-06
stefan,1.8145047706400635e-05,0.0
stefano,0.0,0.0
stein,0.0,1.6975837465406655e-06
stella,0.0,1.156464517243404e-05
stem,9.85497931632299e-06,0.00012732216576183427
stemming,0.0,1.2284956954502197e-05
stems,7.528503361397514e-07,7.909324458096673e-06
step,5.1836178721376345e-05,0.00010195706920761491
stephen,5.096871649650076e-05,2.654726745144192e-05
stepinac,0.0,0.0
stepping,0.0,2.242462808867403e-06
steps,7.102667526000051e-05,5.516989861025173e-05
stereotypes,0.0,1.2466163914085199e-06
sterile,5.008207228637149e-05,1.1219903608113624e-05
sterility,1.7283577168231262e-05,9.557818716308283e-06
sterilization,9.454538650006385e-06,1.4865170220584141e-05
stern,2.3342246746700564e-05,7.400847899988192e-06
steward,8.845226922573532e-06,1.2722073215633061e-05
stewards,2.075480786954e-05,1.4942529567034256e-05
stewardship,5.119325035428727e-06,2.278689842353416e-05
stick,0.0,0.0
stifle,1.783099417629091e-05,5.634065291940606e-06
stifled,5.1879760691703515e-06,1.1214083510567425e-05
stifles,0.0,3.929072764856236e-06
stifling,3.5632058658268698e-06,6.920322073744425e-06
stigma,4.430139543705923e-05,5.166306424589743e-06
stigmata,2.6661075233761103e-05,0.0
still,0.0005512492823097143,0.00042977538684665586
stillness,0.0,0.0
stimulate,6.144498884084672e-05,6.0489335542908125e-05
stimulated,5.098061180777429e-05,2.8624041849884644e-05
stimulates,1.4000884606060186e-05,1.1062932465927904e-05
stimulating,2.062727117395274e-05,3.339526767063323e-05
stimuli,0.0,0.0
stimulus,5.249939605503675e-05,5.158918322907414e-05
sting,4.0200420552303746e-06,1.3564858238889585e-06
stipulated,1.347831062387647e-05,3.808225267159149e-06
stir,0.00010715070699878604,2.173272222897046e-05
stirred,9.383725607682288e-05,4.034373180073789e-05
stirring,2.1924339775674192e-05,2.017063546798771e-05
stirrings,1.3415045790535174e-06,9.77356676458319e-06
stirs,2.110081162145199e-05,5.255750662323551e-05
stock,1.353752059421576e-05,5.029496548761299e-06
stockholm,6.353915169918802e-06,1.4182439924765028e-06
stole,5.309918024246231e-06,1.7364951748499005e-06
stolen,2.602314959545207e-05,1.3159162685715714e-06
stone,4.8028436849912034e-05,4.08084661951511e-05
stoned,0.0,7.1969380552323e-06
stones,3.290698446427488e-05,1.1507394789955859e-05
stoning,0.0,1.2077321233323127e-06
stood,7.251988224738333e-05,3.319048086450589e-05
stoop,0.0,2.3243783332164883e-06
stooped,4.336966770649296e-06,0.0
stooping,1.5109258367201766e-06,0.0
stoops,4.864273317272588e-06,1.3970625263706156e-06
stop,6.399509049866124e-05,7.437903274529184e-05
stopped,5.573040887851909e-05,1.5594822943712666e-05
stopping,0.0,2.792799899095769e-06
stops,0.0,1.1238095197249052e-05
store,7.820363665016108e-05,3.5953638964392e-05
stored,1.6488209368864983e-05,3.505184769804282e-05
storehouse,6.503563008235999e-06,8.577072165998486e-06
storia,5.0315373974742665e-06,4.372580983990655e-06
stories,9.325585979396567e-06,1.0634574516256251e-05
storm,0.00013706324289781304,2.972563245191192e-05
storms,0.00010561571405995496,2.5353494836751595e-06
stormy,1.8755031962561716e-05,1.3981448110180078e-05
story,1.938290415320088e-05,7.206074088872432e-05
straight,6.675763126440647e-05,3.4916037714889726e-05
straightaway,1.5598603719323955e-05,1.238638350428876e-06
straightforward,4.781122940466173e-06,6.802684458074231e-06
straightway,3.1814747975050214e-05,7.839352319264884e-06
strain,6.059425694168037e-05,3.440321215907593e-06
straining,8.569277140385413e-06,1.200762281176608e-05
strains,7.3084223013365665e-06,3.7362930469954667e-06
straits,8.302802614346296e-05,1.7439566470370108e-06
strange,7.544264147887688e-05,1.3045683091108674e-05
stranger,2.3154357602959843e-05,3.3109064299585124e-05
strangers,5.821521344718997e-05,2.321987376860214e-05
strasbourg,0.0,3.528999985743316e-06
strata,0.0,3.066314891132788e-05
strategic,0.0,0.0
strategies,6.3825785261182e-06,2.0648768609135355e-05
strategy,3.978263757241589e-06,2.314187153976453e-05
straw,1.0660388916627621e-05,4.130593879360819e-06
stray,8.066539145230036e-05,1.0458814568919566e-05
strayed,9.120711561625956e-05,4.042465883916614e-06
straying,5.043331146880746e-05,0.0
stream,3.842960252921837e-05,1.3235228594236218e-05
streaming,4.860163681791618e-06,1.2067308002035567e-05
streams,4.1924046731405455e-05,1.5524582312235658e-05
street,1.4798201964139956e-05,8.156451654408683e-06
streets,2.8794186614243128e-05,6.9401499303912686e-06
strength,0.000429172614616744,0.00016724755900692626
strengthen,0.00020334891969982737,6.534180008383344e-05
strengthened,0.00022134268530145292,0.00013150523980913319
strengthening,5.769440005131526e-05,0.00011984254063741714
strengthens,0.00010316617260581191,8.381412020075683e-05
strengths,4.954072212412111e-06,6.83902770858218e-06
strenuous,7.532035814143833e-05,1.4966478260481986e-06
strenuously,0.00033227161256640253,5.769831314813288e-06
stress,2.310963101046452e-05,4.713663023830938e-05
stressed,2.3227126127027337e-05,7.681163279516026e-05
stresses,4.97028347659536e-06,3.354503408602729e-05
stressing,2.002627199358041e-06,2.916418224619487e-05
stretch,1.8123679893916607e-05,0.0
stretched,7.571538109812074e-06,1.73655984930237e-05
stretches,1.5159445105544978e-05,4.462047385856753e-06
stretching,2.4283685341132605e-06,3.010004628206773e-06
strewn,6.594129298723416e-06,5.109921005237601e-06
stricken,5.388497185714947e-05,8.0760094077803e-06
strict,0.0001432413721074121,6.334477430378637e-05
strictest,4.1856641793617403e-05,5.7571907267536e-06
strictly,0.00025631682222224084,8.59173895070719e-05
strides,1.328394684638128e-05,8.731657864087753e-06
strife,0.00017041663745365622,8.055872555517865e-06
strike,7.177008690247987e-05,2.5548993419626532e-05
strikes,2.82870793219812e-05,3.330426610854229e-05
striking,0.00011307707663650945,5.876670263807659e-05
strikingly,8.473587354437392e-06,7.323390430502238e-06
strings,9.929702387152515e-06,1.4182439924765028e-06
strip,1.5704866688441355e-05,3.4612276996082626e-06
stripped,4.6869795443074494e-05,2.4985757795626968e-05
stripping,3.051612342372519e-05,1.0242583720945845e-05
strips,6.4898338724813664e-06,5.493220821351845e-06
strive,0.00048621614195387285,0.00012218650196361142
striven,8.466355247229138e-05,8.762660877126985e-06
strives,7.88692193540247e-05,3.238904912484536e-05
striving,0.0001526509184553697,4.8970146957616195e-05
strong,0.00024558243773202884,0.00011970738709791607
stronger,7.530899874291207e-05,4.9034267956439886e-05
strongest,7.764291914531696e-05,1.0879773386789235e-05
stronghold,2.6042793328933896e-05,0.0
strongly,0.0002928259594318458,0.0001412266089292285
strove,0.00015521975939970355,1.4289594990302519e-05
struck,9.339132135116543e-05,2.1454723615419844e-05
structural,0.0,2.1595487021792858e-05
structurally,9.5663700236609e-07,3.4984905145589635e-06
structure,7.906590727965585e-05,0.0002900198641118187
structured,7.4175565730267246e-06,5.6986717037409306e-05
structures,1.5262570027494442e-05,0.00022471188141676387
structuring,0.0,2.64599172166518e-05
struggle,0.0001733867433429398,0.0001243847532390728
struggled,2.7515460018399595e-06,0.0
struggles,6.223440897457796e-05,2.7161876876221153e-05
struggling,3.9698252055895854e-05,1.7923889755951674e-05
sts,1.8419367957028885e-05,2.3404305984745176e-05
stubborn,4.792583869377312e-05,1.2844977917215642e-06
stubbornly,2.8339450570694237e-05,2.3770057031800948e-06
stubbornness,3.921371352852403e-05,0.0
stuck,0.0,1.0398890946891113e-06
student,4.104175370151926e-05,1.3629884266971755e-05
students,0.00023243369728937374,8.542948416214841e-05
studentsof,0.0,0.0
studied,7.315439708384119e-05,6.35108858387138e-05
studies,0.00047367819757882846,0.00029020472449288465
study,0.00033874996694364473,0.0004427733402016733
studying,3.1145476622327185e-05,4.146275907893532e-05
stumble,1.488352998899942e-05,3.2775348585336363e-06
stumbling,3.0217625615527633e-05,4.032153858459377e-05
stupendous,1.4514665800590748e-05,3.467516999686533e-05
stupid,1.1814260594623756e-05,0.0
sturdy,1.1470686089665033e-05,5.914822990470499e-06
style,8.060843336964972e-05,6.450668752104905e-05
styles,3.4059522633389485e-06,2.1406768897222925e-05
sua,1.7684969144900916e-05,1.298124417833261e-06
suam,1.2976387601894015e-06,0.00011536844835911669
sub,1.3383230073529796e-05,1.2412151577869597e-05
subconscious,3.116282022301848e-05,0.0
subdue,4.465055005701746e-05,4.011940997328328e-05
subdued,3.124045788063852e-05,1.8431580511589364e-05
subduing,0.0,1.0781636182968946e-05
subhuman,5.167595790548044e-07,4.070058245850241e-06
subject,0.000694800859646393,0.00043228003689255086
subjected,0.00016693366787799273,9.766122982762716e-05
subjecting,1.8541476433992983e-05,1.5186710078250273e-05
subjection,8.800308347923136e-05,4.2922617410371574e-05
subjective,1.876515295907348e-05,0.00015007729576332795
subjectivism,2.1590801490375914e-06,3.212681838569764e-05
subjectivity,9.003917449011962e-07,4.42236995666882e-05
subjects,0.00025318817114835385,9.253318362544783e-05
subjugation,6.914743501408063e-06,5.698834173339218e-06
sublime,0.00015928499530848641,0.00012226970403876443
sublimity,2.7174584574561142e-05,7.652345590962317e-06
submerged,1.530245728477349e-05,6.8575279070661496e-06
submission,0.00016469300664953597,6.036304523424233e-05
submissive,5.218352447968447e-05,4.716284987689203e-06
submit,0.00017455977002451485,0.00010735648913807365
submits,1.2506362145289768e-05,5.348415665957385e-06
submitted,8.092222751819068e-05,2.530807583650345e-05
submitting,1.3300660011515093e-05,1.485727513204881e-05
subordinate,2.6635389586925188e-05,2.4149993003406612e-05
subordinated,8.377585514902039e-05,5.656856021308616e-05
subordinates,3.009269522934341e-05,5.797789943905333e-06
subordinating,4.889350348148761e-06,5.115001536056367e-06
subordination,1.6489975021405147e-05,1.547914096745545e-05
subscribe,5.530943120316692e-06,2.0086544900667727e-06
subsequent,4.153237010068289e-05,0.00010525572967568898
subsequently,4.7969720591771834e-05,0.0002318953190370394
subservient,7.964976084241343e-06,1.3614981395043802e-05
subsidiarity,2.9357792443110733e-06,4.330894580381792e-05
subsidiary,8.589462684825224e-06,1.115381151323187e-05
subsidies,1.7710606538862018e-05,1.9629187487761066e-05
subsist,9.483570247001577e-06,5.505583119218172e-06
subsistence,1.5582763642635188e-05,5.777599825972297e-05
subsistent,9.55424890459972e-07,7.324584835073281e-06
subsists,4.886041335532832e-07,0.0001830800981800709
substance,0.00012524682642633795,0.00013733565565360794
substances,1.4106808077887994e-05,4.484089177763889e-06
substantial,5.06602957303057e-05,5.6480181127701e-05
substantially,3.2131653710415045e-05,6.650982224258946e-05
substantive,0.0,0.0
substitute,3.709956250761981e-05,6.936368108810279e-05
substituted,6.455421019149152e-05,3.310302051510138e-05
substitutes,2.0470835825485327e-05,1.2275058873957557e-05
substituting,9.370459423368101e-06,1.4340937885248967e-06
substitution,6.5395207586826755e-06,5.166306424589743e-06
subtle,5.3790486176129735e-05,1.4190927901171311e-05
subtlety,3.063563369253018e-05,0.0
subtly,7.548454536040248e-06,3.1100202279666785e-06
suburb,0.0,0.0
suburban,1.169212831452196e-05,0.0
suburbs,7.752146884625077e-06,0.0
subversion,2.6267538229089018e-05,0.0
subversive,3.262322951840466e-05,0.0
subvert,4.932544885767788e-05,1.9186235881771385e-06
succeed,9.694789871939074e-05,0.0001419823474308042
succeeded,0.00010826306790034362,5.074443806339607e-05
succeeding,3.824160397008234e-05,1.315595691552269e-05
succeeds,2.9141992434010353e-06,1.1390368279685195e-05
success,0.00012811435740037587,5.930383362626259e-05
successes,1.718775704179238e-05,7.819001647225073e-06
successful,0.00010763811436574043,5.5491730890564645e-05
successfully,7.251418519328529e-05,1.892867381078482e-05
succession,8.97640293972054e-05,0.00017976355129391516
successive,4.4671949516673586e-05,4.289410190045876e-05
successor,7.880504678868836e-05,0.00020271807239970017
successors,0.0002566398807187888,9.24945795705059e-05
succinctly,9.02524821288585e-06,4.366294787686125e-06
succor,9.18554077990054e-05,0.0
succour,3.602102051241389e-05,0.0
succumb,1.6418617659285352e-05,1.8939566413454103e-05
succumbed,1.3652576536495014e-05,1.7905609843676543e-05
succumbing,0.0,1.8388129851066088e-05
sudan,3.023909584993881e-06,7.487779444394509e-06
sudanese,0.0,0.0
sudden,3.5372900075107585e-05,4.958711329519151e-06
suddenly,4.498871048531611e-05,3.313412555347181e-05
suffer,0.000296763184875448,0.00012540911880120785
suffered,0.00013943536085071306,0.00010582994538833831
sufferer,8.236432859740493e-06,1.629149215047307e-05
suffering,9.855201796150495e-05,0.0005532647012138996
sufferings,0.000131629494999647,0.00024018602788607204
suffers,4.070208828774915e-05,5.511338901247787e-05
suffice,8.82440341970376e-05,3.251978071440222e-05
suffices,3.654441655806464e-05,3.076469180614798e-05
sufficiency,5.487560698233661e-06,0.0
sufficient,0.00027650217344727236,0.0001984265775894803
sufficiently,0.00023105560640329404,0.0001176591492159827
suffocate,0.0,7.373347153312921e-06
suffocated,1.590960768315663e-06,6.658291990939713e-06
suffocating,1.3250056603803515e-06,1.0604272400700438e-05
suffragan,4.410625047687798e-05,2.1011628650797044e-05
suffrage,1.7637227397627994e-05,2.0514691710596906e-05
suggest,7.094932764971e-05,6.767933823880966e-05
suggested,5.2809276634425465e-05,4.853895029148335e-05
suggesting,6.722378194858837e-07,2.590389859428677e-05
suggestion,3.8202770458132404e-05,1.1888244779810952e-05
suggestions,1.4850947726928416e-05,5.9192147337001545e-05
suggests,3.9164675384589705e-05,3.8690482469005866e-05
sui,1.64859203119619e-05,4.701934881023497e-06
suicide,4.703364067378605e-06,1.5563099218957387e-05
suis,1.7067804912127674e-05,3.057517738099346e-06
suit,3.431629619311697e-05,1.3154227671077168e-05
suitability,2.080945384094149e-05,0.000107997345373285
suitable,0.00045275307575094596,0.00044570205131571624
suitably,4.4395653129831466e-05,0.00013010544252967232
suited,0.00012533726379659378,0.0001185888930099532
suits,1.0572618786538954e-05,0.0
sul,0.0,0.0
sulla,0.0,0.0
sullied,2.289015662802312e-05,8.563706971035403e-06
sultan,7.261212042484203e-06,2.7107555898612276e-06
sum,8.577422422051268e-05,8.061216427584684e-05
summa,3.7534981427242463e-05,0.000127975077551934
summaries,2.237545673646513e-06,3.3982466373237224e-05
summarize,5.010125365444714e-06,7.0837713922384764e-06
summarized,1.8570063590030817e-05,2.97347212151364e-05
summarizes,2.270241676994092e-06,1.736991454645426e-05
summarizing,1.6115887172876718e-05,0.0
summary,3.660386296885033e-05,6.83046059530305e-05
summed,1.7718408632475248e-05,5.2737351308404276e-05
summer,6.570044143798517e-06,0.0
summing,1.363779203494278e-05,1.4858490237345824e-05
summit,3.504422721688121e-05,8.903362389582592e-05
summits,2.7110236413616535e-06,4.829513450542395e-06
summon,7.231136123539706e-05,6.516762519880948e-06
summoned,0.0001381415721103966,2.1027801728381824e-05
summoning,2.8087835129294695e-05,1.0274570285233743e-05
summons,2.105140457670229e-05,6.846011180469044e-05
sumptuous,1.723704775471796e-05,0.0
sums,2.467807554759519e-05,3.0625023904977884e-05
sun,8.784284147026664e-05,6.560932340381508e-05
sunday,5.372853120461605e-05,0.0002501655962641544
sundays,7.567431653373829e-05,8.637109371381087e-05
sundered,1.2710625564668067e-05,5.864381198292625e-06
sung,0.00010177621914519607,3.916157758754567e-05
sunk,3.127233567606271e-05,0.0
sunset,1.5574544039958788e-05,0.0
sunt,2.043110232446478e-05,2.3053446506892767e-05
suo,1.3255720850294316e-05,1.7171434825054042e-06
super,1.8963697919050688e-05,0.00010387340076215644
superabundance,9.288152424127376e-06,1.2284527773224256e-05
superabundant,0.0,2.0744088383170747e-05
superficial,1.403023996517354e-05,6.33073205622911e-05
superficiality,3.5487947563766347e-06,8.117914949271497e-06
superficially,1.3721522513629572e-05,1.745436366727312e-05
superfluous,4.1193295084887864e-05,3.349384524615913e-05
superhuman,1.7822170999510102e-06,7.79027271318643e-06
superior,0.00016112246302711465,0.00017543247869534616
superiority,1.3738186100300991e-05,4.603555736665403e-05
superiors,0.000248856072180337,0.00015323152245743193
supernatural,0.0003000845085068598,0.00018899543524356074
superseded,1.6712485797803993e-06,4.3516840225485354e-05
superstition,9.630843415199747e-05,7.577212954326026e-06
superstitions,7.37823000122079e-05,1.3087697958482822e-05
superstitious,2.4278985359620843e-05,1.06225074606692e-06
supervise,2.301847664022186e-05,1.1198182774930585e-05
supervised,3.053939660591986e-06,4.042279770365712e-05
supervising,1.0925390956690393e-05,1.9388663188732386e-06
supervision,2.0712326821770924e-05,2.6229857059752923e-05
supervisory,0.0,2.015001661549856e-06
supper,1.6895000830189094e-05,9.707363374704593e-05
supplement,1.4301778387805187e-05,4.466238648770389e-06
supplementary,0.0,0.00010008726437296453
supplemented,1.3505253484088127e-05,7.636563851921528e-06
suppliant,0.00017389953113146372,0.0
supplication,0.00015110769359841315,5.6491655797845056e-05
supplications,0.00018941586356269893,9.595940449796242e-06
supplied,9.403708778844906e-05,0.0001770189962349892
supplies,7.717027354985082e-05,1.1070432917535737e-05
supply,0.0001660972269550826,7.002684318109532e-05
supplying,3.059951979380589e-05,6.213458529077625e-05
support,0.0002768275185233193,0.00018099967291162005
supported,0.00010944305594942722,6.593399288234475e-05
supporter,1.5981030186842573e-05,0.0
supporters,9.028748705659945e-05,2.3903655798422474e-06
supporting,7.109623742053686e-05,5.0790477032854665e-05
supportive,4.535244824314086e-07,8.477285583451702e-06
supports,3.181640444556564e-05,1.3082732733224159e-05
suppose,2.982285786928268e-05,1.13745597943402e-05
supposed,2.0779292074699095e-05,1.800127034490097e-05
supposedly,0.0,2.53148970484517e-06
supposes,5.510103398955401e-05,1.3286693057379208e-05
suppress,7.235328326889984e-05,9.205778433315148e-05
suppressed,7.889034268879571e-05,3.123251919870953e-05
suppressing,2.5176962996491815e-05,1.143783321179021e-05
suppression,7.922303933287276e-05,5.4315941043261054e-05
supranational,0.0,0.0
supremacy,2.4124670843998138e-05,9.829005795710952e-06
supreme,0.0007812601595901864,0.000639961572309379
supremely,2.8153334910395704e-05,8.118120400338913e-05
sur,6.095616130847706e-06,6.913429448894648e-06
sure,0.0002301157560357748,0.00015441441306140804
surely,0.0002886207495970761,6.26727537480239e-05
surer,2.50212101359973e-05,0.0
surest,6.537157994228532e-05,3.830598597609006e-06
surface,1.1192348948950353e-05,4.5297067775755965e-06
surge,1.8646744222167244e-05,1.403146451520451e-06
surgery,2.4767262949192665e-06,4.8016338580353845e-06
surgical,0.0,5.418238573597212e-06
surmount,1.2991036437268787e-05,0.0
surmounted,1.504703957965597e-06,2.2103294858211986e-05
surmounting,6.135553275994152e-06,4.5619822881164795e-06
surname,0.0,0.0
surpass,7.805622894856798e-05,2.9939527715694757e-05
surpassed,2.7978194159741347e-05,7.627802315609337e-06
surpasses,5.736920775039295e-05,6.607326500440941e-05
surpassing,3.781373650974214e-05,2.5863368112472893e-05
surplus,1.5882096211644088e-05,6.964927218386713e-06
surprise,3.503980929648819e-05,2.423705977427407e-05
surprised,5.437078486158148e-05,2.262563090995928e-05
surprises,3.0957762057323286e-06,5.581370845283599e-06
surprising,3.9822735798963085e-05,3.740309314637029e-05
surprisingly,0.0,3.6833662779947078e-06
surrender,3.222328749671891e-05,2.5592266895198936e-05
surrendered,2.207244133315972e-05,5.10952310898887e-06
surrendering,7.334206477752118e-06,1.0185214027231149e-05
surround,2.4293011265162352e-05,1.7166521902659112e-05
surrounded,7.20356632635365e-05,6.912077434724205e-05
surrounding,4.095564804768118e-05,1.5738822804231098e-05
surroundings,2.1519406830202524e-05,7.898727021278212e-05
surrounds,7.1063421617847e-06,3.371592451308782e-05
surveillance,2.0409451078306384e-05,3.5883789055972047e-06
survey,1.8892520316057815e-05,1.3667407998104341e-05
survival,9.520639820309937e-06,4.721975004203032e-05
survive,4.032875135845412e-05,8.694185925144378e-05
survived,1.0983737187243386e-05,1.1095719081929538e-06
survives,3.1514683185644846e-06,6.544474466119366e-06
surviving,8.38345042155477e-07,0.0
survivors,0.0,0.0
sus,0.0,0.0
susanna,0.0,6.6135665636336395e-06
susceptible,2.2088127150522954e-06,5.251888495702952e-06
suspect,7.401585403348707e-05,1.7100513710144017e-06
suspected,3.49170553259542e-05,7.795330874761684e-06
suspend,6.222993691520752e-05,4.783369941097848e-06
suspended,0.00010906243679248363,1.925594294916354e-05
suspense,3.540045783434914e-05,3.099992899436618e-06
suspension,0.00015041186102157845,1.0695253118604642e-05
suspicion,0.00018301255381975693,2.8890211986136645e-05
suspicions,1.3366137667113171e-05,4.2393763414583855e-06
suspicious,1.1196281753496113e-05,3.7721340050877758e-06
sustain,6.213466015323711e-05,6.103129993921131e-05
sustainability,0.0,5.65714585700547e-06
sustainable,0.0,1.9947433781451105e-05
sustained,7.176487766243811e-05,0.0001695612036130277
sustaining,2.0225531126729623e-05,3.665858365937606e-05
sustains,2.4032448970571498e-05,3.641289238260444e-05
sustenance,3.758254002199517e-05,8.101421584159439e-05
swaddling,0.0,1.2253583174101694e-05
swallowed,9.086215793172059e-06,3.512140753976672e-06
sway,0.00010093756987031859,3.6931839501133102e-06
swayed,5.72766755441558e-06,4.450180985096248e-06
swaziland,0.0,0.0
swear,4.774202126683952e-05,8.683280866928096e-05
sweat,6.811440934692815e-05,1.7771545933050672e-05
sweden,1.0706702978098042e-05,7.477532495541018e-06
swedish,0.0,0.0
sweep,1.2491856738614434e-05,1.3964097117910318e-06
sweeping,1.7042777228066693e-05,3.631918569483065e-06
sweeps,1.4110066404024563e-06,3.43750046070101e-06
sweet,0.000229567056747674,5.396553412319815e-05
sweeter,4.63774351868099e-05,0.0
sweetest,2.0415381540872535e-05,0.0
sweetly,6.0484647672718604e-05,0.0
sweetness,0.0001165646271323408,1.4738377044236587e-05
swell,1.313539056390607e-05,0.0
swelling,2.283891851810776e-05,0.0
swept,1.4991223495241683e-05,4.892584113876711e-06
swift,3.070227620256587e-05,0.0
swiftly,1.9591929463185944e-05,1.7702179264030562e-06
swim,0.0,5.0796366796128506e-06
swiss,1.649598734322318e-05,1.1790359949340024e-05
switzerland,4.045150187500025e-05,4.897388190034506e-06
sword,0.0002229180365165039,4.7228003423568736e-05
swords,5.045512153232991e-05,7.066158076698161e-06
sworn,8.109892032501688e-05,8.999350788118664e-06
sydney,0.0,1.513451760381069e-06
sylvester,6.151172980115913e-06,0.0
symbiosis,0.0,0.0
symbol,5.808691368754026e-05,6.023107825505366e-05
symbolic,8.601437218869229e-06,2.9432169813498223e-05
symbolically,1.3058095687218214e-06,1.7968554004401722e-05
symbolism,7.856950757290953e-06,2.5518035464075035e-05
symbolize,1.5673307668089006e-06,0.0
symbolized,1.149804572872448e-06,1.6658456818434096e-05
symbolizes,6.173626213087218e-06,1.1420524613004072e-05
symbolizing,6.409241294598692e-07,3.054974627216385e-06
symbols,9.278185020163432e-06,3.286506122368991e-05
sympathetic,2.0307139317357337e-05,3.848316117935097e-06
sympathize,9.170926749317092e-06,1.413122346963005e-05
sympathy,4.8975759216592566e-05,8.373356347095838e-06
symphonic,0.0,0.0
symphony,0.0,3.894830640327585e-05
symposium,0.0,3.3686399299129225e-05
symptom,4.378726442576404e-06,1.0846727463227102e-05
symptomatic,0.0,5.3806713282224e-06
symptoms,1.0672036340482681e-05,3.328461798214325e-05
synagogue,1.2850689372819197e-05,2.5541362988415765e-05
synagogues,1.5918415631907667e-05,4.173208497292865e-06
syncretism,1.2204855807984838e-06,1.781568945041036e-05
synergy,0.0,2.274459192601038e-05
synod,0.0002491875318410261,0.000898004048987224
synodal,2.149582296048447e-05,0.00013867554988185286
synodality,0.0,2.8020795253419963e-06
synodi,0.0,0.0
synods,0.00021186340754125147,9.62153442961345e-05
synonym,0.0,8.541151161526689e-06
synonymous,8.927796189582118e-06,8.08986799205165e-06
synoptic,0.0,2.1549846611840355e-05
syntheses,0.0,7.2223433954731054e-06
synthesis,2.5619418944531403e-05,0.00013378836605634867
syria,2.097518234476807e-05,1.1685262752065795e-06
syriac,9.873922053879697e-07,1.2648774627917779e-05
syrian,3.21700842209425e-05,2.2444494622219404e-05
syrians,2.0911659640136625e-05,5.7942591497644876e-06
system,0.00018567313374379037,0.00019858174985552454
systematic,1.2822067733109112e-05,8.553748657070799e-05
systematically,1.6926931109867106e-05,5.340912496140667e-05
systems,4.567852962845399e-05,0.0001447323172021956
sánchez,0.0,0.0
são,0.0,2.59679020046687e-06
tabernacle,2.1603512274109193e-05,4.895037124487866e-05
tabernacles,2.6065622970563094e-05,4.764097997305041e-06
table,0.00020404714824694928,7.182383409569457e-05
tables,1.889850679388326e-05,5.574736069957109e-06
tablet,2.184759593060434e-06,5.808922553026344e-06
tablets,2.4387842349144534e-06,1.7073293490294615e-05
tabor,3.2526597979174828e-06,1.1684248202814264e-05
tacitly,2.1801776732110254e-05,2.3391154897783104e-05
tackle,2.6003237989773926e-06,3.159513692024108e-06
tackled,0.0,1.8394803303901782e-06
tact,2.0218557122694902e-06,7.857685354033771e-06
tactics,2.4133683031639912e-05,1.84885476946358e-05
tagle,0.0,0.0
taint,3.0318919816324456e-05,0.0
tainted,5.376452497111761e-05,1.1891469029981916e-06
taiwan,0.0,0.0
taizé,0.0,0.0
take,0.0004072408959777855,0.0003618924216694967
taken,0.0004173118407342457,0.0004061595021746642
takes,8.631856154062733e-05,0.0002999389683096998
taking,0.00011772193857721899,0.00025653897903748894
tale,4.7512359373705445e-07,1.3797275823425454e-06
talent,5.48875973125914e-05,1.7515932527915802e-05
talented,9.417568387244097e-06,3.7682029081478603e-06
talents,5.899798463513589e-05,5.3119900842220614e-05
talk,3.200986462091273e-05,3.019050642237924e-05
talked,3.4480019064061584e-06,3.842019956586772e-06
talking,6.644336901638568e-06,8.624723859627912e-06
talks,3.6632907383722267e-06,4.224209253831302e-06
tall,0.0,0.0
también,0.0,0.0
tangible,3.2580365663735338e-06,3.959303538740009e-05
tangibly,0.0,5.630175889294523e-06
tangled,2.9469907261283466e-06,2.1960597818630314e-06
tant,0.0,0.0
tantamount,1.0445176072765467e-05,4.160979900958714e-06
tanto,6.072316425927092e-06,0.0
tanzania,0.0,0.0
taranto,3.2696200182068807e-07,0.0
tarcisio,0.0,4.797404851210532e-06
target,1.5268439478461042e-06,2.2675027953037676e-06
targets,0.0,0.0
tarnish,1.5758086412007867e-05,2.015001661549856e-06
tarnished,6.17548056996166e-06,2.9840066211774173e-06
tarsus,7.199672916016205e-07,6.867213871562276e-06
task,0.00022677127440941887,0.0003940014185988627
tasks,8.787588061301761e-05,0.00012184120468268102
taste,1.9230165937811727e-05,5.011828589117194e-05
tasted,1.6647298225340278e-05,6.162342279449884e-06
tastes,2.562691586710181e-05,3.107754390667661e-05
taught,0.00040141775312785104,0.0002483405567587538
tawadros,0.0,0.0
tax,3.372483257170129e-05,1.6570267641836908e-05
taxes,6.761836397753751e-05,4.678785759392588e-06
teach,0.0003718671288867123,0.00011829143784667127
teacher,0.00021203912022060836,0.00021878327675291064
teachers,0.00028709903808543403,0.00011503560711391067
teaches,0.00022690311946558614,0.00018929114514661203
teaching,0.0008656491648700474,0.0008342863506527317
teachings,0.0003471334845776543,0.00012863186550471118
team,0.0,0.0
teams,0.0,6.026384543461793e-06
teamwork,0.0,0.0
tear,7.676576874654617e-05,6.3948280390869445e-06
tearing,2.3485680750459837e-05,8.87420992215515e-06
tears,0.00015102929908891456,8.286549741724653e-05
technical,5.334110944599769e-05,0.00011507843493276631
technically,2.8465536822996823e-06,9.737871072724532e-06
technicians,6.294349625778041e-06,1.5609277199484543e-05
technique,2.8114684162162713e-05,1.6544840255326888e-05
techniques,1.9825395451387403e-05,0.00013358702183164514
technocracy,1.5741294100922932e-06,1.4908395155983004e-05
technocratic,0.0,1.995954154008084e-05
technological,4.903780821106971e-06,0.00010612624895036607
technologically,0.0,7.20268057066778e-06
technologies,0.0,1.8964157454479403e-05
technology,1.57536173140207e-05,0.00016369888517260716
tedious,1.548570788652283e-05,4.667336449926601e-06
teeming,1.145455353124199e-05,1.8032330302869245e-06
teenagers,0.0,1.1768258962357492e-06
teeth,6.573638925729693e-06,3.2381669693860015e-06
tekakwitha,0.0,2.015001661549856e-06
telephone,0.0,8.274517708281988e-06
television,5.171457887728779e-05,2.705168036967718e-05
tell,7.147037009253369e-05,3.9894255515116486e-05
telling,1.1803797124482868e-05,1.8353753817698704e-05
tells,4.4348996897328985e-05,8.973476095847377e-05
temerity,9.107631085014586e-05,0.0
temper,6.0072160232233884e-05,1.6670371690858503e-06
temperament,2.2715239891069606e-05,7.292090449282241e-06
temperance,1.4221642302151353e-05,6.4911315009924566e-06
temperate,3.500667234073745e-05,1.962704529576223e-06
temperature,7.126043029783763e-06,2.852054688724881e-06
tempered,5.493151310920821e-05,3.205954138418965e-06
tempest,5.47406327446449e-05,0.0
tempests,4.0816428962663035e-05,0.0
temple,0.00013344778250930177,7.556027151452321e-05
temples,4.8237068268908504e-05,3.157879200982585e-06
tempo,0.0,2.9100229754509867e-06
temporal,0.0004303292746594408,0.00018782049161934007
temporarily,2.088135053160547e-05,1.0493232928765208e-05
temporary,1.8701140625853213e-05,2.790864961231452e-05
tempore,9.016049650150348e-06,1.9627082999896863e-05
temps,0.0,0.0
tempt,9.278959232154699e-06,5.247225760857069e-06
temptation,2.9837234523612098e-05,0.00010493512705696965
temptations,3.797442535953953e-05,7.133124428815965e-05
tempted,1.822280583262141e-05,4.7613893764478584e-05
tempter,2.5349445072103068e-05,0.0
tempting,1.3949908203119863e-06,8.387016437940357e-06
ten,8.05920485997516e-05,4.9852644541970865e-05
tenacious,4.222456596859758e-06,1.2684951271205334e-05
tenaciously,3.4685167243533866e-05,1.8939502065257986e-05
tenacity,3.5891016871738547e-06,2.1380168921934013e-06
tend,9.379269491881791e-05,0.00013755114770980955
tended,1.4678432194734522e-05,1.8094600730053873e-05
tendencies,7.948723366077421e-05,0.00023675530090536113
tendency,7.01045007384828e-05,0.00012514651875908245
tender,0.0001824088417376914,3.209381935785738e-05
tenderest,3.456509190066723e-05,2.6805721752585536e-06
tenderly,2.1686334426650274e-05,9.310349487576864e-06
tenderness,3.832696959794519e-05,5.3678077825983786e-05
tending,3.628013109191063e-05,6.069488972938761e-06
tends,7.583791107365143e-05,0.00011408766313962391
tenets,6.64684601411354e-05,1.708511664784809e-06
tenor,0.00010210231852064056,1.694712467190374e-06
tens,1.3791114760990097e-06,8.50207502718432e-06
tense,0.0,2.844626495050422e-06
tension,8.925368204696044e-06,6.25041065343819e-05
tensions,4.323070999438103e-06,7.589688119203161e-05
tent,8.685878483877694e-06,8.247638212884924e-06
tenth,9.67885486467863e-05,9.342513331858834e-05
tents,1.1594525687186335e-06,2.7632741662272458e-06
teoctist,0.0,0.0
tepeyac,0.0,3.851246209586608e-06
tepid,6.418830410435206e-06,3.537470364664445e-05
teresa,8.531759285719444e-06,0.0001499784796440507
term,3.774147055575686e-05,0.00022950420361275326
terme,0.0,0.0
termed,1.2415398336506455e-05,1.6047312478594033e-05
terminal,0.0,4.421852415993675e-06
terminally,0.0,4.044780941095151e-06
terminology,2.35386482203499e-05,4.278383806884109e-05
terms,0.00011050652539924077,0.00023527416204440814
terra,1.1287383190690749e-05,0.0
terrain,3.865750951282244e-06,4.650926340215961e-06
terre,0.0,0.0
terrestrial,6.640188684132022e-05,4.403001713960304e-06
terrible,0.00015054358472940443,6.198263101395198e-05
terribly,1.4558756142239668e-05,1.1851810057955991e-06
terrified,4.0715574538250884e-05,1.2163549608843993e-05
terrifying,2.9670639180593252e-05,1.677965935810659e-05
terris,5.55062548499566e-06,1.2347308736992754e-05
territorial,4.873655816213241e-06,0.00011578426401211804
territories,0.00011118164192434814,8.114972631666864e-05
territory,8.109893517517001e-05,0.0001480621783015654
terror,2.8343962157486137e-05,8.639330233474887e-06
terrorism,5.370828978913304e-06,2.6669603873839986e-05
terrorist,0.0,1.939410422560147e-06
terrorists,0.0,1.201589372133168e-06
tertiary,1.087799710198502e-05,0.0
tertio,0.0,0.0
tertullian,5.711370112270484e-05,3.51336756897969e-05
test,2.674373241298914e-05,7.678433515837253e-05
testament,9.646121343776742e-05,0.00046186005523178727
testaments,1.963029761043706e-05,4.2207465052907524e-05
tested,2.0780387198868052e-05,4.788348999320935e-05
testi,0.0,0.0
testificatio,0.0,1.5876789981366108e-05
testified,3.6165718997478136e-05,2.096054816257878e-05
testifies,8.10650797035942e-05,3.521498837704669e-05
testify,9.745654074098542e-05,3.741238335354817e-05
testifying,1.534348524863331e-05,3.0867980363345512e-06
testimonies,9.901558942945094e-05,8.829269534030479e-05
testimony,0.00031790571665473496,0.00011664898834954612
testing,1.2845375331783953e-05,1.0965251815295855e-05
tests,2.316790701893172e-05,4.9589325262841945e-06
tettamanzi,0.0,0.0
texas,0.0,0.0
text,0.00018593063926060786,0.00038407906596658783
texts,4.1374020227430395e-05,0.0003507040232818835
thai,0.0,0.0
thailand,0.0,1.3500116568021003e-06
thank,1.1811914136018598e-05,4.506277780859649e-05
thanked,4.132472420472078e-06,3.2947641027245996e-06
thankful,8.501262922816531e-06,2.5229414872714942e-06
thankfulness,0.0,2.3989407818329977e-06
thanking,1.957482601603777e-05,5.914734091922518e-06
thanks,0.00015977402198659503,0.0001751270969398915
thanksgiving,4.1849367167949194e-05,9.291378885413435e-05
thata,0.0,8.168545993765404e-06
thatchrist,0.0,9.455175768647197e-06
thatgod,0.0,8.797855285190651e-06
thathe,0.0,6.5399568530562906e-06
thatit,4.362173293973385e-06,2.459447412570988e-06
thatthe,4.706552684807138e-06,5.164512749631688e-05
thatwe,0.0,0.0
theacta,0.0,0.0
theacts,0.0,8.553056328574906e-06
thead,0.0,1.8265456513777834e-06
theangelus,1.976817908463747e-06,0.0
theapostolic,8.979225075214122e-07,1.2209927646616596e-06
theater,3.28440636968861e-05,0.0
theatre,1.1671486217989772e-05,1.8111170684671512e-05
theatres,3.598962105757807e-05,0.0
theatrical,3.917813453214086e-05,1.0045663313413071e-05
thebeatification,0.0,0.0
thebishops,0.0,0.0
thebook,0.0,1.2164389351795802e-05
thecatechism,0.0,0.0002369965080577092
thecatholic,0.0,0.0
thecharter,0.0,4.927912905565623e-06
thechristian,0.0,3.7255783152764395e-05
thechurch,0.0,1.1630524122027907e-05
thecity,0.0,0.0
thecode,0.0,0.00014138535197724032
thecommon,0.0,1.1807771301174882e-05
thecompendium,0.0,9.55574585404892e-06
thecongregation,0.0,5.560964148914094e-05
theday,0.0,2.0970798214034915e-06
thedicastery,0.0,0.0
thedivine,0.0,3.4953726981996612e-06
thedocument,0.0,0.0
thedomus,0.0,1.1393053584751126e-05
thee,0.0002449846820084611,1.4561963258557884e-05
theecumenical,0.0,4.85477349646913e-06
theeucharist,0.0,2.7983126096965777e-06
theeucharistic,0.0,1.0692253450768443e-05
theeuropean,0.0,0.0
thefamily,0.0,4.504487985104999e-06
thefeast,0.0,0.0
thefinal,0.0,0.0
thefirst,0.0,2.8368486768296633e-05
theft,3.2130516464299555e-05,7.205653244476718e-06
thegeneral,0.0,9.721413392228878e-06
thegood,0.0,1.3680566384914901e-06
thegospel,0.0,8.43779667284604e-06
thegreat,0.0,8.025316632211725e-06
thehail,0.0,3.634032151640239e-05
theholy,1.2723867123263195e-07,3.0255950858464236e-05
thehuman,0.0,2.455758334589336e-06
theimmacolata,0.0,0.0
theinstrumentum,0.0,7.790045330512913e-06
theinternational,0.0,7.947478926847155e-06
theirad,0.0,1.1814227894045967e-06
thejoint,0.0,4.703249458399994e-06
thejubilee,0.0,2.6860710781171657e-06
thekerygma,0.0,2.5289284058786396e-06
thelay,0.0,7.100894064153751e-06
theletter,0.0,0.00014269435824972582
theliturgy,0.0,1.192929810391699e-05
thelogos,0.0,2.6774259501795057e-05
thelord,0.0,5.693358280103774e-06
themagna,0.0,7.049251773275896e-06
themagnificat,0.0,7.294503239287164e-06
themass,0.0,4.639378226152686e-06
thematic,0.0,1.9025921533916394e-05
theme,8.058693596997898e-06,0.00013143269955709382
themeeting,0.0,0.0
themes,3.952721472888759e-06,8.71138318670885e-05
themessage,0.0,6.233376536241189e-06
themissio,1.8657375926190974e-06,5.646825812914136e-05
themother,1.3251540038634958e-05,4.503049902897838e-06
themunus,0.0,3.365184275555001e-05
themysterium,0.0,4.0775831668731734e-05
themystery,0.0,1.4953801657381332e-05
thenational,0.0,0.0
thence,0.0001280935384961485,2.8568884183031288e-06
thenew,0.0,4.699150528925679e-05
thenewlyweds,0.0,0.0
theodore,2.618429070210719e-05,4.504631906674615e-05
theodosius,2.4073542488194646e-05,0.0
theologiae,3.35443697658793e-06,0.00011628304765999386
theologian,3.5130501090124226e-05,1.8414137227303946e-05
theologians,0.0001070870669870247,0.00021027891187632366
theological,9.590674502594395e-05,0.0004707798181117074
theologically,0.0,7.25388072847291e-06
theology,0.00026765515204645073,0.0006406286921091427
theopera,6.824971531849172e-06,0.0
theordo,0.0,4.578279915590877e-05
theoretical,3.294600169833414e-05,4.26871357459674e-05
theories,8.093155910098098e-05,9.893674045744841e-05
theory,7.25165986076121e-05,4.706279325184055e-05
theotokos,0.0,5.895186563093318e-05
theour,0.0,3.599414906299843e-05
thepastoral,0.0,4.851871577409073e-06
thepontifical,0.0,6.8119081149403975e-06
thepoverelloof,0.0,0.0
theprayer,0.0,0.0
therapeutic,1.600191005411211e-05,5.6085953816151836e-05
therapies,0.0,2.0086544900667727e-06
therapy,0.0,7.242041593634983e-05
thereafter,5.707025219088082e-05,5.588423384101468e-05
thereby,0.00017023107723078548,0.00012514555856226681
therefore,0.0010315539027266711,0.0006874629126199842
therefrom,7.343415777674675e-05,3.627360819351032e-05
theregina,0.0,0.0
therein,0.00011238980408535598,5.824485539648256e-05
thereligious,0.0,5.304106611967271e-06
thereof,0.00013808924089130778,1.81957764594841e-05
theres,0.0,4.020271739343686e-06
theresa,0.0,2.6781263173389956e-06
therese,7.570591502347644e-06,4.5921259076041554e-05
thereto,4.395351864127014e-05,1.5841126053351077e-06
theroman,0.0,6.505110390397917e-06
thes,1.5754600245271322e-05,9.530615250163547e-06
thesacrament,0.0,2.0204012729794142e-05
thesacred,0.0,3.010068416137705e-05
thesalus,0.0,0.0
thesecond,7.290394101962915e-06,9.820261528744147e-05
thesensus,0.0,7.713240400100208e-06
thesequela,0.0,0.0
thesick,0.0,0.0
thesickand,0.0,0.0
thesickandnewlyweds,0.0,0.0
thesis,2.1953793508846353e-05,3.886538904832589e-05
thesocial,0.0,9.27965457393017e-06
thesolemn,0.0,0.0
thesolemnity,0.0,2.003587796200648e-06
thespecial,0.0,0.0
thespiritual,0.0,9.20667328455434e-06
thess,1.4362044016628837e-05,5.9192793887205e-06
thessalonians,3.958980519413897e-06,9.840172542977783e-06
thessalonica,1.0329413361712002e-05,7.334883276005764e-06
thesynod,0.0,6.591070452271251e-06
thete,0.0,0.0
thetheotokos,0.0,0.0
thethird,0.0,1.403146451520451e-06
thetruth,8.669379035762572e-07,4.124648121457762e-06
theunited,3.071037199778593e-06,1.8474713259720696e-06
theuniversal,0.0,1.1173349780554879e-05
thevatican,0.0,0.0
thevia,0.0,5.40609404282608e-06
thevisit,0.0,0.0
theway,0.0,4.542540189550299e-06
theweek,0.0,4.724201131394925e-06
theword,0.0,0.0
theworld,0.0,8.144951178050925e-06
theyear,0.0,8.379525538783551e-06
theyoung,0.0,0.0
thick,1.5084678448764665e-05,3.1336355140078412e-06
thief,1.6116676444661295e-05,4.07057251350173e-06
thieves,4.9820228552743606e-05,8.714732672013896e-06
thin,4.8205467828714575e-06,4.7452108391583434e-06
thine,2.5557631642806103e-05,1.2601410720314242e-05
thing,0.0002045717594545477,0.0001446229846240138
things,0.0012267291846694225,0.0004546526445491101
think,0.0002364819957041201,0.0001442295471881592
thinker,2.706051483604318e-06,1.340541292962555e-05
thinkers,6.5234703849488535e-06,3.2211982539155885e-05
thinking,8.512940758950204e-05,0.0001554262180076392
thinks,5.236680541268399e-05,4.246775880961254e-05
third,0.00020187116666587414,0.0002646881223130809
thirdly,2.6042456272228254e-05,4.868834234061508e-06
thirst,2.6500504518978333e-05,5.920060168847116e-05
thirsting,4.273376273103368e-06,1.627388389860024e-05
thirsts,3.3754750146752554e-06,1.5862895755220596e-05
thirsty,9.636086857185773e-06,1.791853286608063e-05
thirteen,5.766604263999642e-06,5.88403748896507e-06
thirteenth,5.386267994100703e-05,2.8051883594470374e-05
thirtieth,3.6611809177500455e-05,6.582007291012213e-05
thirty,5.935111027981538e-05,1.5711635096610985e-05
thisad,0.0,0.0
thisangelus,0.0,0.0
thisangelusprayer,0.0,0.0
thisjubilee,0.0,0.0
thisworld,0.0,0.0
thisyear,0.0,0.0
thither,4.791407314682685e-05,0.0
thomas,0.00028117829656893275,0.00023033966434699363
thorn,9.522594978272377e-06,0.0
thorns,4.909086115370854e-05,1.470782256882495e-05
thorny,2.9257388959815e-06,0.0
thorough,4.565021912375025e-05,5.274421233498106e-05
thoroughly,0.0002285326697231605,2.3075655678326102e-05
thou,0.0003601435181686289,4.2180946172584786e-05
though,0.0006060466101695341,0.00038900279528356996
thought,0.0003565886665531174,0.00023570944450809468
thoughtful,2.072132451384448e-05,5.673751540488387e-06
thoughtfulness,7.185939137770853e-06,0.0
thoughtless,2.430882021436914e-05,0.0
thoughts,0.00017611691931424987,0.00010197674044693693
thousand,6.777265420130314e-05,9.212880014279e-05
thousands,0.00010971379825697891,2.8578882340847687e-05
thousandth,4.191637867929765e-06,1.1133922350090977e-05
thread,0.0,2.216586132142422e-05
threads,0.0,2.4275610499158707e-05
threat,6.748383434611847e-05,8.867455495830704e-05
threaten,0.00011082775375332815,2.389323991497333e-05
threatened,9.935342689146077e-05,8.224952145550485e-05
threatening,9.491796858328237e-05,2.7471271483826422e-05
threatens,5.381586526395096e-05,1.837821849012312e-05
threats,8.758637460902935e-05,7.639557818535174e-05
three,0.00027423689542159854,0.00031237874214728496
threefold,2.3390489655443113e-05,0.00010380236816867321
threshold,1.3872253414031476e-05,0.00014690263657894258
threw,4.669498433711453e-05,6.060914196885428e-06
thrice,4.817332544406286e-06,3.1702238893575363e-06
thrill,0.0,1.0158935577202722e-05
thrilling,0.0,1.1469283514414615e-06
thrive,4.376963198009306e-05,6.916293644184552e-06
thrives,5.79449346482768e-06,0.0
thriving,9.464859574892638e-06,0.0
throat,3.151806364097754e-06,0.0
throne,0.00010646376482525237,0.00011261972982023684
thrones,4.164388031080979e-06,1.0320764362163969e-05
throng,1.6043328709082565e-05,1.5252420222317762e-05
throngs,2.6048369596197982e-05,9.3864455928548e-06
throughout,0.0002739120710064328,0.0002268782298792295
throughthe,0.0,1.35985557748476e-06
throw,7.887918276206088e-05,1.8881264527650125e-05
throwaway,0.0,7.237304150694388e-06
throwing,2.8480421015739837e-05,7.402699301030281e-06
thrown,7.242480551159705e-05,1.1025657849955337e-05
throws,1.5751880037522505e-05,1.564580376084282e-05
thrust,2.1050715426069098e-05,4.483531856987875e-05
thunder,1.3847208955946192e-05,0.0
thursday,2.8528623684710766e-06,5.818658682392581e-05
thus,0.0005863092645418507,0.0005911133769808229
thwart,1.2787747024127972e-05,2.3218165927376696e-06
thwarted,7.253509404674228e-06,3.56368179814499e-06
thy,0.0004216582418491636,5.369333495381262e-05
thyself,6.413481981718909e-05,0.0
thérèse,0.0,0.0004921121791056939
tiber,4.233437083890037e-06,0.0
tiberias,2.933654276526392e-06,1.8012112487796343e-06
tibi,6.7838799504357475e-06,4.75278293084371e-05
tide,1.2835298429213468e-05,8.638248601601357e-06
tidings,6.249242592128687e-05,4.6873882520902755e-06
tie,3.615009280449758e-05,1.3487297391823202e-05
tied,5.88272559089379e-07,4.3842329311699415e-05
tiempo,0.0,0.0
tierra,0.0,2.7405702167902928e-06
ties,5.402081724512771e-05,3.0712319125808055e-05
tight,1.7733954261893616e-05,1.7806295593065392e-06
tightly,9.861485432860996e-06,1.276789650855783e-06
till,7.963006483385388e-05,3.172128036882562e-05
tilled,1.8509165544914296e-05,3.941292251328519e-06
tim,4.551015743600189e-05,5.643679364831223e-05
time,0.0004949142821406423,0.0005258648940892431
timeless,0.0,6.691586948563883e-06
timeliness,2.1939571787958107e-06,5.178020116973859e-06
timely,0.0001377368854413144,7.282667365068855e-05
times,0.0006502254548209607,0.00041299685159107804
timid,3.083610298617102e-05,1.666669967914193e-06
timidity,1.663483616456679e-05,5.521970543343105e-06
timor,0.0,0.0
timothy,0.00011012003842997448,4.2898848090159096e-05
tiny,3.085106976266977e-05,9.19326044708649e-07
tirana,0.0,3.8707409075806e-06
tire,3.255304458961057e-06,2.086084430981018e-05
tired,1.3720863829768872e-05,4.8617649822706785e-05
tiredness,0.0,1.0825026478630967e-06
tireless,2.6083147094871467e-05,5.587846040255773e-05
tirelessly,6.8046009288679615e-06,2.226783085909004e-05
tires,5.091165983264522e-06,1.4087276068574065e-05
tiring,1.4627582555892873e-05,6.581218486749351e-06
tissue,5.472266602797372e-06,1.7254953827806405e-05
tissues,0.0,1.194900047261004e-05
tit,5.099601330191882e-05,3.137978978297755e-05
title,0.00023873122407868955,0.00015543451663315062
titles,7.874267678662285e-05,4.2861780709128864e-05
titular,2.511937039417617e-05,2.0739381831479594e-05
titus,5.179620099675352e-05,3.272247433890407e-06
toa,0.0,2.7169810444809972e-06
toall,0.0,3.7900004458685615e-06
tobe,0.0,4.922522384767661e-06
tobit,3.293369714178418e-07,2.267879461383247e-06
toda,0.0,0.0
todas,0.0,0.0
today,7.633088166504121e-05,0.00018771317180011246
todo,0.0,0.0
todos,0.0,1.249709697319429e-06
together,0.0002412815086699832,0.00030315373767513627
togetherness,0.0,1.014219158533443e-05
togive,0.0,9.117324356034132e-06
togo,0.0,1.8381261731148384e-06
toil,0.0001758839533464402,4.6187656388189024e-05
toiled,2.2634082305292407e-05,3.076987717075724e-06
toiling,2.43821299158408e-05,2.8928134915550022e-06
toils,3.965408313650176e-05,5.320591867333883e-06
token,0.0002873192742305717,1.2813860608439473e-05
tokens,8.558149899266894e-05,0.0
tokyo,0.0,2.910954287940918e-06
told,5.9968800762456214e-05,7.716641558152274e-05
toledo,2.1172837927365338e-05,0.0
tolerable,7.101311186721515e-06,3.80466072359955e-06
tolerance,2.465030192001426e-05,3.5597176995278695e-05
tolerant,0.0,0.0
tolerate,6.756659788160615e-05,0.00015570328403433849
tolerated,0.00012982130266221036,1.0104548401874308e-05
tolerating,2.9994995713943375e-06,5.402471428000969e-06
toleration,5.0993762673339127e-05,2.662431988641092e-05
tolive,0.0,9.700542386318462e-06
toll,1.2188877762991917e-06,3.6663530832943223e-06
tomb,4.425714185641008e-05,8.51956687612849e-05
tombs,3.691918396784222e-05,1.580152902248063e-05
tomko,0.0,0.0
tommaso,2.9684322937221786e-06,0.0
tomorrow,7.249370288289785e-06,4.084297457031189e-05
tomás,0.0,0.0
tomé,0.0,2.1388703769353057e-06
tone,1.412866042593237e-05,1.739931876993431e-05
tones,1.3630316551513807e-05,7.237334079298859e-06
tonewlyweds,0.0,0.0
tongue,0.0001356544697689581,3.239138175898838e-05
tongues,5.302611606454514e-05,2.673270052638777e-05
tonight,0.0,0.0
toniolo,0.0,0.0
took,0.00014032156110005734,0.000243121126290503
tool,6.327989906995775e-07,1.141991108642201e-05
tools,1.2768365271713435e-05,3.182993931682178e-05
top,6.265638399617049e-05,5.8325952045818315e-05
topic,1.7999680027008586e-05,1.5936847553645483e-05
topical,0.0,5.815408081615548e-06
topics,1.8673084807580164e-05,6.702772943576647e-06
tor,0.0,4.01864670248196e-06
torah,0.0,1.2410876896753656e-06
torch,2.94572409487409e-05,3.1838397904155692e-06
torches,3.147521779971197e-05,0.0
tore,7.319183435776254e-06,0.0
torment,3.551878194870821e-05,1.5446932709271336e-05
tormented,2.646813454962487e-05,3.24013023869478e-05
torments,4.857110588650863e-05,2.0285000932235795e-05
torn,0.00012509929843688695,1.702274944881534e-05
toronto,1.3476993451558529e-06,0.0
torre,1.7132028743015636e-06,0.0
torrent,1.6237035264405878e-05,7.837662332345238e-06
tortuous,6.3214755537963856e-06,1.3222485106616384e-05
torture,4.714522860595973e-05,1.5146074255863367e-05
tortured,3.164430778705448e-05,1.0325483534073087e-06
tortures,6.828556263570047e-05,2.9286642951685136e-06
tossed,8.416825286240712e-05,2.6344779324915497e-06
total,2.6577927700256648e-05,0.00027181091101163363
totalitarian,4.446626364284364e-06,4.342981115561383e-05
totalitarianism,0.0,5.258112793506011e-05
totality,3.8776282056866906e-05,7.168465343553001e-05
totally,0.0001987192973955005,0.00016361532083801226
tothe,0.0,1.6021902840010267e-05
totius,1.0061889747756858e-05,7.850391029908183e-05
tottering,4.617886142438687e-05,0.0
totus,0.0,1.6413322678747803e-05
touch,6.804617817530923e-05,0.0001115181211677075
touched,8.41154177067036e-05,6.498869722206756e-05
touches,7.036051458440808e-05,7.435509132587869e-05
touching,0.00016400684875277224,5.0720245857019526e-05
touchstone,1.6958057850127864e-06,1.371133298439418e-05
tough,0.0,0.0
toujours,0.0,0.0
tour,0.0,1.801373634636167e-06
tourism,0.0,0.00011728665396937667
tourist,0.0,3.3900231270997456e-06
tourists,0.0,7.89514941639343e-06
tours,1.0266505603398094e-05,3.547402938807378e-06
tous,0.0,1.0364666316682248e-06
tout,0.0,0.0
toute,3.305185893433272e-06,0.0
toutes,0.0,0.0
toward,0.0005108769206015882,0.00027710447673628713
towards,0.000289831660426958,0.00042550663661158243
tower,6.643234642973302e-06,1.2698840104843023e-05
towers,5.605196252522148e-06,5.017517720007252e-06
town,4.1087187595806864e-05,2.6631475501989064e-05
towns,0.00014608658947930467,2.5182576804501163e-05
toxic,0.0,4.168753418118335e-06
toyoung,0.0,0.0
toyoungpeople,0.0,0.0
tra,5.915477197765297e-06,0.0
trace,3.511216840220788e-05,1.7305812973172185e-05
traced,2.0986533927161322e-05,3.516185912777918e-05
traces,4.644335462687618e-05,2.1366859072113503e-05
tracing,8.311842526866593e-06,1.857365810038643e-06
track,7.592020538528927e-07,1.5653496907542889e-06
tracks,8.519294037622092e-06,0.0
tract,1.5636005353231663e-05,5.597936364865762e-06
tractatus,9.820080329284845e-07,3.774340869938635e-05
trade,8.874231671422776e-05,6.824941219677445e-05
tradendae,0.0,1.0840759041841604e-05
trades,1.238884669165244e-05,1.8892361596506377e-05
trading,2.573230663793674e-05,1.3847063836875506e-06
tradition,0.0001195076294286537,0.0006845960495594158
traditional,8.229139342955016e-05,0.00020816623574168342
traditionally,4.012515203233675e-06,4.159354674328871e-05
traditions,6.519423065535201e-05,0.00023071854032927664
traffic,1.4151916692245338e-05,2.8428836939038616e-06
traffickers,1.3052144385743865e-06,1.1503802722806528e-06
trafficking,0.0,1.4476766570452746e-05
tragedies,1.2488775075005478e-06,1.266236003615414e-05
tragedy,1.0484714496416486e-05,2.8709336683205972e-05
tragic,3.4887961988690116e-05,7.623266689500268e-05
tragically,3.6883317946192844e-05,4.166110960288227e-06
trail,9.940535673164737e-07,8.848737441347332e-06
trails,0.0,2.4836836315450806e-06
train,0.0001085136467929699,2.6667332878915446e-05
trained,0.00015878824568339072,6.727000988988134e-05
training,0.00022314811149156704,0.00026361704373167617
trains,2.378938352787817e-05,6.25038249714543e-06
trait,1.1120676703116257e-05,1.0920898223847086e-05
traitor,7.145654135648918e-06,0.0
traits,9.873324936109078e-06,9.556782095002894e-06
trample,5.4707100310036885e-05,6.061474510996193e-06
trampled,5.77154224664062e-05,1.629212974592903e-05
tramples,7.143907191614215e-06,0.0
trampling,2.3931106999070132e-05,5.259114109591114e-06
tranquil,8.272989988566803e-05,3.116495518497172e-05
tranquility,0.0001365611329183788,1.97482288541722e-06
tranquillity,0.00023296368431636452,2.6363565328478835e-05
transactions,1.20602234605563e-05,3.859123758651672e-06
transcend,1.2453338092436565e-05,6.619020711869093e-05
transcended,0.0,1.5574840240861074e-05
transcendence,2.262699429376221e-06,7.159948047973208e-05
transcendent,2.118030322158993e-05,0.00012753562599611315
transcendental,3.7706704795247745e-06,1.5714994687287563e-05
transcending,1.0856150508879047e-05,1.928239202417757e-05
transcends,5.109661630363146e-06,8.035917648966325e-05
transfer,6.625475142619247e-05,7.377978678561336e-05
transferred,8.605124596710068e-05,5.898095088074999e-05
transferring,1.5978544752725336e-05,4.403235350593981e-06
transfers,5.20537511839225e-07,1.2537535500927268e-05
transfiguration,2.19439396658902e-06,4.905957724624147e-05
transfigured,6.999964761445888e-06,4.912247563334624e-05
transfigures,1.7656013854739307e-06,5.631785362792674e-06
transform,1.0075283099647938e-05,5.781006870982809e-05
transformation,1.5936728859702113e-05,0.00013030530230049163
transformations,1.6079226885777462e-05,3.2950003307713134e-05
transformative,0.0,0.0
transformed,2.9422654820180684e-05,9.193972385607137e-05
transforming,1.5546111141020867e-06,4.976902730205259e-05
transforms,1.4415738901176527e-06,7.43157714075563e-05
transgress,3.6461951189252575e-05,1.3017219815729212e-06
transgression,2.423449779881806e-05,3.451338715552709e-05
transgressions,2.813256196351642e-05,1.8601065082421976e-05
transgressors,6.133054038255805e-05,6.88590103867421e-06
transience,0.0,0.0
transient,1.247510869746529e-05,6.115640549944201e-06
transit,4.3983175631658445e-07,6.443394848698436e-06
transition,2.823880456683275e-06,2.399587138734435e-05
transitory,2.758146880137606e-05,2.745765932990432e-05
translate,2.5843626513458825e-05,5.471666441644653e-05
translated,4.119763858375263e-05,5.361989898525433e-05
translates,7.87217417962865e-06,2.6547374243834e-05
translating,4.242688730517223e-06,5.6144821374173256e-05
translation,0.0002331655659456555,4.269729202129335e-05
translations,6.0027432422750385e-05,1.71577297217783e-05
translator,6.232484915834476e-05,0.0
translators,5.227109784114868e-06,2.1388703769353057e-06
transmission,1.4711695818886869e-05,0.00011529911362548082
transmit,3.597761385832902e-05,6.750079638511034e-05
transmits,4.537267536043948e-06,9.970513857095439e-05
transmitted,3.815167825087432e-05,6.081399442645145e-05
transmitting,3.66402339237187e-05,7.25538838130751e-05
transparency,1.0265998142308997e-06,3.0334637446019927e-05
transparent,6.444950190781513e-06,2.8554701723821203e-05
transplant,1.9535814856841632e-06,0.0
transport,1.5068150730913831e-05,9.426270841869271e-06
transportation,1.871628958791426e-05,8.120945886023004e-06
transported,2.005483909470052e-05,0.0
transubstantiation,1.0501403535733524e-05,6.675332182055803e-06
trap,3.610009584338705e-06,3.884570646614169e-06
trapped,2.69120245501419e-06,1.6420270467118264e-05
trappings,3.7791107383756093e-06,1.1633162157108478e-06
traps,6.322888848251688e-06,0.0
trastevere,0.0,0.0
trauma,0.0,0.0
traumatic,0.0,0.0
travail,3.975950958610407e-07,2.4002873621853036e-05
travel,6.26728846826958e-05,2.8564169145217177e-05
traveled,1.8603783060207837e-05,6.8940191849166494e-06
travelers,2.2958380706872243e-05,1.1336010495790588e-05
traveling,1.909295713393562e-05,7.305299396370046e-06
travelled,8.15828960670176e-06,2.3054685527598653e-06
traveller,1.0480106877843125e-05,1.2641739812461495e-06
travellers,2.8374664278268158e-06,2.9649913920604634e-06
travelling,6.3424318670142176e-06,9.61252248723366e-06
travels,2.1187406828332552e-06,0.002147522437680047
traverse,1.668009694131886e-05,0.0
traversed,1.8501294305102588e-05,5.229554799108707e-06
treacherous,8.929096602146727e-05,2.0616686437475756e-06
tread,1.304406203564506e-06,1.6130856605888987e-05
treading,1.2060544162343554e-05,0.0
treasure,9.489572234638374e-05,0.00018999463474237473
treasured,3.4079605261241466e-06,6.96690034529309e-06
treasures,0.0001779633096227925,0.0001091689325286854
treasuring,6.317990544771056e-06,1.0263781192210308e-05
treasury,0.00013985279631115315,0.0001014486504870307
treat,0.00013388121543420254,3.3980983215305135e-05
treated,0.00015667496563012353,0.0001548216847330189
treaties,7.039572518672453e-05,2.418164226014509e-06
treating,4.151116808782396e-05,5.976652376381294e-05
treatise,3.8590941372454226e-05,1.438577376822338e-05
treatises,1.61568530084717e-05,4.42689123807167e-06
treatment,6.890496032683444e-05,9.273752989081079e-05
treatments,5.876058314127601e-06,1.8847426778843715e-05
treats,2.7053822755097782e-05,2.1300108490491794e-05
treaty,3.302418780078577e-05,0.0
tree,3.5087319650494406e-05,5.2744969814130975e-05
trees,1.8720265391175406e-05,1.412018199332808e-05
tremble,2.332753558837157e-05,2.315019179320128e-06
trembling,2.5328791053402472e-05,5.563201536446906e-06
tremendous,4.4221111248858476e-05,2.417519081498073e-05
trend,1.2563231591082496e-05,1.5285110807556077e-05
trends,3.847876756779208e-06,0.00012466849237923288
trent,0.0005629248559975346,0.00034323199393634273
trento,6.8524283382060974e-06,0.0
trepidation,2.338767933900426e-05,5.586992870367431e-06
trespass,5.144359805503966e-06,1.0882740640857772e-05
trespasses,5.277859045033858e-06,2.1459279461212725e-05
treviso,2.827097971889203e-06,0.0
trial,7.118462417336047e-05,0.00018967060368250033
trials,0.00018132131448660383,9.229280044850369e-05
tribal,1.6089486662084473e-06,1.9589990404870107e-05
tribalism,0.0,5.790922512550379e-06
tribe,3.9030066780439835e-06,1.0568106944959032e-05
tribes,6.038025104340097e-05,1.46485572606772e-05
tribulation,0.00010061740112542865,2.784191277378055e-05
tribulations,4.4878188630538855e-05,3.16826796892396e-05
tribunal,7.008466050066171e-05,0.00033416661870498476
tribunals,1.842736318558204e-05,3.470836965757158e-05
tribute,0.00012390253504358591,2.2784319481883136e-05
triduum,3.048221055460122e-05,0.00013869589394213534
tried,0.0001336927624463781,5.551280622063344e-05
tries,6.40371073374658e-05,4.400320605277193e-05
trinidad,0.0,0.0
trinitarian,6.100264566466124e-06,8.69768781867187e-05
trinitate,4.2508882996267055e-06,1.684449362456549e-05
trinity,0.00011511133248634963,0.00020152892792121762
trip,7.876706875723491e-06,2.6783564980740785e-06
triple,6.266609139371847e-05,3.646518132814641e-06
trips,1.4948750714639663e-06,0.0
triptych,0.0,0.0
triumph,0.00018098724556632167,3.99624511391524e-05
triumphal,1.229747077028164e-05,0.0
triumphalism,0.0,2.00474368824088e-06
triumphant,6.706202820191548e-05,4.991292287631105e-06
triumphantly,4.006662084872118e-05,1.1469283514414615e-06
triumphed,4.1880272940119737e-05,6.85345511985649e-06
triumphs,7.365005436289868e-05,2.7926173969240394e-05
triune,8.516720582870875e-06,9.244024706511728e-05
trivial,1.5484596734746675e-05,1.709160332301677e-06
trivialize,0.0,1.5351406971763854e-05
trod,1.2216187594771285e-05,0.0
trodden,5.1147486843392345e-05,9.114230773132958e-06
troops,5.5207567417255355e-05,0.0
tropical,0.0,4.408974696680873e-06
trouble,9.998686655409174e-05,1.9856386948001023e-05
troubled,0.00019443783774953413,5.422659232878166e-05
troubles,0.00016601437573914474,1.8088052483058715e-05
troublesome,2.5882414093181308e-05,4.307555597570286e-06
troubling,1.5151322985265696e-05,2.9079337685111706e-05
truce,2.1669520909583065e-05,2.9950061989098565e-06
true,0.00047850638195632547,0.0005222332023055545
truer,4.773571551546346e-06,2.173215498166083e-06
truest,1.4081825281287214e-05,2.3821659092259073e-05
trujillo,0.0,0.0
truly,0.0003181803778505223,0.0002845036132826649
trumpet,4.185675847345474e-05,0.0
trunk,1.4912206586176909e-05,0.0
trust,0.00020709005215812203,0.00014711153889750372
trusted,3.973983170875538e-05,1.2356963267160067e-05
trustees,2.1959871208388084e-06,5.361100715851284e-06
trustful,1.3802682825254751e-05,7.462180503634844e-06
trustfully,9.007598492687818e-06,8.048462811969846e-06
trusting,0.00011137442635278795,7.509892274705623e-05
trustingly,0.0,3.306865674668892e-05
trusts,8.83076364143603e-06,2.026286839055102e-05
trustworthy,6.0672390500515785e-05,4.0495230076597244e-05
truth,0.0007679273458451535,0.0009999367739263719
truthful,4.025361592416702e-06,4.728820170854479e-06
truthfully,1.9951705413851334e-05,4.965558645739809e-06
truthfulness,0.0,1.613128267670579e-05
truths,0.0003022766722793137,0.00030849492712148796
try,0.00016136901970153217,7.329558571694636e-05
trying,6.890490232708413e-05,3.983092488350467e-05
très,0.0,0.0
tua,0.0,1.3230523552789239e-06
tuberculosis,0.0,6.036091768500818e-06
tuesday,1.3262186423831776e-06,2.301804511470479e-06
tumult,6.129329311318578e-05,1.3742301193990827e-06
tumultuous,2.0100804328936255e-06,0.0
tune,1.2168961386871175e-06,4.65813852373365e-06
tunic,5.6159076216258404e-05,1.551660079826273e-05
tunisia,0.0,0.0
tuo,1.8217327721280674e-05,0.0
turbulence,7.212464617321326e-06,0.0
turbulent,4.890312640083358e-05,4.206291492148281e-06
turibius,0.0,2.000470746105432e-06
turin,1.8582471324312979e-06,6.791859213430926e-05
turkey,0.0,2.885357124310179e-06
turkish,0.00010631681079240506,0.0
turks,5.6178470083356074e-05,1.8384953330722862e-06
turkson,0.0,0.0
turmoil,6.06647735584343e-05,1.1684868097379261e-05
turn,0.0002684939593068371,0.00020324898391141675
turned,0.00021073874932208566,4.7249866603758136e-05
turning,5.258018181487349e-05,7.054396902540201e-05
turns,5.058296102956286e-05,0.00010008942046997578
tuscany,3.989328073281079e-06,2.312054596686759e-06
tutti,0.0,8.415394725735564e-07
tutto,2.9337294274303534e-05,0.0
tuum,1.151994574186702e-05,0.0
tuus,0.0,8.318995235413444e-06
twal,0.0,0.0
twelfth,0.00013254892052486412,4.154161432677829e-05
twelve,5.098476058151862e-05,8.688268107128673e-05
twentieth,8.062668589129657e-05,6.355688836905993e-05
twenty,3.6600657704545125e-05,4.635617829437882e-05
twice,2.0760554361933726e-05,2.5467101802316555e-05
twilight,2.153355919194285e-05,0.0
twin,2.5664591419230718e-05,1.7990032471020368e-06
twisted,3.72584502285941e-05,3.207305504427746e-06
two,0.0003197190121045933,0.0004569072047767592
twofold,6.799635579467616e-05,6.976843470105698e-05
type,0.00011851662444858063,9.559326886975951e-05
types,6.217817385778406e-05,5.908691240046591e-05
typhoon,0.0,0.0
typical,1.2035986102644093e-05,8.783370550599417e-05
typically,0.0,1.4759275685058185e-05
tyrannical,1.7929258699110213e-05,7.190959346453779e-06
tyranny,6.131894893260289e-05,3.826766621971077e-06
tyrant,1.349905281500059e-05,1.3373767413669244e-06
tyrants,3.122602722268752e-05,5.464008681570574e-06
tyre,9.167548182208885e-06,0.0
témoignage,0.0,0.0
türkiye,0.0,0.0
ubi,1.920644922923217e-05,0.0
uganda,1.4213479871715498e-06,2.8784195957840402e-06
ugandan,0.0,5.519570258703123e-06
ugly,1.0345159346410193e-06,0.0
ugo,0.0,0.0
ukraine,7.637413615674966e-06,2.1784187049631805e-06
ukrainian,2.6667174119100378e-05,0.0
ukrainians,3.9165361443201475e-06,0.0
ulterior,5.485152993050947e-06,4.940340231347076e-06
ultimate,5.775346536955949e-05,0.00019192892587832226
ultimately,2.1552802231928605e-05,0.00010463935579202608
umbria,7.65697987855507e-06,0.0
una,9.652050184654765e-06,2.7320412902722036e-05
unable,0.00014850254952811367,7.499554970302588e-05
unacceptable,2.020145398903192e-06,0.00013125881961241145
unaffected,1.2779770638082117e-05,1.2603623247456436e-05
unafraid,2.7767846977280016e-06,2.3763137351547343e-06
unaided,8.30942034393103e-06,3.8867098046482555e-06
unaltered,1.7876744796787825e-05,1.8804387228864454e-05
unambiguous,1.178205510523959e-05,1.6134517339289255e-05
unambiguously,6.799833050723094e-07,7.834147792892567e-06
unanimity,0.00015693328735582026,2.6374869957797325e-06
unanimous,0.0001365934438872228,1.685644551488603e-05
unanimously,8.253172906322249e-05,5.7291194472780345e-05
unanswered,0.0,1.9960263095801037e-06
unarmed,1.821901543950829e-05,7.2422603685566306e-06
unassuming,1.8840321642645539e-06,4.731827277537923e-06
unattainable,6.966466274217655e-06,1.4363046606207332e-05
unavoidable,3.637243265438381e-06,2.6387324283964204e-05
unaware,0.00013218162836369857,2.15364062764349e-05
unbearable,5.607853673332157e-06,1.6403669864430976e-05
unbecoming,2.8544986323030448e-05,5.769686590014797e-06
unbelief,3.884779090805972e-05,1.905676095448219e-05
unbelievable,5.3251286057060596e-05,0.0
unbelievers,5.726887053089769e-05,1.0596504768274179e-05
unbending,3.9885446431278396e-06,0.0
unblemished,2.7566449070063538e-05,1.6266473494249014e-05
unbloody,3.0189281500605122e-05,6.1249730439014366e-06
unborn,2.216800685821894e-06,0.00014412048600624054
unbounded,2.079120683033986e-05,1.1800048970792704e-05
unbreakable,3.0596390355692984e-05,2.2084687075809476e-05
unbridled,0.00014564920578386553,1.4475937370902435e-05
unbroken,5.580178972993763e-05,2.9123300220767906e-05
unceasing,0.0001249914781739787,9.271156721261612e-05
unceasingly,7.304451090177924e-05,9.391013993820752e-05
uncertain,0.00013092942992792243,9.221301102162582e-05
uncertainties,1.4572064278073323e-05,2.1043846355042258e-05
uncertainty,2.6843505157092684e-05,7.234990220698772e-05
unchangeable,6.424286778661679e-05,3.280737295602446e-05
unchanged,3.390115483439935e-05,4.867863217756443e-05
unchanging,2.348494021535586e-05,3.0242541690017812e-05
unchecked,1.710401804254993e-05,1.3360940608368049e-06
unclean,3.369085220594303e-05,3.107073276102427e-06
unclear,2.5347612999797467e-06,3.80466072359955e-06
uncomfortable,0.0,6.8358749196177244e-06
uncommon,8.083671965768085e-06,9.518463480000157e-06
uncompromising,1.965263182019006e-06,7.570747736291048e-06
unconcerned,2.57881314605249e-06,1.253352420394181e-05
unconditional,4.627481647518564e-06,3.9770779624450136e-05
unconditionally,0.0,1.6161545831083806e-05
unconnected,8.507593152878717e-06,1.59476470676112e-05
unconquerable,6.528583011009195e-05,4.886516674422193e-06
unconquered,5.077275841747797e-05,0.0
unconscious,3.592849949687357e-05,7.897597366805828e-05
unconsciously,1.0829598224514113e-05,9.609604930317868e-06
uncontrollable,0.0,6.9521028042426854e-06
uncontrolled,4.648231911551329e-06,7.21599929723597e-06
uncover,6.988854264847097e-07,1.2063288861455148e-05
uncovered,2.7748280266005434e-05,4.000140935567045e-06
uncreated,1.8608090599759173e-05,1.2600878908534168e-05
uncritical,0.0,3.3370100272834833e-06
uncritically,0.0,4.0089420486322094e-05
unction,8.88698070092558e-05,4.33056967673896e-05
und,6.2243002276000855e-06,0.00012851328083156668
undaunted,2.079407251923711e-05,0.0
undefiled,4.449009011706266e-05,4.0116222413042334e-06
undeniable,2.779872283514051e-05,4.0611219975454405e-05
undeniably,3.540323853705878e-06,5.514046395331045e-06
underdeveloped,3.559093197249561e-06,6.851007928894152e-06
underdevelopment,2.388647484130753e-06,6.864438728669749e-05
underestimate,7.360648263725616e-07,1.4257860739171008e-05
underestimated,1.1410942545176301e-05,1.7587277581961356e-05
underfoot,2.172974369038803e-05,6.069624384154952e-06
undergo,8.33121746758008e-05,3.535976448516704e-05
undergoes,0.0,1.6207447670331743e-05
undergoing,1.9514850292261798e-05,3.7708589176826886e-05
undergone,3.5450589614885806e-05,4.217990967624508e-05
underground,5.457400234954357e-06,2.4373789729642247e-06
underlie,1.4496576785391795e-06,1.3734879172078301e-05
underlies,8.737136030559351e-06,3.263075947299482e-06
underline,3.0922390877881746e-06,5.461019153678184e-06
underlined,0.0,1.8055522725616307e-05
underlines,0.0,7.341850592671668e-06
underlining,0.0,0.0
underlying,1.5682686622789285e-05,5.900142238336403e-05
undermine,4.3100024990048216e-05,1.5072179704625657e-05
undermined,3.085437136451014e-05,8.491457095002657e-06
undermines,1.0776353091486269e-05,6.243869586009191e-06
undermining,1.2878660049080504e-05,1.2074887133377547e-06
undernourished,3.98653789192405e-06,0.0
underprivileged,1.1641567883187634e-06,3.522985013425493e-06
underscore,0.0,9.983030996541447e-06
underscored,0.0,3.958335034038379e-06
underscores,0.0,4.360250823077828e-06
undersecretary,0.0,0.0
understand,0.0003092549405639456,0.0002699881809091091
understandable,1.3336306408735716e-05,0.00011131978623228584
understandably,7.361112825345825e-07,2.6838598710682552e-06
understanding,0.00014403755890943058,0.0003202006371738103
understandings,7.738839361108195e-06,1.3122817472330692e-06
understands,8.057293750242809e-05,3.5629781177691314e-05
understood,0.00020356020165796724,0.00035211258130888457
undertake,0.00020131265441311431,7.344274820724049e-05
undertaken,0.00017503391171285525,0.00014033619619377113
undertakes,6.7881838994622765e-06,1.4912594692511402e-05
undertaking,0.00018280407735979913,6.507832947568212e-05
undertakings,0.00013202564213421903,8.335981269638102e-05
undertook,6.775945357498334e-05,3.0473663412702117e-05
undervalued,0.0,8.564614481267916e-06
underway,0.0,0.0
underwent,2.799666054607561e-05,2.097595733892047e-05
undeserved,2.5687041487143656e-05,3.383312788519357e-06
undiminished,8.90968208885932e-07,3.480145493203017e-05
undisturbed,2.220775195779777e-05,8.265444811682902e-06
undivided,1.2477893286002954e-05,5.079339435156678e-05
undo,4.9827088125687385e-06,1.4898360244921909e-06
undone,7.045273690276428e-05,7.343862096064463e-06
undoubted,2.2338920511055034e-05,1.876405968505002e-06
undoubtedly,9.13810432260944e-05,6.551061113786255e-05
undue,2.9084963589350673e-05,5.858512970849757e-05
unduly,2.9726361894404915e-05,2.0297395341650126e-05
undying,2.7036556539065623e-05,1.5814570543402912e-05
une,0.0,0.0
unease,0.0,3.3562650017659392e-06
uneasiness,4.649799654823718e-06,3.7409674396263715e-05
uneasy,4.3351234686656224e-06,1.345990754039916e-06
uneducated,5.913765539504843e-05,7.592794309652113e-06
unemployed,1.11703391169271e-05,1.6212225057889026e-05
unemployment,3.035910764028274e-05,5.1085105096768165e-05
unending,5.886278110361617e-05,1.2595586756450007e-05
unequal,4.9650631394177766e-05,1.2155342793771822e-05
unequivocal,4.191040240220514e-06,3.129789179830318e-05
unequivocally,3.09490902586621e-05,3.07515048768008e-06
unesco,2.8494734540783955e-06,3.90639036417078e-05
unexpected,2.299028987347525e-05,1.2785480408726686e-05
unexpectedly,2.5137799788736425e-05,7.118157656668295e-06
unexplored,3.604091305050447e-06,0.0
unfading,3.0253434409995463e-05,3.4135618634050707e-06
unfailing,3.992876036054931e-05,4.482795569583502e-05
unfailingly,5.198175392987409e-06,1.6907065498721114e-05
unfair,6.33750003538554e-06,4.5960112961152626e-06
unfaithful,1.8249755653716227e-05,2.222074612440519e-05
unfaithfulness,6.129275374214948e-06,1.0872522857155428e-05
unfamiliar,2.7800636077761847e-05,1.252300851536148e-06
unfathomable,8.499873948520553e-06,6.732294191278628e-05
unfavourable,1.4989914449920353e-06,0.0
unfettered,9.381847254808213e-06,1.4898360244921909e-06
unfinished,3.0109051036672136e-06,0.0
unfit,2.7647687413686582e-05,4.886516674422193e-06
unflagging,8.601321200578912e-06,3.630087813967516e-06
unfold,6.685543719588545e-06,1.8469745197505183e-05
unfolded,5.8691818997843095e-06,1.6515070078395285e-06
unfolding,1.5662692800133648e-05,3.2689968576922177e-05
unfolds,2.2550723857979744e-06,3.745790135327224e-05
unforeseeable,0.0,7.1991614281611945e-06
unforeseen,0.0,6.879772878354749e-06
unforgettable,1.0499563608343268e-05,2.5944942738121466e-05
unfortunate,0.00011084732529401962,1.6535956329074992e-05
unfortunately,6.853949177611349e-05,0.00012183208129220068
unfounded,3.523353778337273e-05,1.3180999215751135e-05
unfulfilled,2.6092190214958385e-06,2.313263509319615e-06
ungrateful,3.420074756872999e-05,1.1936868835604254e-05
unhappily,9.617111893411474e-05,3.8664888381046164e-05
unhappiness,1.099370724997509e-05,1.203014408837187e-06
unhappy,0.00023439337296057077,2.020691218502943e-05
unharmed,4.4542064923947554e-05,0.0
unhealthy,1.8510548357840815e-05,1.6846291225314505e-05
unheard,2.5706073621620747e-05,1.3818463767554398e-05
unhesitatingly,2.6115030711300693e-05,1.4923820059722781e-05
unification,7.454512481562946e-06,5.542030460041017e-06
unified,1.0510146893130673e-05,2.3766982185405946e-05
unifies,8.512924638482085e-07,2.6474273106981685e-05
uniform,1.9479234686330053e-05,0.00010313727969849306
uniformity,2.2592915997741026e-05,1.4632846263168926e-05
unify,0.0,7.929948929708824e-06
unifying,6.184632858964609e-06,3.53516765713834e-05
unilateral,2.890499842137696e-06,2.903052392790154e-05
unimaginable,4.369454396608243e-07,2.506674288733007e-06
unimpaired,4.5592650848918806e-05,1.9186235881771385e-06
unimportant,3.995506641591449e-06,2.624898487035243e-06
uninterrupted,3.2506904682265445e-05,2.557971616712101e-05
uninterruptedly,2.5849752695378738e-06,6.3131669417793535e-06
union,0.000515725847373234,0.0005240878154006263
unions,8.637327842556958e-05,0.0005383769452046922
unique,6.676242403780095e-05,0.00020796462808323935
uniquely,1.1820309929218108e-05,3.993598674846918e-05
uniqueness,0.0,3.6671162446833676e-05
unison,1.5355459207385416e-05,1.3751579648374634e-05
unit,3.709838920351365e-05,3.7046144980098894e-05
unitalsi,0.0,0.0
unitary,0.0,1.1287822289126983e-05
unitate,3.35933353943839e-06,4.256054199111415e-06
unitatis,3.626127649536285e-07,3.5411499090270566e-05
unite,0.00022800737104691047,8.270952210397935e-05
united,0.00028909905883237264,0.0002960940256300944
unites,5.469274332836478e-05,7.128518038072386e-05
uniti,0.0,0.0
uniting,7.046593865167354e-05,5.8377610179531224e-05
unitive,6.665181436964751e-06,9.624303200876339e-06
units,2.0647166892908218e-06,3.3168461242459404e-06
unity,0.0005089108777612901,0.0008743444602539512
universal,0.0003306114007917095,0.0005872782520165261
universality,3.300615285202957e-05,0.00017469863743510002
universally,5.100689265704545e-05,6.971010409486478e-05
universe,0.00010030879235812829,0.00015316379136755574
universities,0.00012448492602944676,0.00021542699424698854
university,0.0003602833625691231,0.0005940556615867776
unjust,0.00018303568086611735,0.00015829934312826903
unjustifiable,4.953024778811341e-06,7.158428445891728e-06
unjustified,6.503580328766649e-06,9.976026843461838e-06
unjustly,0.0001943381277320122,1.595961977219727e-05
unknowingly,7.797835889200672e-06,1.9575602659397817e-05
unknown,0.00013208067556659913,7.325720162814237e-05
unlawful,0.0001201869630725471,4.23577037129527e-05
unleash,0.0,1.4588598989487888e-05
unleashed,1.542639777778604e-05,1.392582694853858e-05
unleashes,0.0,6.0406721263446e-06
unless,0.0005680197226506429,0.0003176941197181709
unlike,3.230152227114178e-05,2.8101153295553667e-05
unlikely,7.597431599169866e-06,0.0
unlimited,4.509363373662356e-05,2.242191170889925e-05
unmarried,8.445163640942849e-06,5.653739224960194e-05
unmask,1.0986731425668865e-05,1.0769774644001671e-05
unmerited,7.329288194630684e-06,4.314361579219423e-05
unmindful,6.820956959228975e-05,3.0298996522804543e-06
unmistakable,1.4611730122635568e-05,4.900897152492233e-05
unmoved,3.120123756133868e-05,1.1182046655694266e-06
unnatural,1.977326531226124e-05,8.277998660028998e-06
unnecessary,2.233609240378413e-05,2.0394974958870406e-05
unnoticed,1.1687922496676533e-05,8.971657297670696e-06
uno,2.8870419630150284e-06,8.328746260499395e-06
unparalleled,1.4323878768872477e-05,7.396155120128823e-06
unpleasant,1.744381669962861e-05,1.1435394480140543e-06
unpopular,3.8145679854680387e-06,3.307190131187709e-06
unprecedented,3.950272747437791e-06,2.136614534999443e-05
unpredictable,0.0,1.1058093417770001e-05
unprepared,6.632886569029638e-06,3.4923094168060186e-06
unproductive,2.6659891320857277e-06,7.329703841585575e-06
unpunished,6.873592664153613e-05,1.3373767413669244e-06
unquenchable,3.4262306614321664e-06,6.357591415351502e-06
unquestionable,1.4584437652064635e-05,1.2567840806934988e-05
unquestionably,2.7772728706736775e-05,6.965690835224703e-06
unreal,0.0,1.6655855365199989e-06
unrealistic,0.0,9.834346924888293e-06
unreasonable,2.606726231049934e-05,1.7396175921398967e-05
unrelated,0.0,2.406608677575841e-05
unrelenting,4.677846684952551e-06,1.9335006538583674e-06
unremitting,4.176685634348877e-05,6.3514210511722764e-06
unrepeatable,0.0,5.636797501274212e-05
unreserved,4.618820953852085e-06,9.217119358403173e-06
unreservedly,1.3153711537362781e-05,2.92696057352918e-05
unresolved,3.2927646955545326e-06,6.607913275816738e-06
unrest,6.8285870386489195e-06,9.118280860725537e-06
unrestrained,5.515567121460476e-05,5.0555926281903676e-06
unrighteous,8.109536459909935e-06,2.0120305895002728e-06
unruly,2.7958526478711706e-05,3.8272902494042925e-06
uns,0.0,0.0
unsatisfied,0.0,1.609365446454287e-05
unscrupulous,1.4087606093233018e-05,5.479189878940816e-06
unsearchable,6.770719565316418e-06,1.4805065570151168e-05
unseemly,3.098596574813255e-05,1.8374863704969048e-06
unseen,4.499863381331497e-06,4.506718768976718e-05
unselfish,3.961473911128986e-06,2.0621065774856357e-05
unselfishly,5.71890924012723e-06,0.0
unselfishness,8.636138152142103e-07,2.1672841134864356e-06
unsettle,1.322606540273188e-06,0.0
unsettled,3.8245804451639035e-05,1.8645641530773172e-06
unsettling,0.0,1.2768813847221215e-05
unshakable,2.514882572116987e-05,8.672239305338067e-06
unshakeable,3.2686600951582224e-05,3.7916230017282672e-06
unshaken,4.658994550026999e-05,1.7367414034473045e-06
unsolved,1.823238005801336e-05,2.455758334589336e-06
unsound,1.9233149085417687e-05,0.0
unspeakable,3.07104949549348e-05,9.282646514519285e-06
unstable,3.6739001347173954e-05,3.492088502537666e-05
unsuitable,2.7402232293691193e-05,1.9126070251193394e-06
unsullied,2.126203809154512e-05,2.98449953173514e-06
unsurpassable,0.0,4.774423752491254e-06
unsuspected,0.0,1.4131716700907244e-05
unsustainable,0.0,4.0926238201950226e-06
unswerving,1.4419926259251859e-05,1.0521444801833029e-05
unthinkable,6.782935894766772e-06,1.870543104376071e-05
untie,4.077826628438851e-06,0.0
untimely,9.758148799423889e-06,1.3024657401498962e-05
untiring,3.681369929703035e-05,2.933571141195537e-05
untiringly,2.541712690187473e-05,9.54748111566538e-06
unto,0.000344733737722082,8.874156791504114e-05
untold,1.5921423656159462e-05,6.496056793104617e-06
untouched,6.211979133680478e-05,1.0236285698148002e-05
untried,0.00010842768435714329,0.0
untrue,6.196600476412311e-06,6.665024152872013e-06
unturned,0.0,3.96326446470574e-06
unum,2.3492848833790405e-05,0.00020536484265811967
unusual,8.00012293485909e-05,1.2871101597566319e-05
unusually,3.2901376459743874e-05,0.0
unutterable,5.709437552753024e-06,6.199324934518002e-06
unveil,8.120287727259473e-06,2.951426774654315e-06
unveiled,2.77516664303709e-06,4.643596673070817e-05
unveils,0.0,3.232790200922984e-06
unwanted,3.6855134147763077e-06,5.965517322672122e-06
unwarranted,1.0249900618769164e-05,8.733704603382954e-06
unwavering,2.0413252000482262e-05,5.979281692996189e-06
unwearying,1.6317444228436317e-05,0.0
unwilling,7.047657436720918e-05,1.2664949829824337e-05
unworthiness,6.57024418779072e-05,2.667606087097071e-06
unworthy,0.00029790626717486585,2.1247525823411344e-05
unwritten,4.097841371843913e-06,1.0337431182226418e-05
unyielding,1.384689099051714e-05,7.526646156985112e-06
uomo,0.0,0.0
upbringing,2.8461649722229523e-05,3.969840965211765e-05
upbuilding,0.0,7.976491762530843e-06
upcoming,1.181075676350303e-06,0.0
update,0.0,0.000124994787471584
updated,0.0006737072192287382,2.970952861102041e-05
updating,0.0,2.0004325728344152e-05
upheaval,3.13795262750398e-05,1.0934027936989686e-05
upheavals,2.146306554807272e-05,8.644840981896124e-06
upheld,4.086046503918294e-05,2.9762833181562433e-05
uphill,0.0,2.0708528062356095e-06
uphold,7.631618813533657e-05,2.680079279299579e-05
upholding,1.792956767001857e-05,7.230155481912553e-06
upholds,7.2550479766615645e-06,6.7608421552557915e-06
upkeep,1.693632584418101e-05,4.273944467971423e-06
uplift,3.810855685063829e-06,0.0
uplifted,6.521699715740877e-06,3.5715609384105596e-06
uplifting,8.425875818762743e-06,1.1167085039184341e-05
uplifts,0.0,0.0
upon,0.000684634095376801,0.00037210888947719194
upper,2.9576318541907027e-05,0.00010487755909208223
upright,0.0001314500156652067,4.114154478062259e-05
uprightness,6.543004663338025e-05,2.3285393727173255e-05
uproot,3.9878783030528926e-05,3.992367535341144e-06
uprooted,1.9763798644523995e-05,9.773464692214495e-06
uprooting,8.644794959272217e-06,7.733877739420133e-06
ups,0.0,0.0
upset,3.1468098977566856e-05,3.6564597935184123e-06
upsets,3.2079200646025595e-06,3.1443876240233755e-06
upsetting,1.4099436708227534e-06,1.2813920093220645e-05
upside,1.554070755935324e-06,1.9509387450813733e-06
upward,3.4329523452472792e-06,9.498027594826914e-06
upwards,2.624243376418118e-05,3.6792222528232573e-06
urban,8.896839773199475e-05,5.953907015249101e-05
urbanization,1.9019242819862393e-06,4.190214371658376e-05
urbe,6.225122102652261e-06,7.26383713896613e-06
urbi,5.790788639743451e-06,8.214185018237513e-05
urge,0.0002466393833359949,5.418648960030033e-05
urged,0.00017134206367970637,4.208704704306138e-05
urgency,3.07101559022559e-05,7.340221828190239e-05
urgent,0.00010528695495757025,0.00017746776099251689
urgently,0.00010825443064508854,9.537428018530348e-05
urges,5.6138858097920015e-05,7.201210346063473e-05
urget,0.0,1.0455012890716532e-05
urging,6.515757913677415e-05,6.728193513817922e-05
ursuline,0.0,0.0
uruguay,0.0,0.0
usa,0.0,2.9001485152438785e-06
usage,5.0869813746212575e-05,4.97407256454355e-05
usages,3.328494398549201e-05,5.483394910332768e-05
use,0.0008505208152056373,0.0009027256181851557
used,0.00033101590105933076,0.00037361540229164357
useful,0.0002732907394790039,0.00010094539884086417
usefully,4.4863984193764566e-05,3.0377261955845542e-05
usefulness,6.840033341271846e-05,5.17052104778236e-05
useless,0.0001071194481466913,3.852328388661823e-05
users,0.0,1.839944281185402e-06
uses,7.216594390188711e-05,6.077760063856978e-05
usher,1.613886762428617e-06,0.0
ushered,2.0942784598646113e-06,2.227556733979818e-05
ushers,0.0,3.699478284847225e-06
using,0.00012823258747219837,0.00017106126943790826
usque,3.0523415738291406e-06,1.3568049548440718e-06
usto,0.0,1.9744214989847833e-06
usual,0.00010780020927975386,2.8926071390998674e-05
usually,0.0001309499346114485,6.751762446234607e-05
usurp,5.852634769274336e-05,5.28053715623759e-06
usurpation,6.676750347053945e-05,1.3553777949306138e-06
usurped,3.531720307940635e-05,1.6485531937238796e-06
usurping,2.8839915422243996e-05,1.4696582322269578e-06
usury,0.00014089678012705885,3.694942651944139e-06
utc,0.0,0.0
utilitarian,2.9195720380829232e-06,3.3553281794192366e-05
utilitarianism,0.0,1.4020622199098499e-05
utility,0.00013184033766872565,3.844333077374828e-05
utilization,0.0,1.001282827956431e-05
utilize,4.121483392619189e-05,6.033721152183787e-06
utilized,1.6489856703015875e-06,3.0912144250692484e-05
utilizing,1.3462393077499479e-05,9.89460785236249e-06
utmost,0.00020369703984746644,1.391852656719065e-05
utopia,1.1490665393530768e-06,2.048455234825565e-05
utopian,9.920501114611837e-06,6.382408233901509e-06
utopias,0.0,1.5021344868927873e-05
utter,6.845921347873168e-05,3.884670161699916e-05
utterance,4.113124852818547e-05,1.846401753999746e-05
utterances,2.242020711870644e-05,2.5171277630226463e-06
uttered,5.139265279472271e-05,7.702589688738809e-05
uttering,2.457505408120788e-05,2.03351526073656e-06
utterly,0.0001689291582214117,1.4850987090748052e-05
utters,4.307375039175193e-06,1.653153403357834e-06
vacant,0.00010979764835322268,0.0001698143481602788
vacation,3.664166807040989e-06,2.54306948952312e-06
vacations,1.284077474042648e-05,0.0
vaccines,0.0,1.1433859624384257e-05
vacuum,1.85235356101451e-06,1.5876313169015326e-05
vague,4.479890872874858e-05,1.660913436894464e-05
vain,0.00030481411720964795,5.8890989627115255e-05
vainglory,8.10288473791936e-06,1.0670945152112822e-06
vainly,3.217388884194669e-05,3.4258765838125832e-06
val,0.0,0.0
valencia,3.359585666694664e-06,5.400623842329657e-06
valiant,4.7342209520604833e-05,3.204277012544373e-06
valiantly,7.169929988999571e-05,1.252300851536148e-06
valid,0.00017049941395978088,0.0004699052828859377
validity,0.00012634128763416435,0.00012127953150568387
validly,2.2452355082587134e-05,9.664909395508593e-05
valle,0.0,0.0
valley,1.322625577616168e-05,9.911388924109391e-06
valleys,4.0085996060532865e-06,2.4149774266755094e-06
vallini,0.0,0.0
valuable,5.2242897824279344e-05,0.00010859690725044129
value,0.00015792262811231458,0.00037289569692100847
valued,2.5619145962642234e-05,1.9321308562174818e-05
values,5.018995671839667e-05,0.0003202973347752095
valuing,6.2863319761796525e-06,3.869321477330936e-06
van,7.340429247309811e-05,2.6874091484725466e-05
vangelo,0.0,1.8009575208237343e-06
vanguard,1.1910283531720967e-05,0.0
vanish,7.276320916445248e-06,0.0
vanished,2.3905086756617558e-05,6.716495841233331e-06
vanishes,1.7039025335071346e-06,1.3373767413669244e-06
vanities,2.078225415693609e-05,0.0
vanity,4.114343071498626e-05,1.2355539805020585e-05
vanquished,3.337682004286304e-05,4.889716206115574e-06
vantage,6.492739754443949e-06,2.4248006932778348e-06
varela,0.0,1.2253562208078208e-06
variable,1.2229162404198379e-05,4.589852127295822e-06
variance,0.00015707194788726708,0.0
variations,1.7734534581988038e-05,4.998508767801407e-05
varied,8.577285928141305e-05,9.000149872869351e-05
variegated,4.898309720404639e-07,3.151490882806332e-06
varies,8.451418213427633e-06,8.482097396993956e-06
varieties,5.963480486695966e-06,7.154221484723461e-06
variety,9.44562068650366e-05,0.00022187407061743778
various,0.0002218888918235415,0.00047706761450624934
vary,2.9034195668643807e-05,3.462398561337291e-05
varying,5.14220241010271e-05,5.549167950510895e-05
vast,0.00014353879875427807,0.00013688453223618897
vaster,5.071914736154489e-06,8.085225907784974e-06
vastly,8.760823654098636e-06,7.1038815921919555e-06
vastness,1.5815926570153696e-05,3.629384805098173e-05
vatican,9.47493949847691e-05,0.000936763163079428
vaticana,1.3511165238186438e-06,5.716221751511718e-05
vaticano,0.0,0.0
vegliò,0.0,0.0
vehemence,2.4762467753823363e-05,0.0
vehement,5.5951926581521884e-05,0.0
vehemently,0.00011324900862076881,1.600130906676861e-06
vehicle,7.185314267325473e-07,1.7129699157063092e-06
vehicles,7.2851299584222895e-06,1.9585134894154075e-06
veil,2.675403295418769e-05,4.531324714065779e-05
veiled,1.5024139747521276e-05,4.026790900450616e-06
veils,2.0973751806702505e-05,0.0
vein,2.160672673405354e-05,3.930562356828818e-06
veins,2.705539265401443e-05,3.4354461909774487e-06
ven,4.335149852821845e-06,0.0
veneer,9.609867716551838e-07,1.2161360966832646e-05
venerable,0.0026378350156179326,0.0002921388569958897
venerate,6.991555487316651e-05,3.2615845963531294e-05
venerated,8.306276182920352e-05,7.957639687982342e-05
venerates,2.2433824494351167e-05,2.5244039452289164e-05
venerating,2.0821892784658555e-05,1.0457548475591867e-05
veneration,0.00022699798610582788,0.000153167875669772
venerdì,0.0,0.0
veneto,0.0,0.0
venezuela,0.0,1.5155209007543315e-06
venezuelan,0.0,0.0
vengeance,2.7928707175268483e-05,1.5671394187401646e-05
veni,3.5523333818888215e-06,3.0880327638816654e-06
venial,7.2512102177539654e-06,7.28589540124757e-05
venice,1.8243194438057097e-05,1.1689208846566518e-05
venite,3.848735588825776e-06,0.0
venom,8.660789925454866e-06,0.0
venture,3.0024416238821157e-05,2.9595777027997345e-05
ventures,2.2199154889981123e-05,6.2272859788700284e-06
venue,0.0,0.0
vera,7.675573605076444e-06,2.998540359703612e-06
verb,2.4594060418969786e-06,1.3290630053643266e-05
verbal,2.0924572944437308e-05,1.6215574433802862e-05
verbo,5.294954579409168e-06,1.7184261576208112e-05
verbs,0.0,2.0669228059502444e-06
verbum,4.673851270005277e-06,0.00020788327721455062
vercelli,0.0,0.0
verde,1.9993290804867833e-05,0.0
verdict,3.349000955612656e-05,1.3086604330951519e-06
vere,3.1231918560073846e-06,6.760180538728844e-06
vergata,0.0,2.974926404444914e-06
verge,2.0333683731871833e-05,0.0
vergelt,0.0,0.0
verification,3.1990418112779788e-06,3.326563473053997e-05
verified,4.537312518384423e-05,1.624949293241932e-05
verify,0.0,4.7457552805421213e-05
verifying,0.0,7.158959532536283e-06
veritable,2.730815990577804e-05,8.39846803664144e-06
veritas,1.0952737589300784e-06,3.7244286293269757e-06
veritate,1.7691885880852867e-06,6.468198739905454e-05
veritatis,7.412442913196869e-06,1.074772540789783e-05
verna,1.859215945087853e-06,0.0
vernacular,0.0001371307967314416,0.00011601494068114835
vero,1.2631616282777213e-05,3.4024507831732508e-06
verona,8.690414099970102e-06,8.437858733230782e-06
veronica,0.0,0.0
vers,0.0,0.0
versa,1.5631798282720346e-05,2.4204094934705636e-05
verse,7.332178853476166e-06,3.4287314159095086e-05
versed,3.329949516371441e-05,5.532820341095402e-06
verses,3.949375443548975e-06,1.2945919861164853e-05
version,2.29112680230681e-05,2.2029089147828488e-05
versions,2.244566216375027e-05,7.925799918202306e-06
vertical,0.0,9.083838928904048e-06
verum,2.9764099061935747e-06,1.99427193855313e-05
vespers,6.505267662562386e-05,1.5579027598474847e-05
vessel,3.382931230839946e-05,9.94510335029889e-06
vessels,4.797951598853401e-05,4.185592621867557e-05
vested,2.246190009271613e-05,2.3019231441760828e-05
vestiges,5.254121843450369e-06,3.9610441484790134e-05
vestments,9.809540623590731e-05,5.402100701538756e-05
vez,0.0,0.0
via,7.444545868275182e-06,2.3915121435726387e-05
viable,1.4682348579958152e-06,2.479471940805136e-06
viand,0.0,2.3244270155674364e-05
vianney,4.502569254077421e-05,3.14268845358965e-06
viaticum,0.00010679967053574613,2.7081229081610147e-05
vibrant,1.8916105046879276e-05,1.4603315159193512e-05
vicar,0.00029158615572462377,0.00021488154387131684
vicariate,3.0975379860349523e-06,1.455014230869988e-06
vicariates,2.214480362211804e-06,0.0
vicars,0.00012273691608827688,4.6497900262955016e-05
vice,0.00025914239351444517,4.593550276737841e-05
vicegerent,5.936212333868232e-06,8.335387125890805e-06
vicenza,1.1624247282636043e-05,0.0
vices,0.00013235831658443283,1.046473876200222e-06
vicinity,1.6941901694452824e-05,5.50011544700234e-06
vicious,7.675164208013697e-05,1.2538660471936058e-05
vicissitudes,5.077143987314296e-05,1.595111695848299e-05
victim,0.00011042097881842147,5.144504174830822e-05
victims,3.8121405893868697e-05,7.89900911841584e-05
victor,5.174518235495657e-05,3.449223017255026e-05
victoria,0.0,7.816631580045906e-06
victories,6.862407681042488e-05,1.4213088159059758e-05
victorious,4.290165446398486e-05,3.0157236116104468e-05
victors,2.187358078280688e-05,0.0
victory,0.00019686477634229613,5.922082586598342e-05
vida,0.0,5.379925859395959e-06
video,0.0,1.883020754950022e-05
videophoto,0.0,0.0
vie,8.765917677266435e-06,4.03363505268404e-06
vienna,7.705660701682017e-05,4.684317197198521e-06
vietnam,1.5046886392210194e-06,2.780477624219787e-06
vietnamese,0.0,2.7922881482827812e-06
vievangelii,0.0,0.0
view,0.00023911415366906935,0.00040486795916829676
viewed,1.9765265120225112e-05,8.515082434792264e-05
viewers,2.7805633847050624e-06,0.0
viewing,8.456461294534667e-06,1.6187500440379812e-05
viewpoint,1.2020908507530616e-05,2.7948996918328936e-05
viewpoints,1.3147325681974024e-05,1.1424878707820744e-05
views,0.00014384417994940262,8.175838764605971e-05
vifor,0.0,0.0
vigil,1.857349180975045e-05,4.636422435836834e-05
vigilance,0.0004054625178695101,0.00013107811321467979
vigilant,0.0001105016931384469,4.5528912820755515e-05
vigilantly,5.350447030566593e-05,4.0028979510558975e-06
vigils,3.454149919610341e-05,1.3584905222404986e-06
vigor,0.00012198111566902913,5.94841186079455e-05
vigorous,0.00012357912003987438,5.588078190000988e-05
vigorously,0.00010146993406230271,1.8271842685099565e-05
vigour,5.470901063745789e-06,7.344145836205686e-05
vii,0.00017671295147369487,0.00012982034331293768
viii,0.0002373661416023538,0.00012349996956759492
vile,9.561485215239026e-05,0.0
villa,0.0,0.0
village,2.6045790434535678e-05,1.088310729873514e-05
villages,0.00010088719588470788,1.0021104429949285e-05
villas,0.0,0.0
vilnius,0.0,9.397970263432543e-05
vincent,2.937754430581087e-05,1.6749389841558356e-05
vincenzo,0.0,0.0
vindicate,7.741700255862437e-05,2.7314691189553706e-06
vindicated,2.763380290121598e-05,2.759952814165755e-06
vindicating,2.8173376833537345e-05,1.965833574191733e-06
vine,4.39520794763943e-05,5.594426044639534e-05
vinedresser,0.0,1.095382807867581e-05
vinegar,0.0,1.3200251224006934e-05
vineyard,0.00015370658979825652,4.038435526810958e-05
violate,0.00012432324530271572,3.953010957036534e-05
violated,8.913869759797026e-05,3.244190022034204e-05
violates,3.9558135046237224e-05,1.2135661779321096e-05
violating,6.119251614023886e-05,2.1464186568117564e-06
violation,0.00011757802989300129,0.00010474760718768822
violations,4.776841521089338e-06,1.262149737060069e-05
violence,0.00015620829917328596,0.00011317409143433741
violent,0.00011734143381990207,6.804334393388e-05
violently,0.00018234807207442486,1.0342972324424861e-05
vion,0.0,0.0
virgen,0.0,0.0
virgin,0.0005239884483587799,0.0003855109420794644
virginal,3.652494604045118e-05,7.291635737427323e-05
virgine,0.0,3.9256544203014214e-05
virginis,1.1507061194750893e-05,3.695739887048752e-05
virginitate,2.766564053341541e-06,0.00011299570383901752
virginity,0.00012692109017377033,0.00014676929144861062
virgins,0.0001463758336058855,5.7759718327364246e-05
virgo,3.0690928864884706e-06,0.00010403263806258237
virtual,1.2223495180248713e-05,7.453107772979325e-06
virtually,1.795059119174791e-05,4.681693496342462e-06
virtue,0.0010804185374699593,0.00037341939306563646
virtues,0.0005033088133131033,0.0001554931483604831
virtuous,0.0001037382129645379,1.0813734911376366e-05
virus,3.04692494367532e-05,2.05740942715043e-06
visaid,0.0,1.1249483704394006e-06
visibility,4.333727520825871e-07,1.6873595946512846e-06
visible,9.690812520840067e-05,0.0002835856631301444
visibly,4.6565836321137205e-06,8.301620507094516e-05
vision,0.0001430308370056797,0.0002964646559694776
visions,2.576685987979743e-06,2.1427491194087493e-05
visit,5.029497227407467e-05,4.1549216051548916e-05
visita,0.0,0.0
visitad,0.0,4.121819203417413e-06
visitation,9.934026027260706e-05,3.7060788460600094e-05
visitations,3.100090511957985e-05,5.2277492791020265e-06
visited,8.27736825906038e-05,1.830663153477221e-05
visiting,5.1282357051161594e-05,3.2488170529061295e-05
visitof,0.0,0.0
visitor,6.706733921221304e-06,4.839441079930012e-06
visitors,2.6430812702195894e-05,2.3059574238912314e-06
visits,8.374610317987783e-05,2.4180834576440022e-05
visitto,0.0,0.0
vistas,0.0,1.0982422014009493e-05
visual,5.130967709086862e-06,1.8197546558104706e-05
vita,1.9174715328606173e-05,1.3145383598462997e-05
vitae,1.3239427658767857e-05,0.0001832272070334117
vital,5.672997502411706e-05,9.910486748872696e-05
vitality,1.6369879484967176e-05,6.069393106035832e-05
vitally,7.008995624145103e-06,1.1831628745353774e-05
vitam,0.0,5.048696948872378e-06
viterbo,8.245342270269178e-07,0.0
vito,4.6242083930587536e-06,0.0
vittorio,0.0,0.0
viva,5.4131773896018035e-06,0.0
vivendi,1.6763454758519323e-05,4.439441421250346e-06
vivid,7.04434354875664e-06,4.3060923859542014e-05
vividly,5.268625049670422e-06,1.835004473860074e-05
vivificantem,4.333727520825871e-07,7.60909151443979e-05
vivifies,2.4531260202800738e-06,1.6143138483430473e-06
vivifying,5.250418197408086e-06,0.0
vivit,0.0,5.466009954712413e-06
vivo,1.3004335132237321e-05,0.0
vivre,0.0,1.8759841533020868e-06
vladimir,9.479128933994949e-06,1.6312865647719175e-05
vlk,0.0,0.0
vobis,2.1329353209706796e-06,0.00018425278279048934
vocabulary,1.936130255471921e-06,1.7681124028222262e-05
vocal,5.494699116629865e-05,4.257681471389578e-06
vocation,0.00011350270106948241,0.0004523915074210183
vocational,1.1656122251266466e-06,2.565083913771649e-05
vocations,2.9498325651444675e-05,0.00025831080827479777
vocationsto,0.0,2.015001661549856e-06
vogue,1.149729943190407e-05,5.710385802881016e-06
voi,0.0,0.0
voice,0.0003226217537093656,0.00018807472537330484
voiced,8.959440115142798e-06,1.8222031438835838e-05
voiceless,0.0,1.0427236247090408e-05
voices,8.394370251965408e-05,4.4407938010175017e-05
voicing,8.850307860966381e-07,9.385966293300716e-06
void,0.00012302567319325564,8.12485645213151e-05
vol,0.00017681226055887888,9.341326892255483e-05
volume,9.208114265243777e-05,0.0
volumes,7.595112770717043e-05,2.3245189316843227e-05
voluntarily,9.379565628533511e-05,1.3963238895471281e-05
voluntary,9.105140376956598e-05,3.83816551964682e-05
volunteer,4.38718939914407e-06,7.315272533876856e-06
volunteers,2.4615547179813353e-06,9.759260929129595e-06
von,2.3602248242232835e-06,9.791247469114255e-05
vortex,2.631154320868607e-06,0.0
vos,9.3567018676231e-06,1.0512583276482467e-06
vosotros,0.0,0.0
vostra,0.0,0.0
vote,2.9667847527134556e-05,0.00025399155270381676
voted,1.013212839081793e-05,5.806636281257322e-06
votes,3.893826649009143e-05,0.0001638097277237073
voting,1.063593369006305e-05,0.00013508355688373732
votive,1.0687281390969357e-06,4.412235675270028e-05
votre,0.0,0.0
vous,0.0,0.0
vow,0.00010059356996030866,2.4382705132581175e-05
vowed,5.55169962021027e-05,1.8181154221538654e-05
vows,0.0001323909223375425,5.532784007747152e-05
voyage,2.885593722150669e-05,4.988590414369874e-06
vuestra,0.0,0.0
vulgar,7.299824690865546e-06,2.7939220047080647e-06
vulgate,2.5852831893061326e-05,3.4644325573052275e-06
vulnerability,0.0,3.719157670320993e-06
vulnerable,0.0,5.245788750305192e-05
vultus,0.0,0.0
vérité,0.0,0.0
wadowice,0.0,0.00010219102554927108
wage,8.60808416328493e-05,2.1165183995324956e-05
waged,9.175137228009672e-05,1.1299560009374615e-05
wages,5.294207167228731e-05,2.4272255860003944e-05
waging,2.9907884521164517e-05,5.018210562097141e-06
wait,9.1741954828904e-05,6.855023978943658e-05
waited,3.70139839665257e-06,1.5991355076529896e-06
waiting,2.8164997528321806e-05,4.6260964871667265e-05
waits,7.017810919652529e-06,9.303119534602838e-06
wake,3.27351910191871e-05,2.223611223456334e-05
wales,3.792092851394733e-07,4.695924953199219e-06
walk,9.311935276514339e-05,7.376975362365875e-05
walked,1.692367586023441e-05,1.4159739696675495e-05
walking,3.326740017093536e-05,9.032892284122563e-06
walks,2.540089935777185e-05,3.1558440390576096e-05
wall,8.871936266260961e-05,2.00107098949244e-05
walls,7.61369014275056e-05,3.806704560278712e-05
walter,0.0,0.0
wand,1.6236198429231742e-06,0.0
wander,6.722727540285463e-05,2.596919194012181e-06
wandered,4.2147247501637865e-05,1.9630592160612826e-06
wanderers,2.7045377025341787e-05,0.0
wandering,8.123574170137883e-05,3.5251547076123123e-06
wanes,2.9469907261283466e-06,4.687218883858732e-06
want,0.0004173737052219569,0.00017917835475209264
wanted,0.0001259234039634008,4.463371303563871e-05
wanting,0.0002074261035591051,1.0879993391210542e-05
wants,5.289382312004892e-05,7.11030191729453e-05
war,0.0003977179486593537,0.00011078182240835064
ward,6.822662210651658e-05,4.39568011017162e-05
warding,5.1629868434537976e-05,4.171959253976059e-05
wards,8.664885563183231e-06,0.0
warfare,0.00010942649239377455,2.0248043289616012e-05
warm,1.7440226345212544e-05,1.0671027448661159e-05
warmed,8.711089303672245e-06,8.736460073244807e-06
warmest,7.925237820613826e-06,0.0
warming,0.0,1.4112361743132814e-05
warmly,3.6128562032278556e-05,1.0297406919535807e-05
warms,2.186567583340373e-06,2.785671398147724e-06
warmth,1.1212235248800202e-05,1.0887555520709517e-05
warn,0.00018359321281541586,4.947220241428056e-06
warned,0.000120911499809293,4.389628660732627e-05
warning,0.00018581623814163022,2.7408851774715524e-05
warnings,0.00022822363037236528,2.0257831928172248e-06
warns,8.063627775144269e-05,1.1712498896439367e-05
warrant,8.153209267992229e-06,1.7632851496889125e-05
warring,1.02327847546162e-05,3.2316350819513215e-06
warrior,0.0,2.909227888481893e-06
wars,0.00010604473587679524,4.63529601743086e-05
warsaw,4.506782482750323e-05,4.043354972240672e-06
wary,5.26796074925399e-05,0.0
wash,1.2431083069456609e-05,8.54276386097588e-06
washed,7.973260418450484e-05,3.058536240206117e-05
washes,2.335945120531982e-05,0.0
washing,1.9313737204541054e-05,1.4527781444614377e-05
washington,6.177177275899327e-05,2.952897243199741e-06
waste,5.48992676933264e-05,4.292464997442295e-05
wasted,1.4547775110631107e-05,7.1067054279126394e-06
wastes,2.878044192210907e-06,1.4696582322269578e-06
wasthe,0.0,8.02929847212479e-06
wasting,6.1799420523653875e-06,4.295878910048625e-05
watch,0.00028381679929929976,2.816257041999151e-05
watched,2.4495583697808873e-05,6.71254626874947e-06
watches,2.1993574197611897e-05,1.1617552128234677e-05
watchful,9.283527168633633e-05,3.4782487956155875e-05
watchfulness,0.0001159065320102192,4.163943160719322e-06
watching,2.4703499504991775e-05,2.5378299320234353e-05
watchman,4.902577127085776e-07,3.3750098833458866e-06
watchmen,1.026636189757558e-05,2.963528216480097e-06
water,0.00012168010542123355,0.00041358880688521636
watered,3.2462536381519274e-05,1.124841510965286e-06
watering,0.0,3.191416203813152e-06
waters,7.985126703941842e-05,3.303650314989769e-05
wave,2.3333460315473217e-06,4.218965923344538e-06
waver,3.00926477576364e-05,1.9358090946121236e-05
wavering,4.086242419531302e-05,8.69693110240641e-06
waves,7.981527473538567e-05,1.0581715883331057e-05
wawel,0.0,6.412517911286841e-06
wax,1.9669738594897236e-05,1.3086604330951519e-06
way,0.00036813436112995417,0.000631048954044052
wayfarer,0.0,6.0585270825545595e-06
wayfarers,0.0,1.540561025746129e-05
ways,0.0002189504778830943,0.0004059111916486083
wayside,1.867162449943986e-06,2.4821753793507312e-06
weak,0.0001457208240588908,6.932855197006893e-05
weaken,0.00010746066057039852,3.089997632829434e-05
weakened,0.00015014641464921487,3.365836251506259e-05
weakening,4.1045917154947574e-05,3.1709443870536054e-05
weakens,4.7522725511675134e-05,7.457704954919025e-06
weaker,2.370015916142837e-05,3.786540561938306e-05
weakest,0.0,2.9625223301834128e-05
weakness,0.0001502153669184859,0.00015342816783621736
weaknesses,1.8588930630452463e-05,5.577934031394234e-05
weal,6.157137020593836e-05,0.0
wealth,0.00016597546253499426,0.00012500144717901633
wealthier,1.4727494734418815e-05,3.0986988291511585e-06
wealthy,6.87798231036262e-05,1.1480860177370955e-05
weapon,5.7059023795717564e-05,7.69809759896654e-06
weaponry,0.0,1.252300851536148e-06
weapons,0.00012192704559400841,3.089858462100423e-05
wear,4.79497870460709e-05,1.587960525635616e-05
wearied,4.133546299070599e-05,0.0
weariness,2.0901205382421684e-05,1.340327326249411e-05
wearing,1.4067053985623298e-05,2.4763803420798307e-05
wearisome,1.2581023409217417e-05,1.3232855618256053e-06
wears,9.575373667693315e-06,3.843897134863336e-06
weary,2.2075922467258465e-05,8.401856416337086e-06
weather,1.9540942110539483e-05,1.629007653844493e-05
weave,1.6224670796960085e-05,3.178851475631246e-05
weavers,0.0,0.0
weaves,0.0,0.0
weaving,1.0000008975072878e-05,0.0
web,1.000658813129694e-06,6.295881857655109e-06
wedded,9.178949319057708e-06,9.142349547686485e-06
wedding,2.098966765392432e-06,2.7648061167809885e-05
wednesday,1.9848620470044308e-05,1.2660634518886918e-05
weds,0.0,2.548098531438316e-06
weeds,5.306532966218584e-05,1.2331207671802275e-05
week,5.3702147475832715e-05,6.861835893558214e-05
weekend,0.0,7.4012350035491175e-06
weekly,0.0,2.8267241047081562e-05
weeks,4.110604614641877e-05,6.148376762107923e-05
weep,3.071264173826239e-05,1.1663849842517412e-05
weeping,3.274517804542993e-05,9.399739890970715e-06
weeps,3.3259073726770502e-06,1.5182680160660715e-06
weigh,0.00012217866069151817,2.4778449125617507e-05
weighed,0.00011223902882342616,4.048806377290737e-05
weighing,7.884611749699049e-05,1.1795343819499211e-05
weighs,2.025032380689062e-05,1.8025044801607154e-05
weight,0.00013306155338450867,4.9375639170899016e-05
weighty,9.101407876585245e-05,3.0426890725506468e-05
welby,0.0,0.0
welcome,3.1741215074485165e-05,4.1613056796657055e-05
welcomed,7.167747552179262e-05,5.874322855255066e-05
welcomes,8.191754190477787e-06,2.755762585191585e-05
welcoming,1.1165936054929322e-05,5.314680787146554e-05
welfare,0.0004746193555145831,0.00010629079512258708
well,0.0005096397010244517,0.0003918096681701416
wellbeing,2.3297940303013584e-05,5.638495736872134e-06
welling,3.27170520650121e-06,1.6981147574115406e-05
wells,0.0,1.9639459532750793e-05
wellspring,0.0,4.119458842391894e-05
wellsprings,0.0,2.3484465112930574e-06
went,9.265579384315237e-05,0.000106487471825387
wept,1.1350988378534475e-05,5.373529753898006e-06
west,0.00011401673033083768,0.0002157829999363341
western,5.8921871709887074e-05,7.438070258172487e-05
westminster,1.765671047135578e-05,0.0
whatever,0.0006748814915054026,0.0002683536803220863
whatsoever,0.0004392718021225226,7.537103402231855e-05
wheat,3.241987778637734e-05,1.5456832772110666e-05
whence,0.00023128685879982233,4.3653046774926574e-05
whenever,0.0001795454549578494,0.0001231789567789025
whereas,7.803674028423727e-05,4.4302829229547614e-05
whereby,0.00020840557787517587,0.00023068647226019066
wherefore,0.0006172225517665132,3.616865139036004e-05
wherein,0.00014424686386241192,2.8937874003108555e-05
whereof,5.586069574038953e-05,0.0
wherever,0.00020141388827389411,7.525852430452886e-05
wherewith,4.466338739767049e-05,0.0
wherewithal,1.4077339225107429e-05,7.373047732492108e-06
whether,0.0005738684878848015,0.00042411621929679745
whichthe,0.0,9.816985596518484e-06
whilst,0.0001779281332298476,1.5726475848664728e-06
whim,2.894151225691694e-05,3.5191304355380983e-06
whims,2.2073791071623253e-05,1.0529542964597612e-06
whirlwind,1.9355750692113083e-05,1.3895844727061114e-06
whisper,0.0,0.0
whispering,0.0,0.0
whispers,0.0,4.646690224474813e-06
white,4.156069303173636e-05,3.5169114977420164e-05
whither,2.2196222559533685e-05,0.0
whoever,0.00023608790184133038,0.00010894399244023498
whole,0.0005213992644214388,0.0007084940544604196
wholehearted,1.0364691963712032e-05,0.0
wholeheartedly,4.629195768255033e-05,5.6795801235979576e-05
wholeness,2.921322244506681e-06,8.121977448646803e-06
wholesome,7.755509227258371e-05,2.049312601073228e-05
wholly,0.00016517954783456756,9.015642039117574e-05
whomever,6.153150467262903e-06,0.0
whomsoever,3.2243738518612234e-05,2.984261035512541e-06
whose,0.0006275335875669222,0.00031095609489800567
whosoever,0.00012710681389325594,4.344410960961725e-06
wick,7.500445814036021e-06,1.3097643857101124e-05
wicked,0.0004635754940422324,1.1227572587611495e-05
wickedly,3.661642793356736e-05,0.0
wickedness,0.00023607415104961112,5.083566398425803e-06
wide,0.0001683207269479923,7.760701778823489e-05
widely,0.00024682501813393337,0.00010309216717035538
widen,9.088359347436085e-06,1.2419092897173755e-05
widened,3.4119591099080933e-06,3.887526334779338e-06
widening,2.4451502916822415e-06,1.5515619273200112e-05
widens,0.0,2.9272469604411998e-06
wider,5.39551846078191e-05,0.00012995719213407492
widespread,7.107701979251363e-05,0.00012144948122664845
widest,4.7243805129238414e-05,2.5248171555441856e-05
widow,1.177267697038311e-05,1.8134501698522888e-05
widowed,1.0389153640247502e-05,1.7114595984492424e-06
widowhood,1.1656525403053894e-06,7.023708888727249e-06
widows,2.086254093125354e-05,2.82045040260735e-05
wield,6.298033679768598e-06,8.614330430415705e-06
wife,0.00011739557394851359,0.00023150588948380236
wild,5.7277786315973705e-05,1.5357273313793715e-05
wilderness,8.676291683893311e-06,7.136662781381182e-06
wiles,7.469909758735189e-05,0.0
willed,0.00010771013656555208,0.00018633158409299473
william,2.088040234641726e-05,0.00025979231441226744
willing,0.00015418968357915663,5.028121328797625e-05
willingly,0.0002040003585496897,5.421227918800716e-05
willingness,4.0549504518434396e-05,4.101837706401255e-05
wills,0.00022419235568688233,5.195921229137239e-05
wilt,2.9460553816718904e-05,3.4644325573052275e-06
win,0.00019351418673300543,2.9973697845670884e-05
wind,2.9371207805556922e-05,1.4445186419786146e-05
winding,6.764885937878131e-06,1.3680566384914901e-06
window,4.314473149423726e-06,2.635423142960453e-06
windows,4.3982531885773045e-06,4.184681565947093e-06
winds,6.051443787758167e-05,8.989596687812126e-06
wine,7.061604905802812e-05,9.992045678149462e-05
wing,4.861285240282477e-06,0.0
wings,2.385360834662123e-05,8.653715112382003e-06
winner,4.1451017984392386e-06,3.413868490095e-06
winners,0.0,6.137588192557184e-06
winning,4.193229614318102e-05,3.690051568238106e-05
wins,1.5326756521884395e-05,7.168572868087583e-06
winter,5.095613730500098e-05,9.937068888929205e-06
wipe,3.9905117558194216e-05,1.288193880482774e-05
wiped,2.0137988552106443e-05,5.945721529924692e-06
wipes,4.2418031011166575e-06,4.9765074670159545e-06
wiping,2.1557540738860235e-06,0.0
wis,1.3947718265289582e-05,4.1441549800267466e-05
wisdom,0.0005111486638025157,0.0002518072885486927
wise,0.00032244482751851537,0.0001104764765773969
wisely,0.00024828891685208486,5.832937440268335e-05
wiser,4.238359859067309e-05,1.595934976896266e-05
wisest,3.8647335276983203e-05,6.606824382326367e-06
wish,0.0003307780002688596,0.00023982303848121535
wished,0.00017514531557705977,0.00012480107860971803
wishes,0.00019013486379739763,0.0001140241483519232
wishing,7.917901183216216e-05,5.40306240893087e-05
witha,0.0,4.3981040556479475e-06
withdraw,8.774589928728777e-05,4.377568337452507e-05
withdrawal,3.127299353526293e-05,1.4380374318714802e-05
withdrawing,3.780229190531243e-05,7.956166866038399e-06
withdrawn,9.803103199204855e-05,7.730198951490033e-06
withdraws,2.2706968182629582e-06,1.9744214989847833e-06
withdrew,6.370201714263474e-06,1.66171364626667e-06
wither,2.4741151328675742e-05,4.264065012550386e-06
withered,3.2252685535372374e-06,0.0
withers,7.257194301246366e-07,1.2405545037617376e-06
withhold,2.7936835191056757e-05,1.475660909088642e-05
within,0.00027447801309469794,0.0006118642125218097
without,0.0007159232535625121,0.0005528235996780378
withstand,7.184385570879161e-05,2.830857696520695e-06
withstood,2.7526966647559076e-05,0.0
withthe,0.0,2.8782877204496056e-05
witness,0.00011991925897487852,0.00036660433673620785
witnessed,4.650696875757337e-05,5.840620484099569e-05
witnesses,5.275545979405449e-05,0.0001636695715961599
witnessing,1.738482375899205e-05,6.853172279168388e-05
wives,5.608116106804957e-05,5.261716300683537e-05
woe,3.0272007194855938e-05,2.586641975396849e-05
wojtyła,0.0,0.00010751849799065193
wolf,3.764676958568422e-05,0.0
wolves,8.824217783106098e-05,4.904114436580974e-06
woman,9.138504526534698e-05,0.0004830378402060272
womanhood,7.115584783925697e-06,6.666221492683711e-06
womb,5.0058794171188726e-05,0.00017261949707013486
women,0.00011349361829355304,0.0005126696073199233
wonder,8.633015215871161e-05,5.715373999261945e-05
wondered,1.1050519040623994e-05,1.0746132954273524e-06
wonderful,0.0002674102713012088,8.318764668626259e-05
wonderfully,7.852157868547389e-05,4.104915397208531e-05
wondering,0.0,5.2750401124347694e-06
wonders,3.480962928268241e-05,3.3893300586639735e-05
wondrous,7.83753294226112e-05,6.52516966035331e-05
wondrously,4.5526224758295584e-05,1.436267356628135e-06
wont,0.00019000355076414594,6.023843886441602e-06
wood,5.468013636936195e-05,6.3206912844556246e-06
wooden,0.0,0.0
woods,1.9596989355499496e-05,0.0
wool,8.067132250715942e-07,0.0
word,0.00032100578311231774,0.000560027668153394
words,0.0003836854526855453,0.0003721727699324904
work,0.00035494541191594093,0.00050122944613548
worked,8.642627585322617e-05,6.34754767718402e-05
worker,4.4744847261731664e-05,9.811394741139758e-05
workers,0.0001695930743502441,0.00020004634445244901
working,0.00012279048615020864,0.0002326536411285387
workings,9.173465064784443e-06,2.5755741972007536e-05
workman,3.0335191497186215e-05,6.04365576119903e-06
workmen,6.789648777680007e-05,0.0
workplace,0.0,0.00013944930846502147
workplaces,0.0,3.6030514772610334e-06
works,0.0005326945757317063,0.00031494122325509416
workshop,1.0242417662343092e-05,6.5198146057141286e-06
workshops,1.5479968970683298e-05,1.3963207254946546e-05
world,0.00025315984984461014,0.0004899623512477789
worldgaudium,0.0,0.000236031835640023
worldliness,4.06582557741338e-06,1.2040163467133105e-05
worldly,0.00016384078020343656,1.7483849152531204e-05
worlds,1.1111230951480426e-06,2.5598697997126357e-05
worldview,0.0,5.231869758237496e-06
worldwide,1.9430056933813616e-05,6.29318151709882e-05
worm,1.5308052844767204e-05,0.0
worms,1.6240071259596125e-05,3.294446060834225e-06
worn,3.7991253807830346e-05,6.974936663251682e-06
worried,6.619204099904573e-06,5.7854277410940845e-06
worries,5.381070199436577e-06,8.44792808499124e-06
worrisome,0.0,1.985439035251885e-06
worry,1.3377932369892453e-05,1.745941956287862e-06
worrying,1.2311824209976542e-06,2.1196486576865468e-05
worse,0.0001502440713190037,3.463527340882923e-05
worsen,2.597331119109467e-05,1.4034516609748152e-06
worsened,5.361200232093783e-06,2.9672222776548886e-06
worsening,1.5253665995486281e-05,1.2405545037617376e-06
worship,0.00047234447639820976,0.0004507250904262398
worshiped,0.0,1.3925592763455158e-05
worshiping,0.0,4.6787939776532e-06
worshipped,2.3061413150162985e-05,1.0848517903524532e-05
worshippers,1.1150897945707775e-05,2.7774441679589795e-06
worshipping,8.400233812657379e-06,2.4075201478221553e-06
worships,4.817656192737094e-07,5.88746461146174e-06
worst,7.423314764919859e-05,1.373416425103176e-05
worth,4.282966627026099e-05,6.497006999413986e-05
worthily,0.00013864185114124627,7.065226715443627e-05
worthless,7.69667867649559e-05,3.1259542423979217e-06
worthwhile,2.1916166645640353e-05,2.4193740851423246e-05
worthy,0.00042549045074738716,0.0002232588409318314
would,0.0007174007132288686,0.00043575417601657935
wound,9.316357790431773e-05,5.6656946847531845e-05
wounded,5.320970202996735e-05,6.327410090591832e-05
wounding,1.1129345562019893e-05,1.4147160113191653e-06
wounds,8.984503972685685e-05,5.384188006432392e-05
woven,2.3467589161569463e-05,8.80485647481857e-06
wrapped,9.964196071676703e-06,1.2743299543023083e-05
wrath,0.00023153867985584517,6.206647783080101e-06
wretched,0.00019725034810923956,1.0995743622113413e-06
wretchedness,3.439323868189593e-05,8.919039032044892e-06
wrinkle,1.2675015230998445e-05,2.129272497784356e-05
writ,7.342105049208455e-05,1.817281709550519e-06
write,0.000175801762588088,0.00010009387030510808
writer,8.53309891293299e-05,2.488255167382424e-05
writers,0.00018472163296517384,4.8822045732986904e-05
writes,0.00010545979822334565,0.0001054207089231037
writing,0.0003020923634020756,0.0001262151835116006
writings,0.00038083995348182513,0.00014931160535100536
written,0.0003106287812412185,0.00018429002438350578
wrocław,0.0,0.0
wrong,0.0001312177949849833,5.195762783952655e-05
wrongdoing,2.6013381102505297e-05,1.2641739812461495e-06
wronged,5.404766635419182e-06,2.1985015843100937e-06
wrongly,6.883666189702825e-05,2.8399068929085357e-05
wrongs,4.212808672361712e-05,1.9016765331289087e-06
wrote,0.000210248850117083,0.00012559341134980924
wrought,8.391371878383135e-05,3.65131315003613e-05
wyd,0.0,0.0
wyszynski,2.0181709252243554e-05,0.0
xavier,5.282905006922508e-05,2.371804361638892e-05
xenophobia,0.0,5.5909272957563756e-06
xii,0.00026247290078795413,0.0001522459503741743
xiial,0.0,0.0
xiii,0.00043368397963893424,0.0002211067934675622
xiiion,0.0,0.0
xiion,0.0,0.0
xiito,0.0,0.0
xion,4.705628284626515e-06,0.0
xiv,0.00019824434004402487,6.268513068525134e-05
xivon,0.0,0.0
xivto,0.0,0.0
xix,2.4825881517305894e-05,1.1032456786917899e-05
xvi,5.9235534053293875e-05,0.0003932842149945858
xviangelussaint,0.0,0.0
xviangelusst,0.0,0.0
xviat,0.0,0.0
xvibasilica,0.0,0.0
xviduring,0.0,0.0
xvifor,0.0,0.0
xvii,4.108193558541015e-05,2.9769321200064543e-06
xviii,6.758546940242041e-05,1.105800824437985e-05
xviin,0.0,4.607649231634074e-06
xvion,0.0,0.0
xviregina,0.0,0.0
xvist,0.0,0.0
xvito,0.0,1.0036760425188963e-05
xvivatican,0.0,0.0
xvivol,0.0,0.0
xviwith,0.0,0.0
xxi,1.2756566637510055e-05,3.987464284304871e-06
xxii,7.84397602009918e-05,1.475162325956162e-05
xxiii,3.563119410988095e-05,0.00024194154589115345
xxiv,5.779362399184886e-06,8.502594746519279e-06
xxix,1.581292059663321e-05,1.3747207584840254e-06
xxv,2.3356804603627165e-05,3.5310368951080283e-06
xxvi,1.0967887493391208e-05,1.344359581826994e-06
xxvii,1.0379549042339731e-05,0.0
xxviii,2.8929772088371268e-05,1.7000734944028372e-06
xxx,3.4544978208887657e-06,2.945034339942808e-06
xxxi,1.0899191406295582e-06,0.0
xxxiii,0.0,1.519752477597825e-05
xxxix,1.3282361919778278e-05,1.8567686600745154e-06
xxxvii,1.5360130119951545e-05,0.0
yahweh,0.0,1.5584095915732373e-05
yaoundé,0.0,1.6685612699970726e-05
yardstick,0.0,5.645896051642087e-06
yea,7.190732286500634e-05,0.0
year,0.0007728926164932019,0.0005662615665659476
yearly,3.940348364813702e-05,9.45570451607132e-06
yearn,1.0812782315480555e-05,7.439591802215254e-06
yearned,1.2162012203786436e-05,1.7338394668562288e-06
yearning,2.74278837313891e-05,5.621805425870355e-05
yearnings,0.0,1.7442913194133423e-05
yearns,1.6174373366263252e-05,9.021271747788023e-06
years,0.0002988165670027328,0.00029254303319686744
yeast,0.0,2.8345820433937963e-06
yellow,1.3928134838094367e-06,5.217723038836125e-06
yemen,0.0,0.0
yes,4.004998956267077e-05,0.000158412091794043
yesterday,1.7029549272381714e-05,4.219707784028699e-05
yet,0.00036250222683303636,0.00045247966004901245
yield,7.984879490206245e-05,3.2342205953477854e-05
yielded,5.1996344769444766e-05,2.4839924177607862e-05
yielding,4.753699048139425e-05,1.882791262450406e-05
yields,3.2864849197205104e-05,1.0505904655565135e-05
yoke,0.0001508489944570268,1.2199352251623728e-05
york,2.464668867950348e-05,1.6476541308836205e-05
youin,0.0,1.4795177562317472e-06
young,0.00025575682219217534,0.0004079707777555856
younger,4.0296717921474e-05,7.340805787524217e-05
youngest,4.15531505176024e-06,1.1498324980883976e-05
youngsters,2.851757202247021e-06,0.0
yourad,0.0,0.0
youth,0.0003471743762856928,0.0003618757501632565
youthe,0.0,0.0
youthful,4.272032514279981e-05,3.651540112864484e-05
youthfulness,1.6874555135228464e-05,1.6358126739331088e-05
youths,9.726197949694445e-05,0.0
youto,0.0,5.108448529278953e-06
yugoslav,0.0,0.0
yugoslavia,0.0,0.0
yοu,0.0,0.0
zacchaeus,9.793528235315244e-07,1.392402304786019e-05
zagreb,0.0,0.0
zaire,0.0,7.626370572252943e-06
zambia,0.0,0.0
zeal,0.001085262893153766,0.00013519097010618469
zealand,0.0,2.154232007500607e-06
zealous,0.00030698434519382735,5.884784886792954e-05
zealously,0.00031126796525535703,1.1313172106842875e-05
zechariah,6.707734417712642e-07,1.9514596851540403e-05
zenon,0.0,2.08942283756569e-05
zephaniah,3.096000567987501e-07,1.0935995582531602e-06
zero,1.6387103594137803e-06,1.1369229539429025e-06
zest,5.3098336733957465e-06,1.9313476116041675e-06
zimbabwe,0.0,0.0
zion,5.954786497455051e-07,1.1401750455277044e-05
zone,0.0,6.24831769875712e-06
zones,0.0,6.152043787722662e-06
zum,0.0,1.5035552043034584e-05
zygmunt,0.0,1.7744087760927763e-06
église,0.0,1.1549271161442404e-06
été,0.0,0.0
êtes,0.0,0.0
être,4.757437971706406e-06,0.0
