term_str,topic_0,topic_1,topic_2,topic_3,topic_4,topic_5,topic_6,topic_7,topic_8,topic_9
aa,70.63838594314628,276.64257540355055,0.10001225440659504,96.11619180962337,0.10000769491491122,0.10000254942238865,0.10000852450443098,0.10003070253470882,376.00276243456557,0.1000226830764381
ab,3.998359525871961,0.1000428211984358,5.980593129425469,0.10005037029900245,0.10003307729993031,36.826828647936026,0.10002976383360447,5.250092227404109,4.443949663318928,0.10002077299977398
abandon,24.608656562435613,57.032001495350414,39.34393930643573,57.098818195398486,13.47613510391992,0.10000004155069989,97.01974635869443,0.10002643469264497,30.69520379813428,57.52547270305185
abandonment,0.10001624136969653,10.607895073927375,2.276958958937718,26.540959433548913,0.10001402745783967,0.10000005275421056,0.1000243885994427,0.10004085680113006,18.97408811547696,0.10000285083943108
abbia,0.1000000000005434,0.10000000000029595,0.10000000000031864,0.10000000000022526,0.10000000000065959,59.099999999971,0.10000000000018815,0.10000000000042965,0.10000000000019672,0.10000000000027646
abbiamo,0.10000245529699754,0.10001639108246989,0.10001437585481286,0.1000456810371091,0.10000020773319654,391.09990470590105,0.10000111835991887,0.1000000000009812,0.10001488752999806,0.10000017703431192
abbiano,0.10000000000074877,0.1000000000004078,0.10000000000043904,0.10000000000031038,0.10000000000090882,70.09999999996981,0.10000000000025924,0.100000000000592,0.10000000000027107,0.10000000000038095
abbot,0.10002421286596,0.10003203094766662,0.10001039140106106,4.168887444279096,0.1000061059057814,0.10000001754411494,0.10002756328839696,0.10003337380777205,0.10006801333277159,123.03091084625322
abel,2.057008519756677,30.550934640551567,4.691682922655077,0.10007428564775991,0.10001119866651102,0.1000000267141478,0.1000571631325917,0.1001433376134195,0.10007794896836303,0.1000099556785974
abide,0.10003399256327263,5.233193983777455,8.063262266581901,15.362150049113414,16.577798430897786,0.1000000485702814,13.551631415590283,25.638661362426923,26.15647946192323,16.216788988209547
ability,11.88901326190335,67.39515410954478,26.815405317649606,22.724341397913673,2.900060653541586,0.10000008401288178,36.06995057734302,0.19656024589076362,75.43412068659735,11.475393665257412
able,42.7825262371812,147.8881246302164,158.3513889296619,157.96175992800053,35.925134847841,0.1000000774566382,277.7001910609235,6.436607285380591,305.93198486669473,149.92228213630693
abolish,25.395518834456436,0.968172952273223,16.208464881724375,0.10003740906248515,26.015585774655733,0.10000008263715497,14.918903625399794,0.8021818256864727,0.10002759594645591,20.39110701780314
abortion,0.1000049795821475,113.37782216460747,0.10000922956902862,3.8221291723088706,0.1000137295043156,0.10000000000040384,0.10000148193647662,0.10000088921027028,0.10001796327827442,0.1000003898530985
abound,0.10001100775063809,6.5894909252410665,0.10001278859090473,8.125631850656925,0.10002499457845614,0.10000000902722594,33.756747029431985,5.292013741579845,0.10003308784002525,3.73603456498341
abraham,3.4590913089156583,0.10001233074610731,0.10001271241448943,68.74078735297236,0.10000438467568623,0.10000002498238297,0.10001836674830454,0.10002284880149953,0.10002113820982049,0.10002953129515821
abroad,0.1000137747976521,8.153443008044482,0.10002564253292069,0.10002629616921915,0.10002891261401273,0.10000004329953201,79.22910715435492,0.10003214790390555,3.7454882540208763,8.271834765936593
abrogate,19.603455712993597,0.10001327240335803,0.10001725087743787,0.10001060706248455,8.888543251994086,1.103031019359372,0.10002627309331913,0.10001033227091886,0.10000103132129427,18.804891248391268
absence,16.803429759984333,21.754123074815773,13.293778627450296,9.820459478737783,6.780902554257247,0.10000006925184805,0.10004176020445425,0.10003266584013175,10.144415202179474,27.102816806906773
absent,5.641398813326725,0.10001462663517208,0.10003192277830568,5.886750608796835,0.10003581780204485,0.10000005997805365,7.51751369797377,7.085013831633217,5.315862882498183,48.15337773823934
absolute,6.3362608163307295,71.12963864638438,141.28981675412578,76.31115453391038,18.291541594670953,0.10000004600162263,3.3409694620926462,13.06929567337957,35.55178591942633,5.579536553330599
absolutely,34.49204843734448,13.10385112918062,84.73598035868531,12.95614074548895,63.611728810278244,0.10000009108072966,0.38205121331565806,16.456755509765962,23.067592339653675,44.09385136486898
absolution,71.69389754272186,0.10000468171726042,0.10003260900397247,3.152645728048149,0.1000059694862781,0.10000001395572405,0.10001229103887656,0.10000912980212998,0.10001894245223421,57.45337309154739
absolve,0.10003331273178336,0.10004870351245453,0.10002176876812165,8.27224621212922,0.1000162963911368,0.10000002007017961,0.10002805950330142,0.1604737468991518,0.10001112138541775,98.86712075829027
absorb,0.10000353933815476,13.67157947241791,22.733467544571457,2.4971988466168002,0.10003370727189326,0.10000000674897741,10.59959351061357,5.117149606714227,2.98095703845173,0.10001672693509427
abstain,19.68482636263362,0.10003915476039851,0.10001946261531493,0.10000784388432758,11.815540698900485,0.10000005291695319,20.551864874798934,12.620298878001,0.10001473442481015,55.82738793678907
abstinence,11.91383537999918,0.10004723391799374,0.10001435043712027,0.10002036044642171,2.773758562536293,0.1000004137911107,0.44626002451275704,34.265970634566905,0.10007697553173928,0.10001606386873943
abstract,0.10002250933293891,30.36878227437815,9.103723632712917,24.448758289874096,0.10000663249346009,0.10000007541442027,0.1000111016890388,0.10002904537456875,9.478661214152032,0.10000522432508709
absurd,0.1000040799375288,0.10007730524766441,21.296765979826922,0.10000828850571838,21.101438796750923,0.10000003951012022,0.10003317655037912,0.10001642253230156,0.1000018293977218,20.901654081502244
abundance,0.10001962756989038,21.74749373402792,6.031193474812619,7.182886172029474,13.190347927085137,0.10000056251493317,96.71972987534022,44.851248059796745,9.922598316220675,2.1544822502637033
abundant,0.10003499127540064,10.836492167205575,7.431054490284113,0.10002479292730126,14.825538147190526,0.10000008995119779,147.49162899831921,49.291431390744116,15.627714902562415,4.196080029200701
abundantly,4.271633203871677,3.002349738124598,2.1442803432612463,11.347725180940081,27.836783080266407,0.10000002990605751,52.494775659239956,19.574561304187228,2.1278665134595194,0.10002494639589715
abuse,37.20551605565017,52.14206329633059,28.344115044079757,6.552647855087819,25.924484949817252,0.10000004570117346,0.10003852048892327,0.10003277310306956,0.10002685500377062,85.43107460438402
abyss,0.10000350836058516,0.10004111182166482,4.431701567573917,16.91729125957003,0.10002585740022597,0.10000007612487678,13.908665444213197,0.8411568409096635,0.10000206668257731,2.401112267045228
ac,4.060436308397706,4.740261544115867,0.10004844407126161,0.10003557292780055,0.10003587708443792,93.01242007169566,0.10006040907518012,0.1000072205716177,0.10000514279195265,2.5866894088663
academic,101.95546147735865,6.497380409958084,4.082988072478209,0.10002538912308603,0.10002492625123865,0.10000002753648896,0.10002495500093285,0.10002362816149293,8.864042318559653,0.10002879525235747
academy,8.519755451576552,9.409641558350678,14.199257123335297,0.1000066668810521,0.10002545747529,0.10000008241815704,0.10005071404048499,3.2712248241846007,0.10000961764067595,0.10002850379282467
accept,99.07232539728938,125.75671696494273,108.81163207506191,271.629846663456,10.303164454628757,0.10000028998608497,55.760658092602895,21.213855830273307,144.89014744805846,200.4616527833617
acceptable,1.318879590881786,17.614988420970988,22.010216045166928,12.002316538203589,0.10003195314315033,0.1000000467997147,16.764892984810597,28.173725864793635,15.037843676058891,12.877104878823863
acceptance,16.336855925887022,29.85909976955314,30.08535744567116,43.40739321826997,0.10003437817694681,0.10000003703810417,0.10001243126959937,0.10002698773141422,79.8761574927462,8.035062313349945
access,7.0780336440697615,56.27927607743976,20.178982619999264,17.456770413800925,0.10001873240046177,0.10000010093824027,0.10003002357073928,0.1000244890245217,7.752244443979089,12.854619454444602
accessible,2.1324474143855756,8.101954707980102,8.410827640557594,4.672126826385638,1.7732102627096848,0.10000002005017668,6.609775747612182,1.922511877570756,15.1771088020861,0.10003670029087552
accompany,13.04498940190136,71.4122053690888,0.11714607926251731,85.38167322123059,0.10002495295039994,0.10000009841495651,26.07038876478812,43.874522891071436,93.1409831639498,1.7580660570063145
accomplish,16.36545111445107,31.84596265896703,1.1986744293291014,180.39630875840882,0.10002889570818667,0.100000024893014,145.96485201282636,17.605195456083663,86.4712475741534,26.952279074844206
accomplishment,4.588581261975123,0.10002212183343158,4.761713454312932,17.841001832593225,9.772584436610389,0.1000000715374266,29.44643992674517,0.10002531531738927,6.189607186943169,0.10002439180715479
accord,307.55515989016277,73.55747972230277,429.4915010467519,276.4344466223817,170.78677347447965,2.1027636264393763,173.5705550949681,232.02898777280885,180.61082270827347,398.8615100410643
accordance,138.80492134279132,55.97444874610594,25.494212509882928,59.884333534280735,88.056194515196,0.1000000503452923,0.41776074741151803,16.142190352005336,128.18841856423646,172.9375196374044
accordingly,21.511833165575055,0.8905794564129788,40.505084477688904,0.10002711704354153,18.634568374251213,0.10000005420649305,38.58321893990962,18.207733517262934,12.771554987565189,22.69539990973944
account,80.22007603435304,119.79510723957537,116.60006221183545,35.24790315552681,80.89541250648988,0.10000018653565608,60.695553733069495,20.330785877805663,100.29458477259767,260.8205142818721
accrue,0.10001166748456121,0.10000972214679396,1.646776260612454,0.10001661110965855,12.260181609220322,0.10000001527511108,15.891977617564462,3.4463853814510492,0.1000038884106664,5.254637226477545
accurate,17.392837641084498,2.041455996849806,20.83271958506089,0.10003614405385039,8.948977036900525,2.872023574385372,0.10003577713437303,1.0636217296789636,3.9844199314464164,6.66387258299804
accurately,12.087839085181292,0.10000943713183578,23.57933842635461,0.10002120823116373,10.56288949349748,0.10000001850738255,0.10005164946188326,0.1000353088654027,0.10002487829511172,11.16979049413613
accusation,0.10002914729029441,0.10001567142660761,15.208499498345152,10.47610596490796,0.10004051639261786,0.10000001951619149,0.10004454102402298,0.10001816166089829,0.10001834967390809,68.61522812943768
accuse,0.1000283727113133,5.834959711694556,26.768870401651977,5.663302108357729,0.10003940773309801,3.1003577319967257,15.427644010481828,0.10001331902026744,0.10002730599291966,59.80475762999591
accustom,0.10011769144217038,7.341365182984976,4.859372990789817,9.999647636484948,16.469801898638668,0.10000005324439792,47.40171757939055,18.163793030227637,0.19676787141207405,42.367416065025644
achieve,18.628904337730507,166.71571873335208,53.69650490379718,61.6312094692173,0.10002414963087264,0.100000042444372,92.76737247166983,0.1000298561438196,68.1802032823977,23.080032753281593
achievement,0.10001913750298153,48.13196654474763,13.135606414880252,12.090713872660896,0.10001373513749959,0.10000003449368883,41.44708927883307,0.10003278165574464,4.205348209445834,1.5892099903044674
acknowledge,6.705768174635064,113.44496582641744,57.06408963247762,75.2016799975896,17.390643594685102,0.10000005476536977,13.300825262483821,41.845461255265455,94.37578889739969,30.570777303940844
acknowledgment,0.10001026691941073,7.5071620059080875,0.12446872332881496,29.493045384549713,0.10003613151730233,0.10000001889517421,0.10004210041712801,0.10005758198150155,4.275168595124005,0.10000919100262942
acquaint,3.8362548455148793,0.1000125270649435,8.270575204199101,0.1000441025755386,7.157730257827449,0.10000003522525593,13.551909652533315,0.10001548226353801,3.3236054942366846,4.459852398215555
acquire,24.276393161851413,44.507823209180714,137.78646490876056,14.131302998960804,18.160223904360453,0.10000026396692337,50.918546093895884,47.98419429515853,56.87245305728992,59.26259810623758
acquisition,0.10002564953577643,0.1000283112251216,22.82412093862126,0.10000302579337117,0.1000197736923672,0.10000004941202299,7.356527404174874,9.233956080174936,0.10206796134047959,8.983250805752006
act,136.4189376225028,162.00614813439438,604.8358888852737,408.92190150500466,123.09228246931835,0.1000015455808542,19.850081292209246,127.27357543139783,243.1148784136111,407.38630470037134
acta,18.101936623081365,0.1000637076294197,0.10002718145568724,14.919515282380434,0.10000514355994344,0.10000383124231615,0.10001365741439944,25.102308590945047,0.10001607095409189,2.276109911022091
acting,0.10004380658279198,5.168046516002088,11.19396664631037,6.900537909123343,0.10003182787988828,0.1000089277089263,0.10003400894903096,0.10002987753608283,7.986993873333458,4.250306606197031
action,37.81515702586071,186.4360631822156,708.6002919692551,179.58936448003985,22.94139540457505,0.10001102755703682,165.9888233479118,23.912895078016856,313.002506535458,134.61349194876348
active,15.459416584538273,54.69317744795627,32.25708063378483,15.346173849306837,0.1000290683828811,0.10000006961663287,58.257339715856325,24.834281031490214,201.8524480000875,0.10005359861406236
actively,0.10003057302662696,20.791586534341484,6.909330492349128,0.13486340137324232,0.10002887642651562,0.10000001877701944,10.282839234294698,9.755000459059893,44.15820309986236,3.668117310141319
activity,18.89769124541936,349.2314802089895,175.3770061533814,65.2703347599846,0.10002156810308196,0.10000002634800766,86.27217795716443,0.10002838561920882,715.3936480311681,4.257611663490243
actual,0.1000437107924737,39.80948256002186,22.070715997769586,17.55501932573961,16.39590802362838,0.1000000396085142,8.589759456568506,8.48837993738612,35.93465619406026,27.956034754077525
actually,8.860053758631286,40.59837764872225,41.0835720234859,27.022560980475255,9.352074587059041,0.10000004392225437,0.10003005014714568,39.203246433778546,0.30030921756971973,11.37977525586766
actuositatem,0.1000055245268039,0.1000383316840192,0.10000435458103235,0.10001212382480157,0.10001395441053909,0.10000000222535203,0.10000067282043508,0.10000102506550185,41.0999239259122,0.10000008480678217
acute,0.10005461119500564,13.279262116902599,6.26643642320708,14.902021579721232,2.7713452253506494,1.1113003291088601,0.1000246665291268,0.10003006040468825,6.269512531583279,0.10001245562767747
ad,103.37653501996623,8.144920481954761,34.39404984235896,55.92368303243971,5.652125397669799,587.8956307288323,0.10002598248061616,21.521113268941612,64.84361870502406,15.148297539972361
adam,0.10000681266486959,0.10002944628549161,6.489279429702351,59.62850639504519,3.9332618936077037,0.10000000446570115,0.10002171224891042,35.90884931775615,0.1000081750638977,2.540036812884906
adapt,39.69232629538385,15.864403572302933,97.38351463800667,0.10001446438094001,1.8397737425151688,0.10000004728335765,24.2300105549049,9.228437481659778,65.46150017048366,0.10001903277881855
adaptation,20.73429896795549,6.464477175306742,11.683862977377895,0.10000622016754263,0.10001965782351456,0.1000000022744526,0.10001045826360613,0.10000979360219335,60.51731307298508,0.10000167403870491
add,113.16738487460223,51.943895766659274,80.61023811686479,58.83854929193296,47.578721929504596,0.10000028089740595,138.3911429898191,105.60834870362775,11.025973509384016,136.7357445363709
addition,104.0923412539609,30.615090592960325,25.503638916100236,0.10002611822254343,6.3413889799146625,0.10000008267752951,60.72991092086318,23.682234355087385,49.19959030672688,113.63577847315247
additional,19.07265298082442,4.782271319492627,0.10003969329161816,3.6014311509681707,0.10002284091995052,0.10000010577423872,0.10007541309445585,0.10008663712457408,0.10002869956922103,7.943391158449958
address,10.260595552541458,210.6872924672445,49.88345110414614,150.48196769553988,4.935738746397363,0.10000009231962693,285.6532520213987,53.664340547109084,235.8133524164951,7.520009356473083
adequate,7.8274099165135445,55.32822325586986,13.269246802090759,6.502729626210954,0.10002680301492776,0.10000001419846101,6.482192548345172,0.10003446509647629,70.66070571711839,37.62943085119513
adequately,0.10002189903833773,23.45316579123224,0.10002642815835444,17.688280584672462,0.100051481418348,0.10000001820789947,19.00267642678085,0.10002807298145776,18.249565178427137,4.1061841187374695
adhere,6.860172678806978,3.5682414892045835,20.469389419067443,0.10002000890468957,22.311244394585177,0.10000075825458067,0.10003817460344709,9.106936549855373,23.90271070697205,46.481245819401614
adherence,1.5184109428426396,6.857655932559946,0.10004594140653834,0.10001796860507096,0.1000098847948931,0.10000001373016174,0.1000810789378313,0.10002354063985107,61.30517379106267,3.718580904989728
adherent,0.10000853178315416,0.10002189687131126,3.3585372897453682,0.10001090506368916,0.10003939578656047,0.10000005280247987,0.10003577429269501,0.10002049032555212,0.10005842219110252,33.84126724079002
administer,57.47646915421758,6.0491131222575865,0.10002487652975668,4.475505009389808,22.77854196518807,0.10000003463781551,31.565585939030253,1.652866162704212,2.6291439994192447,50.17274973627478
administration,43.83389992129804,11.740170616872527,6.754690961878844,0.10001298921036743,26.891946005513297,0.10000005685530104,36.908513145429474,0.10001192855384468,20.378758891055462,86.1919954830372
administrator,4.360641100764661,0.10005250916490294,4.075095584859465,0.10004575630406481,0.10007356503059003,0.10000002558912846,0.10005368335470881,1.318680016041085,5.679761721233157,29.065596037175855
admirable,0.10002572274199586,4.1908529805596695,0.3351617380164229,6.7004679247962855,8.070700617968033,0.8949861500044018,56.69669717802316,41.222070238133426,2.689025454569927,0.10001199481244434
admirably,0.10003627670578054,0.10000607168525816,5.507849258190818,0.10001849404906517,12.414241309192269,0.10000017551530355,19.801411663713562,3.676418286735204,0.10000831241417968,0.100010151563879
admiration,0.10001283533463119,2.6221650581884512,25.284072241646097,5.503310124971105,0.10002827462019707,0.10000000316199976,57.14668371153738,7.298187953644546,3.745519408583593,0.10002038798348697
admire,0.10001291677354543,8.634576044862829,0.22913430988768488,0.10003034350531846,4.074488521235301,0.10000052725190539,42.804520545393835,24.45676520645522,4.400462405771244,0.10000917855572619
admission,17.490352323403457,0.10001108600680733,0.10002287163017572,1.422304057129368,0.10003257536463254,0.1000000033386198,0.10003932633726584,1.205813705263481,13.871881478560956,7.509542572612459
admit,95.23939660071929,17.867110427049216,103.13433428833387,0.25870697937223497,69.60425734776165,0.10000007500681916,0.37994268669261344,21.62005476387178,0.38108622284174565,91.41511060800588
admonish,2.3775205957795267,0.8041831107706626,11.371705472094513,0.1000209197791958,16.44794382238299,0.10000003095339811,74.85125472442353,0.6447243181889566,2.940167029446291,43.362479975836955
admonition,34.86808888094628,0.1000283973204435,5.218532387946184,0.10002061055856087,0.10002864734568362,0.10000050050224035,65.37256432666358,6.73111971315283,0.10004833303347901,46.30956820217272
adolescent,0.10001244725803184,0.10002233696570671,4.963313381584502,0.1000285896551739,0.10003737741410591,0.1000000017060573,0.10002383398823633,0.951889911105659,80.38466046058815,0.10001165943610162
adopt,26.90867994505756,33.02050843727036,79.91369508229297,13.598278137887966,17.176403071185998,0.10000014938824153,31.373780140202985,0.10003483233307257,28.974072595243882,24.83454760879215
adoption,2.560085703387508,7.354874711176954,7.383535064414557,28.149586727505113,0.10005993265474936,0.10000003262571808,0.10002702349870225,5.750592595958765,4.401226253021346,0.100011955419243
adoration,15.687366766668015,0.1000250659159974,0.10002111413034995,9.210909095121599,0.10000546151805102,0.10000006028979147,0.1000192113047018,81.94456832761223,26.44329511618563,2.213789780961651
adore,4.911499480771181,0.10003927781461872,2.223341310224607,23.07068925409885,0.10003506853502324,0.10004936651080988,3.964544118725328,77.52996533263024,2.3687428479667343,1.631093942302097
adorn,0.10002557486500982,0.10001517633229455,0.10002242350290724,1.0469210477029254,5.379951099818835,0.10000001988402649,49.26681850977649,39.98034477800999,5.825882458048037,0.10001891174929259
adult,1.8837247381997613,14.298765770134557,29.857357395388995,0.10002055368721359,0.10002347235854844,0.10000003448455523,0.17717139399128246,0.10003394124844427,218.16913430212233,5.2137683980490825
adultery,0.10000247008126507,0.10001065913341187,0.5687959585157731,27.094720429886223,25.63640374387207,0.10000000808018822,0.10000917937305753,0.10001530399093712,0.10000634959946036,0.10003589726199227
advance,9.019346931886453,79.17235615073237,73.44194261039236,9.45381892884665,8.13102362727919,0.10000004379259715,92.70502962624562,28.55154456859749,26.69116604865375,14.733771463235433
advanced,6.924453712487624,33.14229548549573,16.004932188823883,0.10003666785961096,0.10004824095078571,0.10000002327974639,0.10005872695451952,12.817046147202893,9.61108527538853,0.10004353111931774
advancement,2.623962076715304,37.06879671647418,7.112583927386964,0.10003367701326395,13.425121506568686,0.1000002268166587,0.10004588091590332,6.898975503308115,28.47043136729208,0.10004911710296796
advantage,0.10003201493556334,52.41740629077951,20.2824837179854,5.831854205352016,90.22426876814525,0.10000003188300471,181.1009533165419,13.631995943960533,9.985746553447342,49.32525915662637
advantageous,3.424964074164024,4.724653579632046,0.10003441086164007,1.356565963192747,13.382738598381472,0.10000005450652621,0.10008874646661828,1.8919700751277517,4.797167602124276,10.121816895046521
advent,4.818251764125504,3.5636070649729628,0.10004120626426008,19.75883524982181,0.10000860520297322,0.10000002700470766,0.10003830192280098,9.19570971479074,6.054418085621739,3.2090899799014583
adversary,0.10000850144238316,2.2489077884328217,26.47580003963117,0.10003424730962909,16.32045491540165,0.10000001883843297,32.548650734729016,0.10001739662173119,0.10000113784020201,14.906125219480423
adversity,0.10000691245483649,0.10000628914362221,0.10002404033056395,0.10001665926940577,5.06347042020566,0.10000000000311063,28.569180497976944,6.6672787396016835,0.10000932632869472,0.1000071144866572
advice,21.498099711948726,0.10002983797333154,12.907081018668794,0.10001635417216463,17.72775250386539,0.10000005474746075,65.2474782094053,0.10001897807905853,4.992637227511454,123.22688610331709
advise,25.79283813063628,0.1000070863317355,12.695358321200011,0.10000548644217813,0.10005987317500331,0.10000000169482959,0.10005516696412438,0.10002804078526825,0.10000103743054062,43.81164685505935
advocate,0.10001613281076771,0.10002581909449157,13.770636706016436,8.203263597294956,17.79856875625336,0.10000002542903626,0.10003417255208495,18.848708085952712,0.10004296964138906,36.87870373459574
affair,22.29324941850887,20.15709183222152,24.41428784862129,5.429891179771437,53.88683213561043,0.1000000588205033,211.35052180056246,0.10002731184002632,28.235280393992507,79.03281801971214
affatto,0.10000000000045177,0.10000000000024606,0.1000000000002649,0.10000000000018727,0.10000000000054833,43.099999999971466,0.10000000000015641,0.10000000000035719,0.10000000000016356,0.10000000000022985
affect,15.46556592030535,143.51615608197827,25.809439314089403,9.781191602919897,30.410925264998898,0.10000005464926562,31.923660282165518,0.10004854386898136,49.766125545156946,20.126887389526505
affection,0.10001670503810262,13.904260260279113,10.683063468891051,31.412786638422233,15.143503058842336,0.10000011287173959,215.6410527915964,83.04525459638144,11.389396768749517,22.58066559859712
affectionate,0.10001354593593169,0.7625179506060998,0.10002712447154104,3.913865721152065,0.10003494146708994,0.10000001335458611,28.776411375511405,5.33073139423103,0.10001600712971781,0.7163819257885691
affective,0.10001415777189392,0.10001893937313616,7.96907105799538,5.452551666150542,1.476030022017028,0.1000001196861278,0.10000540303670521,0.10001087381308013,30.502297540521692,0.10000021941574194
affidato,0.10000000000090714,0.10000000000049407,0.10000000000053194,0.10000000000037604,0.10000000000110106,47.09999999996886,0.10000000000031407,0.10000000000071724,0.10000000000032841,0.10000000000046153
affinché,0.10000000000071611,0.10000000000039,0.10000000000041989,0.10000000000029684,0.10000000000086916,147.09999999997007,0.10000000000024793,0.10000000000056616,0.10000000000025923,0.10000000000036433
affirm,20.797288839981054,49.31472970458166,85.73755989527169,18.127832820339698,20.892211601875797,0.10000005381464047,16.28672832772544,20.36181419416531,58.219300628499845,35.162533933403076
affirmation,0.7066362262000573,28.129085491261836,22.54421460628847,27.901566651435566,0.10001350418188562,0.10000007636001441,0.10000653057857038,2.7324079950838307,19.586059974992835,0.10000894334437928
afflict,0.10003216810529349,11.899405938481648,0.10002128859940794,19.36068922662185,0.10002444906080893,0.100000018033551,104.55872350953197,4.698535377552808,0.1000305176765134,7.982537506003098
affliction,0.10005028909301675,0.10000978593175751,0.10001767653914335,26.93682584674245,0.10001738949077763,0.10005638004411324,47.08735237179304,0.10003887684614406,0.10003069966785824,5.275600683486011
afford,0.10004562333517744,5.644487423061952,11.001290175909762,0.10001206773800686,23.984618980018716,0.10000001132371428,54.76135892815717,0.10003162301609435,1.4506547249150263,4.75750044218464
aforementioned,4.115584305693753,0.10002962843929682,2.4181303468602446,0.1000312539088826,0.10003332063916943,0.10000005619852044,0.10001410201295399,1.0314770164717895,3.079195225231708,71.85550474420282
aforesaid,0.10001250445670402,0.10000109428766783,0.10000804594034322,0.10000071272949633,0.10000562674482355,0.10000000391747058,0.10000671698269667,0.10000925316030701,0.10000057248724689,435.0999554692082
afraid,0.1000178756174864,0.10002831415773508,18.242467624838046,31.061467319638073,0.10003349830443488,0.10000005264423766,0.10004571181026814,0.1000159950488497,13.424652343006104,27.67127126458421
africa,0.10000187226944418,15.228047117648938,0.1000138564121571,0.10001602104271097,0.1000172798142172,1.1000623589643581,30.192856784968807,0.1000170505242332,479.13568995164616,4.843277706407493
african,0.10000140133843476,14.317324796666083,0.10001015355348053,0.10002074164233349,0.10003498220352808,0.10000000931242743,0.10002734525867876,0.10000120682170645,192.75497741834235,5.22760194460443
afterwards,2.465019413019398,4.535985863217153,0.10003977198267966,8.973283582185319,27.89239011895895,0.10000001620036252,21.865755448515092,11.806872906895576,0.1000203606028699,68.16063251808588
ag,0.10000039933945926,0.10000000110434801,0.1000085218839612,0.10000052350252514,0.10000233314698856,0.10000000000010413,0.1000000159814162,0.10000058765238173,57.09998761731987,0.10000000000006759
age,36.312452432125234,45.19804857461352,165.2074777218258,112.76307440508201,146.77629849991632,0.1000001660537454,236.4818091276186,206.23775827879095,201.60807668726642,52.315004106371475
agency,7.978904641126256,55.870044328243125,7.886291140430406,0.10002307989270626,0.10011258861651236,0.10000000725259514,0.10007989629550151,0.7946417586817903,7.56431023732194,7.505592321637816
agent,0.10002775981335592,19.52292273732942,10.837410387492039,1.3224137783499919,0.10002932756831173,0.666928673885524,0.10001541086444812,0.10002824930138086,70.29891663679099,14.951307038227899
agli,0.10000000000073654,0.10000000000040116,0.1000000000004319,0.10000000000030533,0.100000000000894,172.09999999997004,0.10000000000025501,0.10000000000058235,0.10000000000026665,0.10000000000037473
ago,10.227503725008688,31.665809641458395,28.314366246957007,15.833229640306364,3.240161032164446,0.10000008006168,109.48836869087413,20.672719402645477,7.973107793941471,59.48473374624059
agostino,1.0999844567499333,0.10001140430896906,0.10000002535573044,0.10000972537953734,0.10001343005079788,33.100000428589226,0.10000101887393342,0.1000078197293097,1.0999634235542999,0.10000826720907621
agree,33.16322618551456,17.421699012855356,8.529363101724764,0.1000191639344558,22.165544864616077,0.10000008113095966,44.67420261665393,3.386799524039846,8.139841106825296,114.31930434237692
agreement,47.40933091107355,55.05525346988143,10.533367145948885,0.10002859112700602,3.213400342821732,0.10000006482082695,101.73528590940867,5.255771412366959,1.6000975018653532,113.99746465033634
agricultural,0.10000323749665262,49.01323715145181,0.1000113201102345,0.1000058265923059,0.10000238829456318,0.10000007627259806,0.10001872086395287,0.10002813200162021,0.10000168858607927,1.1866914581441237
agriculture,0.1000128620460011,46.47203071893811,1.7278152728499687,0.10000230712389853,0.10003083755959828,0.10000000000333696,0.10008967294582853,0.10000591121162081,0.10000505649784668,0.10000736051361354
ahead,0.10002172235267832,13.445497020611437,5.25073873471637,6.803820450489073,0.10003161870671116,0.10000002478278391,0.10004266613240363,0.10004847333971272,8.129918413596151,10.869880874889018
ai,0.10000000000100746,0.10000785794940259,0.10000021923317111,0.10000987224493944,0.10000000000122271,713.1000061242048,0.10000096187679647,0.10000000000079647,1.0999749643484567,0.10000000000051257
aid,6.49741209698505,63.57774527170654,5.754217173736949,5.957809769091461,39.41882092168886,0.1000000537251318,404.9023912344355,36.25796881602796,94.74782810419951,64.78580655806341
aim,8.040559816923247,127.16812311166768,173.49283903354498,6.878451937380712,32.49137744095132,0.10000006366966184,65.68282733556335,12.610973551245529,129.3637680251966,28.17107968351872
air,0.10002262405293823,26.644035992214693,7.1955859182678275,0.10002867924526847,0.10003433273902448,0.10000005501416051,0.10004832542683104,0.10004580865315628,0.1000160886622896,9.460182175363911
aiuto,0.10000000000100485,0.10000000000054715,0.10000000000058909,0.10000000000041644,0.10000000000121936,56.09999999996833,0.10000000000034784,0.10000000000079427,0.10000000000036369,0.10000000000051112
al,5.366001923687848,1.3834903364697058,0.10003774468556174,0.10003684609914025,0.10002775526455421,818.0816272982502,5.044574520813034,0.10003756505421786,0.10004698331057578,1.6241190259146052
ala,0.10000680632393652,0.10001542080181511,0.25491064607005903,0.10000891425550588,0.10315257202369021,0.10000000876721796,54.48234675841931,0.1000335370039491,0.10001506918378478,2.559510266900864
albeit,0.10001039475394899,11.924176546943228,14.751867184627136,14.284026317376627,0.10002852181211667,0.1000000856847168,0.10002315800323228,0.10001628838822499,19.381066262557447,4.158785239546382
alcun,0.10000000000054375,0.10000000000029613,0.10000000000031883,0.1000000000002254,0.10000000000066003,90.09999999997105,0.10000000000018827,0.10000000000042991,0.10000000000019685,0.10000000000027665
alcuna,0.10000000000044641,0.10000000000024314,0.10000000000026177,0.10000000000018505,0.10000000000054188,73.0999999999716,0.10000000000015458,0.10000000000035296,0.10000000000016161,0.10000000000022713
alcune,0.10000000000052454,0.1000000000002857,0.10000000000030758,0.10000000000021743,0.10000000000063666,64.0999999999711,0.10000000000018161,0.10000000000041472,0.1000000000001899,0.10000000000026688
alcuni,0.10000000000051572,0.10000000000028085,0.10000000000030237,0.10000000000021377,0.10000000000062591,124.09999999997125,0.10000000000017854,0.10000000000040772,0.10000000000018669,0.10000000000026237
alert,0.10003358033656205,9.078648839060211,8.300642718573243,5.252151080700471,0.10004018690456304,0.10000026488689248,0.10004595573616185,5.942431799309916,3.0212689014426646,4.004736672652931
alexander,4.287424139123267,0.10000340274096414,0.10001480469451915,0.10000317689131018,0.10001815802381117,3.29634688442584,0.10004058838942478,4.482026909270171,0.100007186647486,61.33411474954437
alexandria,0.10001940160857133,0.10001902830321635,4.287562917178567,17.99447487099801,0.10002650268615117,0.10000008273302911,0.10002743005095381,21.828995154650876,0.10837554088384577,52.280499070576475
alien,11.235651752620214,4.739981480185824,22.03966921589822,4.920448841960642,0.10003569054266295,0.10000009349503533,0.10004866978426138,0.10003398114374028,8.858976424341595,9.805153849635523
alienate,0.10001723268202534,12.968079372208171,5.179576546358418,7.116166965117013,0.10002815585555402,0.10000014907514472,0.1000397384607209,0.1000258546239139,5.222831794361335,21.01323419090322
alienation,0.10000867474430714,20.61622303342452,0.10001725106620767,6.777499106541499,0.10000628368551082,0.10000013659629918,0.10000661610687214,0.10000422597081152,3.027344471537922,9.978890200085962
alike,0.10000759022427412,3.6009561372900696,9.959582758625329,0.8915113947731718,28.682625285335718,0.10000007996836255,49.18539668924598,0.10002757760739085,16.567817350591167,7.812075136003423
alive,0.100036436338679,13.63653416540704,3.415372028787399,49.89054817043873,0.12023555685307277,0.1000000318510231,16.72577244047706,4.664532673769954,31.36190061861064,21.985067877113952
alla,1.0999874617413945,0.10002774562674767,0.10000103044170525,0.100029966792873,0.1000003850107949,763.7447529226417,0.10000433256127685,0.10002486355864362,2.455164936429871,0.100006354949217
alle,0.10000000000065165,0.1000000000003549,0.1000000000003821,0.10000000000027011,0.1000000000007909,368.09999999997063,0.10000000000022562,0.10000000000051519,0.1000000000002359,0.10000000000033152
allege,0.10001224410809681,4.891259731890164,18.928764528965377,0.10002414029794024,4.61990559761458,0.10000007081403993,0.1000190680184537,0.1000060802060312,0.1000052549616373,38.960003282889716
allo,0.10000000000052355,0.10000000000028512,0.100000000000307,0.10000000000021703,0.10000000000063547,64.09999999997112,0.10000000000018126,0.10000000000041392,0.10000000000018952,0.10000000000026636
allocution,14.635606753206254,0.10000824790927955,10.725354522471546,0.10000601121867315,43.82687548538703,0.10000018634089611,13.212093408211022,0.10001537005688736,0.10002483827567997,0.10001517668954167
allora,0.10000146918801377,0.10001391371519266,0.10000128745542575,0.10006774874178843,0.10000000000129249,62.09987700333396,0.10000730486701685,0.10003069454756049,0.10000057795180804,0.1000000000005419
allow,110.84670927844743,105.94603958191031,105.21564683144167,75.16857777575363,60.446254171303046,0.10000006568794506,126.20818080603622,18.954239076619302,61.578745907215165,167.5356065052472
almeno,0.1000000000005385,0.10000000000029328,0.10000000000031575,0.10000000000022322,0.10000000000065358,44.09999999997097,0.10000000000018644,0.10000000000042575,0.10000000000019495,0.10000000000027397
almighty,0.10001832958502965,12.97207800638767,7.3358115721739,0.10002796074206732,0.10002355989432424,0.100000098368963,63.002669827005164,39.45025947169015,5.147641504652909,91.69146966917039
almost,2.039840416637085,52.649789762595844,73.84899980990177,31.243229175430056,22.568954719479287,0.10000024045580809,248.01539773807949,33.368365731762374,13.416276191659609,41.74914621366073
alms,0.10003228619272585,2.9130795246221584,0.10001063713774655,0.100024612848549,0.10001974527504069,0.10000087454572222,15.777232275307082,3.2875925365628857,0.10001751802947856,61.42198998918783
alone,38.77947562217577,61.74909845523794,163.1566311577426,170.43119304036173,108.56563557558968,0.10000016243200514,153.1075861843072,97.92744833411761,45.363071108317925,72.8198603593813
along,22.70448011153589,51.99191051336852,26.504331448370237,81.50262722029106,0.10001839739422627,0.10000003151558289,51.147897217847564,29.197264664508594,72.513748685188,39.237721709647715
alongside,4.033300955486165,23.533438369019976,0.10002231148284649,0.10008070100317297,0.10000140895814297,0.10000000639006944,0.10000844273992933,0.10000783747994027,19.733076072383763,0.10006389467381253
already,103.76965936398015,113.40405669127257,177.2035128319622,282.99248191148087,45.56455072379919,0.10000004213162894,356.9758422098628,121.00145397829189,188.7877666772778,130.2006755696044
also,533.4221842969623,920.6222370100941,557.4230986878257,1505.6773894902371,364.5917756308358,0.10000012176223035,925.1325220987588,550.4078962887296,1293.8289368013448,866.7939595731124
altar,124.16002108778245,0.10002010324117867,3.8928775759155676,0.10002051616535367,0.10000682699656945,0.10000020238272819,19.504834397903767,152.8479822602623,10.520776199580531,25.673460829470276
altare,0.10000011887865905,0.10000000000027066,0.10000000000029141,0.10000009688147853,0.10000000000060319,69.09999855094726,0.10000011819585543,0.10000089299131841,0.10000000000017992,0.10000022207669013
alter,7.261937416592013,13.047634832368283,10.334876660445124,2.956893725902748,7.577120704930415,0.10000007051492196,0.10001513816142148,0.10002226139091876,0.10001767671350877,16.42148151268944
alternative,0.10000917358171763,27.01248089816383,6.278320560221614,0.10002870318725961,0.10001034974768919,0.10000010140761305,0.10001807000955006,0.10000591545048293,8.080012752424205,3.0291134755291775
although,86.29574653817119,51.88061028091128,97.70904867071198,41.732955645256816,82.59774678593963,0.10000006417789144,162.42675289749786,51.399425527212394,37.75443550766102,147.10327808212227
altogether,4.969223113490836,0.16195677087201732,55.454149418073484,0.10003223992786367,37.715421372063126,0.10000004451612442,24.2135143927963,18.84902921909679,4.934505284797294,45.5021681440165
altra,0.10000000000056733,0.10000000000030898,0.10000000000033266,0.10000000000023516,0.10000000000068858,203.09999999997098,0.10000000000019642,0.10000000000044854,0.10000000000020538,0.10000000000028864
altre,0.10000000000089075,0.10000785793606373,0.10000021923273258,0.10000987222820963,0.10000000000108106,256.1000021940924,0.10000096187513217,0.10000000000070418,1.0999788944935651,0.10000000000045318
altresì,0.10000000000052985,0.10000000000028857,0.10000000000031069,0.10000000000021964,0.10000000000064309,36.099999999970954,0.10000000000018344,0.1000000000004189,0.10000000000019182,0.10000000000026957
altri,0.10000000000057986,0.10000000000031581,0.10000000000034001,0.10000000000024037,0.1000000000007038,448.0999999999709,0.10000000000020076,0.10000000000045846,0.10000000000020992,0.10000000000029502
altro,0.1000000000005284,0.10000000000028779,0.10000000000030984,0.10000000000021904,0.10000000000064137,244.09999999997117,0.10000000000018296,0.10000000000041777,0.1000000000001913,0.10000000000026883
always,132.34976330546567,323.43439795736214,389.37273654016894,390.776132500664,91.78194232319713,0.1000001922019909,309.1587656629195,110.5079404557992,498.58885993533886,99.92946112654667
ambassador,3.6910464801940894,0.10001958839274229,0.10005205723888147,0.10001614239485826,0.10002569159302985,0.10000004784882402,0.10006992691771484,0.10005908618228529,10.072786849280941,67.53592412952428
ambiguity,0.10022064134237131,0.10003537746073457,6.669134006909311,0.10004326774834338,0.1000315183729768,0.10000000000233818,0.10002163582014083,0.10001657569388533,21.726002217937896,10.904494758360876
ambition,0.10000946189736697,13.596577598916511,0.10002918951615539,0.10001135941796152,0.10002608728490259,0.1000000149729424,28.5325314228617,0.10001542923124154,2.3460649588738622,10.924734476736164
ambrose,3.2336415055392798,4.4424373995803865,4.572773445263404,24.1540559374503,11.605309188765178,0.10000003740477283,0.10004600057860305,29.947340779192956,0.10002785617614793,6.744367849674947
amen,0.10003227707494255,9.591363213283675,0.10001547944729372,11.780668855120439,0.1000198627660887,0.1000000353880674,0.11311867829389227,22.351726508981024,0.10002622388189693,13.663028865460586
america,0.10002641921944477,23.606826820535925,0.10007037438943997,0.3636745399417767,0.100031989080195,2.105092320540703,78.63586762485964,0.10001150904468752,215.78839165567734,0.10000674630060798
american,0.10002677852598803,30.665127372649494,0.10003549257888462,0.10001285321331027,0.10001808965235162,0.1000000248454184,26.536391421618223,0.10000685254397203,52.09837650496191,0.10000460915523765
amid,0.10001637088005746,39.33291299756635,3.0524549096642093,50.447425579542426,0.10002522098878838,0.10000011763341911,67.67527211704707,2.6154657019079943,3.4764118223316043,0.10001516213227152
amidst,0.1000228891931674,1.7613511177300782,0.10002048373661467,2.4834455205905517,3.3859907915235112,0.10000020448112325,28.099939654079627,6.769162410578795,0.10003962064655504,0.10002730708196692
among,190.87212168494366,219.51303733408275,149.57720283337326,177.44229388059716,85.97511533706465,0.10000024843454178,887.8446661411804,239.24901177874588,536.7369944561768,238.68955630506457
amongst,0.10002099540692969,0.1000050166182782,0.1000279115161402,0.10000415876777452,53.6915914206876,0.10000002655838638,62.85091813930276,0.10002342494069508,22.66337042540573,1.1940384805492887
amore,0.10000298111082633,0.10001013638430778,0.10011256941767599,0.10005482330071226,0.10000335769233158,52.10000065891614,0.10000023961072,0.10000027655448579,3.099814918793901,0.1000000378939248
amount,0.10002036198160726,15.506682599570906,17.762657345293256,0.10002198435087936,7.609323940995653,0.10000012596050963,12.794508519422767,0.10002419507448682,2.5901111642915073,32.33664976273225
ample,0.10003034242784145,2.929843335305269,3.4656775275974474,0.10002891075571693,6.657523515753585,0.10000006907099214,19.903908622361445,10.850153857507374,10.104960633023035,3.7878731858443424
analogy,0.10002469037982664,1.4772728196864762,7.546642820410937,60.82048476533177,5.555484699089672,0.10000007160513431,0.10002553191307126,0.10003671076701996,0.10002058642208342,0.10000730409904703
analysis,0.10000390713706937,61.437292542736365,29.28881240019598,12.346152533674369,0.10000803604376143,0.10000000433678853,0.10000684782415101,0.10000509195909857,38.32771753033885,0.10000110554855204
anathema,0.10001102988700723,0.10000626737650295,0.1000519257048417,2.6127695340072044,4.528256986041421,0.742323492021751,0.10002113238717142,0.10002412806723922,0.10000373582288201,71.51653176837638
anathematize,0.10000545455370408,0.10000001354410348,0.10000442771903324,0.10000159817674074,0.10001014085864919,0.10000008332386036,0.10000179777253483,0.10000274505576322,0.10000010736816904,43.09997363156415
ancestor,1.5093105558054956,1.5942995656743557,1.158551487984127,0.10001830605545721,0.10001678501281944,0.10000003195310181,92.5443029355662,0.10002840991643983,4.872791592450992,2.920680329226109
anche,0.10000000000062213,0.10000000000033883,0.1000000000003648,0.10000000000025788,0.10000000000075511,736.0999999999708,0.10000000000021539,0.10000000000049186,0.10000000000022521,0.10000000000031652
ancient,169.22228482802308,21.47675805314218,33.563829985875515,93.281265729037,50.69744710025683,0.10000005095439748,117.61074063619375,110.60473115014388,15.992806281348814,65.45013618468688
ancora,0.10000000000056995,0.1000000000003104,0.1000000000003342,0.10000000000023626,0.10000000000069179,98.09999999997092,0.10000000000019733,0.10000000000045062,0.10000000000020633,0.10000000000028997
ancorché,0.10000000000045305,0.10000000000024675,0.10000000000026565,0.1000000000001878,0.10000000000054989,42.099999999971445,0.10000000000015687,0.10000000000035819,0.10000000000016401,0.10000000000023049
andrew,0.10002762424614442,0.10001124517896635,0.10417616221506329,0.10005501856000112,0.10000221154487886,0.10000010316973074,16.210039851141406,4.191817678861483,16.67206160636468,5.321808498357129
anew,8.072940280882365,29.437554481190844,10.045330203217357,78.23401965068116,0.9742635298498279,0.1000000348920704,0.10003375503921243,9.031101334800326,28.737163131860665,8.267593597228291
angel,5.339290156630698,0.10001558245439231,1.0406523098189993,37.77028862965348,9.30442710374567,0.10000002616670377,25.447475248150866,176.37226973620483,0.10001887277548317,8.425562334101985
angelic,0.10000887389823583,1.3344016292391625,16.61523361910366,0.1000110627281698,18.81404225041425,0.10000006114599842,0.10009302127071325,64.63617307060358,0.10000401556678042,0.10003239577730924
anger,0.10000818321235908,7.55577529894708,0.10001652162853583,13.742877233182847,0.10002929944518285,1.101012040366336,18.83199292254396,12.72247295951574,0.10000531600879038,11.645810224842995
anglican,45.187593175947626,0.10000888487308715,0.10002314704562001,0.10002906244079977,0.10000379446734217,0.10000000000165712,0.1000043043339446,0.10001883562630333,4.0123146138039845,0.10000418126037644
anguish,0.10000844709441571,19.451219957227828,0.10003956451846234,25.670510489732727,0.10004308555921879,0.10000005605559312,34.67886135719908,11.959860648300513,0.7393682863154046,0.1000881076215231
animal,20.461031760013363,37.37114920828276,5.302337855728881,8.480911350866123,6.322592320980081,0.10000001831952927,0.10002576929441875,0.10003737764573505,0.10000378840326371,24.661910550174152
animate,0.1000281050570467,18.65807763647232,11.943715078925528,2.9718225831776084,0.10003269318097098,0.10000005080668814,52.229221667011444,0.384575150597776,48.21051708101938,5.302009953395274
anime,0.10000000671529005,0.10000000000029897,0.10000000485714731,0.1000000058190685,0.10000000000066628,101.09999998195512,0.10000000000019006,0.10000000000043405,0.10000000000019874,0.10000000062574955
animo,1.187823161201969,0.10000000000221679,0.10000914016519026,0.10003937252254014,0.10001415308441015,84.0851399700447,2.0268302626574344,0.10010149966394367,0.10004005519204724,0.10000238509077662
annals,0.1711759304339338,0.10000423962754351,0.10000781513256395,0.10000229177134914,0.10001314989766175,0.10000000881535917,29.352690654560853,0.1000194823068021,0.10000119561597655,5.776085231653776
anni,4.502923445043224,0.10001620458597332,0.10002526025393782,0.10004894904518415,0.10000020537610993,53.230432073460996,0.10000260943439479,0.1000000000022424,1.566550467164786,0.10000078537473175
anniversary,0.24053692943126692,35.142488731596174,0.10001636439792613,42.46845449513621,0.10001797807732715,0.10000061434286228,38.81232717387298,29.32239917772074,28.326580917858067,3.387177617236881
anno,3.573000738228206,27.371114174154403,0.10001430908053516,0.100018899601748,0.1000133297403285,396.35575662598023,0.10002261579533375,0.10003479171216327,0.10001825209636642,0.10000626335368944
announce,1.4426018813569206,0.3972944226862414,15.653659076062967,23.382067709547155,0.10003058718148596,0.10000005891997035,39.19025648859185,31.693192649668,48.129973466625565,55.91092365901212
announcement,8.27811726224326,4.984362310601479,0.10001699835582901,20.111226739272272,0.1000194862339756,0.10000001472255139,0.10002363316402012,7.570960865009636,0.10003097444702196,7.555241715635626
annual,12.081089204023975,0.10001351507992648,0.10002140679646494,0.10001672238678827,0.100026677165434,0.1000000286439657,12.606160667314857,11.3546838815532,0.10002316724058768,16.357964729519484
annunciation,2.2304658968452156,0.10000418063876325,0.10000206501379376,87.05993604730993,0.10000620421493736,0.10000000751530583,0.10000305677838935,20.009550911166432,0.10001042839964953,0.10002120195435092
annus,2.568636233801904,41.41871430201175,0.10001360244095182,0.10002711931573562,0.10000017515547831,0.10000004425339609,0.10000152422177544,0.10002738960554036,3.312579457567843,0.10000015141471588
anoint,26.890725847907852,0.10000681517837891,0.10000965526169889,30.19146402143352,0.10001264355465489,0.100000039536284,0.10001828801681185,0.10004743259946722,22.183831630604374,4.133883625633557
anointing,45.68549185331333,0.10000520537783422,0.10002048350541293,7.3962658872858125,0.10000473685265691,0.10000007153255354,0.10006234302437225,0.10002529589515272,17.218068288474132,0.10005583435895607
another,73.87773590177866,287.35359695851014,160.11012094807157,281.1730226172589,110.43714696983007,0.10000038337165104,286.5928564550468,93.19923028823577,131.3761007274138,263.7801887501461
anselm,1.0394852214241999,0.10000321553930427,13.607155418266919,0.10000452732270387,0.10000810964097478,0.10000025707690567,51.662229831804915,0.10002800651887359,0.10000481682309251,2.091080595360775
answer,58.01083605254782,20.762363569699914,135.14655158921093,136.00171313712025,1.5885611693879673,0.1000000575226358,31.473544458507952,7.489731547452821,9.84213273941726,36.58456567879409
anthropological,0.10000823170009346,20.752007169763765,0.10005131623066432,5.5692559794148195,2.736394668691773,0.10000001664961894,0.10000343564317579,0.10001416261791857,30.342264234506086,0.10000078453140361
anthropology,0.10000617423145436,7.84300441039831,13.202868045708827,10.687146570561561,0.10001605715501023,0.10000012080943957,0.10000293805652659,0.1000124537477779,5.666942931847967,0.100000297270002
anticipate,7.259549539066262,8.538144098399968,0.10002519772836814,11.885476479932802,0.10004694397448659,0.10000007492475431,6.217535030513429,13.891052245058095,9.80815489479214,0.10001549527891193
anticipation,0.10001100610814201,0.10004905118928707,6.084815371035181,14.197700097832426,0.10003624139731605,0.10000004908318465,0.5098345024078952,5.541458049414023,9.16606109208979,0.10003453906025023
antioch,29.48520909229155,0.10000857664162208,0.10002715780181924,12.124851453483661,2.349753982260842,0.10000003181190573,0.10003168689318166,0.10005212056533662,13.408295139477062,47.131770758436936
antiquity,30.046140770675112,0.10002340630067233,15.452529961192646,0.10004816559867756,22.686716776031695,0.10000003923563203,6.571781480180503,18.116241109789375,0.10004347616160879,2.7264748144407465
anxiety,0.1000282513416937,22.150107670868945,11.10205990233951,18.411441325369875,0.13895697916465038,0.10000009387423585,108.40996057362673,3.8497559512761117,20.273341377209206,6.464347874585789
anxious,0.10001405363320671,0.10002918083424928,0.1008960971973537,16.359725596492382,8.672037698913034,0.10000002894183085,59.88380175619291,6.6384183304184985,0.10003406595855102,4.945043191083218
anyone,1.144122266171031,35.20867074587344,65.79249123140397,32.63860928539585,11.023495329793924,0.10000013315289512,37.034279051403935,54.77649722054086,13.573019519233885,470.7088152166939
anything,26.525802896749106,14.338724847650031,88.80206134206068,13.184115662558014,51.56896741711849,0.10000006687206416,92.34936965836467,15.904318136785205,6.459561620268342,221.76707835123298
anywhere,0.10002958855567383,0.10003007595783052,0.10005931382294705,0.10005109838845423,0.10007115271148123,0.10000004967841358,0.10008989168052997,0.10005173023899823,10.071355481621476,26.128261616778715
anzi,0.10000000000071792,0.10000000000039101,0.10000000000042097,0.1000000000002976,0.10000000000087139,53.09999999996998,0.10000000000024857,0.10000000000056762,0.10000000000025991,0.10000000000036526
apart,15.226390759293576,43.08182465944778,29.11104414233323,51.10231392543297,2.8387835190085364,0.10000006914420237,19.108811246439675,0.10003418043070332,23.845739585080395,31.485057913042176
apostasy,0.10003697951761424,0.10001282599460622,30.053381406495962,0.10002367497954132,0.8626820031472688,0.10000001469991707,0.10005350528743338,0.10006755633591163,0.10000358045725635,5.383738452732232
apostle,13.62708115400965,0.10002190287558396,71.42064903465874,434.7244393878571,94.22788503333922,0.10000009753607167,531.0745126960375,309.9322952999694,347.862508905164,268.9306064882289
apostolate,21.473892780603204,1.955577625237432,48.755251729713834,4.368442413373326,24.5624333069478,0.10000002987149151,162.18492642066465,0.10002370269869115,270.65897686971107,1.8404751208494943
apostoli,0.10001241764850947,0.10000561129097944,0.10000185038424046,0.10001573730279865,0.10000001342042568,56.122104309894254,0.10000439986736584,0.10000042391192156,11.077854480603364,0.10000075553920706
apostolic,749.9260177537791,67.62210410892983,7.5166820724911805,150.3237256314576,1.976820526529612,0.1000001426385843,1424.3351732288909,118.77708522892587,651.5654213665988,716.8569699394263
apostolica,5.965279038182213,0.100000048910274,0.10001573816026291,0.10000962896607955,0.10000391910442673,356.1573974072843,0.1000035540363507,0.10001574279644854,1.1772588635801962,0.10001605876954649
apostolicae,23.404808835066913,0.10000165658963643,8.864395842368712,0.10004161955318101,0.10003918112420286,13.286503451543282,0.10002317538539829,2.8441527170318617,0.10000729904293139,0.1000262219992371
apostolicam,3.5418979648920152,0.10000633242862952,0.10000344096361287,0.10002882350592988,0.1000206364255633,4.133078887129355,0.10000335778179212,1.3403513096768012,32.384596101904165,0.10001314505779149
apostoliche,0.10000000000090402,0.10000000000049233,0.10000000000053007,0.1000000000003747,0.10000000000109717,59.099999999968915,0.10000000000031298,0.10000000000071468,0.10000000000032726,0.1000000000004599
apostolici,0.10000404970773326,0.10001031719518733,7.103986401133248,0.10001789612586105,0.10002596577163347,27.095931301431516,0.10001637099968584,0.10000066561017176,0.10000569886013838,0.10000133299795404
apostolico,0.10000006919456365,0.10000000000089393,0.10000000000096261,0.10000000000068081,0.10000000000199276,48.09999993077163,0.10000000000056822,0.10000000000129772,0.10000000000059422,0.10000000000083524
apparent,5.147838550125976,8.961198666796486,19.018609013763935,22.213415403861415,7.424045089939592,0.10000002016368369,20.302631458110564,0.9753086985311895,8.67500743996263,7.181945658394055
apparently,5.352914064003518,7.168623853308814,16.1712125009403,9.246435438688659,0.10002981022417262,0.10000002259770076,4.622360555927349,0.13170080946330973,0.10000773455315112,1.006715209940045
appeal,0.10002156132322423,104.24617546820856,43.389073589610454,65.31580729991705,0.10002659917344525,0.10000007165892406,102.43557871549633,0.10003076201438932,70.11658442170166,130.09670151056508
appear,24.448512949958523,63.34259217626738,83.23769753285842,197.60335804008383,9.106002924339021,0.10000027591077087,59.21246442341201,81.14183042064398,65.55972866413622,97.24781259205153
appearance,21.3295396061378,32.51152663781729,10.134338701169249,20.078201300883578,17.650057010820625,0.10000006399841029,41.89249413147689,13.400745390805783,3.4979721117158173,26.405125044829596
appello,0.10000000000034115,0.10000000000018582,0.10000000000020005,0.10000000000014142,0.1000000000004141,44.09999999997211,0.10000000000011812,0.10000000000026972,0.1000000000001235,0.10000000000017358
applicable,2.4200911487783916,0.20745404858459096,13.450224016734273,0.10002170917676877,5.961138629244485,0.10000004612389005,9.125043011656324,5.89383443079712,6.458277995074206,0.2839149634760739
application,27.263904828505037,49.669546743862874,89.27923022679425,0.10001448798086794,6.648600282569345,0.10000006366000336,0.10003192191243858,0.10002237842031404,35.21580391287404,4.522845153115736
apply,47.8990385715474,65.22700683448099,157.53301632255474,15.65673948992548,31.29319855216567,0.10000004116335304,99.31667565302276,40.5372941792639,72.0537791701191,107.38325118541884
appoint,60.01416894421704,3.0101593276710847,0.10002754801986788,3.761639486146732,14.807259613031958,0.1000000228031651,44.310691609985724,9.639769285983606,22.48120142285111,171.77508273894117
appointment,29.26105009872515,0.10001194742900514,0.1000231087055579,0.10002363027110857,0.10002344774164328,0.1000000261359501,0.10004092197689159,0.10000831946444924,0.10002969893024456,31.938788800323742
appreciate,0.10001376687791354,31.895099186141277,19.42893782529404,36.220023633816886,0.10003480946490073,0.10000002653788789,8.546655945125277,22.655510789346533,47.85371284453039,0.10001117255744188
appreciation,0.5155982952475129,27.208488180017394,15.17297295115154,16.242960130483088,6.294867686476627,0.10000004588543343,0.10005259101004846,0.1000454865942562,44.16498105572505,0.10003357699984439
approach,31.492119459800623,79.34061138211368,37.06721560386713,75.91431572191011,1.38927934815979,0.10000034763315119,55.15572184240217,87.49722343108022,69.09082259762222,28.952690265073933
appropriate,93.45947312796409,72.41478028800813,22.951143185262563,16.717951829341068,0.10002737471781119,2.1029100949647797,30.575739424685285,13.892834279696412,134.48684176063955,68.29829863434992
appropriately,9.243978432588316,6.1265463830905045,0.10004896444444553,0.10002948948926872,0.10003346308007374,0.10000000941156732,3.0283681716504836,9.81963035635249,16.281345277743164,0.10001945179029863
approval,47.51845019130963,3.7349901883180716,21.616247915189224,0.10001748915247502,14.012872820331197,0.1000000369243088,20.104946462210975,14.915714001742097,10.634252872686705,263.262508021813
approvato,0.1000000000005478,0.10000000000029831,0.10000000000032118,0.10000000000022706,0.10000000000066483,40.09999999997088,0.10000000000018966,0.10000000000043306,0.10000000000019829,0.10000000000027867
approve,178.26315964920462,0.10001325802273461,26.24144615219866,0.1000237109926705,36.260636327507605,0.10000004220626668,41.241814957207104,49.85987811260052,16.61453644394158,218.21849134580899
april,90.0021891722163,47.3145138232673,0.10004392190036226,2.9430804752870303,0.10003277546779347,0.1000002309129484,0.1000431932898872,10.469519534953376,43.81808221941763,39.052494652900805
apt,5.114096844762421,0.9976836018719886,3.588727509530371,0.10002439832030376,5.866002157057837,0.10000000555961475,17.67439844558766,12.341333608772176,3.125139390374769,5.092594037796916
aquinas,0.10002473603194643,18.932049832064763,36.3388066968722,35.07289778980332,19.997400283145257,0.10000004089347438,0.10002486719749058,21.02682919904145,8.231906614223698,0.10005994035821165
arbitrary,5.230082339812658,24.846560551261387,32.29634719012882,0.10003666772083566,1.1144978934154428,0.10000011946822439,0.1000292335619043,0.10001632118225681,0.11803040620401738,0.9943992768783271
archbishop,76.63822652140786,0.10001361487421387,5.714875829320925,0.10001361956892375,2.064662818072664,0.10000026288951487,286.95085894325,0.10002287417056652,2.0461055068427854,165.1852200093071
arcivescovi,0.10000000000137177,0.1000000000007471,0.10000000000080436,0.10000000000056865,0.10000000000166495,78.09999999996624,0.10000000000047493,0.10000000000108455,0.1000000000004966,0.1000000000006979
arcivescovo,0.10000000000051394,0.1000000000002799,0.10000000000030138,0.10000000000021306,0.10000000000062381,57.09999999997117,0.10000000000017795,0.10000000000040635,0.10000000000018607,0.10000000000026149
ardent,0.10002096809640729,0.100018480185397,0.10002928896328603,10.997131137483631,2.1520657566092667,0.1001392168251598,130.53795343617594,60.07132274429697,14.327307877517148,3.5140110934054896
ardently,8.101141952115618,0.10002301005100521,1.58421580082524,0.10003583576989343,0.10003480771344582,0.1000000877246794,90.96227823619012,2.0487004876525536,5.188051589781646,6.715518191812636
ardor,0.100015086183307,0.1000109718591877,0.1000258714599096,0.10000762697052666,0.10002360226400817,0.10000171539214957,53.567976539974204,10.345804616793773,3.3861290744698036,0.10000489439815366
arduous,0.8285247571097614,2.9910057476464984,0.7624271449510414,0.10004205484186034,11.398334323836746,0.10000001694471293,28.92398950297653,0.10002496007472134,11.555429062513275,4.240222428723813
area,60.76102923942836,178.94903487808762,0.100021602988971,22.19949552213086,0.10001220643518788,0.10000004076418756,0.10016025292306256,0.10002754284289332,237.01805364107489,7.572165073006384
argue,9.972823733051241,4.503554625609585,14.105063068034932,1.655905787894027,6.216970401837539,0.1000002876833821,0.10002461545613896,0.1000456941906786,0.10002845319867708,15.14558333268815
argument,22.075620989684893,26.65424086882527,99.58457316658505,0.10001929451560702,58.56996345607982,0.10000004118249117,1.9084821937570107,21.702010676034448,0.1000183661693121,15.20507094686147
arise,24.648547287412757,80.69217858158454,88.7717348807193,7.588947842115567,57.20577927060733,0.1000000625701614,88.2417083756479,19.404124316634956,73.25984893633722,101.08713044603157
arises,8.138586852173534,3.1245241813801647,0.14594960750823766,9.477890066396412,1.8487061863286858,0.10000002738124583,6.350830411013096,0.1000249607480245,3.6703667143163643,14.043120992398597
arm,0.10001412355006122,47.04494245536451,1.0401733183305797,14.201537669192206,6.839100987858298,0.10000008946495101,118.24537962565644,12.151536668721123,12.085018881707253,65.19229617982714
armenian,70.92436382842521,0.10000171758460896,0.10000129650605886,0.10000886707703496,0.10000028220390766,0.10000000000128013,0.10001936966776097,0.10000634950443223,0.10000613296338516,67.27559215593338
army,4.013503468264271,0.10001228517059968,0.10002404206420881,0.10001524040814133,0.10003660385312478,0.10000114861415442,74.7380291553058,0.8078117445424823,0.1000249225171043,9.840541388976717
around,0.2642852865348987,44.07390493846785,22.467479863988284,30.307084079099624,0.10001693357532083,0.10000049220744142,37.84404744592165,15.663199059143842,48.37468256083304,11.805299339892056
arouse,5.245060463651235,0.10001794328930504,15.415663762899891,1.8866937000232737,0.10001710358788274,0.10000011811796554,128.1117045213283,12.340867717565533,14.40544186373547,8.294532805474656
arrange,24.161890192979612,0.10002506514796027,7.401013226616155,0.10002313124715313,0.10002914106512732,0.10000001660515102,15.484143590385466,11.626889495997407,4.581636792267781,47.34434934735874
arrangement,25.728763582391558,2.783627843375598,12.091327402931759,0.10001735124144193,0.10005386985445446,0.10000003360431414,0.10004069604021092,7.754059616518481,3.7039918141519745,60.538117789522815
arrival,0.10002883595738174,11.285053796288892,0.10001221824799665,8.670768772100956,0.1000103356175532,0.10000004237481719,5.418206090170678,0.10002421058919875,0.10004011333661741,17.02585558498773
arrive,13.442178092167694,6.377325408162204,45.96569486375824,9.599075862040136,15.651673136764389,0.10000006173910567,26.73148053322129,11.814849877095861,31.523904034322648,38.7938181303837
art,158.04055041944434,33.185217838440664,121.77498675637456,0.10002626435306629,15.800673034575972,20.1637851521941,129.33882390815404,64.98378812957375,17.46956671567319,3.142581780853714
article,285.755350717081,0.10003214414403458,2.606517137648949,4.352657830799088,0.29462703453678324,0.10000005834762252,0.10002364119964247,2.841691216892816,1.186752184165529,121.66234803480286
artificial,0.5566157011483889,54.38474128186985,2.8463228311262867,0.10520713115751422,2.0866996610592308,0.10000007301054979,0.10003188314224962,0.10003498510329413,3.6203401616200046,0.10000629042820364
artist,1.4108297108126537,1.7412328102023393,9.749614036218174,4.889240454815886,0.10000189024209762,0.10000002242463489,0.10002696798232213,21.709018717880838,0.10003237489376932,0.1000030142333783
artistic,4.753093064487523,8.384944612346404,17.15281984547965,0.10002753925952033,0.1000204215444587,0.10000003230673417,0.10002469457961266,8.109027605493806,0.10004102242952971,0.10000116176727061
ascend,0.10002617625538511,0.10002820138078533,6.009165738887204,20.214326863810822,0.10002522145154254,0.10000003733286815,12.654433554300205,36.38428582485944,1.0589649233004008,7.278743458068306
ascension,0.10001261888807429,0.10000832411860378,1.308225903261492,21.336887482319614,0.1000118650830436,0.10000002311324922,0.10002262745711435,13.67369807104932,10.50071822955318,3.6804148548613513
ascertain,8.395660313361434,0.10002623510609986,16.869722898092764,0.1000217926425671,0.10004648473895245,0.10000001457053256,0.10004200551361914,0.10003719919465534,3.4258726291924346,8.708570427217936
asceticism,0.10000941082017664,0.9835486950632937,0.10002124334403946,0.1000150842172958,0.10000668967961486,0.10000000463672319,4.139164036226893,16.70896499118023,22.568267830396596,0.10000201418506695
ashamed,0.10001743831100916,5.336647801515271,10.572746663136698,12.50991525436062,8.688146269583603,0.10000004892226785,0.10007029150449052,0.10005209196874845,0.10001972496057013,11.392384415322539
asia,0.10000857409215844,3.555968301978683,0.10001854466541944,0.10002601231436543,0.10002793363451888,2.1089914958082288,4.69538716792147,0.10001248472998334,298.6361585481305,2.503400936389478
asian,0.10000189507822575,4.017864290371289,0.1000028024492531,0.14559913147373976,0.10000228198070694,0.10000000000131622,0.10000531721900488,0.10002167332010736,97.13648181268681,0.10002079518598274
aside,7.733872012495157,24.990922066260218,20.1815951865492,4.491472704353275,35.69232773620027,0.10000005929528478,86.544754468077,22.787854194447483,6.043077975611292,56.43412359636609
ask,94.77723216059458,107.01217930259821,90.61262135113546,298.8211729871866,4.973392462845796,0.10000007089974663,226.3587287038286,61.94354459840739,115.19459219290754,106.20653616926008
aspect,25.803642681119616,148.24243647275455,69.18760077292413,122.80125816715837,0.10003176610825551,0.1000000515909904,0.10002739077423056,0.10002361626034426,319.4649381998499,0.1000408811333224
aspiration,0.10001784461473033,53.7664294893911,30.118536951364415,5.825931095070411,0.1000112736256655,0.10000003680140981,14.657998204245285,0.10003530315219852,39.1310329233564,0.10000687807998619
aspire,2.000736347587937,12.764915312663216,5.13475161695933,7.23854456217482,5.850008268769954,0.10000012804519051,28.68964861868033,0.10004524654048062,0.10004202910136106,3.02130786908879
assail,0.1000109149280321,0.1000135294199236,0.11763539342775027,0.10001380018488257,19.85307428869766,0.10000004785154933,42.859320754490994,1.5469018234824712,1.872839271223877,2.3501901759845207
assault,0.10000751333812567,5.480125128530959,0.1000254355890859,0.10002389798825098,5.854830493933514,0.10000016803548083,31.530061267353428,1.534895341472949,0.10001901376756442,0.1000117397153227
assemble,12.0055055272894,2.253297524094725,9.154172693473706,0.10002717232159607,0.10002212941767195,0.10000008118717067,0.10002982783099748,12.034695401074572,14.27039255694628,144.88185708602418
assemblea,0.1000000000007571,1.0999363209356252,0.10000172447833947,0.10002601570784712,0.10000000000091905,101.10000083720692,0.10000522572302065,0.10000310939408341,0.10002665095506541,0.1000001154077761
assembly,16.16018480001958,33.24533711414941,0.10002648098874195,7.399308431692426,0.10003393144111919,0.10000002456377022,0.1000436755783016,23.59216520453855,433.17452372458575,93.02837661207782
assent,3.394872013615425,0.10001323914326471,48.2039181457495,6.968207556587597,0.10004350326321754,0.10000090075996493,9.652762745189609,8.64707044211569,16.474534458659527,25.35857699457697
assert,11.599063222320277,23.71483678517084,33.873792629180016,0.1000207245515861,39.299748356430655,0.10000001311455556,6.573619809793935,50.169509092986566,0.10003030702552035,114.46937905909537
assertion,0.10000786237613597,2.393541535577105,24.3895536018649,1.6606365166871215,0.10001360349139149,0.10000002416567486,0.10001627273213143,1.6579046399801733,0.10005280050951774,30.398273142264653
assiduous,0.10003042798620787,0.10000898608006178,7.838186806511745,0.1000270386378816,9.60341345206134,0.10000073571705748,16.08823650684487,18.322102998555653,8.158063209913534,1.5899298373667976
assiduously,7.721243740518663,0.10001116182668296,4.045674386553134,0.1000233459745681,11.213665757778653,0.10000339889197997,20.48905305366483,0.10003350351452764,1.8093733915301233,3.320918259414212
assign,41.88594744142524,12.647883841850451,40.20724947201718,4.3423007263522795,0.10004307496997118,0.10000005669985877,20.470632594643124,0.22205989070999518,2.114562163030505,104.90932073793788
assimilate,0.10002448474670096,11.19080079473018,11.551250300901838,0.10005283749745572,0.10001400449812385,0.10000002822781844,0.10002790448112976,1.0483620008400725,35.609463818448624,0.10000382529332526
assisi,0.10001398337740466,24.86952289887321,0.10001096487611108,4.687878350856524,0.10000521339743165,0.10000208508273664,0.10002318621667933,41.55369741198526,0.10003076162246897,1.2888151434109076
assist,53.36456252914132,34.48182749230367,11.212836204217847,5.898089209608774,11.636083512731537,0.1000000312402968,117.9178356587703,30.979049430397875,92.44932584030506,16.960390090941864
assistance,33.38635228334521,90.83027781086629,31.545651960227588,0.10080458368583517,40.51208950018509,0.10000004734777213,202.56255629222093,9.85734099755288,45.807689309121955,30.29723721510486
assistant,39.545338461930726,0.10000664184237393,8.838663309783799,0.10001709606541538,0.10001102211794416,0.10000003267547157,0.10005778135981552,0.10000766367558737,0.1000272789648282,7.915870711272985
associate,0.42526335515225433,26.712600571109682,0.10002290860281826,38.254729298318765,5.673694065856105,1.106383057065604,41.59951645894213,50.55127041632426,41.6486000895709,20.92791977868244
association,6.204614179098632,97.68720289369423,43.188672727379284,0.1000134225256831,118.68341435954028,0.1000001010180605,197.9313173307949,1.5475882528713036,91.45685017382897,0.10032655895387262
assolutamente,0.10000000000069771,0.10000000000037997,0.1000000000004091,0.1000000000002892,0.1000000000008468,43.099999999970045,0.10000000000024156,0.10000000000055158,0.10000000000025257,0.10000000000035494
assoluzione,0.10000000000039166,0.10000000000021332,0.10000000000022967,0.10000000000016236,0.10000000000047538,37.09999999997177,0.1000000000001356,0.10000000000030966,0.1000000000001418,0.10000000000019926
assolvere,0.10000000000050664,0.10000000000027594,0.10000000000029709,0.10000000000021002,0.10000000000061494,96.09999999997129,0.1000000000001754,0.10000000000040056,0.10000000000018341,0.10000000000025776
assume,4.515389500915273,42.15870962322663,65.6387172821101,39.0742668872516,11.320026551384105,0.100000086352444,10.489305545167642,53.77556113595308,101.16177921817366,43.76624416912473
assumption,0.10482858769968222,5.926320259391826,5.168739535965061,5.03352162453547,0.10001454150015467,0.10000009753416383,0.10001821442988931,61.05325963319115,1.6619003396006689,1.7513971658054461
assurance,0.1000052651253567,0.8277675666844347,14.588237425442408,11.013839648293974,0.1000310781705014,0.10000010559382806,12.470774464502357,0.10002679252891633,5.365440687922064,12.333876965398598
assure,11.888001023581683,13.88039773078539,13.090673897066262,9.217280886152338,9.830543215750245,0.10000004649379005,83.99870971032016,0.1000323576177158,30.7943351778733,0.10002595402002208
assuredly,0.1000379571782143,0.10000878091377771,10.027982687190612,0.10004016863198192,12.926127908655213,0.10000000425198995,68.34294701374468,6.464703674216302,0.10001999500563842,16.738131809893858
astray,0.10001346880868439,0.10002333210934733,2.997168897866741,0.10003085522614376,0.10003744490172105,0.10000007426958643,70.58117694442424,0.1000333402355742,3.899629348736224,8.921886293086997
athanasius,8.767693820281613,0.10001221331305989,0.10002635853345214,5.348505265397837,0.1000496895885535,0.10000000733823065,0.10004384176545772,8.483363068484907,1.2432992115819712,11.65700652333874
atheism,0.10002249106486902,9.458395162452542,34.800237249816064,10.42972212283377,0.10001891917038,0.1000000570890354,0.1000265359220241,0.10002962352831922,8.711545377719744,0.1000024601153666
atheistic,0.10001265479079065,9.957456856031436,19.772187507409985,6.938704253834372,0.10000848798578475,0.10000000000289426,9.039903575223315,0.10000581654864438,0.79171905631117,0.10000179158668192
atmosphere,0.10001823442528686,7.320774330217074,21.282823982549875,0.9767470624900929,0.9089365215224362,0.10000018605641373,8.871291072654637,0.1000470832215066,22.239356324007172,0.10000520250089268
attach,29.1548663074122,3.081311657299401,17.359633181416015,0.10002230975985467,8.64065979529902,0.10000005344681301,11.96542450391177,25.5971836959298,6.026410022339185,25.97448847285093
attachment,0.10004330658334135,0.10004230432941166,0.10003489877199047,9.899185649217918,0.10004052419137863,0.10000009674648395,17.147607849641943,0.10005931565411993,10.252963748506982,0.10002230596458286
attack,0.10002985746013429,25.867782264771726,25.27468740212229,5.760741956455037,70.35473439401865,0.10000005774729814,190.34870302420433,0.10002345432172573,0.10000876513884484,70.99328882346639
attain,8.225808432410089,39.9292761350628,162.81110114364512,29.6997922852803,52.336446271254275,0.10000006106629468,106.93789656193044,55.1562870495546,36.87477688343093,5.928615176026117
attainment,0.10002608962056003,21.801186335883486,28.163233573784893,1.4073463058556868,0.10004283604239164,0.10000475174721071,17.319694876417604,19.808412923804035,0.10002385197271083,0.10002845453278106
attempt,15.638120539129739,95.21697467323558,94.43298585066717,22.36781020347153,9.084685401682982,0.10000007647613691,60.345876534684784,0.10002762500127423,3.623221610282039,147.09029748503244
attend,39.09413437212787,0.2359017279965321,12.851256933021006,0.10002645529284028,1.9605435146654973,0.10000001400196513,35.26739689499049,30.597642655724297,29.399324071823838,90.3937733600063
attention,25.561995136893348,136.55682815083907,110.85306635766972,26.5840514202266,17.916203736231672,0.10000006043652179,87.34392248221167,42.25723275675449,243.02896211897934,49.797737779420025
attentive,0.10001881099935979,12.721390782087438,0.10002902502412003,17.69718159238667,0.10001694337003444,0.1000018339174068,4.880857964916713,14.1185189051448,56.007536840306095,4.174447301512118
attentively,2.202621573833453,4.410134151395707,0.5628798538836927,5.511631716166168,0.10002561811899228,0.1000009987092462,9.558502656070266,11.518234824362828,1.0182728998168566,8.017695707253855
attest,16.19554769457793,2.1031674556802735,8.523141087652254,32.12681126305235,6.900852740482145,0.10000000692588905,0.10004052717077548,11.874772634902914,9.000652623941608,9.075013965245535
atti,0.10000614898866655,0.10000349799428636,0.10001675326528832,0.10000707510402497,0.1000000000017803,71.0999655257532,0.10000000000050785,0.10000000000115966,0.10000035505057447,0.1000006437736216
attitude,3.3238362604816287,104.77383958965899,56.74341459970567,100.85097223082967,0.10009041827322722,0.10000004024866578,0.10002737869359947,0.10002606584445016,159.29821423735703,9.609579178573236
atto,0.10000000000052958,0.10000000000028844,0.10000000000031055,0.10000000000021954,0.1000000000006429,52.099999999971054,0.1000000000001834,0.10000000000041873,0.10000000000019173,0.10000000000026944
attract,4.0189945209726545,15.561907957097379,12.131762524308261,1.3472293320849995,0.10001395299414366,0.10000012829870722,42.529161156525966,17.53183316504517,6.577682112996129,0.10141514933382346
attraction,2.9565241193267107,5.5235670065595075,6.1915218484387955,18.59907774494008,0.10002012016962497,0.10000010834759186,15.941895275867806,0.10003631562632107,11.751295015843366,2.736062444525801
attractive,0.10000280701021204,29.08651900543577,4.749365477469194,16.275389925350648,0.10002875880771954,0.10000016111459831,0.10002981644468939,0.10004927720526503,6.267779002406747,1.1208357683947285
attribute,0.10003413213982999,0.5606049010743948,58.91798297198005,32.286486294487624,11.040850388094348,0.1000001607583674,37.34777371248389,37.18213890476358,3.5350538046679256,15.929074729209798
au,0.10001122009803123,2.4880212875682277,0.10001830997239136,0.10003660842620508,0.10000294164442869,38.54206009940086,2.269830001465559,0.10001536634960519,0.1000020267050577,0.10000213811917893
audacity,0.10002095905586042,0.10000193275702152,7.485955026421297,0.10000304587035373,0.10004661157741045,0.100000034035555,24.20735637910651,0.10001712058479884,0.10000016149651803,13.60659872889639
audience,20.507576537856426,6.867990163975539,5.717110603850537,9.52727295397444,0.1000158783625581,0.10000008919642221,14.885518306639812,0.4968578739852487,16.139116345436857,3.65854124636978
august,68.25033982389697,19.572490499180176,15.622452010390258,5.714463222560182,0.10002913740005925,0.10000016403555884,60.53192262754111,128.29898418136807,29.251636230958738,8.557682102328146
augustine,0.10002003386785031,2.8336033820708444,46.1694726697278,154.55273351684323,103.73960786464914,0.1000000492395245,37.242036237764715,80.40446576134796,33.80130205681017,17.05675842734864
aut,0.10000726945119555,0.10000685919858572,0.10001619636610524,0.10000809899545458,0.10001794237113582,38.304760273285865,0.9098362414859658,0.100018111908791,2.0853242874541147,0.10000471921632831
authentic,9.922518491909697,155.6187612118309,23.64424538816855,79.16246586977991,2.275923463672909,0.10000006612673448,0.10001169529109945,0.10001537497691151,212.1667295159608,9.90932892199046
authentically,0.10002704717074799,21.51344117603028,8.76989571978442,0.10002919981524902,0.10000576129450671,0.10000000897349341,0.1000283912608445,0.10002258918167106,31.016525912465173,0.10002419371696396
authenticity,0.10004076021491362,0.10001334555895817,10.812052778046043,10.88675125828272,2.4259657161975334,0.10000001381344886,0.10001525409668216,0.10001728902159758,31.336825562422707,2.0383180220460355
author,0.10002604550716414,2.3202830700662105,90.05004501856251,25.75430187412381,118.48966243013221,0.10000029525768486,42.309090022962245,37.08686607028305,0.10002152900731485,51.68970364377626
authoritative,0.10003772158272986,0.1000458101223309,18.716577712988943,0.10002880163375688,0.1000274359286194,0.10000003410294118,0.10002631541633011,17.854042647439424,22.28242638478177,6.546787135652453
authority,236.06093750022205,89.45134709751635,420.2568159855498,0.10001732005845691,618.0450816346213,0.10000015155439065,514.474475561599,32.02351596639428,113.53993204124882,609.9478767409219
authorize,18.126666655835475,4.915053764396473,15.964858780740729,1.6699499769709645,0.10002103871962474,0.1000002048166336,0.10002369875070759,0.1000277901519036,0.10003736753741473,1.8233607217247436
automatic,0.10004340017695684,9.006156102774273,0.1000092919235493,0.10000651802868024,0.10000757694248476,0.10000000559314148,0.10000064665849473,0.10000015131900925,0.10000258305956375,27.19377372338369
automatically,0.1000521030206576,8.402209828998693,0.10002445076264269,0.10004488458869022,0.10001538481706214,0.10000000278737686,0.1000305974407626,0.10002042889391005,0.10000984051709814,81.79759247785276
autonomous,0.10005109480526893,23.008125595136978,10.945003201671815,5.448001336653819,0.10002036137010872,0.10000003491186785,0.10001972585705828,0.10001787365672611,1.1188700229514132,2.9798907526467
autonomy,0.10001338382870888,41.939722324530265,57.60481221124669,0.10002438529913296,0.1000360422109671,0.10000000901928972,0.10001145287784578,0.10000349430265697,21.755374901647553,0.10000179481200913
autori,0.10000000000036773,0.10000000000020026,0.10000000000021562,0.10000000000015243,0.10000000000044632,42.09999999997195,0.10000000000012732,0.10000000000029072,0.10000000000013312,0.10000000000018708
autorità,0.10000000000060207,0.10000000000032788,0.10000000000035301,0.10000000000024956,0.10000000000073071,217.09999999997072,0.10000000000020844,0.10000000000047597,0.10000000000021794,0.10000000000030629
auxiliary,27.556487372957754,0.10002943708582708,11.471165078149614,0.10000046266959078,0.10006058459931286,0.10000006296380219,0.10004411848837041,0.10000194295779746,0.2722052302033825,0.100005709628602
avail,0.10004089273804366,0.7597033620287776,19.383155249295957,0.10002182431823847,7.990298672122342,0.1000000427433618,41.200826308259025,5.6412223254510145,9.863296181941202,12.86143514075369
availability,0.10005919724727665,19.441741740430043,0.10000982839152715,7.367181803769355,0.10000814357398399,0.10000013570366403,0.1000042216643853,0.10000352975957506,9.487479312178168,1.1035120870070574
available,33.66454847413112,61.82320378658257,0.10002509114702308,0.10002737924421919,3.7161475259571013,0.10000001235591546,10.394679327536545,0.10002449685660295,44.625442822863725,17.375901082997306
avarice,0.10001303315600475,2.1626205396728717,0.10001562045348894,0.10000375759465377,0.10000571843916314,0.10000000856241013,0.10003194581480791,3.8226143362604295,0.10000211921996989,34.314692920609716
avendo,0.10000000000045009,0.1000000000002451,0.10000000000026389,0.10000000000018655,0.10000000000054624,61.099999999971544,0.10000000000015581,0.1000000000003558,0.10000000000016292,0.10000000000022898
aver,0.10000030510336122,0.10000000000376633,0.1001548792952626,0.10000053904351584,0.10030751467152377,112.1000184547777,0.10010914935866884,0.10000257264754502,0.1000000000025032,2.099406584463483
avere,0.1000000000004651,0.10000000000025332,0.10000000000027273,0.10000000000019281,0.10000000000056454,61.09999999997145,0.10000000000016104,0.10000000000036773,0.10000000000016838,0.10000000000023664
avert,0.1000122543079114,1.1830842339995442,3.2711339265928907,0.10001725310829894,0.10003470853216048,0.10000010526811896,29.642712683131787,0.10001700810037166,0.10000891106382515,5.302978915615018
avesse,0.10000000000045658,0.10000000000024868,0.10000000000026775,0.10000000000018927,0.10000000000055422,37.099999999971395,0.10000000000015809,0.10000000000036101,0.1000000000001653,0.1000000000002323
avessero,0.10000000000049691,0.10000000000027064,0.10000000000029138,0.10000000000020598,0.10000000000060313,45.09999999997122,0.10000000000017205,0.10000000000039287,0.10000000000017989,0.10000000000025282
avete,0.10000000000079144,0.10000000000043094,0.10000000000046398,0.10000000000032801,0.10000000000096043,36.09999999996944,0.10000000000027397,0.1000000000006256,0.10000000000028646,0.10000000000040257
aveva,0.10000000000040367,0.10000000000021986,0.1000000000002367,0.10000000000016733,0.10000000000049,72.09999999997183,0.10000000000013977,0.10000000000031915,0.10000000000014614,0.1000000000002054
avevano,0.10000000000048972,0.1000000000002667,0.10000000000028716,0.100000000000203,0.10000000000059443,52.09999999997128,0.10000000000016956,0.10000000000038718,0.10000000000017728,0.10000000000024915
avignone,0.1000000000005298,0.10000000000028855,0.10000000000031072,0.10000000000021968,0.10000000000064335,58.09999999997108,0.10000000000018355,0.10000000000041898,0.10000000000019182,0.10000000000026958
avoid,35.69135676376763,88.49640964674518,103.10908182175105,0.10002529282717719,46.83472779202349,0.10000002990989602,41.34082574824136,5.2283622465310335,62.56788838516654,122.53132227270389
avranno,0.10000000000088749,0.10000000000048336,0.1000000000005204,0.10000000000036789,0.10000000000107717,37.0999999999689,0.10000000000030727,0.1000000000007017,0.10000000000032129,0.10000000000045152
avuto,0.10000000000053937,0.10000000000029366,0.10000000000031618,0.10000000000022351,0.10000000000065448,38.099999999970926,0.1000000000001867,0.1000000000004263,0.1000000000001952,0.10000000000027434
await,0.10004437858575471,0.3168587125793939,5.976501204637496,56.06847846339269,0.10001624510395012,0.10000003250110964,37.33069625510414,6.136417836916625,42.590280244592066,16.280706626234174
awaken,0.10001069825331454,12.35292565145856,10.250765651153932,15.97130894348944,0.1000115014846514,0.10000003154554116,5.516450625427272,10.154178514691264,34.35434396774195,0.10000441446653545
aware,26.909368064313146,73.21406634530024,44.57913878138465,92.84912275162671,0.10002432032387999,0.10000003971495826,96.92214723492235,0.10002657233464368,143.2291035092622,24.997002380485306
awareness,4.491091775283429,83.73216084610202,0.1000582694259806,136.63215694299774,0.10001004930267003,0.10000001461009381,0.10001227268232528,0.10001161638311086,187.54449122950626,0.10000698346424829
away,5.511423511218116,50.46366661857529,65.40291958157282,158.1859944925732,80.50098992456013,0.10000010200086923,290.36062809123734,12.411620152529581,10.266668903953635,99.79608862144217
back,12.281378111007962,34.17070103369101,47.701900984272456,110.87200568707223,6.5655239185737635,0.10000066843669977,207.5828571873735,61.36687899641854,25.888204088956243,88.4705493238591
background,0.10000590724536369,3.6673596403969824,0.12210355863698266,47.285960319499495,0.10002286158808603,0.10000000385632495,0.10004084894571438,0.10002035199940573,8.23564475736035,1.1888417501095987
bad,0.10002457913679746,39.38505122844022,34.07755393640234,6.592403284321017,26.288984635441963,0.10000059424162262,102.33639399612632,0.10002421835432397,0.10003231841702816,46.91953120878145
badly,0.10003065866606113,13.406865301939835,12.76231780461185,0.1000286132147278,0.10002914343641871,0.10000009516107146,0.10004486712987284,0.10004497892838479,1.8467552566885808,8.3838832798279
balance,0.10001449043955017,42.00644879143101,2.4644130808705658,0.10001890945946731,0.1000201196845334,0.10000003025981877,18.77367670457389,0.10051508457867465,30.782585761461384,2.472307026924198
ballot,107.06834236187761,0.10018856837986441,0.10004759327155265,0.10015289931054691,0.10006600881828591,0.10000000000146761,0.10000051890899501,0.1000012038454852,0.10000292706669998,9.131197917889894
band,0.10004671043869193,0.10001512537163935,0.10003576144174682,0.10001089000956227,0.2348247286013692,0.10000046488738099,39.412689140701374,0.10003064491900708,1.2973123711896504,5.455034162107286
banish,0.10002690135451174,6.703244823520095,2.747440374117629,0.10002238320310979,4.4449162719920885,0.10000010998148577,47.74421218034572,2.915333449374829,0.10002964128464578,12.044773864492926
banquet,0.10001650756582013,3.035268578541446,0.10001373461067445,13.647213523871145,0.10002267361438734,0.10000001178319391,0.10001963504383744,35.63945227418019,9.841539123141406,5.336453937351
baptism,26.75081883808488,0.10001626505776554,0.10002457272693338,122.22985425732999,13.325449795567291,0.10000002835749934,5.896338023375414,47.71654104800764,264.1539385881624,57.627018583018135
baptismal,2.125782941733971,0.1000067235447267,0.1000223474269406,11.681272579280717,0.1000070622289313,0.10000001921129041,0.10001810282129724,0.10002667246163686,65.37398126010979,3.2188822909080974
baptist,0.10004596677989844,0.10001363308036113,0.1000152529029709,29.881915817772555,0.10000716741403717,0.10000004800040385,8.469984453946463,7.798145300442788,0.10002313828658228,6.249849221081549
baptize,11.42701547885043,0.1000176917557076,2.9556375326604885,52.44756434225669,15.320613271777264,0.10000004224005264,0.10003382809680461,0.10004484709741221,132.05194723241578,19.397125732506566
baptized,0.10003063389867516,0.10000943434440497,0.10001228683880639,6.405362069128913,10.28059356173657,0.10000022306524614,0.10001701045364746,0.1000250901037588,28.59000509134483,0.12394459882239907
bar,3.4618406453918773,5.493721497465056,22.257757987691498,0.10000966463398644,0.1000209772050748,0.10000004397690153,0.10002882288116115,0.10000919056294254,0.10002424818319203,4.186586921729051
barrier,0.10001244643651698,25.19789484748051,8.845874222061651,0.1000253809235485,3.6459489332635058,0.10000005572253966,0.10002832065138154,0.10002878617924942,9.710184911964602,0.10000209503328203
base,23.88737460463938,136.6500414684034,144.93288028243919,71.42777855708759,22.339117713924793,19.141937206520307,32.45259216194176,28.821007046202922,83.58675664963384,16.76051430884146
basel,0.1000062566811663,1.204553682418126,1.0003884876608706,0.1002063053840501,0.10000035977210807,0.10000977811777868,0.10000275156617741,0.10001006391086241,0.10000753068311449,141.0948147832846
basic,10.14744689526002,101.53115382828932,37.627970465143356,18.210320592731577,0.10003652941775854,0.10000002681125496,0.10002693144672663,0.10002139737276049,156.98301692409922,0.1000064091305226
basil,3.5130005305974863,2.1939157341072444,0.10002858105017956,4.029023408144197,0.10005056967929894,0.10000005253167919,7.035330416120384,21.03946203447865,0.10001331019460744,15.789175362762938
basilica,52.492773767900815,0.10001153687842955,0.10001680200437557,0.10002638813518712,0.10000671145021388,17.12822767241568,15.700015245099678,45.31371706068123,6.355113313990228,25.610091501133535
basiliche,0.10000000000018694,0.1000000000001018,0.10000000000010961,0.10000000000007749,0.10000000000022687,72.0999999999731,0.10000000000006472,0.10000000000014778,0.10000000000006767,0.1000000000000951
basis,27.309783412943148,131.1530359589847,63.03341189218944,174.44517894631295,5.614535243584336,0.10000004856257377,0.10006688984911791,0.1000223516515364,98.38318223134452,5.760783024246198
battle,0.1000079821450329,3.6826437703969583,5.838793644276249,5.784369679635601,0.10003844714714467,0.10000003340101962,127.09403132869511,0.10002706538339418,0.10002615003526497,0.10006189851800408
beanathema,0.1000014332126962,0.10000000000145945,0.10000129629456567,0.10000649671781411,0.10000000000325225,0.10000000597523367,0.10000058489326491,0.1000067709173173,0.1000000000009701,38.099983411923176
bear,12.901032922566895,126.32253482618255,83.2746614201114,468.81912047592846,139.52070247895458,0.1000002995633272,212.23046331596498,142.02728417916816,316.6668426516742,78.13735742954948
bearer,0.10002316089155583,1.604151617394243,7.611616815217012,17.929044234995064,0.10003682790922228,0.10000003996074647,0.10002859435543535,0.10003944711249484,17.255050834824754,0.10000842701125794
bearing,1.765516256826815,0.10002863556220239,10.02120076584009,1.664423137329072,3.4374852801551232,0.10000012227969589,12.477499674672362,0.10003777236144382,11.233797684329312,0.10001067030418008
beat,0.713826843657637,0.6787638368070459,0.10000754384557752,22.817013496102483,0.10003608973690288,0.1000000745157254,11.159987515126325,0.10004989796123563,1.1303011555289133,0.10001354636078633
beatitude,0.10000909444129807,0.10001207519424735,1.4772364741008168,26.414622216212848,0.10001639196591014,0.10000003503708942,6.239432781118933,18.604367580450845,46.764286089508154,0.10001726168654654
beautiful,0.10002082878743522,35.80568806204747,6.176204991094232,52.7935805034422,0.10001895651307284,0.1000000653235126,46.214121092193615,55.826944461491095,18.783415507646147,0.10000553116825396
beauty,0.10010239380710484,66.3531912445947,3.9856370070645655,77.07733499852571,3.910807937012701,0.10000003927301297,66.10868442763213,88.55819699297345,45.70603556172083,0.10000939709564195
become,57.04988458605354,466.80426427579636,201.55008299970126,1209.8632729805915,71.00603756130877,0.10000006482290734,313.1783008422411,121.11331290193188,518.4925313848989,121.84231240231767
becomes,4.127225943057596,18.452926493001677,18.093909524504284,49.52725731441961,0.8628436384541983,0.10000001576454233,0.10003824839529624,2.1664788572128426,12.38770515431126,6.181614810504369
befit,0.10002932018540382,0.10001155397143086,4.9077619256057,0.10001647706278985,6.577573725715431,0.1000000117271722,10.313586807963624,10.553236056966682,3.719719584269281,24.52806453622703
beforehand,0.5765377577133456,2.9057308950414975,8.536003813337347,0.10003900505631973,0.1000132852084689,0.10000099621423662,0.1926039989527304,9.271559264021658,0.10001684891383128,26.117494135185442
beg,0.1000287395173787,4.225783976703341,0.10002469298538146,0.9057169171244576,0.10003109276916386,0.10000004800598847,63.26830461091688,26.93855230916334,9.533312240206616,24.72824537225755
beget,0.10000913741804873,0.10003862111234645,4.404556266343372,15.88692153860657,28.023945097070943,0.10000000593429564,2.9921684526985586,19.83162819615687,4.530620356084947,14.03011232823093
begin,76.37776687688513,86.48635912274129,48.257394112748955,347.56223503654945,40.83840711754005,0.10000019296157164,163.4943779184198,92.51413542212576,106.12167041945347,132.24765378023764
beginning,59.98954572201802,44.58928559213138,35.95640221604493,439.8714778340888,43.75956546696439,0.10000007370828298,116.91351907115826,40.582199979061606,64.53478456058035,54.703219483907155
begotten,0.1000060917830587,0.10000670906653622,0.10002085887221587,18.882511335212246,3.393096683123321,0.10000001136843366,0.12027723732236115,34.17190032896218,0.10003851245846843,13.93214223153972
behalf,15.342408310963433,7.865514690661301,0.1000234742983237,9.319472086828492,0.10002011278646278,0.10000006922120422,74.69758270000067,1.7509098624421557,65.53320046205577,49.19086823041202
behavior,2.8231006448612157,13.179307847923344,16.43145695766615,10.307955227631934,0.10001816874235782,0.10000000000389107,4.757460315376597,0.1000330038207062,17.10065454278827,0.10001329086217786
behaviour,0.1000041683703575,35.944641772816674,58.27579109636518,20.031338994250003,0.10001568365003262,0.10000004973174699,0.10000447681858037,0.10000792246797968,0.5696189041547628,19.678576931129836
behind,0.10001805404152467,48.237166484973756,16.97281145259051,33.5976561901075,0.10002098999876481,0.10000013035570234,0.10004013199291628,2.0288062015179076,24.30746028558637,8.456020078482153
behold,0.10001578449977937,0.10179805138808737,2.896214659293149,75.42852925834944,0.10002658452270845,0.10000003718979689,94.5174526802853,58.25409449340734,6.707777966340598,12.794090484390557
being,0.10001353250873302,219.93369562289607,32.12128197612426,105.7243551632662,0.10002621026639165,0.10000002993348785,0.10002122063733984,2.487561071256819,29.179075432841444,7.153969739956742
belief,3.114526773639186,18.739044488438104,92.87830082046209,7.8280962067408355,12.718663293203425,0.1000000550856508,15.941214119568976,35.15246753607062,52.43424454882368,13.09344215762256
believe,0.10001910972530462,25.064443633255866,174.59062517476409,341.0985860682141,22.691494554788843,0.10000005604610067,92.61448760908105,147.99986894090975,124.69327902457088,141.04719582831453
believer,0.10001113563351527,52.778591134918045,92.53056655172658,165.57959405788043,0.10000812784515599,0.10000004015996704,0.10001295923415367,0.10002509882882969,155.91461439764134,5.6965764958538125
belong,52.94435701530022,74.5109644148873,120.29651939445989,125.52637167097535,102.96523596395382,0.10000007101489572,19.746719313045972,17.50929169619974,114.25212061835558,144.1484198414675
belonging,4.85375010294203,18.55646200692663,1.98624795326538,8.235904237453735,5.164993001722541,0.10000007746097221,0.1000347236011203,0.10005590435045582,10.25228196850769,25.650270023384888
belongs,8.6425318161984,1.8898054977640601,17.041581953307674,26.977430564055368,17.508350942946038,0.10000006827029168,0.10002846090662276,6.547304895655149,21.6555953454359,14.53737045511555
beloved,0.10002729674667948,10.775413638858078,2.6051890427948536,66.63527297872862,3.0008698318027553,0.1000000732964465,401.6820682098378,59.05476102298513,15.012962404594933,50.033435500021874
ben,0.10000000000042378,0.10000000000023078,0.10000000000024847,0.10000000000017564,0.10000000000051432,82.09999999997174,0.10000000000014671,0.10000000000033502,0.1000000000001534,0.10000000000021558
benché,0.10000000000048755,0.10000000000026554,0.10000000000028589,0.10000000000020211,0.10000000000059175,45.09999999997127,0.1000000000001688,0.10000000000038547,0.1000000000001765,0.10000000000024806
bend,2.2744122501934387,4.3982375632724064,0.10002452542209705,3.1305972257181613,0.6192726853013132,0.10000009608362212,21.08086921859463,6.500085773220364,5.584780337901673,1.211720323919248
bene,0.10000003163501278,0.10000000000032855,0.10000000000035374,0.10000000000025012,0.10000000000073232,75.09999996833625,0.10000000000020894,0.10000000000047717,0.10000000000021846,0.10000000000030693
beneath,0.10000658569343877,10.790228941328428,7.357297935034355,21.232006203278036,0.10003047993753561,0.10000005583657616,17.450516821648044,10.374978696852695,0.10002127710158078,2.394913002971259
benedetto,0.1000000000009562,0.10000000000052078,0.1000000000005607,0.10000000000039638,0.10000000000116059,64.09999999996862,0.10000000000033106,0.10000000000075601,0.10000000000034617,0.10000000000048649
benedict,68.53355882197712,144.91337025786453,0.10001660272597304,0.1000358288798176,0.10001840887143064,0.10000011079089939,82.98267464102973,26.269486230101805,40.95886729904059,34.94197179840449
benediction,0.10001224941351973,0.10000651883769275,5.0784481948574385,0.10000403658989414,9.646627889896944,0.10000028183061159,256.93181808174404,32.7430607337392,0.10000204387723365,0.10001996902256535
benedizione,0.10000000000137615,0.10000000000074948,0.10000000000080692,0.10000000000057044,0.10000000000167025,101.09999999996627,0.10000000000047644,0.100000000001088,0.10000000000049818,0.10000000000070013
benefice,0.10004250822245983,0.1000007300204816,0.10000613209081144,0.1000014818401216,0.10002743572603187,0.10000023821032726,0.1000136249755274,0.10000835678891344,0.10000222900217016,270.09989726299085
beneficent,0.1000042408501333,0.10001603858033642,6.538827832216955,0.10002050227249969,0.10006173120936816,0.10000005306898889,32.76802411428308,0.10003865298322756,2.9929983845668975,0.100008449675614
beneficial,16.40390418769699,13.248529270863303,0.10001811745815581,0.10002944286495648,7.4326990929616805,0.10000011330265089,52.09692836055069,0.1000384882775353,16.01339983542097,16.404453090267893
benefit,12.16524156994526,137.56043468269857,7.5636770804778335,3.7665312929737076,60.07385465912816,0.10000004652690672,330.4022984129184,68.17060761003052,45.495065950500205,70.70228869446544
benevolence,0.10004604536537313,0.1000041286574397,6.966543931420426,0.1000176876373002,0.10003014053959275,0.10000004450425669,80.62627695302182,6.859875640952745,0.10003538186386415,2.947170045723148
beni,0.1000000000009183,0.10000000000050012,0.10000000000053846,0.10000000000038066,0.10000000000111452,47.09999999996878,0.10000000000031792,0.10000000000072601,0.10000000000033242,0.10000000000046719
bent,0.10003786228733504,2.5308562687812475,1.230170730483552,0.10001674577875821,8.266692982305308,0.10000001675005911,18.98483244129151,0.10009687661189892,0.10000281320157035,3.4872932622225425
bequeath,0.10003183484182103,1.883006949478364,3.6320390467876384,0.10002982530887522,0.10002157275456813,0.10000009373324574,19.516582484596327,0.100041251623017,0.10003294480151252,12.368213995710066
bernard,0.10002924258204825,0.10000432406162292,0.10001614362864282,14.146728342624657,0.10001819551740772,0.10000008896430154,17.400152996298267,29.02643652900786,0.1000125855284235,6.826601551533174
beseech,18.095367248315174,0.10000783693183381,0.10001577632251406,7.1345298410009566,0.10002546118083984,0.10000002831201857,133.3109757042541,0.10003741829916525,0.10000864721177513,22.859032037911415
beset,0.10001182780412952,5.188666566347501,0.14246297875259406,6.538498492053524,0.10003366771956826,0.10000000000292084,46.530259191599065,0.10001545737541959,0.10002700249716975,0.10002481553224737
beside,1.1079302318091901,3.276538375669348,0.10002307266368264,15.228667661405826,0.10002256382701782,0.10000000306099845,7.290084215697057,3.9313651440137876,3.6302588653689702,1.23510986611481
besides,32.41261495183585,19.19713799540075,64.74518580026738,0.10002114706034591,27.896728224498016,0.10000006436922251,61.35709567552444,46.71193856502564,19.032176043203354,60.447101532490656
best,15.859211477485095,75.93073259222781,39.318982414241994,0.18842134276947675,54.360136770832504,0.10000009188106038,218.31444109933076,18.45844643198451,41.79201114707149,22.677616631838326
bestow,0.10002608970899848,9.319719755361891,7.062860091691923,45.127229384780065,24.73944093210785,0.10000004670279114,130.0627053279355,46.84276471161027,27.995881158114596,52.649372501650724
bethlehem,0.10000193469724636,11.410336763869129,0.10001893415425948,27.31155242519018,4.456173242350542,0.10000001487495296,0.10002471122165109,8.221875917906306,0.10001342730055682,0.10000262820242282
betray,3.99418958599049,7.923211118850351,20.617433795975412,12.009444120622138,1.8632468135108196,0.10000004227184346,0.10004017296257059,3.686597752237361,0.1000186413712015,7.605817955852212
better,2.879216579856586,13.249863611886797,6.067692087096247,0.10002859162479406,10.767226243331782,0.10000006877190541,0.10003100942484497,0.10003585620300595,15.535893265524045,0.10001268595355782
beware,0.10002478141077505,0.15505724298646048,16.224687816122113,0.10003010012537245,0.10003839966036224,0.10000001420859897,0.10007810604963521,0.45837851448881417,0.10004841327795314,31.561656611153605
beyond,8.698783853820801,103.13986869868125,140.06937504719394,118.33047815906484,27.50237445797834,0.10000005251184503,54.67598270516014,18.167612226511793,52.108737062975344,57.20678773576212
bible,0.10002112523578177,23.41825257491782,2.3425571871348105,73.5994765943019,131.20568081611523,0.10000010032240292,0.10001993055351842,0.10002471001973547,22.9339578646159,0.10000909649700643
biblical,7.371931498012386,11.906760835839247,0.41199448969353736,169.2129516453946,91.53326136163824,0.10000018061102683,0.10001148996763702,0.10002397759299426,56.16305700591243,0.10000751506165338
bid,0.10004856524239066,0.10001944230526502,0.7883254634974944,0.10001671317442071,4.037266802454627,0.10000001970936803,50.02194074627949,6.720329172546534,0.100040506889078,7.932012567564435
bind,39.98779469762073,25.459152157831582,112.55001774146587,11.502601350366197,131.7633091279965,0.10000021871319895,93.04022121156873,23.797417176445,29.892200433740086,210.90728588391332
binding,3.8490788013380235,4.838226960964429,6.062333834537134,2.726772796657494,10.127197181575761,0.10000007396865859,0.10004009906401332,0.10004143942140897,0.10003692352406135,24.99627188855262
biological,0.10000210814752337,40.21759930848285,9.618627408131672,0.1000221528546461,5.4637224733523775,0.10000000223822149,0.10000144804130187,0.10000129002750234,0.10002363572144275,0.10000017282595161
bird,0.10001602477458071,15.556837787667043,0.10001600551837225,7.26579301727215,0.10002286329242234,0.1000000770891207,0.10001271593388261,0.10002628742964266,1.3830350346164044,12.194240186109734
birth,0.10005066187372152,44.11017607722378,0.8535489079052893,221.34018011244285,52.302843019834164,0.10000003949555739,26.001345943946664,52.365423046748184,21.06942061617722,5.757011574001643
bishop,1088.8777267156545,92.20262774341526,4.074831273108238,15.627055691049014,0.10002247691923284,0.10000012031539271,816.2959595219972,13.012132664497715,1327.109421433567,1323.6002223591502
bishops,15.292889459881916,3.1060008616474404,0.7695934895558761,0.10002935615305097,0.10000696544964562,0.10000007209581571,2.47089058070904,0.10005538931521386,0.10004309533009292,13.860490729447239
bitter,0.1000275408837673,0.10003177959460784,13.730162304954375,5.67945611189991,6.472342623654948,0.10000008475001983,107.51966541990596,5.225269455983582,0.10002660046737813,8.973018077563726
bitterness,0.10000983998020484,0.10003668282261276,5.651320367208671,0.10003443569701971,0.10001441236369933,0.10000005790720284,47.65425786850571,0.10003141880274913,0.10001028889882982,9.994284627515833
bk,75.42160003376458,0.10000156613000871,0.10002439273034586,4.77835242375539,0.1000020033871335,0.10000001855787578,0.10000392388274724,0.10000434776892016,0.10000314842617308,0.10000814146427771
blame,0.4752042815457379,9.288056246046906,33.94562760032171,5.3992735229712085,0.10003634329281115,0.10000005506019846,0.10003692812378506,0.10002445925865504,0.10002219783604005,15.391718365190545
blasphemy,0.1000153927494838,0.10000440309971352,0.10001947459186622,15.835830999883235,0.10005199840633917,0.10000000144361379,0.10004256288296862,0.10004373374443183,0.10000194400454948,31.363989488912356
bless,16.9049037595194,27.567534162961056,1.9683473213354732,116.85788769395774,0.10002850925605478,0.1000001502068846,132.86184181739148,465.74454289539153,68.92785552896169,101.96705816068325
blessed,2.18462288980575,0.23504182997101755,0.10002450001053426,20.219532080247003,0.10002852782966885,0.10000027721293277,48.03759828710086,309.37837546929023,24.229347714727194,71.41542842346776
blessing,23.416243252738862,8.414621163298646,7.0705421055340745,58.31568977137957,48.19108252292756,0.10000004055298344,375.52521311820976,90.68860906372394,3.741694612451712,30.536304348841096
blind,0.10003755505252254,15.753345288199226,33.833167087795495,34.09899193431034,9.06442225966981,0.10000005081606914,56.37703292780992,0.10002802089809568,0.3449926384072989,15.227982236694668
block,0.10003367103248924,11.09457646246486,0.10002986951507864,8.57978049590037,0.10001721429865962,0.10000001244548908,16.457088476888117,0.10003136342957872,2.3024306237696206,13.066011809908783
blood,35.68417960015738,20.184990533403592,0.29100772730784014,172.463558466524,0.10003453929229916,0.10000003440211713,127.80076888534167,313.8796160338701,30.067421985250114,73.4284221941196
blow,0.10001076796385365,4.76970036480561,7.92551688228305,9.30309609328414,7.622462219462742,0.10000012381616019,0.10006027435747968,8.357948478199171,0.10003689769942063,0.6211678977230375
boast,0.10000593881705395,0.10003618471889748,1.53271180991296,17.815551142679713,0.10002637378140916,0.10000128741724898,33.4850868466328,0.10002416210723976,0.10002651594550553,6.566529737668988
bodily,2.6993072487840006,2.7299564364547235,24.69324113383434,19.94479221941668,15.423544270816484,0.10000007852547893,0.10002253014320621,38.82462334602556,1.550813993651192,12.933698742014283
body,44.213683624466384,130.01320095646014,123.52276475627647,339.5508622075387,118.01585251798024,0.1000001082069711,84.7593417103959,833.0757016916525,175.104611784756,134.64398064193432
bold,0.10002686995856093,13.14957249518031,4.551658271497869,0.10002874547381684,6.808078924700598,0.10000006880772479,0.10004780684442328,3.509094217288849,0.1000486130201901,12.481443986814973
boldly,0.10001421964143668,3.6527824056128733,4.334689020603291,0.1000433728541688,12.238602738411933,0.10000003852819969,26.223007957795502,0.1000201968262143,7.89318993689661,11.257650112479206
boldness,0.1000130233035716,1.1780339824059984,3.7841644435679744,0.10002607289900736,9.303428782692606,0.10000014391133247,0.10003926334045118,0.10002017553369061,13.777882842329369,24.45639126966666
bologna,0.10010983121374846,0.10002473800074348,0.10004832260729811,7.439645616300893,0.10002367517253259,18.19994317402345,0.10004809480237319,0.10004267469022028,1.1261604042852578,17.63395346839739
bonaventure,0.1000139032732734,3.90941507523127,0.10003466013384486,11.263746926658971,0.10000640998518709,0.10000004236665587,0.1000129166525406,48.12674375932386,0.1000174807874966,0.10000882534757322
bond,0.3308513053183067,38.820240054800834,8.751006969892426,81.181027509472,120.77790655260621,0.10000020656717583,169.8049063199884,76.7158907618168,141.45854707215787,39.059623247045536
boniface,0.10002037797645698,0.10000357137012977,0.10003192380479174,0.100025567276312,0.10001987908515093,0.10000001820702352,0.10006901968222644,0.10005126961790817,0.10000986846429658,96.09976850417124
book,85.11240492425466,14.082724142287558,146.17833226710266,143.12755505827863,129.20221179049489,0.10000650325626452,43.77986886291755,45.340442743142816,0.23253218222817365,160.8439215257033
border,3.5159602073230096,23.335847233458704,2.8975928537622777,0.1000282025287947,0.100067546065921,0.10000001926665392,0.10007868159015801,0.10002805502291805,5.672820911432732,5.077576289083762
bore,0.10003374385224816,3.185268432794631,0.1000221348405628,21.76129531804538,5.213570234984825,0.1000000363734554,18.927292384284495,24.113322645455707,7.220745041059044,3.278450027964552
born,0.10001146698171905,11.774030149624537,0.10002773019978678,66.17640617588812,0.10003919316834638,0.10000003914648693,9.306764634019276,8.497302337260216,20.98845127730039,1.8569669960684292
borne,0.10003143192037776,3.9541975962540525,7.367742602822367,5.75318665466004,5.990628685751975,0.10000000000245673,0.10002432308625135,11.961873516334439,7.5722965537042235,0.1000186351380731
borromeo,7.390967413812151,0.1000027181096728,1.0949314573159832,0.10000744218765628,0.10002113432718583,10.1318883397683,26.116413146309657,0.10001367194379543,3.765742638634682,0.10001203732642396
borrow,0.10002605316585252,0.10001123122496486,10.21874712533114,0.10001989184651372,0.10002887052430325,0.10000015330603981,30.196648015080363,0.10003588390146319,2.491551648076234,0.4929311272404979
bosco,0.100014514235396,0.10065860148457238,12.316192407407371,0.10004986340528892,0.10002039340502357,0.10000065154019688,0.10007301855934096,0.10005856169870828,39.88292496079299,0.10000702704534896
bosom,0.10001804418950226,0.1000113773784501,0.1034054353881648,16.830411476925544,0.10004232841866129,0.10000004470227145,62.23947907789579,13.2908022258146,2.855280566637268,22.280549422325908
bound,9.373858465708507,7.862780856145193,21.753563322330653,8.635032704845399,33.016397948662956,0.10000013382445505,41.857485196901514,14.738147241092102,11.577967565859343,26.084766564285324
boundary,10.33242966595376,13.098425745473438,16.448174171676534,0.10002811474279878,0.10003453549527418,0.10000004566191696,19.968681487489697,0.10002046716006943,29.010237005316508,6.741968760695208
boundless,0.10001484152198044,4.703638475120991,8.559810840024669,15.571942663841945,5.271994762386997,0.10000004103232679,1.8906938778690237,13.6018637991657,0.10003634287279015,0.10000435582736514
bounty,0.10000702669152546,2.697403336966649,0.10012573412504788,0.10003317937942671,6.228778196612479,0.10000003418256342,16.53723254990998,7.900298670714871,1.1361164274422286,0.10000484364063365
bow,4.647738806329227,0.10003260637391598,8.470053152651797,20.630047057757327,0.10004633468545494,0.1000000447609012,0.10003478880044903,15.124953277294098,0.14819883922222182,8.578895091734418
boy,20.86235132994539,3.972619237550152,4.577781763443849,0.10003565542916833,1.541351312818597,0.10000029671194303,30.221538346605442,1.249923022819714,12.274361218004664,0.10003781629412554
branch,0.10001768991784789,6.387888874621452,27.65559241030315,0.10003669621054011,39.361649322284,0.10000140622486237,42.63331263965194,3.6923053543031155,49.3717719083367,6.597423697799039
bread,107.41599850252871,28.58264879940757,0.1000255859688992,20.282558043456948,0.10001773043699301,0.10000008965183411,1.8943632275385043,203.28932481247992,23.7095230317443,26.525540176472
breadth,0.10001887939351962,9.062811944917579,4.840659564275975,17.06871975224337,0.1000229112369167,0.10000012188403076,4.427645852248202,0.10007950729868832,0.10002653769703324,0.10001492845195693
break,29.400165652437728,52.03951756129139,22.191069981997288,60.22433073358925,24.783777022364394,0.1000000698221264,116.10360019806824,8.987156535873329,9.030124100006418,37.140258144208616
breaking,7.159142404448913,4.057310749899834,0.10001927856227114,7.21847914686341,0.10001816198036474,0.1000024110570136,0.10002675372005353,13.733046565788598,6.33194849877278,0.10000602861227208
breast,0.10002390594196044,0.10001099970919407,0.10002867846679385,5.797539851803458,0.1000693838431741,0.10000004470136885,3.4367628726294073,26.511895827105807,0.10000168233311886,3.6536667531766764
breath,0.10000716854124546,5.561213895390422,3.3691085208027762,26.21080194889688,3.150400023954815,0.10000007750165771,16.059133023587606,6.312824454289476,1.0364944375333394,0.10001644915878534
breathe,0.10000965502864029,5.978469895584899,6.183923414800481,20.79819726603198,0.10003972835296587,0.10000000391598471,16.16627152145865,14.014705738285077,1.6253233769580502,2.933059399235493
breve,0.10000000000084103,0.10000000000045807,0.10000000000049317,0.10000000000034863,0.10000000000102081,43.09999999996921,0.10000000000029119,0.10000000000066496,0.10000000000030447,0.1000000000004279
bride,0.10001712462153046,0.10000695663152004,0.1000192570124504,125.75313807804682,0.10003511539115606,0.10000004857121682,0.10002637741637513,0.10003033776640191,24.794387019100867,7.752339685154943
bridegroom,0.10002579644476949,0.10000671979751015,0.10000596817399132,93.42793170002386,0.10002268465797609,0.10000003504410798,0.10001955322289172,1.9363838769479422,8.444770250385055,1.5908334150204184
brief,23.70823672582852,11.655647311522642,30.309131180385158,22.40377267209825,1.278488023734688,0.10000153618282404,26.294594572056237,15.322082685020483,7.671099201783277,12.25694609104206
briefly,8.059955305592567,3.744837255492625,50.94613956587766,0.10002171794073741,3.1949655751150194,0.10000007364052577,30.896958178970426,21.510625812784056,6.91898005459274,1.5275164596596824
bright,0.10000625629708364,5.026594111418453,0.10003755012319651,9.9351644394232,0.10005433378632432,0.10000002769325939,29.674662242501245,8.136759802447624,0.1287482466487086,1.6979729893088105
brilliant,0.1000140657718932,0.10001770804830126,2.991510538105065,0.10003776275913019,0.10001565327491203,0.10000088128011266,21.71308637841677,14.24773121531751,0.10002601257514346,2.447559784128716
bring,50.54187169525534,230.21023535685816,164.1459035237846,506.74679936545596,122.33595979978521,0.10000026556056223,760.4161367445749,170.04305025033585,389.60540074951257,277.85464224854115
brings,0.10001851972916294,5.107463798725985,9.956779823943172,14.789151203433219,4.6454404853626,0.10000001960185773,0.10003855603044488,0.1000281049299317,8.50783574018683,7.593243747700388
broad,0.10012556351932267,60.51917545901053,7.627792507359914,24.30693478340594,2.693952005145415,0.100001297313684,1.1991607748013253,8.538241490829776,18.11990672415219,5.794709394098145
broaden,0.10005662372102057,24.23302086549511,0.10003425998219423,15.861632441468238,0.10001032263105526,0.10000007354638955,0.10003195406031566,0.1000074423093159,6.205139869367039,0.10006614703257614
brother,6.9896431611941,141.63997014715412,44.558502905175445,395.30139056675137,21.622181654542793,0.10000010468798842,1968.1943308790012,283.2392766809816,270.37879793452174,318.9759059656586
brotherhood,0.10001290697253325,25.49974597274819,11.590299037015155,29.69118881094157,0.10003204147928235,0.10000001370499377,36.488869770795816,9.879112660432448,16.653988839950422,8.896749945629736
brotherly,0.10002521805611507,6.3778460056688875,0.28749864114644424,0.10002188509700502,0.10002309331285884,0.10000010923298507,81.44347452521276,0.4438517255055062,12.098839931656986,1.9484188647731235
build,6.8369036816836,176.41624049066866,14.457075313527017,71.36502975729715,0.10352761552131548,0.10000004987874671,110.89662205064785,30.75083810819102,164.82254368073257,41.251219251517
building,15.05922217599803,52.18560014966494,0.10002102245009016,7.514285530775862,0.10002667142090743,0.10000003401928433,60.83591156161178,0.10003184849174292,89.46606047407927,26.53884053115835
bull,0.1002266685434615,0.10001337443965665,0.10001614744349743,4.375032876186226,0.10001385769439772,0.10000071768873815,0.10001471958933641,7.559008391794843,1.9767585079029315,89.48891473830489
bulwark,0.10001773898820213,0.10000632962782072,3.8729371908700334,1.9792413628192982,1.7112896296395332,0.10000000000324184,26.827925265807647,0.10002515757180591,0.10002742656128898,0.10852989777228675
burden,0.10002562583219532,54.485510566550744,9.496466187224247,32.8033207585857,24.54247250713202,0.10000003163461675,93.15296407321928,11.98543903447292,20.792637670948245,84.5411635440643
burdensome,0.10001666971926335,10.640721635564486,4.963426036175256,5.22024569431881,1.1767691827164766,0.10000004302159016,0.10005365228807175,0.10002875461278742,0.10002068907995164,15.498717642130384
burial,9.286208038536634,0.10001058942707142,0.10000865507613055,5.926366270786618,0.10001782684631,0.10000001460986656,0.10002193711495269,0.10001713110206625,0.1000343365562162,42.08731519967581
burn,10.960708023272975,0.6230901019871001,1.5445992593565048,30.54409168084652,0.10001340751668181,0.10000016831378818,65.11330123706266,31.14555355705022,6.970129945313063,24.89851261894394
burning,3.347711628639678,0.1000123369054141,0.10003137472294858,18.331675277172828,0.10003731502243236,0.10000012975635304,23.233378526140704,10.859783424663856,0.10003150404273428,2.727338482598389
bury,0.10002816081728198,6.23738009065574,0.10001969665847879,7.340692874280413,0.10004084361694604,0.10000002241507454,0.10003000647365738,13.02025208310193,11.747546426808883,39.15400979483345
business,2.9389315756141086,116.07030385263562,0.8201328501243217,0.10003725518683726,12.691873436770422,0.10000009731389034,0.10003148779418415,4.688162872773843,1.210927098825335,163.27959947257523
buy,0.10001301087119802,11.61260454239929,0.10003194405039834,10.84323502823304,0.1000493643450654,0.10000001787397593,0.1000352909135333,16.741997376550795,0.10000871941706693,24.20202470503208
byzantine,32.22959406366803,0.10000465385984916,0.10001479820670138,0.10003955210919045,0.1000004820259287,0.10000015954474094,0.10002012041636128,6.034571159014256,0.10002581532969679,2.0357291955537606
caesar,0.10003784566401377,0.10001389403665864,32.77259794226638,2.8415556050696886,0.1000683046105301,0.10000003360686217,0.10007044514283077,0.10006210864699258,0.10004269029035547,18.68555113018233
cain,0.10000118071743336,50.09995215811936,0.1000074515405933,0.10002289429904265,0.10000889234183002,0.10000000089099607,0.10000399074612266,0.1000007150660254,0.10000172072991674,0.10000099544660636
calamity,0.10001324367199475,5.212698766440848,0.10002766023142916,0.10003618681925829,0.10003228609089543,0.10000007927602382,90.41972289496665,2.604808200979639,0.10002418365805274,0.16263649753090087
calculate,0.10007897373225855,6.834783079455579,21.296988666273776,0.10002490932501881,15.749056420868355,0.10000025040693902,0.100040193924889,0.1000150360777034,0.10000131463541197,4.519011154977546
calendar,56.82128263996865,2.172911738352249,0.10003989273924548,0.10006221702790716,0.10000554675264263,0.1000000042581461,0.10001400166379378,15.30565790820707,0.10000665451218982,0.10001939621070707
call,107.23428268591654,357.7909871567215,305.2450187362383,767.4598919595301,123.63323960646306,0.10000008587308958,530.3233000229169,262.36318187390987,1160.0853050410067,235.7647928310875
calm,0.10000933165849024,0.1000125470968894,8.398585249437843,2.6397666696027264,11.010675821494623,0.10000003507371713,31.188245329845078,5.007969021574412,2.4935445261180877,4.961191467772955
calumny,0.10004150836669529,0.10001278763071779,6.2436853931163165,0.1000126197091746,8.090383273070932,0.10000000526334901,41.3056582371016,0.1000153617345376,0.10000396170807353,14.760186852062139
calvary,0.10001128041129127,0.10000845665666205,0.10001199650254847,23.33641660969943,0.10000502065594125,0.10000000304535452,1.6835349846594645,29.279983070971692,0.10002591786429171,0.100002659305847
camerlengo,50.09999586745626,0.10000000000056432,0.10000000000060769,0.1000000000004296,0.10000000000125844,2.099998659918399,0.10000000000035908,0.10000000000081935,0.10000000000037512,0.10000547256167948
camp,0.10001547685076033,2.7003232012542173,3.1709513557327855,7.685396467955772,0.1000170509556042,0.10000000520083871,31.84321616950388,0.10002957873896867,0.10003127365136262,0.10001941983410864
campaign,0.10000489962914053,21.580674935730134,2.9487014398427096,0.10001454296514957,0.1000118136830302,0.10000001651911786,0.10003062700932673,0.10001647950691062,2.4615205775225504,19.409024667302106
cana,0.10000170525022234,0.10001324424501824,0.10000418172994127,30.313014656779522,0.17015176807033,0.10000001007681408,0.1000050714063476,13.81677095534224,0.10003608586172018,0.1000023210315272
candidate,133.7154494180159,0.10000514774090691,0.10147326633212522,0.1000109861259223,0.10002182958592885,0.10000000182630538,18.328746210785322,0.10001640252610712,138.88105043777352,10.473226299018938
canon,520.4998769891544,0.10002263720112968,0.10003108596315972,12.927132453963074,10.872116076163973,0.10000340589614985,0.10002030005514084,0.10002535458565413,96.28552493554362,337.91524676116256
canoni,0.10000000000066529,0.10000000000036235,0.10000000000039012,0.10000000000027578,0.10000000000080751,48.09999999997025,0.10000000000023035,0.10000000000052602,0.10000000000024085,0.10000000000033848
canonical,86.92913546111988,0.10001963203137433,1.350997383464062,0.10002635116941268,10.31565521102604,0.10000002513293202,0.10002555505423108,0.10001919078201268,7.078154254209719,165.82596693569946
canonically,16.850603044459803,0.10001068627623079,1.9983647813598455,0.10001700576582376,1.7972636431454854,0.10000001781861187,0.10006212361368715,0.10003895439668838,0.10001941270377501,33.75362033010492
canonici,0.10000000000076656,0.10000000013340808,0.10000741314718775,0.100000009514524,0.10000000000093037,44.10000035887468,0.10000051561469332,0.10000000000381505,1.0999924274001727,1.0999992751287349
canticle,0.10000918355657369,3.68219418347936,0.1000065355421629,0.1629258808770918,0.10001379888249483,0.10000004490667413,0.10001796824086172,34.45481776210121,0.10000640013459337,0.1000082420872701
cap,6.386394831358345,0.10003713672401626,0.10003906721118788,4.082197318995301,0.10002825760703633,131.93086876779054,0.10004639945669332,34.38199717714012,0.10004156392700116,15.718349479368108
capable,6.415391620487497,184.98202898850533,112.36861842095473,156.8891673712704,6.698904672525273,0.10001188433233113,0.1000276987150229,0.10002854327474496,130.64325619910986,1.7025646004711472
capacity,2.0415376044938363,77.43436254419616,94.16794950001825,22.865318126689456,3.889094496670702,0.10000001759490906,0.1000342092740206,3.6502839083908305,54.97232008622264,1.7790995060843664
capital,0.10002346422681177,116.87588980886831,0.10002848236864724,0.10001435809615651,11.820497204748557,0.10000001085127921,28.847987401836484,0.10002132539760167,0.10001442994658825,6.855523513386786
capo,0.10000000000047095,0.10000000000025645,0.10000000000027612,0.10000000000019518,0.10000000000057155,41.09999999997134,0.10000000000016304,0.10000000000037229,0.10000000000017047,0.10000000000023956
captive,0.10000764141099724,0.10002450199737309,0.8822571321928799,12.709944189571642,0.1000366230011329,0.10000005537316092,18.47694633855088,2.696232049228655,4.000736499387728,0.8338149689383703
capture,0.10000554862680834,3.6925382074213373,0.1000222637937071,10.706286761701472,0.10000951220849615,0.10000008155931452,0.10002982574822743,0.10001841771829502,0.10000897053086134,25.90108041043317
card,11.519536943208314,4.019406883611334,0.10008733814983745,0.10006396012708722,0.10001780271641275,17.085317203236404,0.10003986624182178,2.7754648700749383,0.10004118081227434,0.10002395130429817
cardinal,557.141487986829,2.521001874375362,0.10025456938504021,1.2645164468244476,0.10002331278686653,10.411735457129598,0.10003068387030922,7.358129562181302,9.76402616699088,530.2387939392523
cardinale,0.10000000000028847,0.1000000000001571,0.10000000000016915,0.10000000000011958,0.10000000000035016,55.09999999997245,0.10000000000009988,0.10000000000022806,0.10000000000010444,0.10000000000014676
cardinali,0.10000000000084303,0.10000000000045911,0.10000000000049426,0.1000000000003494,0.10000000000102306,88.09999999996933,0.10000000000029184,0.1000000000006664,0.10000000000030515,0.10000000000042888
care,205.0946580179721,217.95092769168588,18.477963769236116,25.61725339656878,145.9607359806816,0.10000010227398234,812.9382450142398,71.35937660384202,281.17884748414156,265.3219919390226
careful,87.00798456213109,19.361951486165047,40.62914176431812,5.793305371929248,23.534207695246543,0.10000001027611605,44.37725489114644,11.62143246343824,46.10525366410457,64.46946809090248
carefully,103.83826962899444,10.238320832299895,50.305416700836716,4.518206769161768,26.735108329871714,0.1000000294049659,131.2705258385684,15.17137150950068,35.459800273341614,105.36298008767767
caritas,0.10001246955045151,23.738727802846874,0.10000437520683164,5.742384659743143,0.10000275627642097,0.10000006174338306,0.1000023957893,0.10001805491533132,12.818846946139866,0.10000047760624095
caritatis,24.637741441894036,0.1000118337327259,0.10001765015427246,11.916353533695077,0.10000970928095644,1.1003835047131363,0.10000188192009621,0.10000478064165536,14.745474718247795,0.1000009455030896
carità,0.10000000000084468,0.10000000000046005,0.10000000000049532,0.1000000000003502,0.10000000000102525,65.09999999996926,0.10000000000029245,0.10000000000066789,0.1000000000003058,0.10000000000042976
carry,165.12898546093473,102.97050067975212,91.0997900933387,115.23838876032464,60.5544827936385,0.10000005815225262,228.83308924098128,38.514482127937534,288.9306989884383,192.6295817961647
case,225.42220524176577,192.64977406645627,240.4551720539824,121.30814946629964,109.62905174218601,49.161753011104416,0.10002693602735895,0.8268506091221708,117.58676601751753,342.8602508551779
casi,0.10000000000043846,0.1000000000002388,0.10000000000025709,0.10000000000018175,0.10000000000053218,80.09999999997164,0.1000000000001518,0.10000000000034664,0.10000000000015873,0.10000000000022306
caso,0.10000000000069961,0.10000000000038103,0.10000000000041023,0.10000000000029,0.10000000000084915,121.09999999997022,0.10000000000024221,0.10000000000055312,0.10000000000025328,0.10000000000035594
cast,9.010609807315848,0.1000172759379024,14.286392317192098,45.28624640929615,0.10003502125905953,0.10000003011313266,109.0997391597471,5.683529467493117,10.880057405877675,54.453373105440306
catch,0.10001413890382171,12.044158246027994,9.420204497860976,30.84365902034799,0.1000346998936769,0.10000005064851726,6.0634020959436805,0.10002118358761902,6.607879144649419,8.620626921802522
catechesis,0.10000226058799813,7.915126080382486,0.10001175593822222,0.10001911389128056,0.10000276919806553,0.1000004292280669,0.1000018880497602,0.100006844925915,1502.2848287517847,0.1000001058635649
catechetical,3.0955658694274053,0.10000208992633623,0.10003366477217314,1.0900090740804715,0.1000485297362145,0.10000002427344078,3.754045254708133,0.10002056516574591,371.460266622753,0.1000083048478613
catechism,13.88595440321404,19.826582076640474,0.33844609416695215,0.10002241013266364,2.4161837015849703,0.10000009221011988,23.96886178445569,0.10001911357153084,226.1639081773964,0.10002214631085546
catechist,0.10000509880285875,0.10000804843635,0.10001174843717309,0.10000646250519905,0.10000427846077592,0.10000000016776718,0.10001133029213473,0.10000461475943653,350.09994727218674,0.10000114582818648
catechize,0.10000275352971245,0.10000062315178848,1.4188693000151427,0.10000205813404385,0.10000366814128794,0.1000000000006063,0.10000775195083708,0.10000209879849892,59.78110732716526,0.10000441897789508
catechumen,0.10001520514202869,0.10000145769750828,0.10001919636987133,0.10004302760280853,0.10000536944457779,0.10000003945785539,0.10001515041922844,0.10005693584730467,53.26884840033116,1.9309952173962108
catechumenate,0.10000876433021783,0.10000080509398447,0.10001512731656884,0.10001319155584845,0.10000149314646349,0.10000000000038016,0.10000480703553168,0.10003802410191807,76.09991773542801,0.10000005184631093
category,7.804940628289037,39.3920857444,11.245702933430268,10.715633289304614,0.10002238755302344,0.10000024411552236,0.10001388131916943,0.10001434368126641,24.543099463528257,2.8984870840798447
cathedral,37.968855410757556,0.10001238832302756,0.1000383165388119,4.085527888847332,0.10003708466792996,0.10000013816598254,0.10003657799121164,0.10004321407887175,2.92085566013139,84.42459332012685
catholic,551.8837310423121,76.99787882976457,404.8614276475389,0.10002346195124688,133.3267416383831,0.10000013395624927,2410.381990416928,79.89388121291115,812.3010184543563,257.15330716157473
catholicism,0.10003995385193158,0.10001483352475865,42.939535000881534,0.1000170234303332,0.10006465542018726,0.1000000041317913,0.10011432849025172,2.0691539211955896,2.907507374808126,9.48355290376615
catholicity,0.1000271250497902,0.10001038456872924,0.10000758501666843,0.10001229757121904,0.10001488475557667,0.10000000000242618,15.400767441064346,0.10000584424247584,22.799149715069493,0.10000472246297758
cattolica,0.1000000000009811,0.10001407612954392,0.10000456391670139,0.10000804485148351,0.10000000000119058,83.10000033637648,0.10000161726533532,0.10000096245654691,4.099970363144417,0.10000003572985419
cattolici,0.10000000000058401,0.10000000000031808,0.10000000000034245,0.10000000000024212,0.10000000000070894,37.09999999997066,0.10000000000020223,0.10000000000046178,0.10000000000021143,0.10000000000029714
cattolico,0.10000000000099307,0.10000000000054088,0.10000000000058233,0.10000000000041166,0.10000000000120535,39.099999999968304,0.10000000000034383,0.10000000000078514,0.10000000000035952,0.10000000000050525
causa,0.10000110235540452,0.10002051168341018,0.10006459660777826,2.0047132666478293,0.1000012498424839,113.10002368061674,1.1950637824101649,0.1000986416947512,0.10000423311158316,0.10000893465275901
cause,34.76280849825506,206.48922717535478,124.81858145449497,111.83037135273153,75.59826150566958,29.365567061114927,570.7176853709329,26.72544245059423,53.648933579120374,233.0431215513693
ccl,0.10000893560171685,0.10000646002471004,0.10000741243676389,37.93730330478516,0.10000545227845069,0.10000571044740535,0.10000093148248093,0.10000465967514477,12.262656952640961,0.10000018048346049
ce,0.10000057104652385,0.10000000000024489,0.10000041303542727,0.10000049485185497,0.10000000000054568,56.099998467847364,0.10000000000015576,0.1000000000003557,0.10000000000016278,0.10000005318972649
cease,12.699015288628683,23.369400875739977,21.13747381509912,94.18223727877442,6.88046584573184,0.10000005718993728,217.10276796419876,44.231838094359695,12.756277874977437,42.54052290496143
ceaselessly,0.100057548610821,0.10002086377241146,8.31005384501864,10.294919994764726,0.10003858035241985,0.10000000423013626,0.10012960609340862,5.694245461979233,9.301071273071683,8.899462821562445
celebrant,27.28417161406626,0.10001626743881671,0.100004869402995,8.88506920082402,0.1000145124776411,0.10000001457495782,0.10001835874006143,0.10004787288334788,0.10004775255610736,4.130609536720001
celebrare,0.10000000000040236,0.10000000000021914,0.10000000000023593,0.10000000000016677,0.10000000000048834,89.09999999997187,0.1000000000001393,0.1000000000003181,0.10000000000014565,0.1000000000002047
celebrate,176.21321709371128,6.406994468691752,0.1000176598343888,89.25073658022914,0.10002680068220746,2.1091492439401507,17.247040831572576,264.96786775924335,140.36613521383225,89.23881434791166
celebration,191.00516119968495,2.646973341269413,0.1000125761196613,108.71991615530068,0.10002477576044788,0.10000003735886577,4.554650661234467,186.1501312848063,320.06444641797657,16.558683550179992
celebrazione,0.10000000000072938,0.10000000000039726,0.10000000000042769,0.10000000000030235,0.1000000000008853,44.09999999996987,0.10000000000025253,0.10000000000057667,0.10000000000026406,0.1000000000003711
celestial,0.10001525345764138,0.10000595388808131,0.25028275797301824,0.10000557171772298,0.10002012813722533,0.1000000582056199,17.166658491165208,21.88299718169783,0.10000069483358898,0.10001390873051312
celestine,1.493184386847209,0.1000013500521259,0.10000450429528061,0.10001149155266897,0.10002305881205786,0.10000000039003541,0.1000407688114941,0.10004139857849839,0.10003892865540907,38.70665411171108
celibacy,6.157898841923569,0.100002753626786,23.891293672157175,17.20968489886851,0.10005048781527079,0.1000000056281051,0.1000443300928615,0.10003420311200391,142.50826467861657,2.7327261278045585
cell,3.4926751758039045,95.13949887967983,0.10001635668082952,0.10002085119528412,0.1010010495311508,0.10000207362052395,0.10001445580440863,7.190969329733021,6.195865026967924,0.479936800666811
censure,0.10003660655894876,1.05620438820527,4.847428388956181,0.1000074753665866,0.10003440039672105,62.11148677330704,0.10002701579519761,7.392054382031793,0.10002630137990055,182.09269426765786
centenary,0.10001556633084131,2.304419345189417,0.1000284217727519,18.955449740456164,0.10001843272257635,0.1000002288388624,76.91989328484901,50.164790276654045,8.15537764856735,0.10000705432027851
center,25.696944361979604,13.005248045415987,48.95197505254986,25.424231896040183,0.10002173256109441,0.10000005272241382,42.82860394667839,11.441707411052041,73.35125454917436,0.10001295151364323
central,0.10001817354919383,31.75563959286677,10.42619889988078,37.53396248166051,0.10001436562143526,0.10000007291761515,4.744053962931181,0.10001904148133528,60.04008917288418,0.10000423592513831
centre,0.10001743992989627,45.99948384644662,3.1466778723492177,83.37772189104065,0.10001247245286642,0.10000012173523473,0.10005224114422694,0.10003326229303838,93.87598370179425,0.10001715046047308
century,144.03307668999116,82.2062848004805,92.75048120225189,204.59454137406212,4.860178177290288,0.10000018276792597,171.06153817877646,143.40479801984833,92.64995530109846,1.3391460731030445
ceremony,138.32315871217222,3.801504590205892,0.10002877825922626,0.10002707245693267,6.840991068774173,0.10000004947134801,5.114362964903074,27.25167529194553,0.10002368034874051,15.268227791134418
certain,85.16233396329163,274.0399610980921,552.1107045442479,291.6812044373007,142.30086413860033,0.10000045729007587,121.32808755240538,136.40017176277755,218.0039419058414,349.8727301398159
certainly,22.62169927977995,92.23043997047857,141.8809498935363,99.86856251245094,22.16117422150864,0.10000006189417437,226.95339810837012,53.623565924594786,92.53904563920702,50.02116438784227
certainty,6.087624979724736,6.354279318453654,68.63586232533817,65.7292823781686,4.899362687936103,0.10000008006601051,0.10004495915135979,0.10001687774221361,19.25576233840288,0.7377640546368522
certamente,0.10000000000076767,0.10000000000041805,0.10000000000045009,0.10000000000031818,0.10000000000093166,46.09999999996965,0.10000000000026577,0.10000000000060688,0.10000000000027788,0.10000000000039051
certo,0.10000000000071234,0.10000000000038795,0.10000000000041769,0.10000000000029527,0.10000000000086458,55.09999999997002,0.10000000000024663,0.10000000000056317,0.10000000000025787,0.1000000000003624
cf,77.85607172505115,220.22080551712514,0.10001763705479409,1172.795436564583,0.10001044201937039,0.10000045745662683,0.10000982189065753,2.449019013341182,1713.1786218263421,0.10000699489887287
cfr,23.18265043115662,0.10001140978951518,3.5027710284184908,11.614449680402393,0.10003375523250911,0.1000036306755202,0.10005384290280611,0.10001019411199064,0.10000812957201219,0.10000789745246019
ch,5.0515041715132325,0.10002761522916669,0.10000736625077944,31.293915395223543,0.10001429611787538,2.8798659453460056,0.10001144141948355,0.10001376225690212,0.10002354259172822,4.174616463777906
chain,0.10002769133757669,14.916540379844788,4.621089091106771,0.10007643438299646,0.1000244842786647,0.10000008005300426,13.736774517396805,9.098747402817919,0.10003571871770423,5.126684199636959
chair,12.938043604192785,0.10001269734793197,0.10003091344254227,0.10003840899628748,0.42955654258139575,0.10000020423010234,108.57516920538855,0.10003630024069769,6.676133653937828,1.880978469303692
chalcedon,0.10001136773230027,0.1000008344614406,0.10000862279274651,6.82036592160907,0.10000831279584378,0.10000000186386249,0.10000749314995684,0.10002073739196896,0.10001283733571867,90.37956387069569
chalice,21.96953024340604,0.10003378811761648,0.10000871450407446,1.5530945475750826,0.10000626770362821,0.10000000078000344,0.10002321780177446,15.260823978551253,0.10011181588414297,11.616367425216822
challenge,0.10002265671306174,119.4687340938337,5.617757906721968,45.726965239782274,0.10001935022475167,0.1000000403003115,0.10002640901256121,0.10003287430353539,213.65940585188585,12.027035576897404
champion,0.10000759392662788,0.6762048752215138,5.221475442144926,0.10003748731749372,0.10003212555567993,0.10000000113066185,39.40216351471992,0.10002207897489997,0.10002020835139404,0.10003667230920689
chance,0.10001827194843797,32.88171885720051,12.75904979323894,0.10003320456491518,7.234134519915981,0.1000000737355697,0.10002643427439531,5.090876317323496,7.53080033979507,28.103342187667607
chancellor,64.37204588638387,0.1000003370457034,0.10000181639293565,0.10000051532300165,0.10000341076936053,0.10000002097895049,0.10000167888798187,0.10000247521535065,0.10000074151501895,0.8279431174101514
change,107.21616896955489,242.44614342028294,146.3855125697534,79.22152069514962,35.942054245595266,0.10000007534838969,38.44689309291535,53.44157681163488,120.12060591139358,77.67952420803348
chant,67.22971638642345,0.10000804167821367,0.10002462330389567,0.10002031986260367,0.10000999644512662,0.10000006980343437,0.10002550418490974,16.664784815291164,2.020703638743521,2.4847066039732084
chap,125.91560731495105,0.10000615401613817,15.284255458706006,0.10001629421520272,0.10000533633513745,0.100000033200767,0.10002165420876877,13.449522451404592,35.08119789472321,1.7693674079708914
chapel,42.29454137256662,0.10003222585219211,0.10001908207049237,0.10001036256528612,0.10000280697028391,0.10000007903374622,5.65591140722568,0.10002923146339218,4.209573026089879,12.239880405870622
chapter,76.98785833687313,42.376973719389035,19.554417520857907,73.79699247588864,0.10001714552293671,0.10000005468935295,0.10001057310431276,3.186727990409696,251.54566874025727,258.2513334427172
character,33.60694442064358,60.17502447931326,179.3350193480636,77.64830240542572,62.39845791766357,0.10000005721208606,89.98259413288025,27.1631965591143,165.72934313719517,30.86111754215136
characteristic,1.3155511649624665,45.23593904927871,90.27077749755269,50.238465847921695,1.8816096518470453,0.10000006478982043,0.10003919082368125,11.101659760329401,106.8984847208211,4.857473051305288
characterize,3.9763863029941398,16.980244114363014,22.501750934360704,12.231295695676543,0.10001361310448215,0.10000005112485791,0.10002091012268235,1.660448278055142,56.24982629015062,0.1000138097498021
charge,41.86821507172587,8.247545678849011,44.09108989533145,0.10003868524359782,27.68057914603452,0.10000004200029822,121.2376452622673,4.333253758831738,34.18353905981455,109.15809339956093
charism,0.1000082658855267,0.10000670648203472,1.2108114647252173,0.10003861508954193,0.10002071751721896,0.10000002381411198,0.1000020611967612,0.1000061448249839,114.98909440608689,0.1000115941590839
charisms,0.1000058288755223,0.10001098184240603,0.10000441968361086,5.9564510187910695,0.10001273564365463,0.10000000000139123,0.10001189461144494,2.1343413526441175,114.2091613677064,0.10000040000752615
charitable,1.8913949869443114,38.43135445525934,1.1557479354980564,17.57355491625177,0.10001976933323756,0.10000017918300522,32.44548749138167,0.10001760335452711,25.367262763550535,8.835159898919514
charity,6.424277125806823,265.74551970422544,56.30186820011675,97.0353116781272,2.8653473073776223,0.10000007733619638,749.8306841023576,262.75053511183074,437.43840320686996,56.50805348561735
charles,16.54046191384992,4.858531184684885,0.10002497631499188,11.71379692376628,0.10001934651775203,1.2722942855437562,56.41810194566368,0.10002350196321928,0.10003497654462964,11.79671094477929
chaste,0.10001249130088039,0.10000620723487309,0.10002244407023969,0.10002237330994161,17.159435665860702,0.10000002991840934,7.943744253778129,24.245828760288433,14.491413320160143,4.6595144537965565
chastity,6.083175827975363,0.1000063631528962,12.580450284668238,6.510253528981568,80.39570290325857,0.10000034158545913,39.18005973570829,35.918676143415624,63.88850606320649,9.24316880774204
che,0.10000010692474097,0.10000093786460763,0.1000005939483249,0.10000261744935622,0.10000000000081984,4843.099993309303,0.10000021375006073,0.10000077867418194,0.10000144205023802,0.10000000000034368
check,0.10004106476975319,5.713927525562628,7.687200434466947,0.1000166071505284,3.29429770085342,0.1000000107522975,40.22539691110718,0.10002365962110439,0.7139091933703521,15.965186891993937
cherish,0.10002887341864715,3.2084938441526862,4.1190748216439035,0.10003670477310608,14.371700871722465,0.10000011505204352,63.47091823860365,22.074553887321457,0.10002848969582709,7.355164153263524
chi,0.10000000000043037,0.10000000000023437,0.10000000000025235,0.10000000000017839,0.10000000000052234,189.09999999997171,0.100000000000149,0.10000000000034025,0.1000000000001558,0.10000000000021896
chiaramente,0.10000000000074129,0.10000000000040371,0.10000000000043466,0.10000000000030729,0.10000000000089967,36.09999999996973,0.10000000000025663,0.10000000000058605,0.10000000000026835,0.10000000000037713
chief,6.6787644178828085,2.518557865126549,34.85681803593407,0.10002112718828365,58.53188364428978,0.1000002766307613,136.27993353483407,32.79934206863181,16.159890214801692,49.97478881435248
chiefly,6.742047608528933,8.65926387079297,3.6833908713651446,0.10001668391923171,51.192461542458894,0.10000075233718721,44.4836867832782,12.842339046573064,6.7492189557783515,4.44757388464077
chiesa,0.10000058124175844,0.10001246135973883,0.10000518597860514,0.10000836606656778,0.10000000000110389,743.0947863998784,0.10000140219356285,0.10000075325937967,5.105184761046654,0.10000008884917423
chiese,0.10000000000087066,0.10000785793538593,0.10000021923270219,0.10000987222736334,0.10000000000105663,233.1000019964108,0.10000096187504365,0.10000000000068829,1.099979092176763,0.10000000000044296
child,12.57149718327285,132.50839336154533,71.78681957099744,355.28450415296044,624.4805846280427,0.10000003893979509,396.4714367500079,175.388885910741,442.96800384363934,27.439874559519946
childhood,0.7763623678744064,0.9641473086910994,12.082575297807676,0.10004331712382301,4.105780078611109,0.10000004699417901,19.99797498998408,5.655172939318856,34.11794033413484,0.10000331910909856
china,18.9140976952342,0.10001142628532572,0.10003171863285282,0.10001084332355673,0.10001509330156726,0.10000000000698035,0.10009631841338792,0.10001348529778743,59.49593215921672,3.889791259899852
chinese,0.10011412940702515,0.10002797072732021,0.10002684843268728,0.1000061524702174,0.10001202579481394,0.10000000000726636,0.10011135679222878,0.10000688730909064,32.98073733328108,5.218957295298177
chiunque,0.10000000000053255,0.10000000000029005,0.10000000000031228,0.10000000000022076,0.10000000000064639,52.09999999997104,0.10000000000018439,0.10000000000042106,0.1000000000001928,0.10000000000027094
choice,12.403352690895574,51.79161628417436,106.6146557683498,62.294015655447105,17.216240918285337,0.10000001721593958,12.429858079374082,0.10002585214058722,70.8786421301871,35.17159260359211
choir,13.252151103594985,0.10000465107230139,0.10001254646235447,0.10001758981269752,0.10001197319787464,0.10000007439959982,3.834028961221299,29.643336392324713,0.10006014861409979,12.670376558982747
choose,43.50151004001114,38.81969634610378,60.96869047861766,129.6711677829819,35.64065251196926,0.10001873666311299,96.26861509368807,15.87869587684937,101.81023331281497,137.34071981994668
chosen,9.542027380265537,0.10001371808990746,9.082661957930378,52.41286853627436,0.10002936550706226,0.10000000936418998,26.354701505204183,0.10004261740910232,5.444620018634012,4.763034890984578
chrism,30.18928186560901,0.10000333881649946,0.10001663798851027,6.9293743947955795,0.1000165541918944,0.10000011126962748,0.10002234409388522,0.10009359741528799,0.10005726491748433,8.181133890525738
christ,7.400489210556242,36.16218409652062,424.79150043837757,3609.1834485920504,221.83672220071162,0.10000082130846337,1584.7782416290743,2074.676415040317,2782.4676934162335,553.6033045545258
christendom,0.10001362992215396,0.10002039712467573,0.10001616777573809,0.10000960878112815,0.10002397893460203,0.100000007622735,21.245370990634992,22.986299233252836,0.10000365416170823,8.068242331573268
christi,0.8879303964774197,4.003310086069545,0.5302658205007519,11.287309028285453,0.1000178982430781,13.73712922169249,0.10002010520636277,21.255152456698696,26.998862106569447,0.10000287994339797
christian,24.6728225209525,278.2838966206318,652.6871202866066,392.61028889752515,403.56142106328684,0.10000020968622135,1584.4588883228437,669.4127068414537,2580.7319615811575,409.4808936555224
christianity,0.10001665954993377,17.156383126912583,69.88223788812577,112.5290513181712,0.10002332259527824,0.10000007930519625,123.13288664885934,0.10002263060185433,51.810441845819454,6.088936479739471
christmas,1.3745635571776949,31.673409127938474,0.10001684340759923,0.10003286677089522,0.10000983419881654,0.10000003197827283,4.222506103026423,17.787902761057943,0.10002071856591936,4.441538155566661
christological,0.10000500319332992,0.10000391869997806,0.10000514476998053,20.368627821268138,0.10000081444905562,0.10000004793337618,0.10000267418053051,2.1957779921690066,18.73557026122682,0.10000632194667089
christus,50.27453828583999,0.10000618413103697,0.10000964857621848,0.10001087266813581,0.10000196315527285,3.870357416447176,0.10002693107278042,0.10002292083960888,5.155023150306688,0.10000262673700168
chrysostom,9.232571170403649,0.7676323097720652,0.1000299755809981,10.35959588220658,12.070877430704238,0.10000006532237297,20.969844432276556,40.199392369795845,0.10003875509398885,0.10001760848716941
church,1271.3890595838916,370.1432710502973,951.8613703104703,2245.1959552963035,730.2611704019424,0.10000010521727573,3068.6734343173994,1397.9636113604308,6613.516015425183,2608.8961121485345
churchad,0.10000130320087015,0.10000643339923392,0.10000024846267762,0.1000071702890226,0.1000001777702279,0.10000000000018466,0.10000090890861671,0.10000144561019203,52.0999823039349,0.10000000834393306
churchlumen,1.622047742638641,0.10001540997222755,0.10001083571477486,5.052144775033557,0.10000143259133122,0.10000001630922038,0.10000167431496212,0.10001374140078789,173.62576021994823,0.10000415189179625
ci,0.10000000000070804,0.10000000000038559,0.10000000000041513,0.10000000000029348,0.1000000000008593,329.0999999999702,0.10000000000024512,0.10000000000055975,0.1000000000002563,0.1000000000003602
ciascuno,0.10000000000087296,0.1000000000004754,0.10000000000051185,0.10000000000036184,0.10000000000105946,76.09999999996911,0.10000000000030222,0.10000000000069013,0.100000000000316,0.10000000000044411
cic,7.001867364321424,0.10010221477583893,0.10003578769358681,0.10002056840952879,0.1000264605638069,0.10000008145918486,0.10001136355286595,2.201642209293469,35.096278303718634,0.10001564584394583
cioè,0.10000000000045361,0.10000000000024706,0.10000000000026599,0.10000000000018804,0.10000000000055058,108.09999999997159,0.10000000000015705,0.10000000000035865,0.10000000000016422,0.1000000000002308
circa,0.10004242656034332,0.10001870754763327,0.10003345732141948,0.10009849083329592,0.10001944986159196,73.28899286492205,0.10001293894047446,1.1185703326261596,1.8921510815578513,0.10006024932810031
circle,2.1950769648695285,38.62774624889912,34.98183401062907,14.856362082164111,0.10002395028448684,0.10000008008379731,0.10003063551396589,0.8388931093237288,0.10002739938407829,0.10000551853519615
circostanze,0.10000000000081592,0.10000000000044437,0.10000000000047843,0.10000000000033821,0.10000000000099031,39.09999999996933,0.10000000000028249,0.10000000000064506,0.10000000000029537,0.10000000000041512
circumstance,121.34706415080994,66.80097664838442,148.49269760562262,8.954011858067398,73.98936503458248,0.10000004522087326,98.22663802429513,17.82763394633471,189.8337046068675,23.42790807947683
citation,0.10000472092143456,0.10000930030200622,0.10001270406940188,0.10000945944832916,0.10002627399116115,0.10000000277715046,0.10000622133773804,0.10001883207939995,1.989740701376272,38.21017178349945
cite,0.1001729579989694,15.77608474424531,28.674788045838977,3.437090361289883,0.10003762981751534,0.10000340782694296,0.10003070455570069,40.19433532436732,0.10003033434131994,46.41742648936375
citizen,0.1000203030751369,133.564636945184,10.92235618142057,0.10002227757714442,112.4471551940334,0.10000004364918666,198.82430173800432,2.0914150635479554,0.10002485005593732,2.750067403144909
città,0.10000000000081224,0.10000000013343299,0.10000741314818165,0.10000000951454419,0.10000000000098591,131.10000045365115,0.10000000000028124,0.1000000000006422,1.099992123430162,0.10000000000041324
city,29.4458244177902,103.99358999390009,0.10096164726552254,57.78830788478727,0.10002037448819731,0.10000018491478271,233.38187805646163,59.18458242554469,33.25536044742392,417.64947456709893
civic,0.10005138788786692,41.029207227018084,12.44500352802597,0.10001011288458786,0.10004255800430713,0.1000000863646395,17.709626858252093,0.10002276240244216,0.10002722497146618,1.2160082538529575
civil,41.14967448601895,100.99562933454143,22.448665029166637,0.10001897164734141,355.16920015907317,0.10000008236878151,335.90744503400884,0.10002306320800138,19.223948034366252,50.80539580529219
civile,0.10000000000053404,0.10000000000029084,0.10000000000031316,0.10000000000022137,0.10000000000064822,46.099999999971,0.1000000000001849,0.10000000000042224,0.10000000000019332,0.1000000000002717
civilization,0.10001230988687873,126.38111325541944,49.97176432489158,105.34232744492604,0.33621411985806304,0.1000000315127948,137.43293306863575,0.1000109627769776,1.1356196439044752,0.10000483791283282
ciò,0.10000000000055208,0.10000000000030068,0.10000000000032372,0.10000000000022885,0.10000000000067008,341.09999999997115,0.10000000000019114,0.10000000000043648,0.10000000000019986,0.10000000000028088
claim,8.19963028212519,110.53419493883018,190.29758389445846,18.774462460451588,8.768034399418308,0.10000004713069503,3.2058284899034586,13.846767396384152,4.273380736781761,137.0001173541684
clarify,2.4420893644001014,4.231301118301087,24.48637018147549,16.548979710716345,0.10001332234384407,0.10000208505828087,0.10001486961681226,0.10002545088549833,34.554557924185275,21.33664597271424
clarity,2.453624660172608,18.52507277650524,27.397585610742905,24.388304628529458,0.10001613467793492,0.10000491693901899,0.10001942253667817,17.162744360015058,20.562887049805944,7.209740439754224
class,4.203534048602488,132.34294051194252,30.06435708426451,0.1000177435277918,44.53530827309477,0.10000003211949209,197.609481067084,7.844344782302842,0.10000929683145315,0.10000715998137968
clean,7.835693740017919,7.686744068886338,0.10001919934211685,0.10002587716801706,0.10000993892118618,0.10000128051990077,0.10002658396885417,19.69458380496429,0.10001686688090479,13.182878639049207
cleanse,1.1193623567074693,0.10003072087048526,0.10001912172651203,13.21398660909857,0.10002065063337284,0.1000000101852508,6.92881765359426,25.652538948800583,0.10002909405571249,9.585194834003364
clear,61.43346034405463,91.64281869178515,179.62160742085962,164.99008682959533,89.95620004905865,0.10000096192087296,62.25068908601691,113.72289946677179,128.64830084041705,126.63393630918237
clearly,65.41914383310665,93.96104889619845,128.52672204108586,151.34194275575845,123.53347566906487,0.10000014549493083,143.86744822497457,148.03853085989186,161.1706464278774,129.04104114621023
clemency,0.10000419851342461,0.10000235868410831,0.10000890382223745,1.160459863462158,0.10001493791092235,0.10000000674030679,19.061381165014115,0.10004283509430649,0.10000053759017116,14.078085192933344
clement,44.58293595080825,0.1000120996420614,10.081954511881577,0.10003320475891954,8.02010083360219,0.1000000495939195,26.809854081963554,7.817221922948717,1.9341696844832974,60.45371765998769
clemente,0.1000000134705384,0.10000000000034447,0.10000000000037096,0.1000000000002622,0.10000000000076785,88.09999998650065,0.100000000000219,0.10000000000050037,0.100000000000229,0.10000000000032183
clergy,112.38359399165628,0.1000247798843076,0.11870711091839042,0.10001024384124968,0.10002154891309385,0.10000004605228924,804.3137637728006,0.10012267988944897,90.00379512358647,135.6799607021751
cleric,55.859748387794944,0.10000262557540963,0.10002007744980178,0.10001318760973724,0.10002341164358504,0.1000000603617324,74.92166487246352,0.1000164384655026,0.4826166710143661,287.1358942673524
clerical,60.19375136247125,0.10000456905612942,0.10001727478481946,0.10001386562370078,0.10001955122635095,0.1000000018720787,19.721076021890482,0.10002009043334863,2.55363372029838,32.93146354208056
clero,0.1000071848371743,0.10000000000210484,0.10000000000226611,0.10000000000160218,0.10000000000469005,75.1000058915758,1.099970128981168,0.10000745122330051,0.10000629950187455,0.10000304372797238
climate,0.10002125289953714,44.333715302355216,0.10002949857473332,0.10002067070106765,0.10001221865741677,0.10000000661868078,2.7643509182514476,0.10001097457577426,27.20182454200338,0.10001461508331218
cling,0.10001774771661474,7.267838363087292,3.940682077558874,6.641549213723455,0.10013252685356094,0.1000000311024272,36.31676171416848,0.10002670947932321,0.10002421503728598,3.33296740093707
cloister,3.7676539578392356,0.10000638271090857,0.10001109257995264,2.6212657388190013,0.1000175947119716,0.10000306987577467,9.020629382519525,11.664624992268458,8.736421978261536,5.789365810112843
close,32.78152196561226,86.34960931186546,43.463084024122324,220.25619204347709,5.899795241072565,0.10000005180898834,136.86313423399912,71.87084545710707,157.0604118145526,28.355405856044957
closely,30.50252785228142,53.03488079349711,17.76373745105117,55.44577173099764,23.920730152396388,0.10000009089379298,54.11236829193673,67.00939844609393,83.01055952300047,0.10002566751835319
closeness,0.10001088514934091,15.39787019824582,0.10000228401037926,43.6172710144206,0.10000205244748916,0.10000005174184921,0.10000923068834808,0.10002050817320939,12.284813296129219,0.1000004788016129
closer,0.1000397229770266,6.733056952984516,18.655462327149575,8.937086247542446,2.1341083227681357,0.1000000147955548,0.1000388067895002,6.663857500144437,5.476311843576195,0.10003826088698611
closing,5.385148757668787,0.10138663312453783,0.10001867421789823,16.78630791033234,0.10001844497669057,0.10000012749753347,0.44038589534935013,0.1000589619566668,15.786668677432264,0.10000591708874645
clothe,0.10002800581786937,0.10003676917865971,6.457034113525674,28.58305557500486,0.10002884191485624,0.10000005914246175,16.797907207305233,23.26664850210876,0.10001069811501632,13.39525022757421
clothing,0.10000832866184876,4.352249789080144,0.10001067260453349,0.10002050112070246,0.10001850034902152,0.10000001572170705,14.266391564209709,8.320456764544163,0.1000051985940366,27.460838664874792
cloud,0.1000127250084315,5.1858807455235105,0.10001281463686719,6.265542762563916,0.10002718521241483,0.10000004326247516,26.40714806000729,9.672475381570495,3.9688839927709076,0.10001628914358558
code,140.5150148487794,4.280936516974272,12.389220658285266,0.10002727997815174,11.892485411339084,0.10000004030185583,2.966449398054289,0.10003149983708454,74.55582921030901,0.10000513583118344
codex,13.178246341470949,0.10000230635820545,0.10002079662224261,0.10000798602642297,1.5186053575191125,0.10000008285261844,0.10001314206336093,0.10002076625482054,1.2235790592626352,26.479504161323185
coexistence,0.1000222897331422,23.696163022731707,0.10002347209381267,18.503720647834424,0.10001511770618304,0.10000001508277999,0.10001359937426897,0.10000754736746348,0.10003121205266537,0.10000307578998778
col,0.10000681074657918,2.5439251939224405,0.10001390205093372,19.114214909323323,0.10000988063463814,79.32731254140036,0.10000967761238742,0.10000287156043865,3.643192053227426,1.8713121592436868
cold,0.10001865269131056,10.631696120856612,0.10001915675677892,12.662960555927523,0.3101547078950335,0.10000013703427298,20.092014157474743,19.400684921715644,0.10002698104272807,4.5024246082805135
collaborate,13.946193646148803,26.465610593010158,1.6224709167871934,0.1000251908503546,0.10002862219259182,0.1000000423152533,0.10002897420790485,4.335142048497571,20.130494921850385,0.1000050438358986
collaboration,8.991257047422868,54.46989797501051,31.89325449827147,0.10002990451252129,0.1000168921744469,0.10000007389701554,0.10002302709462405,9.506853530554103,70.63866540934607,0.10000164143547394
collapse,0.10002309135894773,14.087749521584321,11.435137300151387,0.1000217362161013,2.120782855568902,0.1000000193511522,0.10007044013827898,0.10004812681111347,3.3379870514424814,8.518179856949839
collect,19.947844791235237,0.10004406224696377,0.1000171162650827,10.483017299697499,0.1000336129279905,0.10000002535089136,13.56799003080909,7.838154358707386,0.1000341218044105,37.662864580600285
collection,14.979485109703166,19.53019132808109,0.10001372069780559,0.10002769649426413,0.10000814835032712,0.10000022391805018,0.13243689426684874,1.7744477936167242,1.8974782019716945,53.28591088256865
collective,3.1807877586713253,36.00521947427937,17.52235049540016,7.642105514186184,0.10001466277357057,0.10000009611213041,0.1000148107764451,0.10001063798065256,8.499664684504065,1.7498318650139029
college,225.42310841677207,0.1000281495105391,0.10001862677016708,0.10003526155702826,0.10002867293441249,0.10000004525094046,62.85288332799014,0.10002722074936958,36.36336434892386,56.76050592921329
collegial,13.160667142066027,0.10000676295500886,0.10000687499722397,0.1000188966140057,0.10000104588050626,0.10000004466737994,0.10000360615764398,0.10000738237482915,29.155427203377855,1.983861040721703
collegiality,0.10007650951846744,0.10002308172239785,0.1000135440416695,2.671490802342403,0.10000564206490148,0.10000002747885683,0.10000213976264476,0.10000185837349963,32.528385938444416,0.10000045605512543
coloro,0.10000000000066753,0.10000000000036353,0.1000000000003914,0.1000000000002767,0.10000000000081016,298.0999999999705,0.1000000000002311,0.10000000000052774,0.10000000000024165,0.1000000000003396
colui,0.10000000000055632,0.100000000000303,0.10000000000032622,0.10000000000023061,0.10000000000067524,37.09999999997081,0.10000000000019262,0.10000000000043983,0.1000000000002014,0.10000000000028304
combat,0.10000529264423762,21.133687303734554,16.119013997349835,5.964785160906989,0.10002732728476575,0.10000002653585274,53.913496178045406,0.10002923147218648,7.631878941133074,1.837076540558964
combine,2.5250408437087484,17.911329394082692,11.722696343955924,9.134345252687558,16.741722985246426,0.10000013480176764,10.812622112661405,16.109589594172682,8.842555509638492,4.1000978286938645
come,86.7541324485356,199.2431994425752,273.7814336994525,1091.99560384508,63.41538023619002,817.3882839654658,677.4026261200402,258.8981903294525,387.5219163751997,403.59923353764617
comfort,0.10002147179214087,3.2514234059137515,0.33438851344848985,43.560556962249386,0.10002477367646319,0.1000000431693821,164.65515041053644,11.70647178758888,15.091938188214918,0.10002444308909701
coming,0.10003109105441593,2.0047059231159032,0.10001930706866731,20.71167756681873,0.10001571008856217,0.1000000044029387,0.10002618838458303,1.180201429421339,6.47449459094631,10.128828188364317
command,49.633532581957255,22.102415686176176,103.51012011932102,23.300028457745242,112.75115764414804,0.10000004924756209,186.94128281327156,78.86325908243928,43.03406382415893,226.76413974119677
commandment,0.10003744159558348,11.090988205545123,162.7006284519012,246.18021986661577,11.024076761644887,0.10000003826122024,17.365549605328532,2.1276111162605393,9.175549000455886,11.135339512049102
commemorate,38.2462594826052,10.62660791334818,0.10002752931917551,0.12449027576847724,0.17796886330562556,0.1000000583852714,19.301029599919993,41.129796743115854,13.093809456319693,0.1000100775926659
commemoration,30.552829830079094,7.836227195129728,0.1000134101912637,0.10001858929011857,0.1000199928968265,0.10000012498929985,0.10002044331582144,59.86212420317934,9.148737564228568,0.10000864644781964
commend,0.10002490004290099,0.10001205376057662,0.10002426542849342,0.10001866724619116,15.899575825812386,0.10000002116525143,86.66156816243384,45.9400925510613,0.10003180068527975,10.898651752072231
comment,4.609556809095153,0.10001789695452018,14.224450880120601,10.32407242310972,0.1000444628179178,0.1000006387834245,1.1934310412169122,19.070417668278232,12.177977680929072,0.10003049835788753
commentary,10.85529861106181,3.471742326131956,0.1000445332198856,0.10002625247518254,18.87243162466116,0.10000049654017026,0.10003920139384823,21.627831596287677,1.8792175400340319,5.893367817806899
commission,98.38991436228517,26.908176681304965,0.10003796158946601,0.1000154270044515,12.533811607683155,0.10001294091536671,0.10002496925607152,2.950772831582001,62.74635008958822,40.0708831284659
commit,6.642238721407886,53.23063345291662,29.681727635702376,95.03280590535277,77.39987076104977,0.10000004955441406,139.36058177172745,50.137958116853746,109.33448294130552,148.07970064379236
commitment,3.9272731997699535,108.41056603948307,0.10001599028068779,65.13032494349781,0.10000961873443158,0.10000024554876186,0.10001494582176124,0.10001154657273442,357.96864195052683,1.063141519485708
committee,17.227840900523656,1.3129152011608602,6.067049675481709,0.10001735680958262,0.10002268088825925,0.10000008057708373,23.07432694255907,0.10001703147345484,3.5635348833586553,13.354275246843372
common,51.18677741334191,530.1245179918321,190.9230068747294,58.409372773422696,193.11889045521275,0.10000025208481396,226.57964058075748,89.80466780868628,244.26479496755877,125.48833088203763
commonly,5.35091086393028,10.427969570347319,16.762813953402393,0.10003348091878436,19.201855597551013,0.10000002404970613,0.10003685388272042,0.10002235133029752,3.695004127560406,38.16135317666892
commonwealth,0.10000489981437713,0.10000980552036254,0.10001423537322351,0.10000757713826156,52.751437134546286,0.10000000000197155,14.419758751204895,0.10001454233352236,0.10001506005726588,4.128737993808053
communal,0.1000124752096988,7.2130022710449815,0.10003701335741379,16.310330025055197,0.10001018607385988,0.10000002829771393,0.10000839364828151,2.3467360828249637,28.95492153246677,1.6749419917191988
communicate,27.182598788507107,16.34604665512927,58.0494875344437,49.39159943867797,0.876758679127886,0.10000005757892066,15.808162107502694,22.725141594097813,136.0407028246703,33.479502319923505
communication,19.81356930273746,66.02664036137043,58.42266792131698,50.95559274953383,2.041101747960743,0.10000100327460221,11.70338348024171,0.2020350262397137,202.6349780101831,0.10003039679525257
communion,203.83342239648857,52.39159988109352,0.1000198047736553,270.87853186277994,13.258886911656813,0.10000009157762874,113.15852057805697,185.4137555704284,1257.814653163631,48.05060973918876
communism,0.10000392906457635,55.00795361533226,15.170781956092076,0.10000984834411976,2.4656873607308882,0.10000002839385361,11.755543355940205,0.10001148286654937,0.10000567116763966,0.10000275187163894
communist,0.10001460606234132,19.218357986116427,1.200455546808393,0.10002765034835001,6.828858687352888,0.10000000000355883,8.152246118046998,0.10001138576641282,0.10002460664505114,0.1000034125834568
community,62.78118924968109,341.3968701506502,94.24397667423474,199.58929320988418,30.66523440176367,0.10000015747862562,50.30248352668899,72.57712306717083,1591.6498425123027,39.69398704980664
companion,0.10001801968718489,0.30527769657912873,0.10001569801876407,7.151789486298905,11.074796717969868,0.10000114245895668,52.38536135407582,6.589284531992511,13.093433149635093,0.10002220296051026
company,0.10004166011670595,31.758346188092325,1.2391873319555493,4.20760586917063,0.10003223531290338,0.10002097782556493,20.31063347469441,24.589160096150348,0.1000372806072642,13.494934885686328
compare,5.654590439056845,12.015334628589445,7.971172179742189,26.996805638426345,20.418362651272727,0.100000058196369,27.618412873056446,23.582375965586163,12.896001919862526,1.7469436458638294
comparison,0.10002909908797022,5.845003088785947,4.137957718096473,32.92206560543298,5.998981461391876,0.10000002455925139,5.135544512328207,0.10004012398068994,4.442071044803835,6.218307321169003
compassion,0.10000995899379479,16.410003268076974,0.5122600242578216,60.71169184114527,0.10002203238698709,0.10002613133130861,38.65690691346623,0.10002580387532312,19.580057968698533,3.728996057420146
compel,0.10002661311365107,5.217159310179534,14.936954102838865,2.4140279841247834,6.379553678964806,0.10000003712981848,71.5923115687084,0.6734734930490538,1.9572610827119785,89.62923212879913
compendium,0.10001353753324185,29.6966366343189,0.10001860299508344,0.10002066436403828,0.1000031241811565,0.10000015500885999,0.10000699785448063,4.645480946264781,10.95781859550826,0.10000074176726235
competence,19.134195072529156,28.067271195097234,33.74924652537717,0.10001513764600259,0.10001761330991626,0.10000005646132418,0.10001224848105551,0.10001026952912705,48.93755680230468,3.611675079003778
competent,48.20705658033671,7.424215943697086,28.721341241147254,0.10001267511203178,0.10002354065520337,0.10000008015484127,0.10001975357422678,0.1000255566048851,42.02772448653841,14.11958014189405
competition,0.10002826625476402,34.79998255692534,0.10002959165701043,0.1000208614876738,0.10002166432919649,0.10000061348760428,3.783091741336751,0.1000424756418349,4.7167803886175035,0.10000183996074728
complain,1.0463371553578997,0.10003112540074259,4.33363543132416,1.7673934553343627,0.10004172572822029,0.10000009528344579,25.703237584293852,0.10002812269534146,0.1000432509723468,6.649252053215706
complaint,0.1000383122012278,0.7447836497442554,2.6055222669416644,0.10001819400620271,0.10000959494734633,0.1000001199387394,25.86014033059135,0.10002205933371364,0.10003105259109697,43.18943441937898
complement,3.1953273540432505,8.582002263530777,1.9733373649468475,5.297437903967843,3.543375507940064,0.10000011466877809,0.10001035383145987,5.249481612484783,14.859020805000664,0.10000671929428609
complementarity,0.10003479921655892,7.314360820475598,0.1000125786395364,0.10003639988204514,4.255416755018085,0.10000000652877387,0.10000210842403612,0.10000064873554597,25.730135643157098,0.10000023970625725
complementary,11.180615007762105,7.684886572645311,0.10399500992588956,0.10003995543443273,0.10003719717406656,0.10000012298636116,0.10001299696840096,0.10001524608499383,46.43039591661281,0.10000197410452334
complete,64.42820703380923,54.37938277533852,104.53374635612956,167.49928836708767,23.22630943523699,0.10000024307799782,78.14932291127326,100.10721701851834,111.50835281515971,61.068173044031504
completely,24.407461966580552,55.249000204416085,58.925629337706084,132.0589773066423,19.891783132014424,0.10000006357454068,61.18789844161114,55.249293451667924,62.018908125549316,99.91104796989922
completion,23.241189685871817,3.4060360497554116,0.10003227314964647,10.23119567792934,6.93264350283159,0.10000002083618521,5.970971622795967,9.089576994354886,19.94151219372,12.986841978403824
complex,0.10001279980294141,68.17210679845257,14.448209069654405,25.285710122688556,0.10001078585243363,0.10000002078437772,0.10001432495457113,0.1000118583548044,83.49386633162204,0.10005788752536805
complexity,0.1000126671604428,29.07276977533442,6.155820321133742,0.10003052544909832,0.10001412605201565,0.1000000000024471,0.1000092357915397,0.10000371517713715,18.07133865763498,0.10000097604421179
comply,10.209210337682752,1.3253494955450171,0.10002776702412479,0.900435754907667,2.733676865726874,0.10000003693511705,16.899323104645834,0.10002052387048507,0.10001838920499131,14.531937724107594
compose,31.18188953643792,2.262750825411157,12.661074996507798,9.194668134878162,15.540798614042409,1.1020042173964224,26.50838377370391,9.634249849404144,6.485405539188093,42.42877451263833
composition,24.479882603316117,0.10001061453056491,11.255051111160979,0.10187283180630384,1.8266567950682628,0.10000038413788764,0.10003409165816153,0.10006019550553713,0.10002278041551883,6.836408592025261
comprehensive,2.801578750933746,10.718097676485987,9.580351397411118,0.10011908487099874,0.10004687685734609,0.10000003862473109,0.10001574609980073,0.10001939256600278,18.76909098603655,5.630680049650625
comprise,6.152903241731652,2.1589561831288604,21.0381128055682,0.10001361385196603,2.7625085215496545,0.10000005611309554,0.10003721361636053,0.10002436182448211,8.414559407987243,3.072884594288054
compromise,6.417899302487072,33.976591098858776,28.280014990105197,0.10002864524486035,0.10001236496720083,0.10000005321604954,0.10002371648742656,0.10003134947184233,20.54831972485229,1.277078753975098
comune,0.10000000000066246,0.10000000000036081,0.10000000000038847,0.10000000000027463,0.1000000000008041,44.099999999970244,0.10000000000022938,0.1000000000005238,0.10000000000023983,0.10000000000033706
comunicazione,0.10000000000143297,0.10000000000078042,0.10000000000084022,0.10000000000059399,0.1000000000017392,65.09999999996586,0.10000000000049611,0.10000000000113289,0.10000000000051874,0.10000000000072903
comunione,0.10000000000053472,0.10000000000029122,0.10000000000031355,0.10000000000022166,0.10000000000064901,88.0999999999711,0.10000000000018514,0.10000000000042276,0.10000000000019359,0.10000000000027205
con,0.9918805105555325,4.093194335342467,0.1000181622353749,0.10000889360880837,0.1000252037782525,1573.1769912451591,10.137823168564308,0.10002921837171627,0.10000527093096857,0.10002399117708435
conceal,0.10001411170512883,15.275633061080713,4.7991094603022715,12.577025313045523,0.10003142155818166,0.10000302258958538,41.644621012418256,0.10003127293583262,0.10001366389419339,13.203517660165236
concede,0.10002883975442092,0.1000118433146129,15.693576425015983,0.10001524892986513,9.623344673051951,21.12698287511434,0.10001981390342568,5.11224566507494,1.0512573191261538,74.99251729638613
concedere,0.10000000000069344,0.10000000000037675,0.10000000000040571,0.10000000000028669,0.10000000000083972,43.099999999970066,0.10000000000023954,0.10000000000054689,0.10000000000025044,0.1000000000003521
concediamo,0.10000000000113983,0.1000000000006208,0.10000000000066836,0.1000000000004725,0.10000000000138344,63.09999999996756,0.10000000000039463,0.10000000000090119,0.10000000000041265,0.10000000000057992
conceive,0.10001355549932206,7.6312503814512205,32.184458190517866,58.33239235215001,31.755761718687676,0.10000005136075497,0.10002102761913807,69.33896835658713,5.6047745513259395,12.852359814488844
concentrate,0.10001829143754197,13.662366914266164,6.985078085890311,32.48669801401563,0.10002201688485561,0.10000010679618437,13.488605400043497,0.10001949366361043,4.877182323056441,0.1000093536490219
concentration,2.375595679289148,19.388054509978282,0.9600264187631189,4.176749821946997,0.1000070492530902,0.10000001051047418,3.9975506764485975,1.6728432208093245,5.12916079492575,0.10001181773866966
concept,0.10001538902273982,84.59508261999322,82.65362000060875,79.62623007239323,0.10002248758359758,0.10000006478656213,0.10001343475571339,0.10001672718404052,28.524991447441657,0.10000775598043285
conception,0.10000976365976345,41.483677564139164,40.627435208953855,40.42930775305169,5.9501500723720815,0.10000003570309236,0.10001643070320812,119.0204863065326,13.088907250549335,0.10000961406286007
concern,243.79140558539044,356.5831939658597,235.84631773204518,333.3705023314891,98.71469301487596,0.100000052914247,278.53196033911655,23.991126754172686,396.36863366786025,416.7021665559392
concerned,3.3693203448771807,6.804021913013092,1.3724559600118154,1.7729287523316413,0.10002712820122991,0.10000004742369978,17.334429005066713,0.10001456068545864,7.602361137029091,3.4444411510059383
concerning,13.707785997159396,0.10004746203060952,5.050539022815068,14.400172913419159,0.10002991890060497,0.10000015294328882,0.10003519937090104,0.10000552182810148,1.3697954594241064,0.9715883517256573
concesse,0.10000000000060771,0.10000000000033098,0.10000000000035635,0.1000000000002519,0.10000000000073761,57.09999999997061,0.10000000000021039,0.10000000000048045,0.10000000000022001,0.10000000000030919
concession,20.658326476820864,0.10001712393097263,8.482751492982631,0.10003584992889086,11.93736392850955,0.10000007116811034,0.10003870396942197,0.10002911977699114,0.10005350658667707,37.32138372596098
concesso,0.10000000000037525,0.10000000000020437,0.10000000000022004,0.10000000000015555,0.10000000000045546,36.09999999997185,0.10000000000012992,0.10000000000029668,0.10000000000013586,0.10000000000019092
conciliar,0.10002632303591363,0.10000445442382433,0.10001652739111401,15.135321934615856,0.1000042046282553,0.10000001442564707,0.10000314323620964,0.1000211034468498,20.98454170058132,19.18006059399871
concilio,0.10000320462842925,0.10000000000107494,0.10000000000115757,0.1000233333097188,0.10000000000239571,192.02552707948996,0.10000018337353989,0.10001543802935409,0.10000449640719981,4.174426264625202
concilium,8.949083234559438,0.1000063721594401,0.10000402556330316,13.455919265980786,0.10000588630189051,0.1000022655696964,0.10000198760357965,0.588602722923504,47.816193030863396,3.6901812082536534
conclave,110.3259901487608,0.10000305329499523,0.10000779805734655,0.1000010996420171,0.10000618816941961,13.101803679761495,0.10000927346712023,0.10000401996155722,0.1000003475619441,28.872174391196186
conclude,15.260228965794767,19.618592541611193,30.123052937555872,17.75471581261223,2.0754961284472357,2.117549010281064,43.068732216490176,37.49705934261901,16.653952442777236,44.83062060143648
conclusion,44.067983936047675,23.54301208662332,102.6554395618389,19.1311496152267,10.023770546506938,0.10000007098834153,0.10011763633440117,11.490716901696416,53.79198753571286,41.095822108688004
concord,4.222745359410698,0.10000972334247994,0.1000230417536786,0.1000214118667865,3.7794540554233387,0.10000002692539743,125.98435004604922,2.0244797826346552,1.9584673832537156,8.630449169027388
concrete,0.10001306438829072,103.70652922382614,34.41669299183304,84.0149064559235,0.10000839199461371,1.100697327466098,0.10000532552670464,0.1000071003274536,162.26113834417828,0.10000177428749688
concretely,0.10000862494373736,6.215639925240651,0.1000185648823716,13.19289067458564,0.10000728168664029,0.10000006073948897,0.1000021175028255,0.10000935712502262,36.891423243031575,0.1000001500722897
concupiscence,0.1000088453781538,3.6960984298226114,0.1000250221108867,5.389655893422389,15.044869556585454,0.10000005192597453,9.738258990091204,8.43418787673039,0.10000666731816368,1.2968886663149786
condemn,0.1780544256158057,27.013745285134867,78.12724932070695,44.690016350449696,39.48949922430712,0.10000007401818053,72.85493128443798,7.110672734280443,0.46802148407905786,397.9678098166249
condemnation,0.7052267185416763,11.759293121525507,26.992833770217402,10.407259422138287,0.10002981851667427,0.10000007345875613,0.10002585639408217,0.10002116045954905,0.10004291783332174,104.63526714056191
condition,113.8224078636039,334.16593489609534,222.79177047114752,77.26112126640326,123.27166492826471,0.1000037394568996,235.72959934526358,3.3465371443475753,232.7476782611186,119.76328208396053
condizione,0.10000000000058779,0.1000000000003201,0.10000000000034465,0.10000000000024364,0.10000000000071337,41.09999999997066,0.1000000000002035,0.10000000000046469,0.10000000000021278,0.10000000000029903
conducive,0.1000670170760263,10.924410045698561,0.1000282562422079,0.10002360538050019,7.3482355113698965,0.10000009342997372,21.551091114491086,0.10005219959315571,0.10000668057506355,4.5760854758114675
conduct,23.43626775046691,47.014045662476114,126.77733016853438,2.2766128747031775,9.704333312234983,0.10000004800736663,115.79479177748557,0.20928418628176312,16.64446868250923,75.0428655369608
confer,137.77071246993555,0.10002555825043653,48.29939231505804,11.903433713759284,29.42063140941816,0.10000003622024947,48.705358884282646,0.1000266560858236,27.133830715570824,107.46658824108681
conference,137.8149559538925,82.05170266329868,0.10002313256460611,0.10002310447065557,0.10002878476845878,0.10000006863101037,2.865070078493873,0.10003926996474614,213.8237100793098,2.9444468642674115
confess,10.805066607238059,0.10001305272100781,0.10002764262926055,51.15712346603035,0.10002704376342297,0.10000010178409907,29.64064146031614,21.731272299458574,12.398510532650864,115.86731779309216
confession,118.66584395025633,0.10001398220878613,6.248905206060569,50.595385982948805,0.10002050275972527,0.10000001983953397,0.10002343763343909,28.673603048579757,64.72896171462976,116.6872421547802
confessione,0.10025513380759218,0.10000000000747572,0.10000806273879828,0.10000539324309402,0.10000000001666093,67.10002378177145,0.10000000000475197,0.100000000010852,0.10000000000497122,1.0997076281205773
confessor,106.00610841268973,0.1000102028442031,0.10002123140917431,24.13504735283722,0.10003150659604945,0.10000001005619179,2.8175519058806398,20.29337333111663,0.10003017226418255,40.24782587400106
confessore,0.1000000000004985,0.1000000000002715,0.1000000000002923,0.10000000000020663,0.10000000000060502,68.09999999997127,0.10000000000017259,0.10000000000039412,0.10000000000018047,0.10000000000025361
confessori,0.10000000000030622,0.10000000000016676,0.10000000000017956,0.10000000000012693,0.10000000000037165,48.099999999972326,0.100000000000106,0.10000000000024209,0.10000000000011086,0.10000000000015578
confide,0.1000102736178762,0.10001760543582365,5.143912351795677,0.10002459780219645,0.10003432941302677,0.100000848255301,60.10034097120158,10.055621670394137,0.10001126137589489,0.10002609044280004
confidence,0.10018592396956988,35.13373332715283,20.410819022690827,26.833333846728976,0.3575767493761025,0.10000033455736651,205.17805285148657,37.19280911222891,32.52800153664176,7.165487294823591
confident,14.912643462136913,0.40209581661901106,6.34683277593671,2.4761630433685275,0.1000214493148862,0.10000005262179693,93.39130814100703,9.016323391972586,9.153487342633447,0.10112452403246036
confidently,0.10001671169339993,0.10001193289169982,0.1000368101991211,5.609505857241549,6.8339813581990345,0.1000000483368874,25.841905238508932,18.936411115363196,0.10001727806988496,4.278113649198644
configure,0.10000915921781768,0.10000591345538594,0.10001844417583494,0.10003930749312395,0.10000067135340708,0.10000000000080055,0.1000011036140684,0.10000634622967969,37.099918883872334,0.1000001704240909
confine,6.411052749564301,10.57497872691731,31.362607524410095,0.10001403633763535,4.076514896009014,0.1000001151756275,10.154357643659464,6.00406157007101,3.210157723776747,4.006255013748828
confines,9.131732555589258,6.875562939349997,12.392190109911967,0.10003681259385509,4.865860692242508,0.10000002543669965,4.630181684939887,0.10001150193516276,11.704418800944307,0.10000487674406636
confirm,113.73363962398777,15.897539916534326,43.87252348294582,154.5679355820529,68.60117093846239,0.10000005884604213,65.34137634903807,43.397066667879265,31.99002213998281,163.49872523993295
confirmation,68.7277591774516,0.10002386344054588,13.506801826195943,58.79267850840926,0.10003466870084163,0.10000008422064102,0.1000331583205605,0.10004310033461128,40.30426364040885,90.16836197216509
conflict,0.10002079426439436,197.38213593374095,69.82977998466352,21.59807841218306,3.6773694516072823,0.10000003195974862,75.30654162620729,0.10002265007538695,40.33787160577434,17.568179509195645
conform,13.690887289590897,0.10002162691057087,51.40788960055151,34.218392685786576,12.56396580773427,0.10000004670147945,48.57379202301109,45.5754168568045,28.366982359661222,3.402651702914583
conformity,25.284741861401592,19.131532827762754,71.56383339212564,0.10002746517124216,26.930917073645492,0.10000000537245445,0.10003061717307811,5.7686984937952435,36.31869159615325,9.701526667060845
confront,0.10003806858024104,36.08404674996325,19.20614602235203,0.10003066877700086,0.10001541388862428,0.10000010378935612,8.49195394927309,0.10004151649809724,22.20495426075928,8.512773245767384
confuse,5.452915350818414,9.724913303543678,23.596159447660607,4.126544948801728,0.10001605458835118,0.10000004270824361,0.10003886066628807,0.10004164677748704,13.40670877673922,12.292661567329555
confusion,3.5115202805289734,13.624474283644975,27.33860308308756,18.73891295393488,12.237762805449314,0.10003138771512642,24.80993533674785,0.1000309725301885,22.94192884706396,32.59680004892542
congregation,565.244498979892,16.713259973659493,0.5607286900028529,23.46555809367162,0.10002300962852415,0.10000009020929507,17.187457298466512,11.900420330975876,189.43615975440417,38.29189377875282
congregazione,0.10000403375390642,0.10000229491030216,0.10001098618205573,0.10000464114858969,0.10000000000139125,108.09997738858875,0.10000000000039687,0.10000000000090624,0.10000023296160325,0.10000042239935925
congress,3.2993354547825424,21.4963843324243,73.71271055021349,0.1000286334605813,0.10001489932568408,0.10000000567661621,41.19732548790114,0.10002658065071222,9.794169733002265,0.10000432227055656
conjugal,0.10000877427355553,0.10003300570201601,3.857963199226178,0.10005408210092948,183.40116460803884,0.10000025937147883,0.1000241609775116,0.10003857516769704,6.040708338129785,0.10000499667852217
connect,25.11647759066075,56.87414412427523,34.773008688912704,55.14796828480151,29.862737562511473,0.100000041418286,0.10002968721278935,15.033305521368135,52.9521752367672,7.040153261731332
connection,22.62706429091624,26.141407803073808,55.792118925779704,33.26713102148244,8.218234292682505,0.10000005031291964,5.516107551992355,25.250470831048105,46.987443979085576,0.1000212533001131
conquer,0.10001481823156959,6.90238791508629,1.1482379595818595,34.70056614984414,0.10003676748016443,0.10000001973813813,49.460730922982336,5.992840572743205,2.395167512281763,0.10001736170376449
conquest,0.1000072205719858,0.7935280566225437,31.04222595825431,4.6907477155281,0.10002556233184853,0.10000010965087423,0.10005063612297792,0.1000319835552708,0.10002872064493462,6.87335403634687
conscience,6.7558589941710006,86.64957577529803,447.5330581191118,227.9850898255862,4.9900380306109735,0.10000249248852439,20.16158010158908,0.10002430110926801,71.24286472610639,104.48190763359271
conscious,8.01070164336062,41.311373145619726,63.4880649903103,46.13932536264496,0.1000259185132086,0.10000011297249133,0.1000288811470764,0.10003815112177551,101.54795047261052,0.10249132133526528
consciousness,0.10000718978715467,20.129308074663133,74.99422036836332,27.518073395928365,0.1000491141405328,0.1000000248545795,6.322551575274059,0.1000209011531925,27.535762200502038,0.10000715503245663
consecrate,52.87686253321245,0.10001794956847067,0.11143274179926807,26.75230671711793,0.10004187975601035,0.1000000787157491,67.10831483260685,116.87432429929383,272.10431455003925,34.87238441757045
consecrated,11.436107641583023,0.10000564707006776,0.10002119372237639,0.13804851685819486,0.10002699601623016,0.10000004462167997,5.163215269202416,0.10013212289731693,457.2769406517336,4.485501915995944
consecration,36.895891959209834,0.10001001360583106,0.10002043137272115,51.84756414380084,0.10001931949058517,0.10000003998028649,6.800274970246289,54.61842915191057,118.84567145150751,35.592118518581195
conseguire,0.1000000000002513,0.10000000000013687,0.10000000000014736,0.10000000000010417,0.10000000000030501,64.0999999999727,0.100000000000087,0.10000000000019868,0.10000000000009097,0.10000000000012785
consensus,0.10007377934105997,35.24703756673655,2.673952361052682,0.10003016870107122,0.10001123774710219,0.10000022054351443,0.10007051712831369,0.10001239099992464,4.81808718732329,1.6607245699840336
consent,60.77044638497561,0.10002164033861874,53.843936733571724,13.530964585145787,44.79580541600552,0.10000023217163485,0.10002423067284678,25.62137313512946,0.10001907384240424,147.0374085678486
consequence,4.250797368958931,133.80301692153233,133.20272104537293,39.606682019453906,33.549674955468305,0.10000005300339834,16.63601259626186,13.70181103160307,36.52887350147197,25.620410506532128
consequent,4.162729368641009,16.95996812086393,3.723293908326725,0.10001889735455503,4.163458027263137,0.10000013334361163,8.00524968297063,0.10002349121625564,12.35321802185277,2.332040347833218
consequently,63.013358161720475,51.50498270150554,81.17854623157338,35.99303010567961,57.30907261382752,0.10000005525510894,26.381127520388127,25.68309128316568,84.85856267705863,20.97822864948633
consider,132.9455482075601,257.0638897770113,274.9288789754918,99.2672852847318,132.05448263084793,0.10000010101844711,270.45201637109204,151.14801000916,231.38279480286064,197.65709383988943
considerable,8.48914130306937,26.861115007132955,24.857800600031066,0.10002405244365914,9.098900597663983,0.10000002534168193,0.10003012551014599,9.231023391594535,20.999720054623932,12.16224484225546
consideration,64.31085163426603,101.07118645175193,161.24580718071994,17.715559288240215,24.75866531732801,0.10000003335942632,43.68447010177372,44.98212784969566,37.64994974688612,33.481382395641745
consiglio,0.1000000000007183,0.10000000000039123,0.10000000000042121,0.10000000000029777,0.10000000000087188,36.099999999969874,0.10000000000024871,0.10000000000056793,0.10000000000026005,0.10000000000036548
consist,19.48806911106326,47.39802184679089,87.45511208432688,72.71730659993412,34.00027663242,0.10000007198820161,13.692479259834457,13.277704755500928,44.05206266554341,1.8189669722560988
consistency,0.1000222486226674,6.588961104102968,9.888806853324228,2.0909559501386363,0.10003609981206564,0.10000007489532663,0.10002499239618334,1.3490693270293121,19.582085859588346,0.10003748973136083
consistent,9.74321407374666,12.838330825166537,17.69288821782003,0.10003114475925169,12.05646382672666,0.1000000144556054,0.10002604070978807,0.3826750568439379,27.88632230714914,0.1000484922557162
consistory,2.0322713639995236,0.10003510416390948,0.10005406720273403,5.125476346407275,0.10004495698243132,0.10000000332733006,0.1000780148875133,0.10004108043895901,0.10000598344313895,36.14199307870005
consolation,0.10001638391062838,0.10002299767736453,0.10128684585890574,42.74792811136268,0.10001981801692468,0.10003561167912657,205.05852611847203,21.122912956419576,4.469237904836645,0.1000132514417729
console,0.10001175504782833,0.10001893428068244,0.1000235824558055,25.64082264651656,0.10001245065033708,0.1000001231216314,103.91512294572392,12.098749943832066,0.7452181484841257,0.10001946959916062
consolidate,3.415539726085933,8.302130748020977,0.10002679042846972,17.010900096597098,4.504555620331406,0.10000003215667672,0.10007313902150168,1.6125148670852811,15.75424035260715,0.10001862724635963
consonant,2.7405956890673955,5.413276428441465,17.750583718043455,0.10004644479840243,0.10003992315136304,0.10000003883309096,0.1000592917187996,1.6485003734320267,6.9912311462177135,1.0556669458299857
consortio,0.10001733681819265,0.10001938308686752,0.10002936647703202,0.10005786044498323,0.11152617431990695,0.10000002529979883,0.1000013382209735,5.353298497776206,29.835028880305003,0.10002113694957745
conspicuous,0.10003558969839664,0.6396948330596557,3.2975818448635894,0.10001285004985595,0.1949078506363927,0.10000120879752329,28.254843134215005,12.305962211348907,0.10000590017559255,0.9069545768307078
conspiracy,0.10000689852023695,0.10002581865361007,25.80172662690886,0.10002244618143344,0.10005597886978884,0.10000005330253063,0.10008741158496534,0.10001525138828436,0.10000183881575989,20.39805767540784
const,15.454011871216421,0.10000054595018577,0.10004730849650724,0.1000227794558567,0.10005200966894175,0.10000020355675947,0.10003324323987263,0.10019346635225208,6.3590706195471975,18.486567952045824
constance,0.10000618892810637,0.10000013534130911,0.10000084628602958,0.10000355593021139,0.10000004654882826,0.10000000995000116,0.10000490380319763,0.10001166677334462,0.1000035341351135,85.09996911222659
constancy,0.10001042534834859,0.10001000536696522,0.1300914350061805,0.10002114545761319,11.488035393496181,0.10000002716570304,99.68177997069755,0.10000982281466018,0.10002165432890808,0.10002012008497506
constant,8.686966349723763,69.38512744420981,18.97303657546276,51.43005107025752,28.886329313926396,0.10000006867807064,96.31334561814117,52.9338290839207,123.5291376860364,8.76217678930413
constantine,15.295018476016736,0.10000702423263498,0.1000029307087291,0.10002988581484526,0.10000398297668596,0.10000001311131052,0.10002737038391696,0.10002692573828335,0.1000151321873374,24.90486825860043
constantinople,41.3344177526039,0.10000459837356944,0.10000967261160773,24.23688431150432,0.100003779212131,0.10000008263364263,0.1000167433321496,2.814894586803961,1.7699134158051169,240.34385505686026
constantly,7.750832179254249,77.95907794924021,12.354462931329596,151.76571941811204,2.5477735428654547,0.10000002961609096,114.39873614538902,36.4846411371231,96.90046274013524,6.738293926595439
constitute,24.06991378819977,71.67376948111357,130.24427489497006,140.05521860737483,82.7864045197037,0.10000007180133207,0.10002711117930609,20.632974501858786,121.81217898542324,15.52523803804341
constitution,431.1614028670554,17.1509175663898,74.16136930938886,297.4391102718056,8.241418320904932,1.4056917882131121,0.10002555491136443,17.78529929589702,194.1625866896936,452.39217833537396
constitutiongaudium,0.10001137436969303,15.711753535091276,0.10002194757458029,22.272893231405472,0.10001408188955407,0.10000003390617149,0.10000078213209533,0.10000172620457305,3.315303019688061,0.10000026754466594
constitutionlumen,0.100015944427399,0.10002824611234806,0.10001279860657358,15.496150379420623,0.10000095068626563,0.10000036663541684,0.1000017328765311,0.10000596577087952,36.703782966652234,0.10000064863431204
constitutive,0.10002520655639348,1.819317996489258,2.846467453426822,14.211524677336548,0.10002005337506596,0.10000017854792041,0.10000174992900267,0.10000615751177706,23.522635918546726,0.10000060805010433
constrain,3.792349047853933,0.10001582548528101,28.56500721066618,0.10000748246593909,0.10004326703287109,0.10000001500109863,0.10005071370678155,2.7196539972329354,0.10001001775668082,11.322862422495088
construct,0.10004732914707792,19.277925790626313,12.227384604899537,6.588653054519192,0.10001860945472194,0.1000089625651657,0.10006849754466167,0.10003136590992646,0.10003887576374818,4.305822909118119
construction,3.467464801370362,17.862398941871835,7.437131056281922,0.10001662368261281,0.1000433044169207,0.10000000000768908,0.10006848942812381,0.10001718563581612,5.572045002805907,8.160814594100664
consubstantial,0.10000264310437933,0.10000620775156205,0.10002165125079411,18.867100123536208,0.10001922604194988,0.10000000306511522,0.10001122523116462,1.9359861631010902,0.1000396017858219,17.496813154869518
consuetudine,1.1004433441489665,0.1000000000005576,0.10000000000060054,0.10000000000042449,0.1000000000012431,58.099549052859345,0.10000072078073366,0.10000068362567256,0.1000000000003707,0.10000619851516455
consult,36.140229195739394,0.10003180502070363,11.456276135021058,0.10001741933724959,11.034680461144273,0.10000003592534898,9.99084878362016,0.100026834202202,3.0064523667015544,15.9714369629622
consultation,31.18496806842463,0.10006681756768618,3.4306720759240434,0.10005895826892743,0.10004646723827304,0.10000001064633142,0.10001748844742168,0.10001756451328991,17.538392354738516,14.24576019382068
consume,2.935734809040057,24.140538362237862,0.10002080534076851,7.702220708796511,0.10000584375145057,0.10000007310417756,12.555463492599158,29.098225460067493,0.10004400569539088,16.167746439024693
consumer,0.10000055802548617,44.84659909846785,0.10000611019318233,0.1000188411002233,0.10000643435059706,0.10000005272359949,0.10000257874223684,0.1000042034540492,7.35336207641406,0.10000004638217361
consummation,0.10000526879875588,0.10000470626336583,16.38160178712439,0.10002790347175071,0.10002374789403227,0.10000000000346328,18.848080189101523,8.493838978174425,3.37093534545524,0.40548207341258924
consumption,0.10000018978537971,57.09994313277548,0.10000550310256556,0.10001806956033871,0.10000208190139998,0.1000000404576788,0.10000361598354694,0.10000448406340959,0.10002277402256028,0.10000010821950424
contact,6.446636117870264,35.81513332666304,59.30279569843626,46.31274015955859,0.10002428109663088,0.10000004165524996,0.10003334893137475,0.10002535852356056,93.63624337962904,2.086368287288945
contado,0.10000000000054972,0.1000000000002994,0.10000000000032239,0.10000000000022793,0.10000000000066751,42.09999999997089,0.10000000000019045,0.10000000000043473,0.10000000000019903,0.10000000000027971
contain,69.01300374732996,20.533841807919607,109.7928666165023,149.83818510994365,52.056265107434676,0.10000006395617526,0.10002314587430543,50.27512374573502,48.42074414419454,185.8699465107864
contemplate,0.10001380394876132,25.39551593788329,0.20045431242642964,94.13400972401905,0.10002074910497528,0.10000007043606816,18.188074186792548,68.41216503204195,42.26972393555989,0.10002224747786825
contemplation,0.10001089535021654,10.545276116546724,1.3317344251097385,54.79481588556878,0.10001496680783249,0.1000000316024809,13.229026549847628,110.2392252354515,63.45988674673924,0.10000914668626232
contemplative,0.3501395415872144,2.9390773381604407,0.10001769335232329,14.421036335056801,0.10001151245803995,0.10000001067048186,0.10002818572933334,14.608716874083976,66.18095961790476,0.1000128907005914
contemporary,0.10167635077111738,36.29319712495126,49.79721222358282,75.26455134094418,0.10001826157399114,0.1000000483116287,0.10002470704122622,13.988774318624044,77.54768710809903,3.7068585157768994
contempt,0.10003169017299883,9.735764949130868,27.261009686228352,14.073919139866252,10.702537696091143,0.10000009946882636,70.96264728690818,0.10001984680155682,0.10002064589869374,31.864048959116673
contend,0.10004650883235422,3.091014694240501,6.8132291205075255,2.102200488379615,49.29280491578709,0.10000000986271255,0.10006323849832888,2.0459066136504767,0.10003329522854917,2.2547011145663607
content,0.10001355142164196,13.935745220617354,89.89045563102798,114.78029906432872,0.100028341620358,0.1000003300522964,0.10002630562909168,17.270955048834374,183.7813666824322,75.94110982371738
contention,0.10003250950959032,0.10003150527895223,12.369368513554111,0.10005304563195265,20.457763800867163,0.10000000916981372,0.10007916961799913,0.10003393060475922,0.1000166390632066,20.47262087624796
contest,0.1000664546165104,0.10001407838062205,12.229831699757284,0.10000634854138336,7.557612395330051,0.10000012818834457,21.158756682394323,0.10001390026351911,0.1000009554142692,8.453697356873144
context,0.10001833284266876,129.4998909481973,1.0174089515467064,155.5812468346905,2.3116996156390073,0.10000003192126239,0.1000168564943057,1.2251087609874987,247.96457831063304,0.10003135673754911
continent,0.10005194229453024,27.168658378514422,0.10001439950151744,6.552600984153545,0.9154715262094044,1.2923898333236798,0.10002443430067989,0.10003122624642835,249.90904144330398,4.761715831774601
continual,0.10002593921077421,23.56983738423848,14.44436499255567,0.10003038946449161,0.10004071815278766,0.1000001758455995,17.72829918535588,5.074492045599017,39.35074294825471,1.4321662209699524
continually,0.10002312107960548,14.03986357151745,8.048120165789495,62.05868535659589,7.689914121540666,0.10000003984997825,45.570435830671904,24.28414173769046,56.87622508359295,3.2325909713322636
continuation,4.466694857585392,3.9064211094117605,0.10002705191726126,13.20278917943914,0.10004261098200468,0.10000004383893554,0.10003238731097708,5.532244152979961,16.282558920369752,12.209189685807447
continue,76.06562087616689,161.47514366434044,74.02103111551719,191.67213156060785,0.81992449020209,1.1013747691292264,196.10293400918212,38.658414089246385,314.75615793032847,84.32726749490477
continuity,4.728215909654199,9.230882496756776,0.10002177018332586,33.317151017625626,0.10000877449305963,0.10000018671645161,0.10000521341255275,0.10004911114723371,21.123582830308557,0.10008268934441174
continuous,0.10002508097140955,0.10003178841616849,26.63675659929566,6.096402441434668,0.10003672905670388,0.10000002453940006,25.357560821702222,11.053776154208542,28.070642313800338,6.38476804622679
continuously,4.826394499739426,0.10001235865101508,0.10003098100869878,9.144111330004888,4.324075500532983,0.10000001249593725,6.850779403893522,0.10002539624836776,13.712401312132144,7.742169204967372
conto,0.10000000000065387,0.10000000000035612,0.10000000000038341,0.10000000000027104,0.10000000000079363,36.099999999970244,0.10000000000022638,0.10000000000051697,0.10000000000023672,0.10000000000033267
contra,2.3396859593431176,0.10002994652199136,0.10005065893355666,16.328271868377325,0.10012671704089204,3.3056006096774526,0.10007768918836818,16.395148723286077,0.10003277909693879,3.1309750479820546
contract,0.10002568623463985,19.19736854283173,0.1000343331885671,0.10001370840170233,103.37929603918971,0.10000117274215765,0.10004742832459476,0.1000380219148218,0.10001375566654251,102.72316131118043
contradict,2.5778625278325364,18.44481068036165,21.921727293991832,20.43715050011446,15.445001820166294,0.10000004507378976,0.10004163239998255,0.10003533211230034,13.08684717626584,9.786522991307704
contradiction,1.6815568783514827,15.29856831170772,46.86828644987781,39.083651708984604,14.931544159779689,0.10000005510918618,0.10003155349809577,0.10002551798147083,8.197314214845914,5.639021149517286
contraria,0.1000000000008708,0.10000000000047424,0.1000000000005106,0.10000000000036095,0.10000000000105683,40.099999999969015,0.10000000000030147,0.1000000000006884,0.10000000000031523,0.10000000000044301
contrario,0.1000000000003976,0.1000000000002165,0.1000000000002331,0.10000000000016478,0.10000000000048248,43.099999999971764,0.10000000000013763,0.10000000000031428,0.10000000000014392,0.10000000000020226
contrary,47.744127045040266,88.76041390190889,261.27842745499186,34.84617397578497,109.58396106414357,0.10000005291493078,19.505489959292245,17.669695977444597,26.09979057853552,272.4119199896028
contrast,0.10001980952908145,31.562384436571836,23.545970989149573,50.33524284672636,0.1000176495462115,0.10000004530756482,0.1000311357071598,0.10002918306264862,1.7571823468391865,1.2991215572161
contribute,28.31272450619281,110.27545277974795,46.79393761565361,2.390959389657976,17.759200548373563,0.10000005632853189,108.62848327273088,15.290512137068047,128.77976881110683,21.66896088279723
contribution,6.438411480072438,130.9871879018819,20.888819320698264,22.58783138937241,2.561340108187534,0.1000000247143635,14.838879741804945,0.10002104151722667,169.7552940115812,5.7422149798335225
contro,0.10000000000054904,0.10000000000029902,0.10000000000032194,0.10000000000022759,0.1000000000006664,248.09999999997112,0.1000000000001901,0.10000000000043407,0.10000000000019875,0.10000000000027932
control,2.0982067605348536,102.8433774832313,37.34909606721762,0.10001490758882353,26.592325719101595,0.10000008234420642,55.47379681569377,0.1000246358487031,0.10003335639275696,7.243124171728774
controversy,12.304001856713,3.653108540598454,16.336403193935503,0.10002800222494321,0.10003479252301048,0.10000035965610601,46.34418236712862,4.030617238431547,0.10001234642163517,26.931611302055426
convene,11.74500702426911,0.10001340518548117,0.10001516086590653,0.10004155375147326,0.1000125650406398,0.10000006083791456,0.10003426461890419,0.10001356976926394,1.3712960792478963,26.18356631608723
convenience,2.661119450385922,3.2755898797990284,10.278744228785783,0.10001071276928389,0.10008315828381868,0.10000271286684576,0.10006333111413433,8.29572812996914,0.10000445091155286,11.988653944746623
conveniently,0.10006447713380547,0.10004358862440585,0.1000409580780459,0.10000197143894828,0.10009008096836765,0.10000002060340878,0.100069380971036,1.7890491345254047,0.10000694333229972,33.41063344390527
convent,0.10000763969601487,0.1000281892751119,8.023719427846158,2.153214257951843,0.1001446519703441,0.10000103707879204,0.10004544283044656,1.6591307976380412,0.1000660264509952,51.56364252876423
convention,10.415230456001112,12.303428968974622,0.10003409361016063,0.10003151313009141,9.503230128003196,0.10000018010129665,0.10006619809136487,0.10003756720290011,1.4263344563155416,5.851606438131849
converge,2.683295434233168,2.171073131251835,4.064907832510065,18.833176932253544,0.10000508274360304,0.10000003408940701,0.10003690731606767,0.10002904350701132,10.747457248809033,0.10001835294863957
conversation,4.858554048982001,2.5329225394912394,24.933875773322974,78.50874941076438,0.1000096621677659,0.1000001406602162,4.322066207456852,0.1000307124887959,0.10001753526177169,10.443773969089296
conversion,11.544221210451484,18.703799124163798,0.10002176145838816,134.41137940027934,0.10002032283394949,0.10001115284464915,1.9350764902602633,17.05725780381951,267.9229292874511,10.125283446105865
convert,8.56274700228071,7.204308223318083,6.104929244208584,28.281318517298388,0.10002596791307065,0.10000067387499799,41.94205613767935,0.10002244286713421,52.56218520170263,50.042406588521295
convey,0.10004163444401896,8.571531149855247,4.549921197390006,0.7139733090040106,0.10002523396119334,0.1000001274241682,17.407273338384357,6.73528030911925,5.052305673068473,10.669648026984966
conviction,0.10001315356933511,130.85795094130617,47.871661783260926,53.74056718592179,0.10003140793015057,0.10000006784931983,0.1453673962842444,11.498424442445495,82.48597320638855,0.10001041474741323
convince,0.10007892340391593,33.0502268280165,31.41695208725412,112.45337356552977,0.9356267416440466,0.10000015841631604,81.1966281322982,3.0038904039493297,20.902060984289314,9.841162174853075
convinced,0.10000598471487535,8.794579607643506,0.10002854720940417,17.149500546719533,0.10004234952034813,0.100000093881769,3.585384269586541,1.1795761317003055,15.79087860155032,0.10000386715969992
convoke,5.184360237234277,0.10000974458955326,0.10000719236906118,0.1000118231288451,0.10000294221864245,0.10000000458980025,0.10001423625064268,0.10001283850629623,10.373909489105754,26.741671491806393
cooperate,4.4580244725206315,42.89049643996067,0.312247163091824,19.483949478323797,8.189576396873635,0.10000003454953686,16.789625369683094,17.108809655642474,65.56726245549635,0.10000853354435184
cooperation,21.632159851139836,97.30754694003849,20.084014920881643,20.788900957610487,21.6293842644188,0.10000002851115554,5.577929957326855,11.074888763781368,213.59589166796965,2.2092826479718393
coordinate,4.633208454421884,23.624805127288017,0.1016856479594525,0.10001471080450454,0.10003156459757151,0.10000004145277516,4.018104871083021,0.10001413457308143,38.12212182231575,0.1000136252103911
coordination,0.32641184696194636,10.70743981010998,1.9621055062292239,0.10000760471428354,0.10008412288985201,0.10000000431677293,0.1000255985082515,0.10000334014212121,24.40391749762203,0.10000466821873141
copy,15.47255661286683,1.1970473943899251,0.10001476833712855,0.10000732234788241,4.8200469722466055,0.10000007249617852,0.10002280452894524,7.65204260264997,0.10000060158759301,53.35826084831533
copyright,25.797883067622255,6.797079927725812,0.10001242376228438,49.517959155167205,0.10001329668200169,62.32097377689615,0.10000918322682516,0.1000110050176481,27.066054534136754,0.10000362951778395
cor,0.10002392412149043,6.096891886218135,19.072654164879715,131.49638033932342,0.10001920713099671,2.3349934607673295,40.783216183668316,16.56597860319165,44.34981351309274,0.10002871724744151
core,0.10001198258593437,0.9692380113114959,0.10001367245272157,43.41150399364633,0.1000022910521425,0.10000004555994846,0.10000218771468118,0.10001071325727845,2.919217042361381,0.10000005985963817
corinthian,0.10002859051792745,0.10001670106726661,15.149642758949467,39.870346098063834,0.10006028302376936,0.10000000001140448,0.10009409412398639,0.10009852762797451,3.7241304467436107,2.655582499339002
corporal,0.10003750722771103,0.10002763274297992,11.495294480057648,5.245225352376986,0.10006615387463305,0.10000199086712923,0.10003997882608395,12.667020826018694,2.317916696033851,8.77436938157626
correct,33.45092224248344,48.5252434011857,74.82649322888834,1.7550716770013162,16.63811740946138,0.10000003605713251,8.581341229099614,28.421845789063134,30.1618269091344,98.53913807728676
correction,23.62292934857211,3.881532076876327,16.441775561627338,0.10003310674255673,6.121126016335413,0.10000105742329174,0.10003167823119966,0.1000190758809702,1.1658914621336158,46.36666061582839
correctly,29.196745119393313,9.097724841191036,30.801857211447647,5.594148066382242,0.10003595838105264,0.10000010538203029,0.10003795593275903,4.083314512755043,18.73405652773568,12.19207970103327
correspond,31.58128134127045,46.35593145194504,31.57941639825464,63.88003827582876,0.10002602548376648,0.10000078205897486,26.642129177906824,3.726550194007836,32.75555645502825,5.279069897873481
corresponding,1.1096452047375793,7.5852919159683125,5.32969982633081,12.185678249302452,3.295442006167818,0.1000000166729808,1.7848784168933676,0.10004039771758039,6.1823247495028255,1.326999216310374
corrupt,0.10001101270537191,8.714764120834321,6.530425068658367,0.10001532345198927,12.294626025650947,0.10000005826100722,71.69030412065194,10.437116269789101,0.10055915597114096,17.932178843687968
corruption,0.10001562477055997,36.03160056924819,1.5116739758713336,0.10001362350377574,21.02744484222631,0.10000002157179223,69.94396072294043,22.65784569373792,14.164038612910849,21.363406312914055
cosa,0.10000000000047929,0.10000000000026102,0.10000000000028103,0.10000000000019867,0.10000000000058169,115.09999999997142,0.10000000000016593,0.10000000000037891,0.10000000000017349,0.10000000000024382
cose,0.10000000000057435,0.1000000000003128,0.10000000000033678,0.10000000000023808,0.1000000000006971,171.09999999997098,0.10000000000019886,0.1000000000004541,0.10000000000020792,0.1000000000002922
cosmos,0.10001243042263086,5.626558070675405,11.02542054222612,27.647948049097504,0.10000097923589418,0.10000000727934169,0.1000031996274716,0.10002576335633137,0.10003086006846647,0.10000009779098924
cost,0.10000887836451837,69.78446057085083,15.612008985628961,0.10002851222874465,0.10001807416524344,0.1000000116124563,36.204519050351415,6.410224429978065,4.515646843745719,8.073084642751908
costituzione,0.10000000000044652,0.10000000000024319,0.10000000000026182,0.1000000000001851,0.10000000000054196,172.09999999997166,0.10000000000015459,0.10000000000035303,0.10000000000016164,0.10000000000022717
costituzioni,0.10000000000082908,0.10000000000045152,0.10000000000048612,0.10000000000034365,0.10000000000100621,90.09999999996937,0.10000000000028703,0.10000000000065544,0.10000000000030013,0.10000000000042178
costumi,0.10000000000064754,0.1000000000003527,0.10000000000037972,0.10000000000026843,0.10000000000078599,36.09999999997028,0.1000000000002242,0.10000000000051197,0.10000000000023443,0.10000000000032945
così,0.10000000000051615,0.1000000000002811,0.10000000000030265,0.10000000000021396,0.10000000000062649,288.09999999997126,0.10000000000017871,0.10000000000040808,0.10000000000018686,0.1000000000002626
could,74.5017383076667,176.62327840978134,193.3238603287144,262.1235027512146,39.129554427181496,0.10000054333754195,383.6644641529383,103.31373953393238,14.783522718829964,184.43633882607025
council,468.76818117628073,66.14098087040627,16.915568480659058,941.9788463930755,2.100251178522804,0.10000008456369532,0.1000222635003135,52.7266940505816,1017.0541172643942,1778.1153382376947
counsel,10.624974125004599,0.10001448032647,23.499911898715688,82.28861887888188,32.0265910638541,0.100000305296119,196.13151263364597,0.3583904188315523,60.69838779701371,125.17159839811465
counselor,1.4182781410719294,0.10000762646905989,0.10001554248394338,41.27634477226203,0.10001755895738294,0.10000000000208498,0.10003517422174041,4.605283952955428,0.10000789115731953,0.1000093401811906
count,6.724753452751661,4.767220066760404,0.10002314662555864,18.066828840244465,0.10003326209158099,0.10000074966867907,28.150607862341673,4.454540717187108,31.270097874083618,49.265894027905354
countenance,0.10000154945626161,0.10001359207683788,13.092786938333028,13.665810179271247,0.10006450462184792,0.10000000273166798,3.0336642963453517,1.6191477424266811,4.8947503485466735,1.2937608458403689
counter,0.10002351712855394,4.899535784815433,11.709650957081967,5.531998753795106,0.1000251213212705,0.10000005821055212,0.10002336484624687,8.786203734086758,0.6366463556451605,7.035892352724561
countless,0.10001221198802351,27.66883258070197,3.986180982286811,21.78392822646891,0.10007802967165458,0.10000005160419892,52.591965615980364,5.406539343074687,28.162451068052302,0.1000118898635409
country,30.629062556958043,748.0690785916194,21.067869281643386,3.3590405052736068,0.10002769491382536,0.10000025264504603,485.59557776069374,0.10002601107552975,166.8438768113618,18.135440533482456
couple,0.10000959474615126,36.83371888062053,0.10000950659684109,0.10002373221919143,122.4043566880058,0.10000008784839177,0.10000742451710848,0.10001763493547638,24.06185590207429,0.10000054823906451
courage,0.10001643292412461,38.97026768686965,23.67242070688245,27.922804862208164,12.781738727320498,0.10000006312966947,112.1660490930891,0.10002035958903661,55.822375111023966,0.36430695663677426
courageous,0.10001004827372101,18.780757567948932,1.3770466443111813,0.10002936817991182,2.4269722385002384,0.10000005437125235,30.297644163607583,0.10002459966766547,43.61750137376028,0.10001394107564004
courageously,0.10001375208438316,9.380617805582355,0.10001780892765035,0.10003024051487933,0.10004726087348816,0.10000000732152675,26.88500805364234,0.10000953663385558,25.034247225038943,0.10000830910131661
course,88.36133030258856,72.86142202856355,123.82834912717766,90.36931120309006,19.076222090730443,0.1000000440809832,247.29960797617892,56.287669755204064,83.8279713938556,28.98811607819366
court,0.10001408970950461,1.6539568250470904,2.9321998355148975,0.10006495068438075,9.86944943097894,1.874422327351625,0.1000318063777057,0.10002557068182237,0.10002213250199755,81.16981303073594
covenant,0.10001744844076767,0.1103043397565047,0.10003978604397147,280.3379133764798,20.454832098853696,0.1000000262991416,0.10003780872379858,20.302711377724904,30.294125109554816,0.10001862778394026
cover,8.802723700944979,9.786120276702341,6.459390364553213,14.32670924886433,0.10003451209381017,0.1000001115436063,22.114393211591548,3.2234791860353607,6.931437187188987,21.155712200130164
create,0.10027608008183757,358.07404287256884,97.13712749926783,229.64157232904003,24.660444047442084,0.10000008959290559,2.1937717560941175,19.41071569171021,85.97554300232572,31.706506631537167
created,0.10000463633806114,6.135012595339481,5.2086384140707285,39.42237963954303,0.1000228847751797,0.10000004409641321,0.10001376702962052,6.633907182217159,0.10001677173199747,0.1000040646256676
creation,1.5806439249717763,164.0969721366408,20.74735969498454,316.8791107861308,0.1000219460771002,0.10000001525844608,0.10001849790665811,17.448078007763364,79.84776673953893,0.10002825041755777
creative,0.10000423718377831,48.92937932817461,2.3781657832775465,50.72153987754598,0.1000123232532396,0.10000007926966217,0.10000814599428383,0.10002159126714008,15.370867811536373,0.1000008222749973
creativity,0.10001662394750786,50.96645660215345,0.10001437338045349,4.626619337116729,0.10000485127061776,0.10000003721616223,0.10000272963522087,0.10000824622009012,29.706876865170113,0.10000033370067005
creator,0.10003587816828347,147.37244782417318,102.26803401764406,166.97060627473292,82.1705318554543,0.10000001965592838,0.10002042596210695,12.778239009693385,0.10562227165043231,16.034462422552302
creature,0.42133580735311604,124.10004237777406,22.889983822326112,144.54809150614585,12.05457792792908,0.1000000326073145,0.10002020004732169,63.269234960327346,4.682030878816414,9.834682486352197
credible,0.10000846520828512,0.10001725346961225,0.10002691019430299,2.8100464627767394,0.1000071767682927,0.10000009804034263,0.1000111549648,0.10001234809370903,26.35962725600429,13.130242874230355
credit,0.10001315997440431,14.951395294821635,3.7252881603354573,0.10001771829555041,0.10003712365696488,0.10000000992092832,33.657571896174865,0.10001203566115986,0.10003102481456914,10.065633576044208
creed,20.206512929487136,0.10003385958336627,7.170740187277092,28.630650300333112,0.10002945777709396,0.10000004685589078,0.1000258770011387,0.10003538480270932,41.09090779438286,65.40106416215659
creep,0.10013292698408761,1.203623157492376,0.10002454519052079,0.10000726822562561,6.576979547239808,0.10000002686687345,29.25184435517542,0.1000284431893985,0.10000742420845067,3.367352305086464
crime,0.10001591336750651,56.15472828151616,13.402442456599006,0.10003755925436347,29.29872740415791,0.10005387942496596,58.06732683602269,0.1000219293673753,0.1000157096028483,151.57663003033446
criminal,0.1000074105772918,19.068587944163568,7.679141942570748,0.10001288809139455,9.404340890712453,0.10000008309500073,13.966332207739622,0.10001184549762286,0.1000101899798014,30.381554597325707
crisis,0.10002314733463721,141.28719083718818,10.867345028186332,10.491140545103393,0.10001550662798926,0.1000000219460291,26.51164251490921,4.745678004492657,42.33414531822054,0.4628190756522109
cristiana,0.10000000000101159,0.9542832867330242,0.10000000000059314,0.1000038100277349,0.10000000000122773,60.24571095189687,0.10000143069936432,0.10000000000079977,0.1000000000003662,0.1000005205426613
cristiani,0.10000000000081034,0.10000000000044135,0.10000000000047517,0.10000000000033592,0.10000000000098357,60.099999999969455,0.10000000000028057,0.1000000000006407,0.10000000000029337,0.10000000000041229
cristo,0.10000120022570547,0.10000302011095202,1.0999682123229189,0.10002168768497396,0.10000000000111026,198.1000011629673,0.10000000000031668,0.10000000000072316,0.10000471655847856,0.10000000000046538
criterion,10.90493010436907,70.23832557366939,57.307814247993804,10.120481296683066,0.10001650726884444,0.10000003479513263,0.10000954540044872,0.10001602025315771,117.92840318843176,0.10000348088994468
critical,0.10001982436308884,39.138461059047906,31.407838435491232,11.884735925706636,3.470810283044007,0.10000005539816027,11.055669491540378,0.10001059417145342,33.42988434459534,8.312569986319534
criticism,0.10001650314895165,10.159204361099919,43.42361119613221,0.10002909475522193,16.478965258676478,0.10000005489746086,0.1000237627132826,0.10001274452956997,0.10001364433968163,4.33812337943252
croce,0.10000000000058266,0.10000000000031734,0.10000000000034166,0.10000000000024153,0.10000000000070718,48.099999999970734,0.10000000000020172,0.10000000000046064,0.10000000000021093,0.10000000000029646
cross,8.119414057857428,3.0419009610951613,1.8858893461531816,525.7375736522521,0.10001345596691223,0.10000007978600846,29.57993808490498,220.93239539766884,68.93443741572504,68.56843754826897
crowd,0.10002142888823182,10.09450099398517,0.10001726324667028,13.219662521837686,0.10002345284669474,0.10000089720470888,44.08405236035109,27.693502933843163,15.558497437934033,3.949720709541458
crown,0.9851487013853296,0.10002530769248695,0.10001847929396765,18.44130757512751,5.229062644827386,0.10000017087310795,73.13974117920404,85.29678097788101,0.10002933124370192,3.5078856321389424
crucified,0.10001081429210815,0.10002246903515755,0.9281512654012564,62.05512944518642,0.10001260584214706,0.10000005473115853,0.10003089430327321,7.63492825311768,9.044471589204086,3.837242608572286
crucify,0.10002544115949481,0.10002623407825632,0.10002618575073657,60.238628447092,0.1000189655814739,0.10000001368724702,25.55779315952769,0.10004253471564341,7.111539114884678,13.49189990318862
cruel,0.1000183244249506,9.849621392299815,1.8576846421087325,0.10006141675998476,3.9436004953592985,0.10000007325496782,54.5446301800554,2.908592554258473,0.1000091171150659,2.495781804013904
cruelty,0.10000257778113142,7.343701378636685,8.026614488300012,0.10008319936926473,13.21443501485245,0.1000000064587999,0.1000589366865758,0.1000247516366149,0.10001547770615363,5.81506416813644
crusade,0.10000328256475965,1.185047999536573,7.531103220730818,0.10000364100086793,0.10000725128981715,0.10000009790323396,21.87277109010939,0.10002441511775412,0.10000091308813919,17.811038088435502
crush,0.1000022507256955,0.10002835510368793,0.10001949793239878,7.108113382946188,0.10003190851613201,0.10000006896549472,32.07222062320574,15.63711579655617,5.67478570789068,8.007682407842958
cry,0.10001243926282186,59.17368437288588,0.1394654065080861,112.2113617594288,0.10003512261403447,0.10000004067491049,92.55921089465794,13.693382531558417,5.377658661192486,3.54518877089365
ct,0.10000000000565518,0.10000000008987106,0.10000644091436325,0.10000018294865834,0.10000000000684442,1.0999873034002146,0.1000027027418175,0.10000000000445901,207.10000238762575,0.10000098215288256
cui,0.1000000062406738,0.10000000000031851,0.10000000240960531,0.10000000288671922,0.10000000000070983,406.0999999881247,0.10000000000020248,0.10000000000046239,0.10000000000021173,0.10000000031056654
culmination,0.10001400880804183,0.10003196907925696,3.5639812059716824,32.07490235678514,0.10016568436872421,0.10000009360844893,0.10005321618691435,6.872398738543975,2.8884329440714986,0.10001978212836599
cult,0.205663842805857,2.7029759924658263,8.656751527719425,6.194084169590459,0.1000339164065783,0.10000120744118295,0.10004725835911558,32.957536700456046,4.716579704269178,3.2663256800785305
cultivate,11.092206908241184,46.78025446448978,11.627566582235536,0.10002633748097622,5.391364141339102,0.10000117867333243,67.25516043942558,0.10003474250888551,34.09004354192335,11.463341663341499
cultivation,2.270662637403193,10.58873970548758,0.10002006167015079,0.10001796228280205,0.10004114031060386,0.10000003348371007,22.878301532794964,0.10003350557721177,0.10002246618934357,9.662160954491059
cultural,0.10001413134297181,284.50758690315524,15.039549531050904,5.644440721410943,0.1000099197927535,0.1000000440621809,0.1000063281138966,0.1000234428433143,340.2083683125297,0.1000006654695729
culture,11.586671399329273,454.29281103902355,176.3396016835958,22.24927458856572,0.6683400111435637,0.10000060703279703,0.10002905067340706,0.10002468999405989,653.4632421419344,0.10000478841560899
cum,14.8453212068255,0.10000424575897608,0.10001792627106443,9.140808452557396,0.1000151467347786,66.23952196400218,0.10000639506089608,1.935503875221313,5.772622766623797,3.6661780206659973
cunning,0.10000444393524534,0.10001014906724456,2.1510102329561933,0.10001271796265111,0.10001637740642551,0.10000004086784858,35.177970658659014,0.10002403931335552,0.10000244202734485,8.970948897593397
cuore,0.10000000000073561,0.10000000000040062,0.10000000000043131,0.10000000000030491,0.10000000000089279,51.09999999996986,0.10000000000025468,0.10000000000058157,0.10000000000026629,0.10000000000037423
cura,0.10000304952604366,3.0450733320731476,5.703430783132588,0.10000773187746252,0.10000138388166478,98.55142425036098,0.10000929222630733,0.10000220850316731,0.10004767135801929,0.10000029683037842
curb,0.10000554235305827,5.568185570951412,0.1000239727517066,0.10001842692012178,7.639474262989416,0.1000031397605374,12.287248004952259,0.10002801983605253,0.10000485217583217,12.905008207053918
cure,0.10001767309989532,13.003262050093902,13.419536319142937,4.7412896695394,0.10002514430818431,18.7392621968747,57.02976855190775,6.863394426242955,0.10003212109516552,20.903411847329366
curia,28.909301369725235,2.498066032135374,0.10002079689567057,0.10001317007516965,0.10000676971332169,32.124268888544755,0.10001435606155114,0.10001183725152041,26.382779399584418,96.58551737973886
current,13.027590742090306,62.09553978889411,52.04112859168161,7.902946186883861,0.10001649881124101,0.10000005902269049,0.10175379246253137,12.594433506271166,18.471766201383158,6.564824632171736
curse,0.10000073437961736,13.627627014475703,6.7311553855079485,0.10004545174682321,0.10005089150150048,0.10000000983528426,0.1000510308309155,4.059600405316853,0.10001252877473929,15.981456547261722
custom,153.7866945041494,4.931855499293931,8.934887962101584,14.193595314901108,34.54608188703764,0.10000003506248134,90.60763803735625,54.2853588297406,28.48102627971499,243.13286165030064
customarily,8.597519185050555,0.10001456514907496,1.7578820206670769,0.1000414543992252,0.10001221976029614,0.10000031516767478,5.47015146365162,0.10003565741498976,0.10000433680458284,34.574338781635
customary,19.97002926967685,0.10003665744443167,0.10004286278106773,0.10004468039617241,2.8085309646909455,0.10000004881761443,0.509179691435924,18.492272025628054,0.407825145376027,40.41203865332379
cut,0.10001573052709158,15.726991896696529,0.10002040179909544,9.90582623551453,0.10002209628678918,0.10000002452446743,53.62332217541548,11.167941098926148,0.10003066196289657,31.075829678029077
cycle,70.57410124776654,9.632762749982193,3.4970385675717375,0.10004461887046315,0.1000348724764388,0.10000004851916065,0.10000745044408556,16.01783898818929,1.778160322179764,0.10001113368820379
cyprian,0.10002299362649712,0.10000840856876764,14.552598829168211,1.9722292980956613,0.1000488398418788,0.1000003398934916,0.10006371496030393,17.755841134170073,14.49006127381263,8.729125167473523
cyril,68.10677118359075,0.10000663130288168,0.10001722739509131,17.729431502923607,0.10001195341874436,0.10000002414950693,8.420654696615298,0.10004737647089244,6.295553401249264,80.9475060025752
da,0.10002480685216432,11.151372451456181,1.1112313783095762,0.10008977830552494,0.10000009622220167,1358.0506430314015,0.5154462362003079,0.10002341271680391,2.671163802068372,0.10000500597766261
dagli,0.10000000000070128,0.10000000000038194,0.1000000000004112,0.1000000000002907,0.10000000000085119,84.09999999997014,0.1000000000002428,0.10000000000055445,0.10000000000025387,0.10000000000035679
dai,0.10000000000052461,0.10000000000028572,0.10000000000030762,0.10000000000021747,0.10000000000063675,282.09999999997126,0.10000000000018164,0.10000000000041477,0.10000000000018992,0.1000000000002669
daily,20.7780217205017,72.96560278568997,4.341022139445825,67.90784744128146,43.17620498985969,0.10000013766504116,295.6341846661819,144.9815797381544,118.6950769459565,13.420459434931555
dal,0.10000000000051308,0.10000000000027943,0.10000000000030086,0.10000000000021268,0.10000000000062276,530.0999999999713,0.10000000000017764,0.10000000000040564,0.10000000000018575,0.10000000000026103
dall,0.1000000000005345,0.10000000000029109,0.10000000000031341,0.10000000000022156,0.10000000000064874,202.09999999997115,0.10000000000018505,0.10000000000042258,0.10000000000019349,0.10000000000027193
dalla,0.10000112821550164,0.10000064195496346,0.10000307122799783,0.1000012980461129,0.10000000000086567,385.0999936771702,0.10000000000024695,0.10000000000056389,0.1000000651762128,0.10000011817409366
dalle,0.10000000000064783,0.1000000000003528,0.10000000000037984,0.10000000000026853,0.10000000000078625,182.0999999999705,0.10000000000022428,0.10000000000051215,0.10000000000023451,0.10000000000032958
dallo,0.10000000000060338,0.10000000000032858,0.10000000000035376,0.10000000000025008,0.10000000000073225,35.099999999970535,0.10000000000020888,0.10000000000047699,0.1000000000002184,0.10000000000030694
damage,6.229222959101741,55.987392850972576,34.08213389865856,0.1000195140808869,0.100036831546508,0.10000001454078818,0.10005374545905239,0.10001401434662899,12.346499799596305,38.8546263713362
danger,35.24847965260817,42.9278916240595,144.7954834097765,23.01025456912187,106.38003677526306,0.10000782030201565,332.49893262388133,10.640570762110585,15.685033248252187,107.71330951428116
dangerous,0.10002932679377224,28.449670452496765,47.85034377894564,0.10002907262126172,13.579423488609207,0.10000006776825328,70.16869602662149,3.4114466817116234,0.10007856821215946,21.14028253588513
danno,0.10000000000046157,0.10000000000025139,0.10000000000027066,0.10000000000019134,0.10000000000056025,38.099999999971374,0.10000000000015981,0.10000000000036494,0.1000000000001671,0.10000000000023483
dans,0.10001677989305204,0.10002814534267619,0.10000652009310086,0.10002860337477977,0.10000000000145833,49.15454597678842,0.10000394014079632,0.10000491466425618,3.0453650057610835,0.1000001137378158
dare,0.10001516377451791,5.736056794169065,28.82736132336462,0.10002910252406481,9.258199709550784,41.253391013100426,24.59965242850076,12.98419401120909,0.10003200540515528,181.0410684480395
dark,2.054477191877524,11.36822939328519,11.630571108768297,27.788686346460487,0.10001867152329495,0.10000005468607474,20.854265393901056,0.10002811024060827,1.3141166085738931,2.6896071203326315
darkness,0.10000609738117758,0.1000284098375048,38.00881216415792,65.9927446022901,0.10002207593511851,0.10000003966603634,114.03884786878453,1.3587825988846158,0.6060457123907729,17.5947104303571
data,8.620585021414684,14.432796776877858,19.465973785975155,0.10003599919504022,0.1000109946254111,63.22686748238655,0.10000583472853772,0.10002346752218269,10.75369874869891,0.10000188829938786
date,35.58579452948721,12.69650961124794,0.10003079575489987,0.10003233328743445,0.10002402979807673,12.156083772811439,23.210385273451102,5.641280890940272,20.046957037424953,54.36290172542599
dato,0.10000000000098515,0.10000000000053653,0.10000000000057765,0.10000000000040837,0.1000000000011957,126.09999999996855,0.10000000000034108,0.10000000000077887,0.10000000000035664,0.1000000000005012
daughter,0.1000167975800748,7.87363030052376,4.119343572512258,133.70571494382105,1.0836207603710293,0.10000045291769205,21.992663808241822,15.825642867744328,57.82476114370519,6.374605352246913
davanti,0.10000000000060398,0.10000000000032892,0.10000000000035414,0.10000000000025036,0.10000000000073304,57.099999999970635,0.1000000000002091,0.1000000000004775,0.10000000000021864,0.10000000000030727
david,0.10001877691458552,0.1000088590421429,0.1000161403498679,36.49534942468352,0.10001920857709676,0.10000002182981901,0.5566990352552188,30.888148492961935,0.10000992875676636,6.459730111380732
dawn,0.10002390297012068,5.382919933194407,1.4594057744070892,39.8141311300104,0.10001594485908967,0.10000007094199402,36.498062480904935,9.386807332274682,3.814979488419158,1.3436539416681677
day,275.3252427923481,198.92851410995104,44.04436273355861,343.4527688169849,64.32664337620879,0.10000018535872911,675.3954899396584,959.493973847807,194.82825717385288,277.104747023938
de,199.77371455473588,49.39074269694142,0.10002182369390825,188.4193272054848,0.10002184081333447,716.1512479298336,21.4350714503844,114.5150114831553,65.58769080655738,65.52715020805209
deacon,107.20974911010383,2.2413338028712224,0.10001912670788018,2.2320919640486716,0.10005067667249448,0.10000001865410718,0.10002582361330324,0.10003267746561742,61.386242021894006,42.4304547776196
dead,1.0089038940803077,5.548930447083749,12.088405049720354,92.05727583715253,0.10003020871058514,0.10000011391573477,6.285604148780644,52.862176775255286,24.597196543374803,48.351476981579246
deadly,0.1000057099051051,3.0122954803273294,4.478757999948771,0.10001738422132277,0.10004799449775012,0.10000004754069174,58.03608328589536,0.10001734915653925,0.10000116467571181,6.872773583577069
deal,49.22332916590274,48.66868008233626,98.62186865812167,29.253341631565632,15.226939736432067,0.10000005174471607,1.703607928738376,11.499037567597933,36.69511752915905,32.00807764806331
dealing,0.10003005403186177,9.943471788092273,8.264586606270058,0.10001196871266414,0.10007971645743169,0.10000000000642655,0.10005536600440794,0.1000168673757112,2.3322538691045254,20.85949376355643
dean,32.04945042559492,0.10000635979253046,0.10000938174026795,0.1000022613565412,0.1000092793903724,0.10000015194110652,0.10000924651478356,0.1000137623259188,0.10000312944453302,28.150496001774826
dear,3.8008091696776916,4.1407424084876086,4.268609534172957,119.66273352590716,0.1000226590431789,0.10000005976907568,177.3188726497859,20.282952507641447,45.74750591196808,13.577751573214353
dearly,0.10001141394715948,0.10001738035574456,0.10002493591343538,2.285170283146787,0.10003056853831546,0.1000000192111136,41.914689635634694,0.10001172521761456,0.10002437543458541,0.10001966232577532
death,53.36271994527378,80.71137068805069,39.089526794180685,723.6879361438101,9.365472314909375,0.10000008229483942,104.77710443250052,172.06820840047064,68.29725127786926,168.54040992030536
debate,0.10824534709687414,27.835595281120458,18.769416824373348,0.1000307364531221,0.10001952597295129,0.1000001838279783,0.10003029530730259,0.1000247688265261,7.257158072848342,26.529478963833984
debba,0.1000000000006564,0.10000000000035751,0.1000000000003849,0.10000000000027211,0.10000000000079676,59.09999999997034,0.10000000000022727,0.100000000000519,0.10000000000023763,0.10000000000033396
debt,0.1000049829759277,39.98830581039984,0.10001659790076975,0.10029593293375572,4.554251357567139,0.10000006217794132,0.5272682266016718,12.242116927510578,31.34000820025958,29.947731901353517
decade,0.10274564182233736,34.11565657763746,0.10002321693266629,3.157755288754387,0.10000392333317375,1.1018406847805318,0.10001502893943955,18.04094391787854,13.081014388843593,0.10000133078812094
decalogue,0.10000857123525544,0.10001021377654715,5.413860821700849,25.498922657898706,0.10001767810900825,0.10000000238804863,0.10000213551960732,0.10000481048617398,6.387172955080196,0.1000001536242461
deceit,0.10001243095849288,5.150079568814668,9.307495528952808,0.10004303363760073,0.10003351473616906,0.10000006704701082,47.775312829352224,0.10000902378700527,0.10002564473487309,31.166988357651377
deceitful,0.1000623990798152,0.10000145965116085,0.1000284506145647,0.10000471533348389,0.10003956212690751,0.10000001599756972,27.951058107104938,0.10003074684110605,1.8252474817516606,5.523527061194942
deceive,0.10001231611831772,0.10002014244002215,38.02623736425922,11.411907953168168,19.2394607997091,0.10000005836717303,87.239915174417,0.10002560497190763,0.1900249281684164,34.492395658064375
december,93.46141085678387,80.5576827075676,2.084347799395907,35.51979637469893,0.10003016431717125,0.10000007568182916,38.736959590208414,14.827307135946159,156.81326890120718,34.799196393853464
deception,0.10003711657339404,1.9333535395222214,5.322077185094577,3.004693931687599,0.10004868501239948,0.10000027997285311,0.10006443487960393,1.455934227969519,0.10004041019858527,23.783750188621372
decide,66.0404255011818,22.201498509814996,50.168773421214354,37.6962305227637,13.7414746196857,1.1015762832167555,6.343654061019786,7.382362307340322,16.19514976291287,179.12885501046654
decision,76.1009327536816,135.15563843398036,107.32836452009455,34.38814279503669,0.10003241728620013,0.10000007383015762,0.10002943947946832,0.10003095072718848,64.68220122482732,109.94462739071709
decisive,0.1000074769254999,41.55944013760459,13.906137988333677,60.82320233824503,0.10001140956050354,0.10000011877967822,0.10000894947833122,0.10001034399427916,77.11118038954244,0.10000084731971685
declaration,23.335373679523958,22.413971187251672,56.367689817722514,16.337131414938476,0.10002957387796808,0.10000013120318131,0.1000265328560374,0.10002959583843343,60.50889528911994,137.63685277733552
declare,32.58415477369101,7.1111309812554255,93.41731230952543,51.9458440117792,80.85266607092711,0.10000015264202522,71.07665248177969,72.7465153528264,14.165536930696062,475.0001869345381
declares,1.0057341453840074,3.990385241143505,2.850285209629046,0.10001842133332112,0.10002722244440873,0.10000047900379776,0.10002186860427474,3.511189495906992,0.10003110694239611,29.14230680928007
decline,0.1000259201416527,23.381940359748214,23.391995479506075,4.865583044963397,14.109846250538427,0.10000001129097635,0.10004503354041694,0.10015919667117841,0.10003449078239966,5.75037021242823
decree,402.9439601485098,0.10002298898793992,0.10002561080003812,20.29448384929706,31.038597748916082,0.10000003956970636,0.10002374377149766,41.81111350033627,183.94902091155842,1189.5627514579417
decreed,0.10004455950335502,0.10000652097037062,0.10001400513208877,0.10000456739838577,0.10002378354483832,0.1000000126428185,7.331765323987094,10.227846010030468,0.10000314657367652,18.740292070006376
decreti,0.10000000000070842,0.10000000013337634,0.10000741314768095,0.10000000951450048,0.10000000000085976,91.10000031387074,0.1000000000002452,0.10000000000056015,1.0999922632115113,0.10000000000036036
decreto,2.0998775338656697,0.10000978379420151,0.1000224788596737,0.10005744929079706,0.10000000000134296,110.10000203917095,0.10000306623824337,0.10000275770539531,0.10002147384976688,0.100003416988693
dedicate,5.940863169604684,5.904267183714854,10.294470553911518,19.25076366524873,0.10003056094882004,0.10000026497223302,83.17527487185127,55.88161751819933,81.30541426044168,6.047297950762566
dedication,0.10003165283914162,0.26256140902381875,2.0095602954227036,6.831326634145843,0.10003311689575496,0.10000002726099201,12.287188116664662,10.20541899877453,85.4515804905599,2.6522992580346285
deduce,0.10000328689345815,0.10001258897133544,17.509420324600608,0.10003417800345073,11.610420725507407,5.101420508392625,0.10002903039997438,2.178629630111136,0.10001743863492504,0.1000122881945207
deed,0.10002030447174738,16.48283114775727,12.534905759429117,32.45714283929651,3.644251172688265,0.10000036672694385,133.1221348242195,0.10002130784131617,52.58070886045097,88.87798341679155
deem,20.647114699726156,4.340955433192736,8.451143049538526,0.10000792334616723,0.171576126750847,0.10000005699166087,71.67996672215244,18.46769468035375,4.557644792705063,16.483896514928293
deep,0.1000296858126135,108.58584434221203,108.00382976432944,266.5747412976473,4.179566417170062,0.10000006922990885,100.21729670350247,15.109241913916867,221.4616596044219,2.667790201418181
deepen,0.10001267685114962,9.399287530994416,12.844482119514664,24.145205276275266,0.10001450526255369,0.10000004118055364,0.1000118545021937,0.1000250465879055,80.0109605488382,0.10000039975144968
deeply,2.345921397407634,36.842180341837214,41.26125401508275,82.51560766708045,18.72183278795229,0.10000006990053921,114.25347982495005,23.969877730502866,136.43221181780535,5.557634347141047
defeat,0.10000668752066345,9.231344438123942,0.10001280547823871,10.002251798990134,0.10003713944739752,0.10000000995494629,24.066264575947134,0.1000309110054273,0.10002872686714967,0.10002290636554889
defect,0.1000310697092086,5.701392477462357,34.18481704696639,6.537369534836301,2.4848474220604446,0.10000023428581936,0.10001904934719479,0.10003078407088596,0.21580055534531245,33.475691825584974
defence,0.10001138294171881,52.37348169470151,7.142326421646413,0.10003217511551322,0.1000222304578772,0.10000003563875763,0.10002250671256022,0.10001972609763934,22.044027806974217,46.8400560194118
defend,7.565688015821028,108.91133385957083,51.986576564040966,0.1000248824969132,114.44149255558386,0.10000003689422689,242.57784730756202,6.155007602397518,32.50256522394697,79.65946395135728
defender,0.1000286521767956,1.8967471874504818,5.345595116067766,0.10004023394840955,9.475428521051846,0.100000037887685,53.1921069255787,5.287584609747707,0.7884822391846134,25.71398647652277
defense,0.10002554210330435,0.10002536032735658,52.94729877079959,0.10001179654261412,39.362164384979934,0.10000003334770634,116.65843353019233,4.5608845632054225,0.10002636906961351,11.971129649137989
defile,0.1000249600508574,0.1000146252669528,0.10001260051900124,0.10002044258445521,5.480023347860014,0.10000002546458202,16.951681364043658,2.282296909155021,0.10000046210535604,16.685925262714214
define,25.224546488896884,30.906840011476525,74.27886425181137,17.608233777741617,22.457693828958657,0.10000010728560622,0.10001635124177907,56.74815368091375,47.994181349142345,62.58147015221931
definite,6.707045812761538,5.055791983740798,18.988186825801208,1.2197803216863679,14.734575604382316,1.1000796349579907,0.10004068597235789,3.0645700791700996,8.26536090451479,19.76456814659122
definition,0.10001259091195037,2.8863200761102363,38.91783066649322,21.15843460149467,4.786582141608119,0.10000022225790885,0.10001792408000683,24.221383579095406,0.3740483503275994,53.355369847315764
definitive,4.1884045780862875,7.515438109908347,7.171217977540597,137.71623289749573,0.1000247147267633,0.10000001726316621,0.10000856788223149,0.10000695516077167,51.12888964674048,20.879776534917685
definitively,4.4046664753329585,4.552238987359192,0.10001850577945136,54.96984849698755,0.10000991401044516,0.10000001066281995,0.1000054125662691,0.10001484407894676,6.445633771037375,1.1275635819039622
degli,0.10000009132381173,0.10000184072426868,0.10000911580737605,0.10000606810044785,0.10000312437063075,253.10000971409093,0.10002744857723034,1.0999293302266404,0.10000000000075282,0.10001326661724189
degradation,0.10001050431348993,31.14857349608239,5.310140106969087,0.1000096809275991,4.420562307360761,0.10000000759041701,0.10003909532888362,0.10004436631128469,0.10001375521155823,4.5206066796058835
degrade,0.10000348614024639,14.262956131870745,6.810459018521357,0.10002983644292468,12.610982917379902,0.10000000943880072,0.10007743782900785,0.10005213727978558,1.9115751763393318,5.903863848310676
degree,85.35911633079861,41.245024996204215,102.42479343664228,28.084878468162895,87.42990895761687,0.10000005470166415,31.237503001013337,14.21248154063765,38.4011919505982,35.50510126328614
dei,32.204922494385144,0.10000862400169443,20.715521340996474,31.9456376930352,0.10003866621753883,1203.4469833238363,1.4695895381309914,0.4413422998319555,42.475927122236165,0.10002889697258181
deign,0.10001834441191126,0.10001432230153917,0.10001975927749696,0.10001464680130756,5.277263475107002,0.10000003089432424,23.056290050436974,21.462047294278573,0.10000629318608037,16.604325783072134
del,0.10000832526522035,4.077556786197052,0.10000550175372358,0.1000188506678705,0.10000662023543373,1780.7450479771533,0.10000619079364256,3.158815940609854,7.418492531693472,0.10004127536257075
delay,4.347469326968541,25.07694342994508,9.058360144360917,0.10001875841079606,0.1000300898136527,0.10000010849206384,54.85251207018507,0.10003511477992137,0.10003254433820752,67.16459841237837
delegate,41.20140754131995,15.497376015175382,0.10003827995081546,0.10001512432024727,0.10004244612759972,4.102031148041883,0.10003111718848737,0.10000775298947788,8.03039854454775,104.66865202999296
deliberate,3.2814043677125126,8.69579616261164,37.47215667814294,0.10002138837482899,10.939729601865153,1.1002989795257523,0.100051839086236,0.10001026864251812,0.10002259025909745,8.110508123397153
deliberately,2.671646302114807,6.622892788778673,23.92054762440141,0.20555980963038556,10.627550898808183,0.1000000228748741,0.10004533808451453,0.10004093134773251,3.5460699555174497,11.105646328034208
deliberation,0.10004202370283018,3.0639742840990944,16.32264914336935,0.10002009063967006,0.10002374977334183,0.1000000167354691,0.10005115286060672,2.0741700632131814,5.937790854243891,71.10127862098192
delicate,0.10002752180042551,7.828589549779062,33.13447128764273,0.10002115532453763,5.279223423164145,1.1005400502537048,0.10002868686147597,0.10001575580431635,33.15707832585913,0.10000424319537145
delight,0.10001122877818928,0.10002798815136248,2.780177541807491,14.42906698687399,8.666983827901147,0.10000001206325501,24.190375453611633,35.3819530519966,1.6200125167031785,9.631391391769245
delitti,0.1000000000007219,0.10000000000039318,0.10000000000042332,0.10000000000029927,0.10000000000087626,35.09999999996984,0.10000000000024996,0.10000000000057079,0.10000000000026135,0.1000000000003673
delitto,0.10000000000080504,0.10000000000043846,0.10000000000047206,0.10000000000033371,0.10000000000097714,53.099999999969455,0.10000000000027873,0.10000000000063651,0.10000000000029144,0.10000000000040958
deliver,0.10003896702425812,10.883413567077842,9.323087214894128,28.259764078908017,9.16392206025171,0.10000001023789569,48.21642776380913,23.196960675217422,5.77679470413602,27.979590958093098
dell,0.10000000000050172,0.10000000000027325,0.10000000000029419,0.10000000000020798,0.10000000000060896,568.0999999999715,0.10000000000017371,0.10000000000039667,0.10000000000018162,0.10000000000025526
della,0.10000751011741375,0.10001316130265712,0.10001056458354995,0.10002299146852772,0.10000007506300415,1770.971104698617,0.10000232580091131,0.10000218195876119,6.22883635863404,0.1000001322904241
delle,0.10016162785360928,1.0996792374516262,0.10000000000218043,0.10000000000154145,0.10000000000451549,718.1000589261458,0.10008607887836586,0.10000000000293999,0.10000000000134632,0.10001412928172446
dello,0.10000000000069256,0.10000000000037719,0.10000000000040613,0.10000000000028711,0.10000000000084068,120.09999999997022,0.10000000000023981,0.1000000000005476,0.10000000000025072,0.10000000000035236
demand,46.27812922853421,308.1618815438514,257.1311720749324,37.4522363553447,139.33491599147857,0.10000006913602077,131.69302398541072,11.536457637627091,336.3096643041398,132.0025188092086
democracy,0.1000012044270707,73.58266337657199,32.61728405078203,0.10001062257025177,0.100011021385356,0.10000000251243399,0.10001719026186644,0.10000151613352418,0.10001015663098702,0.10000085857430652
democratic,0.10001444474588896,42.5135839369179,11.686321073216453,0.10000809641700772,0.10001927307452296,0.10000000106387265,0.10002212402268096,0.1000011062552711,0.10001553732108381,0.10001440676696327
demonstrate,13.398741410801962,37.19981731145004,62.331075246680456,26.504810568380854,2.8459558132034912,0.10000004648924725,0.10003824985508224,10.154605374516752,34.44790596682764,12.91705001143845
demonstration,0.10004110444414896,6.040908096710573,16.881859582807188,2.5567374088778467,0.1000221991293042,0.10000012430713118,18.397488128599974,9.615130715332363,0.10003053880045336,0.1077821006301348
denial,0.10001321374782304,24.46099715599338,40.514846587032835,0.10003263379964321,0.10001180824738633,0.1000000252038557,0.10001894352489892,0.10001744715382328,13.440855844062686,5.983206340941012
denounce,0.10001619952520517,4.806686651298664,15.163508909306916,0.10001124399572346,10.15449323652019,0.10000005356002414,28.07269892475021,6.333169669596068,8.623635199732908,35.5457799114077
deny,2.652730568932711,85.74236695172596,153.9423703102188,15.103700503187891,61.50703444315951,0.10000004562060319,69.13925463740786,15.820413788078909,5.888713457115563,64.10341529421059
depart,0.10003398106284454,0.10002857181021718,13.917910141036655,23.908008605757797,20.078078078086786,0.10000004083375025,17.645932692505394,20.70052143022959,0.10002819613468554,49.349458262204
departure,0.10003597260922417,6.725574628012114,4.232477108302796,66.76311975236894,0.10006040686081179,0.10000003704852932,0.10004335250684686,3.235768963330815,2.7024917395839245,14.940428038976288
depend,19.170183333518484,50.64254631591384,61.4025712392077,37.13885724486917,32.86663144271298,0.10000006150947342,77.9307457578088,0.1030330425780244,61.25043959212487,10.394991969419136
dependence,0.10000920571563457,29.57601871512347,19.82916792744638,6.894717223992108,0.10001472070720947,0.10000008818046556,0.10001888625073352,0.10002353192697681,0.1000277265894696,0.10000197381748023
dependent,3.558638883586637,27.01157555478819,27.253409149514138,2.531750541292872,0.10002905882275144,0.1000000359242784,0.10002980661859517,0.10004563738385767,6.092528348827115,6.151992982874884
deplorable,0.10002270352700587,2.3567302851933762,11.393261554164908,0.10001893714212386,10.59426406348231,0.10000008833770516,48.05560527688501,0.10001882145516014,0.10001251922482354,0.10006575029856399
deplore,0.10002026855409672,0.10002057438354284,4.835789914579006,0.1000063223542557,7.788861716396761,0.10000006877165661,96.57067703521759,0.10002553687729188,0.10003723071649571,2.2045613318493773
depose,0.10001778969731594,0.10000022036359646,0.10000448234857356,0.10000268293440849,0.10001229417173607,1.1011487409935354,0.10000504245697696,0.10000639951725436,0.10000006779673185,51.09880227959643
deposit,0.10002340951482164,2.860534331579402,52.00064051808847,0.9470586617321406,0.10003038788679286,0.10000005394430374,0.10003321093375099,14.049581511351231,29.78603793707039,8.95605997752679
deprive,15.80355800350408,64.21298535549155,16.443409826038632,27.655827421814287,45.89275400903744,0.10000020869207055,68.76047894604955,0.10002520420383729,11.115104433685069,152.91585659114727
depth,0.10001726518388235,10.013250139756924,58.72169741851563,227.02785573949947,0.10002643723935961,0.10000004097796475,31.50189088575722,0.10002464885319215,48.70730771902381,4.627929704866155
depute,0.10003396876169161,0.10000655668014376,0.1000071904286266,0.1000084827684982,0.10000683504346657,0.10000243178240206,0.10001435035294161,1.5992670226246886,1.9717631177492314,43.72889004357791
deputy,0.10003815798641794,0.10001474280615323,1.7258060793783438,0.10000060318271507,0.10000881058704272,0.10000000201229393,0.1000203703523807,0.10000229542631903,0.10000000000099245,45.47410893809162
derive,26.309187376862894,37.64332879636802,114.58297173703575,34.33752727122022,51.453511771395846,0.10000005210263098,15.900303259607345,52.98116972958977,51.8691626531977,7.822837352284064
des,0.10002294197811018,0.10001669873345011,0.10002623312491647,4.2142126979787635,0.10000314250664072,26.01014427035626,0.10001752988822522,0.1000395643418413,0.10003793964770732,6.0754789811143555
descend,0.10004507179933253,0.7966526900734181,10.411708168244367,26.263359136505347,0.1000367705943565,0.10000037710074577,22.19649674317547,14.65182100756118,0.10003567450593204,11.279844360065955
describe,37.18750048905423,20.6612742354755,85.46588802253272,104.55685991509968,30.137127608241357,0.10000008424872527,3.123143895835219,34.37319010789963,47.54594748294266,24.849068158332177
description,0.10001289209312851,0.34950067911543814,12.115033994330565,48.42799486351553,1.6574247381530565,0.1000000169704406,0.10003550796956491,1.4715354194770751,5.288023957671494,3.3904379303413825
desert,0.10000933923491001,12.161402015270435,0.10002411075481103,9.698593704839295,7.2048164521080045,0.10000006956058843,39.16073462714952,10.047855074652842,11.308745756802653,6.1178188493012575
deserve,0.1000222964017965,18.432339139225192,16.63362247710694,26.714532241065456,5.004513856865218,0.10000003273002198,76.91878602959213,18.544565463370123,28.082106748465502,38.46951171484119
deservedly,0.10002344122870785,0.1000017510057685,0.10001665660076417,0.10000586789823915,4.545106326740657,0.10000004154779829,0.10002130133237057,14.888873259685981,0.1000067276774948,24.865944626096347
design,1.0613195692550739,26.237797186652298,21.52804069582451,8.740245543587394,17.08676989913951,0.10000004122817187,126.92350453703604,35.7140726651364,16.067815909614172,6.540433952177351
designate,20.620133699876014,4.210972831237309,8.862720823846352,0.1000264990635544,0.1000364389588267,5.107054994781221,0.6726836437909662,19.947138808491193,4.074895860523235,27.30433639905137
desirable,8.077141053289921,7.121325173405598,12.823208662769787,0.1000143747894225,15.185545514809206,0.10000005687525042,39.22287227980653,0.10003541136931925,6.02497183047599,1.244885642075999
desire,73.9194812952441,126.01482963829254,149.09835225192793,216.48792128021267,49.94680621727415,0.1000001756299367,889.9239728545944,254.2539041150089,213.51146749688948,119.74326467459078
desired,8.389141269911425,9.334484250263595,0.1000184489159851,0.10001841692159809,0.10003507431726574,0.1000000378117706,47.38323479319582,0.10003236296810226,0.1000306029312738,16.29300474244822
desirous,4.5991321623077965,0.10002626865091065,10.365195026109104,0.10003423968298253,4.289508679359621,0.10000013869994971,20.980029340163984,6.725506479192218,0.10001909751227916,5.640548567991901
despair,0.10001585047683549,8.256030633503116,11.229539379554197,30.430516531893016,9.587747405175616,0.10000004918990767,0.10005321496008299,0.9682825599558333,4.835219732349298,4.392594642552069
despise,0.10000828853864058,7.475841717781464,10.366550970501143,14.256112545972085,2.4168169333752774,0.10000074728483223,93.88727920824317,0.15036604827846622,0.10002161237716292,33.14700192733393
despite,14.463914103527907,28.39085091425133,16.17163368351698,56.51447232813165,0.10002444419047385,0.1000000907524199,55.903290231701426,0.10002920430693629,35.687174064841166,27.568610934443925
destine,0.10002394805001841,12.985669247697944,19.79591854671732,34.76877519461965,7.814978857402167,0.10000008842111877,54.5707012671708,8.389005339450438,26.787310949345013,3.6876165607851363
destiny,0.10000631795331029,53.91479878453857,52.31108938363745,67.47954359036105,0.10001650029991113,0.1000000512066855,5.802044274746302,0.10002754585299627,15.992471068515838,0.10000248261018385
destroy,3.075468513956556,60.71979085116428,41.00957301042439,34.325345473213474,42.758269179189824,0.10000003737937017,208.30844332239755,0.10031561987323992,0.10002280590900835,81.5027711861685
destruction,0.10002785670378081,73.20958954350533,26.507135547837372,0.10004297376161915,17.953898786419675,0.10000003506067731,99.27828622340917,0.1000212489009331,0.10002775750031011,34.55097002656667
destructive,0.10003413745195537,27.04490793303618,9.497702827715923,6.503049037777954,0.10002393319784136,0.1000000251524736,28.049320605716005,0.10000935489627558,0.10001958316068969,9.40493256158835
detach,0.10006447520752391,26.432265390201962,0.22744192287539203,13.730603476747325,0.10000981086719249,0.10000034649647249,11.066426456464376,0.10003675627964624,3.6487009622770326,3.494450402208115
detachment,0.10003050164703936,0.10002616430929367,2.5550926231995876,0.10002577597791364,0.10002717500954002,0.1000000020545551,12.654348099523899,0.10003455239502569,29.090407310860112,0.10000779471755028
detail,18.11550976259769,21.101229760959757,32.48424540036884,12.846247030713656,5.925047622600873,0.10000011404089092,26.898806358475085,4.0098099151253574,0.6104868401287938,23.908617194637323
detailed,5.180712196473794,0.8066311034609783,2.065004578137398,16.24051569642233,0.10002759761875503,0.10000000900358319,0.10006522902931154,0.1000190001824589,6.945491096946556,4.36153349229705
deter,0.10001278692326494,1.984140911260926,0.10004726403234294,0.10003081791559626,9.168784766345025,0.10000016356263258,8.647591621348072,0.10002392483509472,0.10003847877260666,17.59932926463257
determination,8.655423994729249,15.091574894579537,19.18973884963016,0.1979511951243339,16.06293901113234,0.10000007263168818,0.10005026146485044,6.512199944260803,11.434758998479778,8.655362777578514
determine,116.6722032078685,50.17258683560642,139.0649842643744,32.015810759013355,27.38119221174483,0.10000005546981107,4.0337921232564575,18.320122696269216,37.685377076907585,57.55393076915222
determined,1.5995466031941847,1.6389437713685642,21.02628520091939,0.10001816593641796,1.2530815831850097,0.10000003671176533,1.8471457251460823,0.10005944637704021,5.789414413929804,2.54550505283634
detract,6.991223279458304,7.461127582246578,5.844317529692287,13.86858741137609,0.10005495391779255,0.10000003498863141,0.10003365774158728,0.10004497344017062,3.2754253659502863,11.159185210802487
detriment,0.10001370663351218,19.656218436381774,22.553327720503717,0.1000127255444126,19.04067949370208,0.10000000488583118,20.83501767404819,0.10001796453732917,0.10846221949686095,13.40625005396112
detto,0.10000000000047109,0.10000000000025656,0.10000000000027623,0.10000000000019528,0.10000000000057178,89.09999999997144,0.1000000000001631,0.10000000000037246,0.10000000000017054,0.10000000000023967
deus,8.364381108569377,1.8629410618893156,6.513360549029515,0.10003942936196131,8.38217126347295,32.03385206230107,0.10001949480302774,19.44321393015541,0.10001123143416195,0.10000986867380098
deve,0.10000000000063941,0.10000000000034825,0.10000000000037494,0.10000000000026506,0.1000000000007761,171.09999999997055,0.10000000000022138,0.10000000000050556,0.10000000000023147,0.10000000000032531
develop,13.605789564692834,304.4302998344835,112.6720053811876,65.21846632348438,1.607578323791326,0.1000000826434222,17.737694794421973,9.96077247810809,205.7094385267364,2.9579546901068134
developed,0.10000673033729705,84.08762762843615,0.10002828502942145,1.4544100419058172,0.10001684829718993,0.10000001152602458,0.10001389092672687,2.635952941123227,6.2219418650244895,0.1000017571253237
development,2.260520226570359,941.7968720984027,108.05405759816638,34.779437946022206,0.10002000852966833,0.10000107907614722,0.10002174587488291,17.592910058662966,201.11613751569251,0.10002172269903349
deviation,0.10002168300650312,10.666364092671113,18.95863576097212,0.10002326333533058,0.10001084398460423,0.10000008704724661,0.10002647099170425,2.784181226676976,4.175520443758521,2.9152161272374313
devil,0.1000380164824881,0.10001266218490507,17.89670871395192,10.20086757158665,0.10001671991807756,0.10000012642565521,20.53026762441802,0.10003316077277741,0.10000613154213554,43.77204927243834
devise,0.1000217464789243,18.620573804809887,11.007058191685296,0.10003005371502839,0.10002548774337688,0.10000007982442244,32.88744396474072,0.10002585455624449,0.10004140944409386,4.884779406658811
devono,0.10000000000069756,0.10000000000037991,0.10000000000040903,0.10000000000028915,0.10000000000084666,74.09999999997014,0.1000000000002415,0.10000000000055151,0.10000000000025253,0.10000000000035489
devote,36.54995741468046,44.65279141262499,3.7571402209886196,49.38493000836924,22.430967003181443,9.074742448584061,247.83051508177917,24.88707866153126,140.25305667477807,40.17882107311855
devotion,1.8166491573565475,0.10002490227621184,0.10111298254428569,10.579288483210052,0.1000205986759565,0.10000013240164234,147.2288965659229,622.9318964203823,42.06709364656451,40.97501711033757
devout,0.10002374326860207,0.10001067066177467,0.10003183956454635,5.688740255790014,3.4476058828866276,0.10000026047735616,20.52444897135571,55.65088282154335,0.10002979954262214,29.18822575459433
devoutly,3.032160360637323,0.10000145858554892,0.10002334490864499,0.10000325909495428,0.10004483804263506,0.10000072630732072,4.054624160655219,38.08445769795911,0.10000383970685656,26.228680313883206
devozione,0.10000000000072316,0.10000000000039383,0.100000000000424,0.10000000000029974,0.10000000000087766,41.09999999996989,0.10000000000025036,0.1000000000005717,0.10000000000026178,0.10000000000036789
di,0.1000185166324444,0.10001471359712831,0.10001297264897886,6.441216600966718,0.10001046547404441,5660.401089314625,0.10000730577547651,0.1000236772670003,12.457581852006395,0.10002458075465546
diaconate,35.54080970302686,0.10001044496699789,0.10001701536911005,0.100007514250951,0.10000815323371785,0.1000000256784962,0.10004173919099896,0.10003338245339995,3.6590166038665473,0.10005541764567608
dialogue,1.5475280501075523,171.51557413740204,0.10004514807651234,98.19483846112772,0.10000212073097219,0.10000013621132813,0.10000576963858626,0.10001040721475492,649.1419905236153,0.10000524564813312
dicastero,0.1000000000014663,0.10000000000079858,0.10000000000085978,0.10000000000060781,0.10000000000177967,60.099999999965654,0.10000000000050766,0.10000000000115926,0.10000000000053082,0.10000000000074599
dicastery,15.763868430834153,6.071525484191418,0.10001223145791899,39.83933528892064,0.10001190921181172,0.10000189111664413,0.10000799338910478,0.10000967176578297,14.725224450350721,0.10000264854533782
dice,0.10000000000065425,0.10000000000035639,0.10000000000038367,0.10000000000027125,0.10000240333129769,65.10000049282073,0.10000000000022653,0.1000000520484581,0.10000000000023687,1.0999970517096143
dichiarato,0.10000000000050045,0.10000000000027254,0.10000000000029342,0.10000000000020742,0.10000000000060737,35.099999999971125,0.10000000000017327,0.10000000000039563,0.10000000000018115,0.10000000000025458
dichiarazione,0.10000000000032176,0.10000000000017525,0.10000000000018869,0.10000000000013338,0.10000000000039057,38.09999999997218,0.1000000000001114,0.1000000000002544,0.10000000000011648,0.10000000000016371
dictate,3.902338829322397,14.594310452962178,31.251059044283743,5.428986402295033,10.889188247749567,0.1000000561067059,19.67300227046735,0.10003311769549864,1.1421670214184159,7.918914557339161
die,21.31376865231051,17.045624891414292,10.726455876550917,143.97236483894034,0.10002446090470343,19.269285276375438,55.1089372719359,56.7873895494236,31.48487637202698,82.19127280975732
dieu,0.10000622697441867,0.10024229694512117,0.10000047938122149,0.10001941094462846,0.10000000000392131,85.09972052082091,0.10000693597356614,0.10000000000255671,0.10000000000117018,0.10000412857662141
differ,2.4664671300419467,12.060874905293547,79.7808596547898,2.5027097587094045,0.10005599200009295,0.1000001867811711,0.10003691027195177,13.936985617288983,8.668725707539991,10.283284136904873
difference,7.873228388656471,94.75388787102327,52.874172080541136,21.744000847418153,9.71074813642339,0.10000004919991552,39.43221212980984,9.801492890436332,45.25444725219439,26.455810353953858
different,101.85944165613016,297.7495860541195,243.0543687927333,221.228184952464,12.947054644999685,0.10000006397059374,42.80207947461275,22.194690574588698,473.32981253438135,71.73478125165981
differently,0.10001850455119263,10.784616624465297,13.37786158608606,8.870830140901056,0.1000415094540984,0.1000000232927715,0.10002844005760429,0.10001509191842407,0.10002724951420758,12.366560829437901
difficoltà,0.1000000000005078,0.10000000000027653,0.10000000000029773,0.10000000000021046,0.10000000000061628,35.09999999997108,0.1000000000001758,0.10000000000040142,0.10000000000018382,0.10000000000025833
difficult,32.95130213146969,129.56715013667414,75.25319174993916,97.92118127617194,17.871513212941593,0.10000007939576362,103.38460605796278,24.73616229058222,106.63912810876148,29.57576495576288
difficulty,45.23067119781549,91.68016496233034,54.8960889134795,10.574833092770557,54.76831747983939,0.10000003785690453,187.6870561605559,5.714258138654971,200.3485530359264,30.000056980430138
diffuse,0.10000647351043476,0.10002150405280917,4.874791813055889,0.10002316934698696,5.428473391629331,6.103631468810322,33.52492936008543,1.7701282993065641,0.10003175493136389,0.8979627649155104
digiuno,0.1000000000009511,0.10000000000051801,0.10000000000055771,0.10000000000039426,0.10000000000115439,72.09999999996866,0.1000000000003293,0.10000000000075196,0.10000000000034433,0.1000000000004839
dignified,3.2503325767326587,24.68883301296612,0.10001965338843419,2.6966601326740247,0.10001863487845623,0.10000006759404918,4.764025752914247,0.10006150049394866,0.10004245263295286,0.10000621537312177
dignity,0.10440245589575955,492.535125983036,92.50746885049072,242.17841449923216,256.3794039755569,0.10000007523811737,135.1165739900927,132.64308018387624,151.2824002441115,250.15312974213603
dignità,0.10000000000082447,0.100000000000449,0.10000000000048341,0.10000000000034173,0.10000000000100061,64.09999999996938,0.10000000000028543,0.10000000000065178,0.10000000000029845,0.10000000000041943
diletti,0.10000000000106572,0.10000000000058043,0.10000000000062495,0.10000000000044182,0.10000000000129358,83.09999999996802,0.10000000000036899,0.10000000000084265,0.10000000000038582,0.10000000000054222
diligence,0.830750650091115,0.10003436914332839,3.670803664099078,0.10002386763989592,15.402481315238905,0.1000000383061686,97.68877595585633,5.73588895959719,0.1000140610306545,24.271227118682702
diligent,8.069896200265967,0.1000151103986881,0.45598881193136,0.10001627857494745,12.73380323670212,0.10000133932481556,40.1807863841164,11.95591004835499,12.034843647624976,16.2687389423918
diligently,35.3239263668559,0.10000479428920603,0.10004627658821616,0.10002009462446645,24.038258995318035,0.10000001090662264,87.86778458675805,12.814611734246595,2.064614917138765,47.490732222952644
dimension,0.10001213679173417,135.15684470889852,0.1000163817927472,260.1690479597361,0.10000618248427734,0.10000001967892369,0.10000373730209253,0.10000685182091723,203.9740613811156,0.10000064019298704
diminish,0.10002659350716073,23.386421261035984,15.113971361933967,23.960672755347932,15.477251321408229,0.10000005240159668,51.336378150304114,13.44877673941276,10.290039753557636,11.786462010750249
dio,0.10000000000072343,0.10000000000039397,0.10000000000042417,0.10000000000029986,0.100000000000878,344.0999999999702,0.10000000000025046,0.10000000000057192,0.10000000000026188,0.10000000000036803
diocesan,85.9683106492504,0.10003521692011187,0.1000461937636939,0.10002055959003889,0.1000338265378185,0.10000008485037154,0.1000508757361541,0.10001388258616577,147.30947394551382,74.0220147648749
diocese,285.490099945191,0.417940129150297,0.10001982561274485,0.4298713935879378,0.10001735432118229,0.10000004103268667,198.47351933650611,0.10003368584576094,156.33971331985882,149.4487849685416
diocesi,0.10000000000083209,0.10000000000045317,0.1000000000004879,0.10000000000034491,0.10000000000100993,197.09999999996947,0.10000000000028808,0.10000000000065787,0.10000000000030124,0.10000000000042335
dire,0.10001767117763315,8.989300574210713,1.7494003727749428,0.10003101771370125,0.10004294787348286,51.106604619309,16.26422235824851,3.3491108750512737,0.10003524944855528,0.14123431377728335
direct,21.456390431272517,175.29216473204525,216.69132611038927,104.38297401241017,19.134057125455175,0.10000022505865148,125.78022605971876,53.05080611199169,185.20326882144482,60.90878636987605
direction,37.556877130969724,58.51572200160455,107.33183876825656,18.93025189165557,0.10002566748350786,0.1000000600087349,72.6134128265216,0.10002818216287415,48.098381072716855,9.653462398284802
directive,29.263756489303205,17.219905288891862,47.322045676426235,0.10001824289015648,0.10001779293087376,0.10000006843465453,0.10002812290090243,0.1000208926967304,56.451958638560285,15.24224878666321
directly,41.97185048984656,50.927578355082474,73.80805750904085,58.33707006961582,26.18269444642588,0.10000005420347911,0.1000260213169598,8.154726470441139,34.98691353597167,56.43108304772393
director,31.248984385233502,5.881834398168046,28.56244410006983,0.10002844542511583,0.10002095274758714,0.10000014025026331,29.090184629114844,0.10002468209313849,11.716470147469892,0.10000811912577949
directory,0.10001998526067457,0.10000709262576583,0.10000956226675173,0.1000112252770146,0.10000390076690244,0.10000000276698429,0.1000003958430411,0.10000719808830003,106.09994005479336,0.10000058219361689
diritti,0.10000000000062384,0.10000000000033978,0.10000000000036584,0.10000000000025863,0.10000000000075744,67.09999999997054,0.1000000000002161,0.10000000000049329,0.10000000000022585,0.10000000000031742
diritto,0.10000000000245349,0.10000000000133644,0.10001166860823556,0.10000950966622371,0.10000000000297778,121.09983723198023,0.10000552701636271,0.1000039133165729,0.10000000000088823,0.10013214916177962
disagreement,4.279258352800358,8.68940708236617,4.389771082920153,0.10002892277054468,0.10003146221687288,0.10000003176977089,36.13711162596026,0.10002321369577254,9.363889956735076,17.740478268424294
disappear,0.10002908967734427,13.007100877290899,29.017635324662944,15.831308109596288,6.598998212263802,0.10000006549298836,0.10004082296916345,0.10002938385213299,0.10005576950042443,3.0448023443253156
disaster,0.10001939324521136,18.752881098661817,0.10002585954393978,0.10004401666783973,0.10001647282298753,0.10000001513387191,54.046943638773506,0.10001335442062911,0.10001746759793557,3.500038682824155
disastrous,0.10001110540963377,0.12724560218028985,12.527789670735507,0.1000186681334764,0.8332030638092573,0.10000009002581679,37.84085119397271,0.10002215563322553,0.10000772921203878,3.1708507206078207
discern,0.10002006850615423,17.223695468412235,15.220696989331298,38.479579310741045,16.483860086626265,0.10000008704549321,0.10002681141119596,0.10003256586513504,96.40227178390502,10.78981682782634
discernment,1.1783410908549097,12.447485687984887,22.223570876678725,13.771029363296183,0.1000176450589367,0.100000078265485,0.10000967530038755,0.10000838252932935,135.3991530578047,2.5803841419356934
discharge,0.10003764823583634,4.32587059004041,4.079554129832965,0.10000821906385383,0.10004215426465979,0.10000006569537498,54.0016001229399,0.10001621494052511,5.459244533370302,8.633626321303382
disciple,0.10001743638542347,7.111397136336012,2.7852871331443483,228.24762427317802,13.110286186546393,0.1000065175877343,58.05766531175107,114.11640427968067,333.5717280954534,29.799583629605312
disciplina,3.0999730635239118,0.10000000000124323,0.10000000000133898,0.10000011195657822,0.10000000000277093,105.10000432623357,0.10000491847742407,0.10000185037592282,0.10000000000082646,0.10001572934511928
discipline,266.09477453905146,10.875658165506394,61.309396930552275,0.1000239965611786,20.23381764189704,1.1007503029858505,220.98548449489806,0.1000231033720859,57.20384727826726,49.99622354654684
disclose,0.10003280828322252,1.7453179955618927,8.342125108569249,27.616261437152303,1.0290613249976661,0.10000004966856446,0.10003053683044486,0.5866319661291807,1.8507605331510903,8.529778239277432
discord,0.10004704124751959,0.2235587907851005,0.1026274586675872,0.10005002018745583,4.52226670813667,0.10000003579364432,92.87337470699272,0.10002602918537844,0.100021337501341,34.778027871136494
discourage,4.653780990876523,11.222559272044604,5.9048254782884815,2.2558839483904976,0.1000404109541665,0.10000010128225659,0.10006013570660355,6.547533316833891,8.01529975298808,0.10001659223406313
discourse,0.10005102917723648,0.10001653415261633,39.168352452455466,57.220222688789484,0.10002780819085273,0.10000005582833271,9.782904546234645,2.0556283583755093,18.213185710183517,8.159610816268792
discover,9.465505499624152,58.11574376649496,56.39998460875558,152.33081045458314,18.7279701383613,0.10000005744562616,26.54700712200511,0.10002486110209462,84.61854652919602,13.594406962096427
discovery,0.1000309055453985,9.841619383184147,56.183459103333796,39.330930166598336,12.999192623958981,0.10000004564358426,0.10003838813619917,0.10001481680137651,11.725450153963209,2.519264412487228
discretion,22.67301116067203,0.10003951235055471,18.08215606618889,0.6021675634376702,3.435602251452405,0.10000021892927846,0.10004442353594123,0.10003614320209199,0.8506309056782542,16.956311754117536
discrimination,0.10002818833191206,40.60146559830703,0.10001274322619774,12.351335778410725,5.335512169631068,0.10000013567613013,0.10002535357943713,0.10001026574399396,41.12085174582693,1.090758020953838
discuss,47.8252852377032,9.30504237417849,40.59703344934003,19.789697837731527,0.10003332308328687,0.10000012395002196,35.07455195046307,0.10003468020906436,10.86806436205742,45.24025666093479
discussion,32.216875858916495,27.118916642176984,82.47250918017183,0.10002418281944944,12.49158221285817,0.10000090023952976,0.10003299260405257,0.10002334677649488,30.497733917840698,51.802300765265656
disdain,0.10000893146817864,6.559016370438463,7.753053269613662,0.10002454813379658,0.10002709139465112,0.10000001732263125,9.533818522627072,12.915566560180192,2.921655849739352,3.9168288387505625
disease,0.10002090280372765,33.179039654260045,13.677758073396838,0.5539000088227294,0.6851798580678803,0.10000004635608109,34.09068658431522,0.10002378622344789,2.1468717355239826,20.366519349881592
disgrace,0.10001303589522426,0.10000748357835035,2.4103472314994416,0.10000802554856196,0.10003460107664526,0.10000000159978284,13.856574369974126,0.10000815085104327,0.10000284285593698,18.033004256917962
disinterested,0.10000857050508238,17.1849335058968,6.0753092626767495,0.1000249194828263,0.10001964608499937,0.10000000404371974,0.10002179440145191,0.10000761651666669,12.039672592832442,0.10000208731883449
disobedience,0.10001512940060853,0.10002460828851789,7.90756377004062,33.747072565957716,0.10004472259092277,0.10000001645966082,0.10002195174077819,0.10000536427794211,0.10000859190591742,10.64524327908112
disorder,0.10001912311150155,16.457235454763897,38.00870332547327,0.10002724969107626,0.10002981532654533,0.10000006561284462,36.867420683358645,0.10001721582742894,0.10000924277805588,6.066537823776277
dispel,0.6319823089397928,0.10004028051194136,3.767857523638936,0.44407566168197987,0.10005838068419724,0.1000000098234397,29.174391419461635,3.4815704498912976,0.10000854581807687,0.10001541917471862
dispensa,0.10000000000055008,0.1000000000002996,0.10000000000032257,0.10000000000022803,0.10000000000066767,40.09999999997087,0.10000000000019045,0.10000000000043491,0.10000000000019915,0.10000000000027987
dispensare,0.10000001193514563,0.10000000000030738,0.10000000863270675,0.10000001034246817,0.100000000000685,57.099999967949955,0.1000000000001954,0.1000000000004462,0.10000000000020431,0.10000000111197888
dispensation,32.47750255066988,0.10000646781201851,0.10002733109495394,0.1000248736735488,23.752830174278994,0.10000001163941744,0.10002975647454057,10.383790229358876,0.10003223981464927,90.78575636488064
dispense,9.913313411081624,0.10002285742150147,10.075649143199007,2.537638484312322,0.10003702051962408,26.37908538231625,0.10002570202144687,24.023600852163188,13.248046687999594,32.52258045860514
dispenser,5.136873361814602,0.10000498029896442,2.6209695069439043,7.387007764496755,0.1000286029747119,1.7420347713160436,35.62264598053416,0.10003526891101526,0.10004065634242736,1.0903591059767257
disperse,0.10003157490236209,2.1096865256901194,0.10002060686311338,0.10002385527494727,0.10002571215556313,0.10000012006785039,14.485713412579987,4.040421645475684,4.780503029613101,10.083573517042948
display,0.10003010988486152,3.449428499941965,26.801018401978244,0.10002753219451087,0.8753871147026677,0.10000010151766384,63.816583246568115,5.170700509418529,19.32622841578907,18.260596067662775
disposal,0.10001927523824666,39.402006539610795,33.13566804371189,0.10002494277818748,1.3063977808947553,0.10000004838702664,1.2221840468385288,1.6413722077888866,7.710516419902404,18.281810694513783
dispose,5.8927393257579785,0.10002568641408918,65.41815519965165,15.035435202739622,13.904968216916384,3.1047388429723672,0.10002822361528516,19.812228188352297,8.136672875279961,34.495008237937164
disposition,35.151901217143795,0.10002067561347422,51.38055052819596,0.10002269986318868,28.864772738034613,0.10001736399275747,28.86948378133281,30.94084865932595,7.321376399060829,40.17100593710476
disposizione,0.10000000000057281,0.10000000000031198,0.10000000000033589,0.10000000000023744,0.10000000000069524,35.099999999970706,0.10000000000019832,0.10000000000045287,0.10000000000020737,0.10000000000029144
disposizioni,0.10000000000092844,0.10000000000050566,0.1000000000005444,0.10000000000038485,0.10000000000112687,50.09999999996873,0.10000000000032144,0.10000000000073402,0.1000000000003361,0.10000000000047238
dispute,24.928830694929637,8.999313271949838,10.022291271603926,0.10002246163788756,4.283113476078204,10.979312972203694,40.4065187772055,0.10002668839554316,0.10001731331823624,43.08055307234732
disregard,0.10002205406937795,24.88724461267812,34.80339873336298,11.945825001022856,13.65315194957884,0.10000002297742991,11.41153102319443,0.10003618054505585,0.10002452244846122,23.898765899789357
disseminate,0.1000141346800465,2.2287940407918425,0.10003096910225177,0.1000128557065737,0.10004496953298551,0.10000005603017546,40.60079183820163,0.10002964782454013,0.10001269741862533,0.470268790431136
dissension,0.10001553857804506,0.10000860039947736,0.10002108993462734,0.10005831841254863,0.1000334590835046,0.10000000314189139,86.27360816037742,0.10001216932252834,0.10001664352350088,16.926226016927526
dissolve,0.10000793819678919,0.1000080834959532,0.1000197673413252,3.335040161139311,20.69313891065589,0.10000003575807662,0.1000286153989648,0.10002062447758915,0.10000076360448289,37.27173509970607
distance,4.9167781142644955,30.787444059784768,12.149985653621805,29.282006391145355,0.10001394641490312,0.10000004383703993,0.10003853755033268,0.1000365669368627,0.10002440386879367,12.363672282230516
distant,5.989677154120119,6.581736745672107,0.10002572070673099,25.493142518888625,0.10001488346027797,0.10000010349423727,50.80077047259847,0.1000252253330217,4.315989550216422,11.418617625180557
distinct,8.443271660266173,8.653371629079594,31.421608839010634,15.189556663515058,11.903230137886595,0.10000115506811566,0.10002652335801664,9.415556688340988,17.85598979515252,10.917386907983994
distinction,12.83694895669777,29.50758549902032,76.68062112793294,13.512186274334292,30.372240260364908,0.10000003204903861,0.1000342412235963,17.108689581653103,21.236837005048265,30.544857021327996
distinctive,0.10005533341023004,13.100996137366716,11.68910643077667,0.3930448038932064,0.10001422724543482,0.10000006117020951,0.10002595175531899,9.71185083284257,25.172535054435063,3.532371166751068
distinguish,13.608865727913386,16.360844130692097,66.3814814608635,4.683258751660682,22.53109477741691,0.10000030829038123,39.318563056915615,45.756525490853036,59.60344040627037,25.655925888783905
distinguished,2.644563729308208,3.056051743874735,1.2201032859341614,0.10002531792434323,0.10002926842830055,0.10000029236397932,15.346496899471704,12.90404903884027,0.10001800804260341,9.428662415484467
distort,0.10002423666997245,11.093074850153496,24.29226228058425,9.87603648398526,5.946790897454047,0.10000007972032289,0.10004142064029042,0.10003274923771431,8.976556399809066,7.415180601378131
distress,0.10000948952167985,9.157226845016444,0.7983291922053275,0.10003411814880821,0.10003552571681837,0.10000007725109349,91.06883016582188,0.10002799798022681,6.952605902593551,4.52290068539759
distribute,30.57447768789491,15.876959670299438,2.024032047755702,6.04158550923243,0.1000355264116769,0.10000057443870318,25.319695759966105,17.798151832294824,6.713914750136534,9.451146641216544
distribution,30.52331789752134,51.447013487913736,0.10002054353950646,0.10001860582379403,0.10002924084108311,0.10000000890806228,9.199712019820824,6.932640518798528,19.36497090330366,8.132276773214487
district,13.305869972211358,0.10000645901434191,0.10001113902353051,0.10000167970204578,0.10001258025183567,0.10000000222103808,49.28377433931676,0.10001208433799945,0.10000439753076083,10.710307346221057
disturb,0.11075121678126952,12.726228820747211,26.341803240032025,10.108590727691318,15.38743264679564,0.10000012570279217,42.22309030245117,0.10003361985072558,0.44629096769776033,37.455778331894564
disturbance,0.10003169168927022,0.8283970701661343,15.32553450391555,1.6178667638169857,0.10005455135264475,0.10000003621535672,40.0593759497941,0.1000177179388169,0.10001818749469613,25.668703527265723
dive,0.10000823581782506,0.10000853097428901,0.10000919315815719,3.9000952134176043,0.10000003571368657,47.10846102268814,0.10000185070602641,0.10000994454494937,5.291405931213823,0.10000004158620591
diverse,3.5195614144171605,7.600045650087953,18.035327804484393,1.296961174472129,0.10003643028735197,22.311060518212535,0.10004638276729985,3.4592779896513663,86.19493464512477,16.382747990075597
diversity,11.483298927121563,28.141280236309154,5.299912917107671,7.824988617365204,7.198244081021094,0.10000003306158123,0.1000362048184886,0.1000284485689678,93.09065211547981,3.6615584187875725
divide,7.6066327314352,16.98716982020204,20.000310704388074,17.80774937597775,0.10002945589861677,0.10000054942090282,63.876171211668904,6.320827739171111,40.36900319415025,44.83210521734487
divina,0.10001061259320047,0.3432623333050089,0.10002132468265944,4.669119425899024,0.10001244746391483,64.47386538571185,0.10002045047020817,5.468213389799903,11.81407594931005,1.8313986803858429
divine,81.83537165121167,14.478520852904037,466.3262387205632,483.455563632217,316.00158400153276,14.98949837707636,1106.999645274887,1095.2183119878598,96.36633856365124,336.3289269377397
divinely,1.4226642764903414,0.10000524094466383,19.816745432780163,0.10003321677585485,45.09419820371593,0.1000001352605609,59.569530323930195,26.38892943487485,0.1000128705356469,15.307880864406917
divinity,0.10000796281582236,0.10001530395323249,24.821982686646496,43.57945255345524,8.65659127528374,0.10000005637671004,0.10002591632348226,25.596275479629718,0.677756681660469,31.26789208355407
divino,0.1000442366201566,0.10000073394949559,0.10034559628212857,0.10000480058333916,0.10018766055757752,55.100015054788756,0.10005573847436722,0.10002642479359652,0.10000000000419319,4.0993197532175145
division,17.731460130983823,51.01352946643044,43.85600028598543,71.90664811035363,0.8150547031222213,0.10001261789759895,3.0791539458473354,0.10002370447925861,82.66404506426622,21.734071970287072
divorce,0.10001004034693631,0.1000196385699783,11.372487258965592,0.10004633414138887,88.57487281600976,0.10000000261499971,0.10002489275699085,0.10000966306597009,9.352523873438312,0.10000547980932703
do,102.36754791904256,111.65145349789567,133.5875608137568,72.79837327315902,58.94683687480389,0.10000006542107406,193.41064253335767,50.82335722573978,78.52425205958626,223.78997573690015
docile,0.10001042901822675,0.10001388128528238,5.9046070144299145,0.3797519144920012,0.1000495742080338,0.10000015126781876,17.794639561112835,4.775824419523696,17.374035803201465,1.3710672511149187
docility,6.523612462194959,0.10001228611424424,23.19571900073125,0.10003381206302997,0.10001869581976551,0.10000004947093494,0.100047406148346,5.970377225542955,15.710132969388207,0.10004609215104691
doctor,13.189137822433215,2.695998680272874,147.72454522359507,1.8002518144257345,55.10996037841762,1.1009432309866745,2.3558405087470025,207.8580918030931,0.10004428970709026,61.06518624791549
doctrinal,6.867540955653177,15.354208405270972,35.26940064209876,0.10002769608267204,0.10002059395093972,0.10000000622875939,0.10001858325294836,10.685594013158317,105.32316429437802,0.10002480962389657
doctrine,115.82687175869957,152.90662443735027,452.59254398741774,5.945304963794525,221.60142702790841,0.10001242660252684,378.0832389747153,277.2797052739594,224.5485561325585,70.11571501665344
document,141.38096888216225,105.71802265926789,42.74434614165864,32.35642290716203,1.2911144738515912,0.10000642613541237,2.767294909379797,24.040660710024717,109.01847751645452,85.5826853735608
dogma,5.101843886572317,0.14657937427637743,98.76781618254999,0.10001406548127705,12.416218695428995,12.016195476950244,20.577475683150304,67.93458049657849,0.10001026775533622,15.839265870926981
dogmatic,18.059280485057982,0.10001162219265798,17.465907995308324,201.35354021173376,0.10002124203560729,1.1020989360145523,0.1000223596810492,11.716729852376435,186.42312379590362,2.5792634993536088
domain,0.10002191553141232,8.73196612864374,33.61810199447164,0.8145861458445368,7.179542149119661,0.10000496124343065,0.10003045028698385,0.10003360711926522,2.919092209120316,12.336620438249984
domestic,0.1000159300644486,11.734945990174394,0.10001881779546316,0.10002240329113353,64.57947627143797,0.10000000943315006,35.855744892814265,21.99713276751582,20.33263096868006,0.10001194851233448
dominate,0.10000978988949817,47.374047271286216,5.905697879422218,18.013601385590434,0.10003512496575176,0.10000003862613795,16.537758227114868,0.10003300383778799,3.6688095951744977,0.10000768378498809
domination,0.10001790434921747,35.41685385491107,7.310680554509086,8.618489589547845,0.10003169643637165,0.10000010024355965,22.920853412246636,0.10001431289373988,1.2330284278387817,0.10003014668804779
domini,0.4667467161076483,0.10304375205533703,0.10001655501963089,20.113714042554154,0.10000408613461033,29.58154812224795,0.10001099518779621,0.10002045402620453,12.23489431565908,0.10000096071797003
dominic,0.10001424707160747,0.10000178779628523,0.10001025628150559,0.10000926937663095,0.10002389436093637,0.10000000000341107,2.883896851784704,33.31602023838635,0.10001706983364785,0.10000638492087718
dominion,0.10000639525839675,56.74005997426925,24.173409650278302,5.338987124213251,18.321443967988134,0.10000001818270267,0.10003629502605525,12.023514295033497,0.10001369816638855,53.00252858127625
dominus,75.46351507400686,0.10000607314185542,0.10000648675195667,0.10001519707065357,0.10000283378900308,3.035043100541656,0.10000591381317708,0.10001631828034052,16.801377679231877,0.10001132318320759
door,5.075747267740056,28.579598466129024,1.7668168818064776,51.11725506969028,7.561296465213175,0.10000087114234595,13.971094585570464,0.10002782113967448,6.554759829847673,36.17340274138042
dopo,0.100000000000585,0.10000000000031861,0.10000000000034302,0.10000000000024249,0.10000000000071005,187.09999999997083,0.10000000000020254,0.10000000000046251,0.10000000000021178,0.10000000000029763
dottrina,0.10000365949831234,0.1000020820210016,0.10000996623075033,0.10000421051593225,0.10000000000128609,119.09997948710458,0.10000000000036686,0.10000000000083777,0.10000021135481062,0.10000038322190523
double,0.1000200710952086,2.308553215785794,36.89596621360236,5.9689056789052355,0.10001775078349101,0.10000049084351374,3.3941249120982246,10.812779381761464,4.841288895161572,14.478343389622012
doubt,18.042676303844996,23.823221461756983,112.2151106018878,13.489625230112487,35.680393440880245,0.10000010034467502,195.42321915203183,80.67051245027373,41.732563070537815,103.82267818799237
doubtful,0.10004771774722428,0.10001782464338559,14.286739375944848,0.10003378240819441,6.535075602025465,0.10000000000471987,0.10003981579832515,0.10004552240056573,0.10000722023049233,17.477993138463287
dove,0.10000444002298871,0.10001120019114423,0.10002820547704899,4.076386687585555,0.1000123801784102,34.23319210769652,0.8943315572368579,8.917732818795022,0.10000842319803585,4.378292179305279
dovere,0.10000000000073811,0.100000000000402,0.10000000000043281,0.10000000000030598,0.10000000000089591,43.09999999996981,0.10000000000025557,0.10000000000058361,0.10000000000026721,0.10000000000037554
dramatic,0.1000102258864754,21.315882774512275,0.7133956812493141,22.218994007109746,0.10000579824865465,0.10000003171892635,0.10001047491491727,0.10000929926038708,16.15169060234576,0.10000110453119768
draw,67.79343415019777,90.09656167406594,168.00125474755762,212.83208697294327,16.543049764255592,0.10000013271568442,162.31350429489137,114.86501086280195,156.40319226034924,45.05190513988444
dream,0.10001438081061614,27.90094524184154,12.628572117635528,11.736984959610304,0.10002080596052097,0.1000001561439289,0.10004024760598344,2.133387685496599,0.10001207633703947,0.10002232825178517
dress,0.10004653964926347,4.0158485797225305,5.625671689892281,0.10004720269112838,0.10002203578280931,0.10000000630461457,0.10003610100441522,6.561081816270885,0.10011300543295779,41.19713302270347
drink,0.10027396905315297,17.133934920421254,0.10002287388165818,30.288563765239132,0.10002917715791526,0.10000043309392433,0.10003818379588574,72.37432850101062,0.10002284062879606,21.602785335401382
drive,0.10001882513676319,38.0658243941252,14.366102234467137,10.681608604696896,0.10003154008414417,0.10000007125975408,100.59963047104631,0.10003068215530271,15.506675271436286,38.380077905257224
drug,0.10000161958148805,26.275319444766932,1.2439335641896672,0.10003692341147066,0.10000709294927854,0.10000002611569038,0.10000967570591698,0.10000491771291029,26.780686626791468,0.10000010854268435
dry,0.10000927694105882,4.948179384688581,0.6434302295441631,1.33065829679135,4.136802989367695,0.10000006149899834,14.675504597948164,6.951927730480717,0.10005306790059063,3.013434364438914
du,1.40583958730606,2.6383856273886632,0.10000661069172971,6.3860574596454045,0.10000014263841782,63.352570738185385,0.1000050647583677,0.10001293251079729,0.1000033549508429,4.717118481696731
dubbio,0.1000000000005585,0.10000000000030417,0.10000000000032748,0.1000000000002315,0.10000000000067788,48.09999999997087,0.10000000000019336,0.10000000000044156,0.10000000000020219,0.10000000000028414
due,55.44624806555437,100.87847797307494,83.66738889722194,2.1066780825613045,101.12104341210339,117.29284233534963,202.2741181123847,92.16015504567272,42.85198512035558,176.20106295536218
duly,29.09450286366257,0.10003723157591403,0.1000345857798066,0.10004321609092628,16.503207676457176,0.10000001928204896,17.799428527339387,25.30369819332958,9.878225913676454,55.020821772429244
dunque,0.10000000000058695,0.10000000000031967,0.10000000000034416,0.1000000000002433,0.10000000000071241,73.09999999997078,0.10000000000020322,0.10000000000046405,0.10000000000021247,0.10000000000029864
durante,0.10000000000046355,0.10000000000025246,0.10000000000027182,0.10000000000019216,0.10000000000056265,42.09999999997139,0.1000000000001605,0.10000000000036649,0.10000000000016782,0.10000000000023584
duty,121.99874595024139,205.87908663025763,342.6263393985047,0.10002397553763694,399.2502920112336,0.10000003852687363,794.1601320369978,45.62765685796537,229.9646463621768,97.29307673823276
dv,0.1000005248370274,0.10000000142374439,0.10000966089352248,0.10000068604548497,0.10000306655986674,0.10000000000011515,0.10000002100350576,0.10000077233347596,65.0999852668321,0.10000000000007475
dwell,0.34815155178463664,20.176612460013672,4.483594852170983,64.37695064009745,0.10002723662868614,0.10000017709780347,79.60844482446193,52.42130834123575,15.801720940099209,16.583188976068893
dwelling,0.10001515109117456,2.4118580573872648,1.2384092726830171,12.614998370409582,1.8397832118260737,0.10000004861436844,0.10003559989079386,11.721693142910338,0.10002296023180109,12.773184184608304
dynamic,0.10000463226252099,24.842662793182818,15.504640808419872,6.827866206331643,0.10000551137211595,0.10000002978866986,0.10001429194425032,0.1000117843561727,61.22479000308362,0.10000393902734284
dynamism,0.10000422060348328,9.00797758932732,25.161991087510852,8.903268772874817,0.1000095803004599,0.10000007367536001,0.1000042767837645,0.10000646509913283,58.326737782252636,0.10000015136868423
eager,4.562227079766898,0.10001628950746635,0.1000230171362817,13.630344572053591,0.10002632133685674,0.10000001511597725,85.95690306406364,3.8870225894892236,4.968850171214034,6.594586879996
eagerly,0.1000214668880516,0.4605941230231656,1.138110522135407,0.10002193066315072,0.1000432371211311,0.10000004723546224,67.16339823323754,12.516125724438478,0.10004545292820467,0.22163926196218736
eagerness,0.10000733821814171,0.10001106255556973,5.533342755613045,0.10001655191635389,0.10002902613595256,0.10000000489226703,32.372314551064335,0.10003516955915019,0.10000876144197375,4.394234778356113
ear,0.10000873954706625,12.58849811280371,10.66779598076171,0.6822525703850876,0.635020058022095,0.1000006138185755,64.99786353882556,6.384860870410283,4.071599350595578,44.77210016448134
earlier,21.37525131282213,14.563514141178974,0.6621047938572038,25.24189507324697,0.10002530497740422,0.1000000358530338,0.10003789651994541,0.10002537303908321,0.1000307562500028,17.65711531190237
early,59.860764603503675,40.37032828662922,28.753051414058458,67.36605783132192,4.870508946793889,0.10000011914998123,77.89726592618375,61.37544127994619,39.96224364016585,34.44433795190764
earn,1.2257133189616052,17.984774334833155,0.10002289050172766,3.025126286943712,1.3526180321148633,0.10000005106404175,25.91166781700731,0.10002939640290752,0.1000279339915155,0.1000199378448206
earnest,0.10002733389872547,0.10002130811559141,0.1927361020857779,0.10004355124512802,19.948417013030976,0.1000000085550096,63.45527579368925,26.964927364340593,7.159279043295303,11.87927248138302
earnestly,7.970103666521575,0.10001732412417427,0.10001790660451924,0.1000186082008849,39.70087408153162,0.10000008218382866,185.25674847027946,30.77252827074226,7.878644771855596,21.02104681766346
earnestness,0.10000621398870925,0.10000777071917742,1.439215653423992,0.10000773374627843,8.176866497310638,0.10000006625531664,26.21308592770971,0.10004243257178959,0.10001309243953847,5.570754611586656
earth,0.10001743941966998,311.4039375583593,13.560555090443033,213.06768184414204,25.14054726424679,0.1000002949561847,351.91480478356533,183.73165801255337,92.64331871603237,48.33747899595677
earthly,2.0285464021069166,33.41479327067368,14.852759502157802,89.89478467030446,7.781620974145872,0.10000018027356093,115.10183082119052,74.1864735209113,37.79304026624023,2.8461503916505273
ease,0.1000288869324861,2.080071735791782,0.10002285714326851,7.791436564120412,3.7026561593636487,0.10000003019900151,28.92885306804251,0.10002180672409408,5.273506103880458,2.8234027874579595
easily,25.359999339086578,55.43708856622318,63.07774804758228,2.8128036646319323,72.77167219226767,0.10000007219040175,182.1306262409831,47.29395223032892,18.063983210475374,31.95212643589154
east,83.54554063474242,11.493252456445719,0.10001919073961944,122.94334479091609,0.10016205169520227,0.10000003949558718,56.47568884699145,18.346987958879566,29.9024721832842,29.992531846488955
easter,26.199190602109905,1.370080444248209,0.10001761503602334,30.760936989826824,0.10002615693426442,0.1000000804219495,0.10003632027795882,39.38136926486805,23.19436216550085,12.693980360424924
eastern,279.8592746937653,4.048627226371128,0.10001619655871256,17.77479481227755,0.10001305255558654,0.10000006133476741,14.635005815725243,11.090130158695645,97.8478323892761,78.44430559311958
easy,5.875597624906837,51.58355660369993,51.5913868631741,18.5381701268687,27.35292001163442,0.10000003535771833,86.60936228717507,37.580967230356094,35.64226873095488,7.125770485531898
eat,29.571102436784177,25.949286056288315,6.998006168565579,25.56640059288956,0.10003076165620557,0.10000001549599068,2.2715211658666705,60.15046587586769,0.10002181883345075,18.19316510742288
ecclesia,22.830910289131396,0.10000576287094055,0.10001671461647157,0.10006958199237212,1.3336155558783258,13.745751510245599,0.10000702118831409,3.8071347898145054,17.794233533458804,2.0882552404432047
ecclesiae,52.677768807110525,0.10001420960857489,0.10002218684590965,0.100026232014409,0.10001546846370325,13.774691732072611,0.1000343599980278,0.10002311949988484,17.384008986999376,5.563394897058825
ecclesial,0.10001543415839881,0.10003289005371947,0.10001056741316414,29.790514300373193,0.10000524451320864,0.10000003628971592,0.10000242309068257,0.10001245661708079,659.4094059973997,0.10000064990391408
ecclesiastic,10.705486606307346,0.10001408232546455,0.10002315369646296,0.1000247996747485,0.10000571134403936,0.10000027589870374,25.639406604462792,0.10000916705468743,0.10001757403312656,47.95501202495312
ecclesiastica,0.10004368961731684,0.10000877756410965,0.10000081758771773,0.10004265822323775,0.10000000000810691,98.09992247029913,0.10002234269723381,0.10001935190090903,0.10000036478596146,1.0999395270579433
ecclesiastical,265.64195294825413,0.1000184347500619,49.02337642206058,0.10002366455014873,10.599637721677215,0.10000006376466787,156.8909892526515,2.044487100377303,22.284202303468515,513.2153120881335
ecclesiastiche,0.10000093031101344,0.10000019870253918,0.10000061446633432,0.10000007970850634,0.10000000000116231,45.12794508400521,0.1000011027633393,0.10000004643974827,0.10000000000034667,2.0720519435230234
ecclesiastici,0.10003003186837585,0.10000000000388969,0.10000000000418796,0.1000002825984797,0.10000562413859314,101.09998182196978,0.10000587691246723,0.10000095499286578,0.10000080583814518,2.099974601560637
ecclesiastico,0.10001215030413065,0.10000000000351487,0.10000000000378181,0.10000000000267348,0.1000000000078278,60.099965031427466,0.10000768794119973,0.10001513024139683,0.10000000000233528,0.10000000000328395
echo,0.10001002184240372,22.773110598272744,15.228100949366286,84.25601215349786,0.1000312539503999,0.10000004300845561,5.541969479878062,25.477763657548497,23.322995453200157,0.10000638913748791
ecological,0.10001775652271866,62.599211121510976,0.10000209993705693,0.10000622681295973,0.10000091750219892,0.10000005186897115,0.10000238901320227,0.10000343571936421,1.6007558791407301,0.10000012183540952
ecology,0.1000105457656386,46.81706431144762,0.10001037122203087,0.1000063693195244,0.10000057708959066,0.10000000000024777,0.10000138237716642,0.10000250571548658,2.382903849990772,0.10000008693391826
economic,4.565157324889488,843.1039964180172,4.701818855602881,3.0752301868874246,5.607048849683741,0.10000001906725219,0.10002526325441162,0.10004337181258978,39.54664594819296,0.10003376223784406
economically,0.10000401951096487,41.099899497475725,0.10000429268682505,0.10002311091605434,0.10000401396403127,0.1000000244895736,0.10000288443744411,0.10002385459876617,0.1000381022439479,0.10000019949417166
economics,0.10003591337331343,49.39304273714399,2.0264392709992554,0.10001217946604807,0.10002169821950256,0.10000000451965381,0.1000140157108334,0.10002711919962476,5.880405541538463,0.10000151958094114
economy,0.10000705182175187,194.45364240002655,0.10002685227818771,88.20915725538204,0.1000438030395811,0.10000002376271379,3.1706537000816906,0.10001503393456784,32.56644103482448,0.10001284454966719
ecumenical,42.05325901530098,20.617690898598095,0.10002138373701086,196.20018100432367,0.1000085944389102,0.10000008101477958,0.10001996049862699,17.497633683884807,486.0054842732032,129.22570110470275
ecumenism,0.10073105310637773,0.1000060698159249,0.10000660264848897,13.51560490101799,0.10000183557298958,0.10000013575743388,0.10000603465159275,0.1000143658211729,98.68362701444443,0.10000198699388053
ed,0.10002285816015287,9.338750365276711,0.10001785888658996,51.352553035661316,0.10000557890982754,662.5202327350122,0.1000112965020677,2.349313110252293,4.828964300625226,24.21012886040932
edict,0.10003259769458171,0.10000523462313593,1.1494706220723732,0.10004052812906797,0.1000230307531432,0.10000003651922103,0.10000681040987854,1.238505938674185,0.10001509956365134,36.91190010128327
edifice,0.1001863472283178,0.10001194021060315,3.9352539082101665,0.1000101332187863,0.10001905485841892,0.10000013721657446,35.01173493167555,1.8508818613007023,4.798616135805198,3.9032855499581296
edition,97.43372659456844,0.10002568704456437,0.10002324202287236,3.2121698390278195,0.1000206025656535,0.10000137298222804,0.10001232249213686,0.10002038251776854,3.1206944338577007,54.633305522628895
editrice,6.1059115730556055,0.10003716622981239,0.10001345836194596,17.298360978221574,0.100023118847101,0.10000119475998374,0.10001612440216531,0.10001101656178503,18.895621584862806,0.10000378444712643
educate,0.10001504363465445,6.4930801691901845,12.457975760971625,0.10001942499418413,65.41367389848504,0.10000119685703938,95.98338676618042,0.10001954176826386,95.15181514273262,0.1000130549040308
education,24.868854818939987,101.93916940751843,226.02874758559972,0.10001863563907637,245.32214132147064,0.10000102241931257,89.41137645291684,0.10001511372304853,374.0294811714153,0.10019447004937793
educational,0.10000917604741634,26.765361677957713,11.25882174481339,0.10003226317325269,24.10011743099005,0.10000015694824346,0.10001251745619463,0.10000471281380387,140.27563965523285,0.10000066433297387
educator,0.10001470377893619,7.68972883056366,44.491365859736625,0.10002354180825886,0.10005617351658126,0.10000023547347832,0.1000226567936633,0.10004685341672051,77.11873576444597,0.1000053801649169
effect,69.80735562136648,140.27183769282504,95.32715988366037,33.05856021800449,25.219991829059328,0.10000006210913633,122.89312425430391,65.12435922317924,58.977151952319495,120.22045926283518
effective,26.775467665222923,171.2738584854572,8.421803874816217,11.762740074995614,0.8834664796201284,0.10000005755452707,74.796437969413,23.412218398775483,218.62050815378439,6.953498840019584
effectively,40.65160377082034,82.75862004818713,5.01861430763578,0.1539076956665239,17.206212276334636,0.1000000196661192,16.58800745091119,25.04060685271044,70.44726561035318,20.035161967372233
effectiveness,7.416287535787354,15.653758533274583,11.091560322339484,2.4930272685219763,0.10001538124378127,0.10000000384638906,2.0636580297926423,16.025333861887585,44.956309798418054,0.10004926452863043
efficacious,0.10002483280871037,0.10073843352662573,49.355207338209034,0.10002579555609963,18.3760139681205,0.10000011939637504,42.21869676877521,48.27664374136214,4.272631111362231,0.10001789057270474
efficaciously,0.911441939113385,0.10001705570457638,1.31351482723646,0.10001014111534824,8.361016093883494,0.10000017661731109,20.5659588534759,7.3479797692853595,0.10003507475878093,0.10002606848800008
efficacy,0.6523403680186118,0.10001875249443459,39.67093386925848,0.10002174335188338,0.1000274826713295,0.10000016322630141,34.995764178551276,57.34048845666734,18.935071246074642,3.0053337393712876
efficiency,0.1000361455091678,43.046486821050955,8.982990352366624,0.10003893093195326,0.10005026451299065,0.10000022104181651,3.395350674552211,0.1001289487127255,3.9748927540034136,0.10002488685937716
efficient,0.10001911125593693,26.762549577961718,4.79666629961491,0.10001204791918462,0.10004770122861421,0.10000003682122628,19.209579567071028,0.10004809063256657,6.880577206406599,0.8505003607376301
effort,29.093433286063313,313.0433368596213,86.85245222299616,62.13414252342792,27.93166427936753,0.10000007169130037,498.785613131273,11.160415237631819,205.77682563940542,17.122116748187693
egli,0.10000000000045425,0.1000000000002474,0.10000000000026636,0.1000000000001883,0.10000000000055134,153.0999999999716,0.10000000000015728,0.10000000000035915,0.10000000000016444,0.10000000000023111
egypt,0.10002555078298142,17.300182425766778,0.10003000419584476,27.5732748571497,0.10002908586351292,0.10000002379663701,0.10004172264176606,8.931100536331988,1.9790610655437788,12.716254727553252
eight,3.545791175008056,2.815159077763299,0.10001723991946339,4.231510791934256,0.10000724959309601,0.10000003177480504,0.10003679773718077,5.359631596975517,0.10001114744724846,20.547834891542557
eighth,0.10003404005226922,0.10004490610456951,0.10002416802060829,5.706011763200517,0.1000259778337863,0.10000010146041814,13.420880337758591,16.534952304513794,2.5948653215921764,32.24316107910039
either,131.90277449210274,57.49689030134271,132.25736166263988,4.323445446610652,181.97795287955006,0.10000014857237599,135.25373807692304,42.53178794937162,20.711929288843642,238.44411975370653
elder,3.766233685597046,0.1000240069720183,0.10002740939666678,19.676190123019243,0.10001604915998966,0.10000004231819892,11.414239078035553,0.10002612825482608,3.8626066646941597,5.7806368122235625
elderly,1.1679031389688832,53.91291051638896,0.10000307212217521,4.666908421122321,0.10001462220639051,0.10000005270324251,0.10000246257245245,0.10001714467540633,33.652227331815624,0.1000132372008949
elect,73.7417834680383,0.10003560489703298,0.1000265189785354,7.24847577373392,0.10000967425588765,0.10000000749135762,0.10002893607873521,18.21504624876054,5.196132854075554,209.0984609133557
election,193.90274553883054,0.10001738716261571,0.10001882293996832,33.90571346974306,0.10000474462503199,0.10000001414180833,0.10001913428669683,0.10001884214780321,0.24565353749632035,319.3458085083516
elector,191.12642510368315,0.10000014546050968,0.10000001403690907,0.10000036561304369,0.10000000000044759,0.10000000440379765,0.10000037311580869,0.10000156769607885,0.10000000000013354,29.07357242592714
element,20.480562136185856,95.4840914710069,167.8578496606025,108.48503727754021,7.5773251802046,0.10000008851053269,0.10002431215255826,11.93372711851505,299.8813628626952,0.10001989227330801
elementary,0.10004355035581287,13.677229533110525,19.04634382962763,0.10002333640924338,0.10003912132495553,0.10000000411403966,1.013662327455072,0.10002528969698363,5.299303755864098,1.4633292516813774
eletto,0.10000000000050903,0.10000000000027724,0.10000000000029848,0.100000000000211,0.1000000000006178,36.09999999997108,0.10000000000017624,0.10000000000040243,0.10000000000018427,0.100000000000259
elevate,2.3523786026024283,7.777754120167621,25.10442795237271,0.1000285996017895,13.143323932681147,0.10000005416826321,26.50992191977062,11.755572849792836,12.629757416609399,3.5268345518852646
eleventh,3.75068700784583,0.10005031801805968,4.883053265190639,0.10005607818679203,0.10005000777769799,0.10000000871719945,11.230893555689157,7.610383132381209,3.9573967536879433,9.16742987207335
elezione,0.10000000000066271,0.10000000000036093,0.10000000000038856,0.10000000000027467,0.10000000000080425,61.099999999970315,0.10000000000022942,0.10000000000052388,0.10000000000023988,0.10000000000033718
eliminate,6.834614546764322,68.25833961231463,11.626400791275048,23.719038244744574,0.10001798742851795,1.1008410112650238,21.871819442766476,0.14398846599568202,15.496310371697462,15.848629525368883
elizabeth,0.10001457145443,0.10002300167406977,0.10002058757450547,40.69486752131619,0.10004486076736081,0.10000000228874631,0.10010669119826471,26.89510847246553,0.10001760707445136,2.7097966837368945
eloquence,0.10001026579581186,0.10003146446912384,0.1000229382725584,25.50468824333414,7.546475446974518,0.10000002096892037,28.839469987753862,7.509278485819934,0.10001257176972816,0.10001057457802251
eloquent,0.10002388332185415,2.4584179380276567,1.492154671926808,45.91793280037196,0.10001753116479374,0.10000004221945108,20.09493581040548,0.10003482843883463,22.53647070325066,0.10001179055710624
else,12.664366655533897,37.52166631570714,58.15792632644001,47.391758717837206,26.80193474414976,0.100000271273345,72.31827818444583,35.18237108759747,14.745080957867794,105.11661673880866
elsewhere,3.6923277256192892,13.877257576234426,1.2480369948372427,6.8981020831167035,8.370011839335621,0.10000005357797359,36.74797797752936,10.03547423953859,25.097274051350883,56.93353745851217
embody,0.1000124278728947,9.039967702270742,6.876956298724366,17.65115992031611,0.10003111742680915,0.1000001765369872,0.10001860094960169,0.10002570391902704,16.831788281089032,0.10003977057476422
embrace,13.260332845942234,33.06856081019952,56.60690244317156,109.04700048920256,10.976392243902342,0.10000034477488491,206.53443409479013,49.31902004417955,64.52610045678024,31.56125622671877
embryo,0.10000215222767259,101.09997788866981,0.10000666930228587,0.10000581232813349,0.10000711748300468,0.10000000000033153,0.10000007251205917,0.10000004940549813,0.10000012870040004,0.10000010931040723
emerge,1.8921609090172287,61.151267728455906,30.297149334942244,56.43341257860437,0.10001792991487986,2.102586550231428,0.10003201294431417,5.994412860080458,48.264246017167075,8.664714078268432
emigrant,27.886492134721912,13.313311153095174,0.1000275895866989,0.10000429460221406,0.10004892564615349,0.10000000000379854,0.10006788487832652,0.10003810106856552,0.1000055422889541,0.10000437380236163
eminent,18.47218300708947,0.1000196822434275,27.630677500744586,0.10002821347129538,26.71301734485404,0.10000003582892662,0.10005563222183753,20.570901739107143,12.595874065414174,14.617242778650285
eminently,0.10004193974651598,1.6116883117328562,1.9578622767848861,0.10000918702001219,6.05167674171714,0.10000266693374668,13.379459873098442,3.7158971996666077,10.289276383851501,2.6940854191078603
emotion,0.10001505998776286,2.658246482963942,10.78984614045189,61.39303048850634,0.10001175977453891,0.1000000909298684,5.558725873463068,0.10005805385067656,0.10001961416182632,0.10004643555676258
emperor,12.013537177321634,0.10001648616262913,0.10003141702067424,15.065521705742437,0.10001712550616096,0.10000034997705037,0.10002365072450563,0.10002281931084288,0.10001053523489484,329.2208187327366
emphasis,0.10002628774761939,3.7426456334638702,0.10301310460754373,21.193091433325908,0.10004204679153748,0.10000003483099781,0.10003094939134118,0.10003082800195501,54.36111801951547,0.10000166200370418
emphasize,11.878336181156714,43.279299409875925,7.622575555481058,146.91819739428541,0.1000248562816176,0.10000001918075539,2.1228190339493875,9.377608105813264,102.50112768235576,0.10001176130565229
empire,0.10001698892169632,6.290297265323735,2.435032363677155,5.013583929967777,0.10003935625527359,0.10000006180064551,96.87809976434136,2.138694879985401,0.1000086202657676,52.84422676916485
employ,9.14991238166988,21.58513986219738,45.413201140672825,0.100017677948229,32.16215338558778,0.10000074038064609,61.31336944691005,24.28352300002659,19.506100501826026,36.38658186245967
employer,0.10000151634758529,80.10331596893407,3.0965641726786073,0.10000275712031784,0.10004068468931045,0.10000000000249887,0.10004941320295754,0.1000143730055188,0.10000169784779846,0.10000941594250848
employment,1.7580434646643823,58.17488403154863,2.88696557249633,0.10001228177752558,11.899327769750636,0.10000013533988363,0.10002611937599834,3.748027063684218,0.10001783141327575,0.13269572963565512
empty,0.1000397854479915,20.17402446481678,18.35449348257285,42.38644836156537,3.6773653224803984,0.10000065161651558,25.012554615665923,11.07006718131326,3.9807075485955425,25.144298585574152
en,0.10003781746760255,0.1000257234962048,1.8947649525875359,0.1000035281298324,0.10002961618332754,72.42859236092455,0.10003169719098322,0.10000350360892533,108.9764932419928,0.10001755812394886
enable,4.4724529656534235,87.84812849953383,34.84717774553992,200.73118754077487,0.7852776984351986,0.10000003800019613,53.796714323950425,2.4304411077953536,150.88860313779745,0.10001694219607078
enact,15.661736942399896,1.4483339579015493,5.097848393165641,0.10001127279735224,24.287703528569672,0.10000002659582338,0.10002682495720595,0.10002326767243784,0.10001161009889285,29.004304175566045
encounter,0.10001290750024766,159.13662180845773,17.123050820110787,184.86280087270777,0.20755352290886203,0.10000009376767709,0.1000316363951151,0.1000213367968654,198.8176553120605,4.45225168896485
encourage,5.195205098670072,119.73267216711933,6.172962945767072,20.700649753642676,0.10001989082318756,0.1000000496586026,190.2039201937652,5.4791139954096515,288.2305567471801,25.08489915763119
encouragement,0.10002209058872656,14.791610361111017,16.223306529217993,5.528294705613334,11.256211714402365,0.10000006855915398,45.673275143850695,4.6190919657531975,59.40930871815501,2.298878702405272
encyclical,32.92496038608158,499.52908143807474,80.81330380018917,151.15465716080433,62.45510830456736,0.10000011166502368,149.39880947792233,51.473539803067595,146.0505208542459,0.10001866305908624
end,78.49897829540937,271.56906294665396,338.6610435981664,278.5943992599136,165.6800370959394,0.10000011899244726,222.77938546042677,137.74728024346047,165.77999444915176,120.58981853154927
endanger,0.10004812854212962,14.606604514944783,6.589442377815492,0.10002281106269856,10.937837714802715,0.10000008830456553,15.764707227545031,0.10002154641548783,13.506852842713158,6.194462747514448
endeavor,0.10001773008538808,0.10001710682172174,52.45576453170164,0.100014758506511,60.95853641402432,0.10000005361608326,153.12263859589785,0.10002117960603475,1.8629812858273231,0.10000834365634502
endeavour,0.10000560043943732,10.757102977817974,0.10002035360658403,0.10002757180453462,0.1000258946566927,0.10000005236989074,17.723435387232623,7.484588632343124,25.024113235065794,14.510680294354026
endnotes,2.4681196709344766,0.10001148610208424,3.555902746499566,0.10001278560491308,0.10003561019763416,0.10000003254427026,51.90648803135664,2.331390828404297,0.10001411093311695,6.238024697148831
endow,1.6647831968440596,30.431063227730537,43.575725125341165,0.10007711035943036,26.252549515112115,0.10000036041904253,50.956714203007955,37.266619409405116,19.32742865496145,12.32503919647178
endowment,5.73613658941669,2.926299585757566,0.2938647540494012,0.10002817766428902,10.958125804344538,0.1000000230345825,0.1000402502999533,0.10002714883366,7.660084191364186,9.025393474872212
endure,8.942321311873336,40.48088776361643,6.88685107373913,78.70231226499276,13.914117415635918,0.1000000987917281,95.13615294243289,0.10003133506265303,4.2922338939083104,21.445091899605398
enemy,0.10000964981532079,19.872442270107538,19.284565349563152,14.14011008903793,5.217532829804664,0.1000002063077791,438.64537003716816,0.10002054696723713,0.10000944443979536,88.43993957651186
energetic,0.1001404338231265,3.478678290402799,1.8888699500974124,0.10004021134833567,0.1000178373066727,0.10000000000643415,30.932179345016223,0.10002908976455965,0.10003192596692301,0.10001291585485925
energy,0.10003717304206895,106.66508292082781,68.47476985968811,12.756821554020222,0.10002606758809157,0.10000002554460584,83.40523069152663,1.5447237908916782,40.64486558805672,5.208442328468193
engage,27.11988896924939,51.78825994741897,91.38877934483502,0.28556527784240515,8.678785388751058,0.10000003719585972,43.29473675068817,0.10002765885946657,113.27489255013228,32.969064074687005
england,0.10002810834509103,0.10000358820267692,0.10001103184313292,0.10001752128481711,0.10000806019152707,0.10000002556342674,26.622956127717377,0.1000163539447422,0.10001171832341746,15.576947464378561
english,27.430890878649997,4.305581983540283,0.10002470669685334,0.10001705850324911,0.10000349992821006,0.10000321630833778,17.057143346679272,11.89074040548189,2.5335197154216003,24.38207518847743
enhance,8.728911561419094,10.97829103052576,3.808189344000331,0.10007385035371504,3.045449637009694,0.10000003433168321,0.10007310398126874,14.938932501412372,0.10004387312194213,0.10003506331256942
enjoin,0.10001614286000744,1.5803758020306997,26.274165082450782,0.1000577249714024,0.10010775450633498,0.10000054654220943,0.10004754032602818,0.10002879038734291,0.10001203522614104,107.44518858027234
enjoy,35.42037504074707,60.538050831616246,20.507561430299422,1.5750350359907586,27.626611781400094,0.10000008373581902,113.99818579617573,65.95919139810506,13.116229355793072,55.158759245796396
enjoyment,0.10000867018344985,13.597486651871991,12.820796628843254,0.10002160241468538,0.10003918643832196,0.10000006242891796,17.291958142226342,7.6896398717506695,0.10001384102966535,0.10003534251593144
enkindle,0.1000070045382286,4.532494155902164,0.10408245078131967,0.10001869976737326,0.10004869237707503,0.10000110784195926,29.430048227996796,10.333191059531208,0.10005034834851888,0.10005825250488491
enlarge,0.10002218161822692,7.1293279454951985,8.415744121153965,0.10006734177886042,0.10006700033802343,0.10000006494596923,24.975917544759078,0.10002234141591067,0.10003301721635711,2.8787984408565523
enlighten,5.206900843776567,10.038509955421395,67.24137514898702,29.13691210993332,0.8122358979329839,0.10000074180806481,49.68488643426789,11.816039477716055,67.56904655476208,0.39409283504878556
enmity,0.1000057727935625,2.3544116653621945,0.1000149565883423,9.815340104369053,0.10002734627485689,0.10000002622962033,25.854744585576576,9.664876347000787,0.10000284696563115,3.8105763485739805
ennoble,0.10001657046255358,8.293003492191742,17.39579936436453,3.9755697759180704,17.89080366526392,0.10000003493983144,0.10004987046331984,11.302022068437385,2.742701857109539,0.1000333004627202
enormous,0.10001924190397085,50.02039505918669,0.10002355280635551,15.318882993155782,0.10001957730632334,0.10000006186474711,24.55091933945563,0.10003132779106663,0.10002885745163681,3.5096799887551806
enough,10.781532745114145,71.10834887020306,68.66496806334996,17.544787176672365,0.10002399685528873,0.10000005079211895,123.71616912833585,1.563315511027815,26.630746931666156,30.790107525643773
enquiry,0.10003537314925333,0.1000678651601512,30.504232573560014,0.10005918980367498,0.10031301746025148,0.100000019207313,0.10000176754890883,0.1000065144513647,0.1002043680538675,6.695079310771199
enrich,0.3838556215086446,54.62941570633566,11.122580767531705,23.763505663940286,0.10002817659172661,0.10000005329394326,31.84412517653704,50.509956564565734,84.95790865528701,2.58862361406497
enrichment,0.10000847603083533,28.360520901646492,0.10003193387457494,0.1000292371219567,0.10001964079949072,0.10000012087037047,0.10000739685477783,0.10000509843754,52.8393766834433,0.10000051070611603
enrol,8.791452790455766,0.10000822775746687,0.10001121095537151,0.10003506911965716,0.10001600581980345,0.10000006331673372,21.624140728064866,3.1453945120246245,0.1000159480550117,3.8389254441567653
ensure,72.55202183352709,150.4247740698604,9.67789236725257,53.723813774908045,0.10003515938488604,0.10000007742354633,0.10004742834775066,3.1735412241070096,174.3532703164385,36.7946037483719
entail,5.876502286084962,58.15178785099336,13.643011723723324,11.120371629208718,0.10002506678700773,0.10000007935943873,0.1000228838352659,0.10002900546702481,16.86999691959355,4.938252554619577
enter,76.64451517351338,55.50324738905067,59.602499700922756,158.11255322044866,67.36372839964183,0.10000017493344172,99.73679388799403,46.99765905235058,89.64754223600234,122.2914607648047
enterprise,0.10002463666497824,68.96161697429018,8.932355107577719,0.10000998890900263,0.7214040046782207,0.10000003908101683,54.53267319530423,0.10001272496341114,0.9880917888557406,8.46381153937253
enters,3.588084769300868,3.1484597665860843,0.10002601879109403,22.62289267469647,1.9957598919652701,0.10000008302556367,1.5589034968420745,0.10004615680685962,3.3638339250294766,2.421993216563113
entertain,0.10002440240476006,0.10000687187725156,21.756992368470765,0.1000084436336495,0.10011818122462385,0.10000008999484576,0.10008659228608881,1.8804876779463315,0.1000014268244669,10.662273944952895
enthusiasm,0.10001085396486373,13.039672124722903,2.393895258810341,6.099311471447025,0.10001921903021718,0.1000000605262378,49.89694936851689,3.7158809292641113,63.390562575542525,4.163698137850022
entire,74.87458103981905,94.37344077239719,38.25120545306703,120.38952374379772,5.300481462028852,0.10000016839630523,131.70518785028153,90.95990912883519,257.6185781011306,8.427092279910166
entirely,8.667595819537727,3.6361829812649034,77.1302202603401,2.5341290358080615,50.47443381463737,0.10000032743245228,89.06232444352331,82.70307267277971,5.179363513419072,52.51267713091563
entirety,5.767416889808663,5.6178329031810605,1.3519613389786678,12.541426951483693,3.2784008415439754,0.10000012333916085,4.673241112947783,9.29498179972846,23.104788107826298,4.26994993080212
entitle,0.10005187468799373,13.444977462495151,0.10003526709719757,0.10002201992441156,0.1000332349132054,0.10000190358903296,17.96923925985411,4.983608376609933,4.163655420947936,8.938375179520548
entrance,28.752687288017118,0.7515462389904022,0.10003241640547209,0.10002420915485813,0.10002734316362151,0.10000007985956566,0.10002362043911331,7.003130283698666,6.832121441957898,16.160407077959412
entreat,0.10001047502319295,0.10001825379351896,0.10001432354328614,0.10000630609786491,0.10003613341660943,0.1000000465893601,32.47593268465205,5.3037044700266085,0.10000489646105426,2.5202724101783476
entro,0.10000000000065414,0.10000000000035628,0.10000000000038357,0.10000000000027116,0.100000000000794,34.09999999997022,0.10000000000022649,0.1000000000005172,0.10000000000023682,0.10000000000033282
entrust,117.22817834674211,31.0799554244116,54.81222625414533,163.87916304447631,21.08433523680751,0.10000015983482625,323.8970031320378,18.395181770071027,251.71607604280032,110.8078805883364
entry,11.029841754571413,0.10001112008551508,0.10025749308092259,0.10003011454888827,0.10068155902537827,0.10000007256676523,0.10006362584839883,4.9510780727523835,11.830966873396488,15.587069313143088
environment,0.10001381088502016,205.4124978244647,4.1485764163055405,0.8050241579414369,0.1000300615025346,0.10000001992558838,0.10001230382369815,0.10000648917260872,73.03383843434722,0.10000048138477663
environmental,0.10000488147179307,81.79798383303373,0.10000384147779298,0.10000555717313026,0.10000038296166192,0.10000000108653406,0.10000092222164664,0.10000205694993244,6.40199848241662,0.10000004109006044
envoy,0.1000089745594779,0.10000723050452061,0.10000331191537684,0.1000103737416946,0.10000016740381208,0.10000001275202064,0.10001020640635813,0.10000744718755979,2.2296782152059462,65.97027406015327
envy,0.10000287094793651,8.06762175099981,0.10170313815986395,3.080570334906096,0.10003019012481565,0.10000000000288078,44.48052948003598,0.10002819116730408,0.10002257398704918,5.769491469365523
ep,13.288072938748122,0.10000589567631742,35.2030091684554,8.39436754823584,0.10003538557358535,1.1063424102559885,0.10005076063691526,0.10006010719659551,0.10000758352893578,20.508048201314896
eph,0.10001850197642786,0.1000244783050379,0.10002027762349452,88.5684287193015,0.10101605806401012,0.10000001431456632,2.118104154625398,16.050946182447287,47.661392068835994,0.10004954411996074
ephesian,0.1000105781497449,0.10001320322429486,15.263936958034291,44.72145662415946,10.939561882517072,0.10000001064195037,0.10003587289979497,12.474941353342912,0.10002289642069885,0.10002062031779546
ephesus,0.10002587828426661,1.4813155136075449,0.10002330641566005,16.5451565286172,0.10000602677387063,0.10000006197986713,0.10001031096202843,26.905368875075986,1.2902905976264347,68.27780290034434
ephrem,0.1000209769317669,0.10000002523562761,0.10000001289804193,0.10000293281787576,0.10000818642706173,0.10000000000133824,0.10000729280375696,40.09995522042143,0.10000140509148649,0.10000394729998811
episcopacy,11.764756742603335,3.06012424659628,0.10008262567004567,0.10003262674580428,0.10002018372022908,0.10000017090313419,0.10007684545498152,0.10002627825635255,0.1000558846916858,24.47482439481845
episcopal,225.91259928978656,7.198827169364199,0.10001773902409782,1.9598977339588082,0.10001943110414589,0.10000004699033929,87.35854583865355,0.10002281408414863,208.0262991037593,72.14377083295254
episcopate,25.10343232806602,0.1000198390457956,23.144817483187385,13.30938124595438,0.10002238869981316,0.10000007955671722,34.49083168295617,0.10002532120049396,55.063801331242914,6.487668299769413
epist,3.494085329059505,0.10000376947086888,30.386570923425264,5.138954544217957,0.1000263251299941,2.1187435960112695,0.10004192560656144,0.10006832171006048,0.10000477170629427,4.3615004933108965
epistle,18.330590635470188,0.10001444002175475,8.743392875810628,4.858511608660752,21.93736701509079,0.10000006282028205,0.10005440869360344,24.0292801981414,0.10002250719003852,7.700766247742582
equal,10.843025948598573,52.63608719412715,19.15607297980669,0.1000274915665755,85.22417471327915,0.10000005697738172,63.62637737055344,6.487918401450006,18.891793891978065,41.9345219513267
equality,0.10001458923534526,72.46974769533254,9.731701910265704,26.54929165849641,32.80167159614877,0.10000001258455653,0.10001880150289723,0.1000160730217688,2.947525646208899,0.10001201693184503
equally,11.037957822386803,39.22878963575611,66.49723308261845,21.98574294546842,45.36127560349967,0.10000003273950556,36.340475524114495,19.569591265100772,7.424345321066475,13.454588766909952
equip,3.6598694049274108,4.937659169513077,9.842868315706951,0.10001218984719885,0.10002741479861688,0.10000003524770701,24.041837071803734,0.10001334582249512,20.01768377989323,0.10002927213958848
equitable,2.9509507975352647,24.045190844128065,0.10002067205656524,0.10001458229196535,6.4085421630147525,0.10000000373776878,0.1000417178907689,0.10001222289601376,3.9952197298983565,0.1000072662601282
equity,0.10004757573984777,11.760365803001676,4.5706955501264455,0.10000347128116528,31.995584759540378,0.10000003727273424,0.10004872787665359,0.10002359113723568,0.10000364882990948,10.073226834903737
equivalent,16.840887080949358,7.124697238886428,10.793772335113694,8.882779047313702,0.10002171031079536,0.10000000295744864,0.10001242976708694,0.10001816278898308,0.10003080731770114,8.857781184297101
era,1.074877447395189,29.852360337813625,8.794770493724766,30.065269072554678,0.10002061398077274,162.37139878832284,7.15082847562219,11.788964544996682,15.701499846429618,0.10001037881476953
eradicate,0.10011672126183377,13.119246404920744,0.10006510231875716,0.1000569342911686,0.10005111086070403,0.10000047534865172,0.10010290453155175,0.10004216219590098,0.1000245543401529,43.08029362929581
erano,0.10000000000049133,0.1000000000002676,0.10000000000028811,0.10000000000020368,0.10000000000059638,109.0999999999714,0.10000000000017012,0.10000000000038847,0.10000000000017788,0.10000000000024999
erect,52.25456038555851,4.873296919202942,0.10003201616681645,0.1000398424619075,0.10002248732571022,0.10000009795679644,51.221349421136786,0.10002658678511947,0.1000276289115742,3.050644614140546
eresia,0.10000000000069013,0.10000000000037587,0.10000000000040468,0.10000000000028608,0.10000000000083763,35.09999999997002,0.10000000000023894,0.10000000000054564,0.10000000000024985,0.10000000000035111
eretici,0.10000000000040471,0.10000000000022041,0.10000000000023732,0.10000000000016776,0.10000000000049122,37.09999999997169,0.10000000000014012,0.10000000000031997,0.10000000000014651,0.10000000000020591
err,0.10002125361498647,1.6321836129114016,10.456473254830167,0.10001557221318093,27.825960135441438,0.10000005400756842,0.10005083487687579,18.39541024328581,0.10003122890154881,29.189853809554993
erroneous,0.10001734603261211,2.267693127876621,59.355895912964975,2.5317035096545517,4.938709861197732,0.10000012816398224,0.10002662648690125,0.10002039686517505,0.10003583989708437,35.4058972505439
error,21.47766570748479,13.103784340557954,249.37781642184132,0.10001799308173928,157.39158314449935,0.10000004713153338,405.229663879221,22.160142959309194,0.10001375295808584,222.95931175362895
errore,0.1000000130913736,0.10000000000020355,0.10000000946904125,0.10000001134451476,0.10000000000045368,52.09999996484833,0.1000000000001294,0.10000000000029552,0.1000000000001353,0.10000000121960076
errori,0.10008347871043445,0.10000000000132964,0.10000000000143178,0.100000000001012,0.1000055692469902,35.09990327308829,0.1000025588856954,0.10000277685702376,0.1000023431094111,0.10000000000124236
esame,0.10000000000030244,0.10000000000016472,0.10000000000017735,0.10000000000012536,0.1000000000003671,50.09999999997236,0.10000000000010471,0.10000000000023912,0.10000000000010949,0.10000000000015388
escape,0.10003057529722943,25.334529914627733,23.990608307925818,5.3517107707655445,9.896731280932483,0.10000001690901361,45.01252912881181,13.616973507828114,0.10002591995308266,16.496860576612907
eschatological,0.10000963927862641,0.1000166499731354,1.3307783235976032,54.31393984710539,0.10000405891201831,0.10000000626866062,0.10000145727108682,0.10001665664037455,45.65523321926215,0.10000014149036845
esempi,0.10000000000057517,0.10000000000031324,0.10000000000033725,0.10000000000023843,0.10000000000069809,35.0999999999707,0.10000000000019912,0.10000000000045474,0.10000000000020823,0.10000000000029262
esempio,0.10000000000043555,0.10000000000023719,0.10000000000025538,0.10000000000018054,0.10000000000052865,76.09999999997166,0.1000000000001508,0.10000000000034436,0.10000000000015767,0.10000000000022159
especially,207.54582652884451,269.6925418390266,166.90202493312594,307.34685258168975,67.5682948342309,0.10000005436221895,763.9998495136724,92.41541608171575,525.4915385113774,206.93765512161858
espressamente,0.10000000000068521,0.10000000000037318,0.10000000000040177,0.10000000000028401,0.10000000000083162,37.09999999997007,0.10000000000023722,0.1000000000005417,0.10000000000024804,0.1000000000003486
essa,0.10000000000046767,0.10000000000025469,0.10000000000027422,0.10000000000019385,0.1000000000005676,102.0999999999715,0.1000000000001619,0.10000000000036972,0.1000000000001693,0.10000000000023791
esse,0.1000182178379473,0.10000417230925177,3.574561353127143,0.10007340356167699,0.10000055464471572,92.90594563945004,0.10000108459840484,0.10000109128027594,1.8193943553739818,0.10000012754102272
essence,0.10001542800279885,4.118340323283798,41.045101939928884,97.72488916481643,0.10004016721248053,0.10000007931724769,0.1000275550226203,8.449820215119782,13.287426663981899,22.974338462979194
essendo,0.10000000000041184,0.1000000000002243,0.10000000000024149,0.10000000000017072,0.10000000000049984,95.09999999997186,0.10000000000014259,0.1000000000003256,0.1000000000001491,0.10000000000020953
essential,18.85906912460418,148.23023462968604,112.76941107050688,206.03542638511496,7.26109471344978,0.10000006989247556,0.7015978830833183,0.10002414649367226,226.8431258339934,0.10001614285966705
essentially,0.1000112741657223,13.484160998758952,18.893930463726086,28.655586210904108,22.346566729551512,0.10000008081376603,0.10001873157242788,0.10001967857212751,40.58724860461591,5.632457227020328
essere,0.10000000000065255,0.10000000000035539,0.10000000000038263,0.1000000000002705,0.10000000000079202,455.09999999997063,0.10000000000022592,0.10000000000051591,0.10000000000023623,0.100000000000332
essi,0.10000000000052281,0.10000000000028474,0.10000000000030655,0.10000000000021672,0.10000000000063455,182.09999999997123,0.10000000000018101,0.10000000000041334,0.10000000000018926,0.10000000000026599
esso,0.10000000000053606,0.10000000000029195,0.10000000000031434,0.1000000000002222,0.10000000000065067,39.09999999997095,0.10000000000018561,0.10000000000042382,0.10000000000019406,0.10000000000027273
est,15.055489094687454,9.397611963752734,0.10002740362409183,41.582254730700605,0.10105282581272194,156.25614737165492,0.10001596738319565,0.10002633156955071,17.207365956052673,0.10000835444599207
establish,315.07227776183913,94.00258488367307,140.49820820976552,33.77884110408276,89.6164411656415,0.10000027627177038,297.11354128497186,59.803338887344836,180.97979717039996,178.0349692556723
establishment,18.849619244815052,39.488308585396915,0.10002158041411796,0.10001995649280768,0.7362049612586642,0.10000014755168755,37.88975670848055,0.10001428702549763,20.325135865791633,10.310918662471158
esteem,6.597506384183336,13.042989249264595,33.15973410733237,6.0785408343936185,8.849418290514041,0.10000007020858753,94.51323128442101,26.55903315862172,79.47105239403214,6.628494226685431
et,88.25307696597817,71.73294184328671,18.129353678501808,252.04653268787914,0.10002546361646611,788.9787317580631,0.10001643062177955,2.9829493222742163,146.64045936741786,21.03591248203222
etc,40.32382796621195,2.7271821423994553,0.10002961827698813,0.1000191681895031,0.10006450841787416,7.274011220046293,0.10001434620668269,0.10001194216411682,42.96049968230475,25.21433940545528
eternal,0.10002055483325901,8.50044232410809,159.47190857469295,403.5203109697951,55.00165795551171,0.10000008535046007,326.36516616527973,205.6955577299735,31.28853938300771,75.95639625711989
eternally,0.10003409456984531,0.10001973453216623,4.101937264082476,34.956996194623876,0.1000188861159612,0.10000005409748466,0.10003769519402535,0.1000633705834232,0.10002947894405954,16.240863226888557
eternity,0.10000935263666602,1.3980781226978225,13.574637669742927,54.31997507613831,0.10003621630366122,0.10000003556612236,9.779057443502914,34.0071112399251,7.049559996243472,10.571534846904434
ethic,0.10001893652283178,55.499935636271445,32.29753349742786,0.10002874523359376,0.10001003658393415,0.10000008574392977,0.10000295743081263,0.10001011102267286,3.5024589446998244,0.10000104885103406
ethical,0.10000506977101359,175.9749859610452,21.23152758174767,26.05312471131737,0.10001360175991661,0.10000001886576354,0.10000262891768806,0.10000134572584321,12.14033890399881,0.10000017665510823
ethnic,0.1000078023035733,25.483076433389733,0.10000539212611678,0.10001704984058168,0.10002324323220427,0.10000000706329377,0.10000425017119025,0.10000065273165355,23.716864536066407,0.10000063291890471
etiam,2.5461900382798577,0.10006925345356127,0.10000731395142191,5.011767125831166,0.10000149106859563,58.7419425646088,0.10000340301723903,0.10000586735219057,0.10001092916922921,0.10000201303550452
eucaristia,0.10000000000080028,0.10000000000043587,0.10000000000046927,0.10000000000033174,0.10000000000097135,41.09999999996943,0.10000000000027708,0.10000000000063274,0.10000000000028972,0.10000000000040717
eucharist,150.25577544143113,0.10013587409992583,0.10001173364835667,112.07210181452298,0.10001693591003473,0.10000002517464751,0.10001098693601063,380.2106999847627,450.1706446253678,8.79060257788834
eucharistic,71.8734338508665,0.10000723527160496,0.10000866687216113,30.82197507010888,0.10000491388930874,0.10000001673053668,0.10001054284495793,298.5816663586606,172.12289126615232,0.1000020784125338
euchologion,59.09999005168145,0.10000000000008014,0.10000000000008631,0.10000028484496258,0.10000000000017864,0.10000000000011533,0.10000005518254741,0.10000428848904985,0.10000000000005325,0.10000531976984693
eugenius,4.074333884501333,0.10000000648022701,0.10000268396638708,0.10000116019760001,0.10000456834442534,0.1000000867900407,0.10000628558581061,0.1000092035312262,0.10000023593050959,50.125641884581725
europe,22.785161887990736,31.571318129558982,0.10001639043578356,7.006498816174704,0.10002130710383365,0.100000187263952,102.64877742032103,0.10001342371362074,14.859169842926546,10.72902259420227
european,0.1000352754062169,14.238902784842752,0.1000107830048264,0.10001665651345532,0.10001150000790561,0.10000003564841362,24.175838501458944,0.10001876272383854,8.170752451287996,0.8144132488043855
euthanasia,0.10001023745015558,41.9866379421817,0.1000130699043293,4.213300442757582,0.10000966987130212,0.10000000000040635,0.10000196926096874,0.10000144685666873,0.10002473001228408,0.10000049153429127
evaluate,6.5167463019188006,17.771948072815533,11.200683378057883,6.433245309867869,0.10002045611352665,0.10000004541906216,0.10002020748474758,2.9123482934767995,38.76496873378198,0.1000192007550439
evaluation,0.10002268968772861,21.3064831160123,12.512940641962343,0.1000224669867831,0.10001392656080854,0.10000000000353496,0.10001160081511713,0.10001367929623792,12.480490282273271,0.10000159617477958
evangelical,5.200977069442061,0.10002018219244437,10.125436615937195,113.19830992023653,0.1000233314906789,0.10000001482377885,56.3313764093148,6.2227596551679785,169.43668582213692,48.1844109789353
evangelist,0.1000095447012904,0.10002941050911654,1.0513121528609202,62.11948816886904,0.10001266255160249,0.10000004378921555,0.1000183235962537,9.000480172003826,21.22489179766139,5.103757723150602
evangelization,0.10001155420552651,9.922157831561798,0.1000142973972925,0.43863990177579826,0.1000044223939657,0.10000005068740196,0.10000681656330879,0.10001005595850834,886.9391539693237,0.10000109994035479
evangelize,0.10002315830576297,6.279849958329587,0.10001717030714971,0.10002011021263142,0.10001193799297646,0.10000000537268132,2.141050942715079,0.10000840320795656,271.7338123282095,1.2452059850418749
evangelizers,0.10000474788556807,0.10002018444326774,0.10000509395309343,0.1000190399952949,0.1000005388966771,0.10000000428865345,0.10000460368717132,0.10000155207128118,60.09994384796594,0.10000038668054832
evangelizing,0.10000311456845923,0.10002450135393609,0.10000597879132274,0.6741037915350133,0.10000241075241592,0.10000030340380814,0.10000873740778565,0.10002054297022979,46.52583031416727,0.10000030483019622
eve,1.6395138051949367,1.5327933514891092,0.10001078714491055,54.06219116812735,0.10001423203775957,0.10000000031139683,0.1000252084485774,26.748811338954376,2.2389750966882667,1.3776650112755426
even,242.77881980929376,603.6801771241174,828.5026544049712,688.7339845101667,304.3006564966812,0.10000023095533127,839.9750962925035,259.427355158786,373.80099242947483,794.7002635427136
evening,12.027105801425764,0.10000869381161377,0.10000220586867341,13.120196577942831,0.1000168911548214,0.10000001050434575,0.10000507262921458,18.15263464292647,0.10001852346546214,0.10001158009127793
event,22.54055956774713,41.175028466759336,20.725523787882498,254.59506441354648,0.10002524604503643,0.1000000508744662,179.82741278350258,14.867144545744246,154.0269599017449,9.042281235819093
eventually,0.1000462332523912,15.874675792240804,12.66225167712373,0.10003730644171206,3.2035869978007296,0.10000015169599448,0.23343076034195592,0.1000771344106068,6.260918927223667,7.364975019042128
ever,7.868240745987014,104.68012651538696,178.82723609465643,335.7854186222429,112.95005740647562,0.1000000701686361,380.9102346135166,250.65469923414324,234.96042314016032,49.26356355692807
everlasting,0.10001978705852256,0.10003125967869463,4.205058331072946,10.078018898586361,0.10004999379758314,0.10000002259626975,40.06938041514655,23.83014632556708,0.10001696723882547,76.31727799893707
every,119.59678154497138,600.6423274438278,358.9210348499808,784.6967705530022,323.53172803793285,0.10000007681094797,1090.52250611819,191.1367062277551,693.9210279168637,311.9311172303289
everybody,0.10003050209579092,9.647384651030471,0.10003084157782234,0.10003465540424922,0.10003589280427204,0.10000009495599556,48.41488965609106,0.10001558621668218,3.0605131852335252,7.277064934241803
everyday,0.10001709554702416,12.80184131258902,15.027594207555646,12.723193942097847,0.10002413184747196,0.1000000738968141,0.10002974772169752,6.704803614952998,36.24247384179945,0.10002203167169811
everyone,25.797659729515555,208.3537350196948,32.434490671976974,157.99242759775518,4.423238475500367,0.10000004662601393,158.15496340981338,12.015016432570654,137.99951888681414,38.72894972939579
everything,52.42675818059502,108.26820673086674,91.22853904440487,204.7642112441918,0.10002464392189539,0.10000007568889538,188.46019089435768,3.7177832265460906,80.24765660940017,121.68662934969353
everywhere,12.07341740072125,18.375243983048954,13.832718583756465,0.10002651026322715,36.9018648969611,0.1000000636472285,239.77383806212757,44.40696581929188,43.65180282869177,30.78412185115638
evidence,29.095956278996404,7.990132448075221,52.35077081115348,0.1000265001284825,0.8518736715753247,0.10000003978722559,46.33785946406177,12.273128627988887,5.9729136615040375,29.927338496388437
evident,21.463117522042836,36.58902958686824,60.054772929483235,27.666717065319155,24.61144801134769,0.10000006104610944,58.816105758699344,26.732491781436654,40.28168585093755,29.684631432479048
evidently,0.10003478798155997,4.15238648226152,0.10004048055154548,0.10004029996781212,5.311671829272474,0.1000030643125869,0.10002862583406254,0.1000321109413417,10.270331792219926,20.665430526278342
evil,0.10001823676919168,80.77315465448615,287.7249988339203,329.2139855848192,145.52242471490547,0.10000003327138428,488.22020524341065,0.929318962695196,0.11471275639439314,153.30118097901902
evoke,0.10001302378238153,5.584259150898792,5.742396097357942,26.02577305818406,0.10001288357201117,0.10000003254579744,0.1000344807948179,0.10002660772607234,16.047480093822745,0.10000457101964533
evolution,0.10001511166364303,14.597899754423517,52.83742057176912,0.10001081330052433,0.1000131983747454,0.10000005657703491,0.10000387916725356,0.1000104722352159,9.864624018288465,0.1000021240160527
ex,14.071499984351412,0.10002449330041244,7.354787065244329,28.146868868265983,0.10002267798651053,58.54982940367331,0.10003133648702535,20.465435775569542,1.7242536483576905,4.387246746390598
exact,10.399675704400845,3.2196397455081076,29.18232351972036,11.918286509205965,5.363726771905396,0.10000016202896715,0.10003260365240589,7.679505721875282,0.10002328159077326,38.9367859797743
exactly,8.519508547224548,2.134995464048519,24.813874240967372,13.281466629683296,10.855137029565183,0.10000011271798423,0.10003778758480518,0.10003372662555665,5.243500621157763,18.851445840058414
exalt,0.10000739017623285,18.65551801154079,14.22587265464098,11.807064747552563,9.290205169221478,0.1000004197370017,18.2099181737081,31.805277631624786,0.6138331271384555,6.192302674327476
exaltation,0.10005304641781447,0.10003908552302693,7.131979140198716,16.895575233113895,0.10001493296316911,0.10000000343940497,0.10002689512827308,13.328578491317984,0.10002981697558698,22.043703354573584
exalted,0.10001961129538585,0.10002128543170098,19.520394622871816,4.649197689136963,0.10003159518912262,0.10000003580334003,4.969663301542534,34.90085078963046,7.384647806767791,1.175173261987267
examination,72.88575664181276,0.10001759247598037,49.66176075258611,0.10002562080216464,0.1000189181444773,0.10000062151613129,0.5316090641418246,3.949315420974241,16.307783089627602,41.2637122776107
examine,46.71199606509948,21.95983713805997,81.06855838521008,0.9729854258766195,8.194773176448079,6.114220751819697,0.10003072609505739,25.12735348695095,54.47756807353413,125.2726767705402
example,60.23317044421536,115.31621944215928,97.50831882682782,144.87961564782293,49.29214016982362,0.10000025014427108,585.195361967469,207.51388685525203,267.2848740669559,81.67641232899359
exceed,0.10008928620944822,11.51540474479741,19.261398570583232,3.9421579938239795,0.1000812707041709,0.10000074815714637,0.10005191914316479,8.935501041342802,0.10001897069902271,43.845295454101915
exceedingly,0.10001639833966745,0.10001028817889719,0.10002467081975808,0.10003351452662242,17.91847601954144,0.10000003380731579,23.201307251723932,2.1800860686481136,0.10002502333735969,0.10002073078962198
excel,0.10003683123120834,0.10000439381867558,0.10003070441726881,0.10000359029737077,0.10003848921965287,0.10000112921145331,44.840555175672826,7.562497587434743,1.8968115249943647,0.10002057342546658
excellence,0.7947731507924612,1.9303877657393589,1.7688815526792119,0.10001649194641903,28.577116521247017,0.10000009465272736,38.93238615227209,32.67018103863835,20.58678243771182,0.5394747939873255
excellent,7.2702810176998405,1.958416961368673,14.393800711959441,0.10001861617603797,41.77005667250753,0.1000000587051512,86.22701533933393,44.147314087044094,6.785504685825631,5.247591849049834
except,31.693222153512988,13.401118303224703,32.032043849129344,61.00818375084238,29.765105066600764,0.10000005819654277,23.033432469317606,44.92326916036481,2.272464724388741,259.7711604640816
exception,16.17380459381322,7.88594186595036,24.077020582089876,16.5530757478263,15.496555045412578,0.100024841268819,0.10003096732795466,2.9452721643820166,11.23667130961478,68.43160288194461
exceptional,1.3177983084562979,0.10002307801163075,13.704224985286784,41.40470786573408,0.10002721911214994,0.10000011879445325,25.885001411070533,19.31848793735574,2.378660872559576,4.691068203279578
excess,0.10001617834835407,11.375583126998054,16.588393224290723,0.10002577283666518,0.10003130228335487,0.10000001581661097,10.27406632526158,8.205180084289557,0.10002023138864426,45.05668373817698
excessive,5.453124558338675,43.64899450156123,22.842990001834984,0.10002555285633584,0.10003095790246878,0.10000008421024219,30.398739280586142,4.343547824192956,4.330754283236387,14.681792954940686
exchange,1.2776478660070654,67.73710049972684,11.691938519541146,10.81963870615029,0.10002844220878623,0.10000004675706438,8.057394417259426,0.10280589681846453,67.06243231302034,25.051013292156128
excite,0.10001136578876482,0.17335756255731294,6.038730560238934,0.10001584222272786,0.10003258087689679,0.9481309188638509,50.30684286270244,12.032841364379868,0.10002787908981525,0.10000906293184536
exclaim,0.10000756341961117,0.3563478163608933,8.608070290965893,25.15405701923963,1.741305536719107,0.10000000000408708,0.10004684890969884,9.80826154808216,0.10002993905950741,1.931873436849526
exclude,32.92798041020078,83.97489917007027,55.582534339978636,22.36281915548055,17.301381578495036,0.10000008245420655,0.10044851427516584,1.227697973691181,7.350504132399646,48.07173464260803
exclusion,8.878448404611795,19.43254997623184,14.210682438888051,6.2739342042806046,0.10003603809865531,0.10000006879672586,0.1000486246821253,0.10002888838682,0.1128436744128607,3.6914276812149427
exclusive,0.10002028274053558,24.70153527670102,23.684670433065843,24.019397762755816,2.0155176201743745,0.10000008565936895,0.10003229541548024,0.10003500834814479,21.07875085073387,0.10004038404680163
exclusively,18.344420337505085,10.849118382899544,30.945574173924154,33.178402986857996,10.686498325259386,0.10000008879797477,0.10002867144776224,0.15506426165949463,11.341217549204066,1.299675222090314
excommunicate,0.10000546993115557,0.10000011464947628,0.10000149196733744,0.10000161917700705,0.10000116806210627,0.10000001313122651,0.10000346758894445,0.10000576860188796,0.10000008254187306,102.09998080428839
excommunication,0.10002106073515896,0.1000138359035308,0.10000569289859891,0.10002941730494912,0.10000728133074394,0.10005523772878845,0.10000669038429578,0.10000417789169332,0.10001615302798199,256.0998404525699
excuse,0.10003544854018477,29.781817411642137,15.454930400399759,0.10002900789875865,6.672214186872854,0.10000007233266923,2.0666451985347862,3.2243885529819236,9.156328068532709,89.3436116519093
execute,21.562308199646232,0.10002052118332821,9.048390579542602,1.5999002669397853,1.4018867033028017,0.10000007086445897,0.10007816368272841,0.1000435130435057,0.10003265153038632,31.88733932980947
execution,12.418351449202984,0.49697156301057377,11.916635551300471,0.10001383319507934,1.8019679642458084,0.10000009130637108,0.10002754360586802,0.10002167657996473,0.10002775441435013,52.86598257280399
exegesis,2.4385206460344917,0.10000980587874904,16.95925266999667,7.907309476024663,9.094731302930787,0.10000003820328195,0.10001258631729694,0.10004174701309461,0.10011722975424452,0.1000044975822144
exemplar,0.10001051824662399,0.10001240021496063,0.6723995135891567,12.240986880948455,12.387852896783306,0.10000006775759948,0.10003823939146396,9.37987827063766,0.1000226963174554,1.8187985157897542
exemplary,1.773758198073881,0.10027239068061344,0.11489008152994375,5.739675519671144,0.10003616316086868,0.10000004591134562,20.80100063043014,7.651028173566602,35.864531088837786,8.754807707763085
exempt,5.423842943897641,6.348618899051555,18.80492004507704,0.1000188469816204,0.10002495814912434,0.10000009341538901,0.10003099892516093,7.270378715279019,4.565884473780555,90.18628002511336
exemption,1.0611502436188223,0.10002481807495901,3.1379285195599143,0.10005601425832722,0.10001947930726672,0.10000000585188906,0.10002845876245903,0.10002537947915764,0.10011827535694715,52.10064880519251
exercise,169.5084770349178,128.77143042967197,129.9919512431592,14.02935750242164,112.7384759484826,0.1000000614223877,315.5364984163933,92.84150705673557,276.715911625677,109.7663906807828
exert,0.10004702175125553,4.437617959353353,22.64683179747638,0.10003629085330645,0.10002583080871108,0.10000003163513642,54.561113524489805,2.7359665674251166,0.10003597671910411,3.11832499910804
exhaust,0.10000809994974996,8.69303043020404,15.914454884561026,8.686037745604361,4.447149013755469,0.10000004943142532,0.10005238266934981,0.10004429247172916,0.10002269511835807,1.7592004058523183
exhibit,0.47668428608287994,0.10004086653330069,4.659770987312597,0.10000448789383196,0.10003658919966257,0.10000217176435873,20.131289144517442,8.673510572498904,1.460746123962414,10.197914769884767
exhort,33.485458829159086,6.2420870264219745,9.905838138556598,0.10002774791647351,3.2268394344547566,0.10000029472270043,336.88868582131204,50.31134176726738,23.5413658681233,58.19835507172836
exhortation,28.03662331339291,0.10001320326263625,0.10002218167930095,84.20705276620949,0.7673864355401908,0.10001310183883981,177.3291854136238,51.565732027840944,105.2228655496348,17.571106006658695
exhortationecclesia,0.10000437982312543,0.10002247202359715,0.10000190302822279,0.1000158780773268,0.10000007297567019,0.10000000000032973,0.10000319592391674,0.10000544597342727,41.099946466738835,0.10000018530907055
exhortationevangelii,0.10000336618418874,44.62975627587939,0.10000788414726658,0.10002774457812168,0.10000092014409734,0.10000002962786568,0.10000219992555193,0.10000244869884402,68.57019883363112,0.10000029702614278
exigency,0.10001688866635755,0.10003053166835665,40.54873128569398,1.6510547421876367,0.10002323347033071,0.1000000098555446,0.10005245099428366,0.10002538478837764,0.10004316243336234,0.10002230984680471
exile,0.10002513984211478,3.2132289331519153,0.10002022937731972,10.12835271132001,0.10004251520549258,0.10000017086451152,88.04848357793156,26.76523109531488,0.14952637246700443,9.295089254177428
exist,41.51743819908718,160.84454224124195,207.22697344980494,149.34234514443295,87.53214826148675,0.10000009459047239,39.14395316651473,18.217544470198774,127.72346624984917,53.35158872245508
existence,4.053961625205425,129.90380881801616,209.5340410375325,182.44689805959254,0.7671085489146197,0.10000006086450496,3.9419868459123557,0.10002499994729411,58.2350636273306,3.9171063763377156
exists,0.10003744551185567,10.987129554540596,19.203609121990844,7.72264799042717,0.1000512359805012,0.10000004187927398,0.10003200557114149,0.10003705774186426,8.03420859429786,6.552246951685226
expand,0.10001846370716072,30.569802951273626,0.8436758069772433,17.02927246092826,0.10001702576831245,0.10000014340791945,23.225735511588635,0.10004277922365823,8.743100625164692,4.188334231613568
expansion,0.10000855210282752,21.084433422152784,0.10003236479124802,3.1277240796753607,0.1000161080553373,0.10000004020549,7.269963050460408,0.10001508371422652,5.917803390475226,0.10000390808213515
expect,0.1000275518380686,35.477291624307895,43.612084843438176,20.48859355322797,8.332100349565271,0.10000004896044273,95.94581872832413,0.10003186861100628,34.37907098006921,9.464980451317333
expectation,0.10002016791526361,22.125800570831885,2.166426293322966,73.96915471852367,0.1000329823676187,0.10000009386659174,24.895704518100523,14.639636111993859,51.80321110075642,0.10001344201068481
expedient,9.718248919293101,0.10001616321169905,10.02770107749674,0.100018216134973,32.222803038484756,0.1000000452556966,0.10004065149810842,0.10002370979944054,1.2300317726236216,36.30111640585943
expel,2.1618599250103534,0.10000866790945727,0.10004171070092462,0.10003765537376215,0.10001947254488856,0.10000014535665402,16.226803451991632,0.10003257282119295,1.081427765555123,36.92976863236552
expend,0.10003279660043538,3.0410399555025536,0.1000125845975058,0.10001283695771003,9.553234647850891,0.10000271921847005,11.879771339648494,0.10002154248095307,5.271928189638842,15.753943387204924
expense,0.10004188863624597,11.60605210808251,8.599337352554366,0.10003349815641509,0.10002295254110317,0.10000009440544519,20.565778094560287,0.10001128869893353,0.10002065484941083,96.628702067197
experience,2.8528592061866203,194.3487275350409,218.34139095966913,483.61728780880355,33.7672326557083,0.10000009255449527,108.76173826067622,14.439921017392589,559.8226684861844,24.948173977448782
experiment,6.095137412222476,0.10236557090790675,36.338897099524615,0.10001000398070109,0.6849092667182968,0.10000000000164075,0.10001039822608486,0.10000713432817579,5.278660568520797,0.10000254533723443
expert,31.746472989791695,28.412704341538156,0.10003608205661756,0.1000190872035359,13.878739078409954,0.10000006344748912,0.10001139056362116,0.10001273978092366,61.0847714966609,4.377232730266817
expiate,0.10003815948899664,0.1000468874494706,0.10003893273861555,0.10016002961883627,0.10001985897683921,0.10000012504222316,8.979775078675031,29.219879142590482,0.10002478978701236,0.10001699522289458
expiation,0.1000078874400174,0.1000124142895065,1.598753097090287,0.5144002623059918,0.10003306867149889,0.10000003480191547,12.758206629881855,51.52851220557127,0.10003248499190337,0.10004191460407953
explain,36.32226907535596,21.28268664238826,172.69486630905962,70.22893314489902,76.97690492664043,0.10000006113848271,11.189510679830448,105.57918450579594,53.16588134489619,60.459763309659024
explanation,17.002786802241253,0.277568615278459,86.82688087834849,19.222716240561542,4.029431504803575,0.10000007197315262,0.10002565180580807,15.157229485747141,6.691177940380669,10.592182808512026
explicit,13.484619383905091,10.383884735000638,25.62781242220954,10.351482513737304,0.10002271998323752,0.10000015651965824,0.1000239759222021,6.8159998974648826,63.47594550751011,1.560208687410916
explicitly,8.488996215686612,7.931085486678158,19.796296616130554,22.869937832531306,4.344439874354696,0.10000007033121933,0.10002189941955161,1.2992256518620444,25.876990643563595,7.1930057091036375
exploit,0.10000768070264715,59.09331813594088,7.400204126016647,11.806282988464867,0.10001322646428895,0.10000004437333113,0.10003202068840832,0.10002631150480688,0.10002138493160982,0.10009408052704542
exploitation,0.10001116431634892,72.37039183727046,0.10001123999034028,1.4627423444891419,0.1000120555778605,0.10000002098910263,0.10000845574948145,0.10001173692131836,14.466808756215459,0.10000238826490793
explore,3.389849012801803,9.761418854650659,18.874698264266804,6.461887606747989,0.1531603079994484,0.1000000624400139,0.10002989353024547,0.100019224632097,21.641021829565684,4.417914943027591
expose,0.10003739856357768,23.933414173842124,27.301053699248108,1.1363800499168302,28.194577998191622,0.10000006933271285,95.48008334533863,6.034735507908394,4.950672444206502,19.769045313094992
exposition,6.485434429461096,0.10001783036070315,21.131687846749895,0.10002076078055819,20.97190094223436,0.10000004504884083,0.10001648624319111,1.8980314005394852,18.950029253879443,8.162861004412175
expound,1.8328971658260467,0.10543450637998317,32.65506789988856,0.10003003989258695,32.1204626384659,0.10000021464992515,0.10001950586785409,18.66487298919645,12.7882058522006,20.533009187303158
express,52.43852961293066,100.39092467149037,175.9903917883832,449.48114970062124,35.36041117754154,0.10000006922521905,42.983633995345876,64.94353618920506,423.6352845986715,106.67613819624849
expression,13.387759863481028,74.40680757887377,93.6473524286515,349.2599369936678,23.18884997372457,0.1000000957064563,1.7920287257487313,49.75874346643329,277.28220113311477,10.176319740260835
expressly,19.80621481853411,0.10001566235731427,6.671862672541413,13.035046250264276,22.802734783285178,0.10000005584020173,0.10002862976873593,0.1000263267012653,0.4652852153883207,76.81878558498431
extend,13.810429731953747,39.406795337042695,37.53541722474362,36.371244513269474,4.583313379435683,0.10000004157736046,132.4738507622168,22.136529370961995,52.21220404933674,47.37021558912194
extension,4.938396555063298,11.155524916663826,14.0082351637403,5.733986840777671,0.10002721430733466,0.10000011842986078,0.10002602015652655,16.89237124091341,10.366795953336945,3.6046359762694444
extensive,3.8265780922014687,13.232231741736735,10.96525759347248,0.10002857857565486,0.10002732751953605,0.10000011719534356,6.397015155650297,1.964627815451013,26.060339631712743,5.25389394613492
extent,14.629947281847924,47.72268713000147,102.60482187041636,38.033759287883115,34.46149479505245,0.10000069255910687,28.47595934998336,27.96777968758293,62.31914322349981,35.684406680834236
exterior,3.0305508211299212,1.9946083558958947,31.586979425711508,0.10001927066770028,0.10001267568225673,0.10000005201476769,0.10002441054831851,9.541987862372196,0.10002623605513714,1.3457908896022333
external,55.90376338015526,9.121791284383017,128.2352356775531,14.654539810590895,7.856091873410104,0.10000004332245761,28.457490362245792,47.28534469630865,45.340472475189365,1.045270396489643
extinguish,0.1000140204961155,6.702388310372783,0.1000252882885204,0.10001765419837308,6.874902699332693,0.10000005223662903,30.433826976153323,2.3142495435508756,2.844602897292266,6.429972557758713
extol,0.10003198599792505,0.10001579767914646,2.7921184502705727,4.424266614115168,11.576975300911588,0.10000005496493364,21.20477421838756,26.102185509461535,0.10002989366812552,5.499602174213929
extraordinary,30.062438949763468,8.693045908253048,4.97384756408148,53.04460882120621,1.828222916129058,0.10000004388949646,40.7135834568742,26.23761072201943,57.80157971461658,5.545061902821806
extreme,24.890493850818462,53.020974660529724,28.758026069430098,6.80980820400252,28.69027507412355,0.10000003573661945,8.951836364921574,4.6002692779610355,1.0833811237083595,16.094935338413578
extremely,10.175869641739334,24.790745923547206,38.16191739259953,19.700923296229803,0.10003865033536802,0.10000001164493139,0.10006171921731027,0.10003027846234835,11.739829142807634,6.030583943006986
eye,0.10002076249257998,25.717827328649072,37.23101046077715,198.65782993249647,1.1067364406711706,0.1000001521642021,201.7975423957142,65.04961869502434,14.73387763820044,37.50553619347952
fa,0.10000962564396912,0.10000412958404133,0.10000038245310251,0.1000200299906498,0.10000595233101202,60.38882031941364,0.10000216903168714,2.8111234260531557,0.10000017169572112,0.10001379367632608
fabric,0.10000944724503327,26.647790328904097,2.7930216982764233,0.10003472298264682,0.1000520168740512,0.10000001653768269,0.10002302873453722,0.10001720111131743,8.740004776485277,11.219046762521147
face,3.1211721214487387,214.80021543195244,46.57193617678253,316.3390487576123,0.10002458371084155,0.10000004962960202,66.70597043362628,0.10002389552229926,225.7015197642796,13.460088785104148
facilitate,8.367281717335079,32.20857832378341,14.929411918964698,0.10001713417327711,0.30346778771345906,0.10000001137986932,0.10004094509836052,1.5613028570470577,21.229886140685537,0.10001316348884647
facility,0.11142919961572537,0.10003059230723232,3.49173852859171,0.10001006556323995,22.649969469227063,0.10000000000318464,0.10004253483464558,6.176513941311558,6.070257457544345,0.1000082106802477
facilmente,0.10000000000078617,0.10000000000042811,0.10000000000046093,0.10000000000032584,0.10000000000095408,48.09999999996955,0.10000000000027216,0.10000000000062147,0.10000000000028457,0.10000000000039992
facoltà,0.10000000000058892,0.10000000000032075,0.10000000000034533,0.10000000000024412,0.1000000000007148,309.0999999999708,0.1000000000002039,0.1000000000004656,0.1000000000002132,0.10000000000029961
fact,51.88966375407973,285.8349043170778,561.2428774012999,389.90982323184954,69.04649931771962,0.10000006802244883,204.90365042816015,160.46834784172265,341.26195085471636,89.34228278501634
factor,0.10002058612942664,76.01616005094276,12.623044623005308,7.4621965944172794,0.10001182055710234,0.10000002972082303,0.10001396259270207,0.10000366103418677,69.29852967448531,0.10001899685840476
faculty,376.4120071812363,0.10001595707843489,48.841682303409236,1.3188695333004994,29.599039398229685,0.10000010737358818,0.10001944008607057,11.296224469232039,0.10003224613327974,24.132109363610198
fail,0.1192682714422557,112.16791896736281,61.14315756848151,90.09720906281596,33.56857024235543,0.10000023422757587,190.6414084599248,23.826949160367853,93.89652660817424,72.43899142451096
failure,0.10001835542778921,45.196451837706356,12.035446527385764,2.202574263990506,0.10001137736527434,0.10000006407911312,0.10002026203929355,0.10001693503597585,11.263273500756673,6.802186875915542
fair,0.10003768369206788,20.52329804569987,0.8683655803837197,0.100954239971776,46.88278047962392,0.10000000971932241,0.10004297635502618,8.671505734141588,8.000888745879607,16.652126504164464
faith,104.01800224507866,52.079047769264186,1180.7592995021798,1292.381835969596,71.18478447982565,0.10000011236836509,1282.310136786311,446.2853145336843,1812.8061893214067,583.0753892799529
faithful,344.989721470548,7.737245848914689,21.114003928421127,123.09407985438979,50.12436444195733,0.10000006720119684,994.5407089082706,595.7266315712619,1065.7593720088205,219.81387189988212
faithfully,31.90771441881597,0.1000192292988343,29.079281147465274,15.468785930022287,40.55380120499504,0.10000003451140888,24.143580392940517,46.03697575701684,44.50473352395494,55.10510836065285
faithfulness,0.10000755625191635,0.1005774165832449,0.10001811798676435,23.92440772437969,0.10003474544700515,0.10000005348925613,8.477678832551314,0.1000280033878136,64.51487831783064,3.4823692317574095
fall,7.911186788173152,66.20536209675831,88.37939502479988,82.05299181813335,57.17864051365271,0.1000003613205283,144.5196453725124,59.370041277690014,30.057958626822074,69.22477811979978
falsa,0.10000002429870627,0.10000000000012156,0.1000000175754069,0.10000002105659672,0.1000000000002709,56.099999934779134,0.10000000000007728,0.10000000000017646,0.1000000000000808,0.10000000226348513
false,0.10001894589396335,49.46276105819647,149.90501071013526,0.10002360259480297,85.49163455413155,6.113404649057648,87.75311274303462,24.232303633690165,7.803966990490773,97.03776311242606
falsehood,0.10001635927743535,0.10002400586934455,12.981856028044682,0.10002464349452432,10.418388510303966,0.10000005111998006,12.73044137036774,8.582965552518754,0.10003503747004668,11.786248441206522
falsely,0.10001768741666778,0.10002589342446655,17.738508780884942,0.10005258495646223,5.614342319678949,0.10000005906883222,0.1000603957003227,0.10003037965865269,0.10001667380127159,20.946945225010897
fame,0.10000657425342349,0.10000180928350129,0.10001409997746145,0.10000323283392751,0.10001607808725264,4.3712271692763265,21.10120893951431,9.827509089271109,0.10000026342410419,0.10001274390945246
familiar,0.10002585022127125,25.609508013118873,1.1895691144438487,4.925385759201547,2.606028089270792,0.1000000500156136,23.861051697583058,16.048703243278265,14.012039331761773,2.547688850749446
familiarity,0.10003646632200734,1.2386481388452713,2.6080756554798556,0.10001638278286303,5.354143819427466,0.10000082774560176,0.10003987105127038,19.09500752369567,13.203996524092586,0.10003479018983005
family,0.1000184437738971,608.8158187101703,6.134196665911013,245.99070229398762,1080.3292979029397,0.10000066447580781,90.42110405656312,80.70788633968925,718.3009609110645,0.10001401112499045
famous,10.433001146431657,0.10000892687225496,0.10003744637362216,10.667105176550228,0.10003478698419528,0.10000003956556788,51.052322696695,0.1000349522109286,0.10002475135747534,16.247430076643692
far,30.151264426581797,84.3911525470383,240.27364580946735,67.9701224056214,169.2014059223252,61.36795413620784,402.15058810634963,71.83749682321167,58.18630142899375,144.4700683938405
fare,0.10000028029098916,0.10000302122409492,0.10000024562261102,0.10001360946719388,0.10000084164687256,117.46225049921092,0.10000268095467861,3.7376967677666513,0.10000011026896319,0.1000319434177389
farm,0.10000366514395916,32.92603513309022,0.10000768520964606,0.10003275451044773,0.10001507639062017,0.1000000000120319,0.10005261212582944,0.10006916054181428,0.10000853917174997,3.2737753734698067
farmer,0.10000483269495275,33.73217908667778,0.10003054947153205,0.10000253369540103,0.10004532583130345,0.10000004302752145,0.10006005867643324,0.10001743073447314,0.1000096153482201,7.467650523545145
fashion,0.14399374344406196,12.500637062279674,35.07894950393911,7.831820347986117,13.170122976234039,0.10000010287371038,37.467690155455955,24.4674404214302,24.11980157616197,21.119544109848807
fast,51.44694026778481,7.774215403745447,5.3881971047352275,14.096465715065104,5.476209140294622,0.1000000068006554,5.703047553187347,96.20379558102417,11.077643528309753,37.73348569871003
fasting,6.643827443083179,0.10001557508448945,0.10001549531928482,3.2544703229388654,0.10001741026237582,0.10000000045244424,0.10004346096072902,33.83976433108948,0.1000071902358969,9.661838770311872
fatal,2.6199757161157753,0.811335954351559,22.041603259761438,0.10002328657227182,0.1004773944151071,0.10000003404736094,46.92651607847562,0.10001679015949456,0.10004214559862712,0.10000934016632466
fate,0.1000173457045368,11.054283475360787,0.9482815019874647,0.10002242783889526,0.1000159364056449,5.100438662649856,14.639651147399183,0.10002131085965792,5.690568366700689,5.166699824744619
father,67.0242053708372,33.53026554689401,41.34310234064097,1362.0126161712167,129.13120198370757,0.10000005632593677,351.4775953151265,692.504260353118,1008.6817241192035,516.195028742597
fatherhood,0.10003621369939948,0.10002405573032785,0.10001153041537529,89.43202429187838,15.94069317745762,0.10000004125634492,4.5756919865260075,0.1000141645470826,4.451502889325929,0.10000164889230825
fatherland,0.10000813487997566,0.10000385462093682,0.10001040930450596,0.10000333260119215,0.10002034729583542,0.10000157995977706,43.327114828009584,3.872803933189335,0.10000249769350858,0.1000310822731505
fatherly,0.10003490342947237,0.12224861848941776,0.10005098978352173,25.02006684639262,1.2429640983715955,0.10000009015287459,117.21975348204961,1.8730354963453983,3.0905402824753447,7.131305192147375
fatta,0.10000000000036706,0.10000000000019992,0.10000000000021524,0.10000000000015215,0.10000000000044551,56.099999999972006,0.10000000000012708,0.1000000000002902,0.10000000000013289,0.10000000000018676
fatto,0.10000000000038824,0.10000000000021142,0.10000000000022763,0.10000000000016092,0.1000000000004712,135.099999999972,0.10000000000013441,0.10000000000030691,0.10000000000014053,0.10000000000019751
fault,0.1000354929241664,5.390677260870806,43.84740814895209,23.63243541308451,5.37136191231824,0.10000003705732467,15.244882353842977,20.617009138003464,0.1001135482163911,100.59607669438587
favor,31.678184914165193,19.062893644951796,8.663245157614812,1.1240186029878587,55.588487871340895,0.10000004296864862,265.15533582396944,61.439771479968165,16.088043434348116,0.10001902735321151
favorable,4.599402850502598,0.10001838103878846,18.345408950605357,0.10003679403274779,0.10003742415120173,0.10007765888160583,31.35673828855837,0.10002973009675192,7.098180273021965,0.10006964869215368
favore,0.10000000000083334,0.10000000000045384,0.10000000000048861,0.10000000000034542,0.10000000000101142,41.09999999996925,0.10000000000028851,0.10000000000065881,0.10000000000030167,0.10000000000042396
favour,0.10001888245223547,79.42400354518442,1.2918426172372874,22.16999623972602,0.10002984481183329,0.10000008016861855,0.100025429513541,14.230894438109468,20.83323724686678,104.64995167560518
fear,0.10071371272421771,61.815455584722805,29.076123338473312,105.31128655955177,42.694578733110944,0.10000017998180476,287.1668561387836,18.84891049768041,24.529388052149535,175.35668720248768
fearful,0.10000629720131414,6.923442200187952,3.784268055932723,0.10002555390115912,0.10002366606144618,0.10000002395011638,28.24457077615301,2.2675378615213004,0.10002900051831723,4.280096564250345
feast,63.27719679880166,8.114023452882508,5.110434044592624,18.34212669793165,0.100023661181337,0.10000025401112864,63.77162078034881,262.30289952901086,4.302605931068154,28.579068849830932
feature,0.10000827223689858,6.074595828710785,6.2769603288224225,10.719705117402139,2.176529285621817,0.10000004950245472,0.10002373288579594,3.5426634911932777,73.8095094155061,0.10000447782806651
february,103.96149294393483,53.78923294582893,0.10003085639492561,12.703066511415347,0.10004202644716692,0.10000015366277305,0.10003941525273817,19.234726101299824,13.814684767308322,29.096684278085984
fede,0.100002471340742,0.10000140610955359,0.10000672903977265,0.10000284340697518,0.10000000000130184,176.0999861484825,0.10000000000037136,0.10000000000084801,0.10000014274902624,0.10000025882665062
fedeli,0.10000000000073082,0.10000000000039803,0.10000000000042854,0.10000000000030294,0.10000000000088703,176.09999999997,0.10000000000025303,0.10000000000057781,0.10000000000026457,0.10000000000037182
federation,1.3751250127073087,3.4262323437437585,18.801213609274242,0.10001120835449481,0.10002850921938318,0.10000003032558917,0.10003534550609397,0.10000686325897654,12.79732232399187,0.10002475331712393
fee,15.086147975638193,12.096371307977249,0.10003670194616579,0.1000274721704141,0.10002356393377614,0.10000009853287203,41.152612980034846,0.10003545491266716,8.494484257878073,9.670260186627957
feed,1.9526084229581266,15.524710501524732,13.36670624791196,2.7847777603660213,0.10003295042501395,0.10000007979561319,34.268890531945786,30.892699280550378,2.71586182790895,17.2937123962583
feel,7.967696766206164,104.22429936161757,60.724853900800596,179.89951602882775,0.10002772713996838,0.10000010926977757,188.80965743543942,0.10003108360292028,117.41523523740187,1.6586823493531728
feeling,3.151166347292963,29.60332593570308,14.435950335946618,44.86967441433523,2.3826720118870957,0.10000010222664578,113.81526365533674,0.10003461116871794,19.441898357747338,0.10001422803045532
fell,0.10003475826914313,9.20466136741023,1.4101191916094697,2.493531520725539,2.430083461917672,0.10000001066628744,19.58002392189337,9.4149271405948,9.165928185898522,6.100690440652384
fellow,0.10001559769600098,29.01034165068868,4.410688297587284,9.560299528191237,19.056825644122416,0.10000001136634717,26.264279935703332,9.384972687449098,21.408635832451594,18.70394081441393
fellowship,0.10002554168859532,3.5668304472996137,2.8394166743682883,22.514657247579485,11.965361965373008,0.10000009344310576,0.10003072988819373,10.499096992463643,38.57154325927128,14.743037048278804
felt,11.141900450280692,36.96647904739742,7.162157613931536,69.07917667852865,0.10001754190967937,0.10000008572602019,78.20667914696445,1.4695139828842965,43.674066480333906,0.10000897173718415
female,0.10000526488750155,0.1027532980805875,0.10000753917533471,53.155859577858166,19.42485787855986,0.10000000501628709,0.10000828747437704,0.10000544786964459,0.4288413874033069,4.387661313426073
feminine,0.10000229270609416,0.10001214453595472,0.10000136086483093,35.99546254614877,0.10001233363114743,0.10000000000057462,0.10000551217681702,0.1000088121326468,2.204493099631481,0.10000189801333507
fertile,0.10001372177978157,7.95892010786993,0.10001987718944551,3.1742326088326696,5.853998434633325,0.1000000379733091,5.127270817476653,3.0410571260624373,10.844179004392556,2.7003082634481554
fervent,0.8137820445098617,0.1000126354289063,0.1000215695369789,0.9933832202544536,0.10001483718639123,0.10000037346201623,89.802399933909,36.684367644899865,31.041458769741368,7.264558970761075
fervently,2.0386029568088615,0.10001166724347771,0.10001472747117111,0.9687886206757442,0.10000908115904163,0.10000016107482551,33.30341130547068,3.725098260982269,11.026127429228572,3.537935789556858
fervor,0.10001303410994615,0.10002681376017301,1.4869465465033362,1.2818908129025357,0.10002295845901703,0.10000001033453722,43.76012029707753,41.59589257247099,24.375075443152397,0.10001151091981196
fervour,0.10000539979850456,0.10002482344258316,0.10000324197454136,12.633251320021321,0.10000210465147841,0.1000001731028901,0.10002181823128282,4.3212531213331165,21.710769884894894,1.734668112280455
ff,3.817668306893482,0.1000106122231098,3.7478684370352306,0.1000241897555746,0.10001552632188426,1.1025918309833254,0.10001763575011978,0.10002389796741812,24.603581265962642,10.228198296792746
fide,9.764743253717487,0.1000141727911453,17.813991356289005,6.789305530034432,0.10002831046737964,7.031771943795404,0.10005136156876464,0.1000408144161616,0.10002843226568342,0.10002482426715845
fidei,5.423021242150292,0.10005053352328397,3.407276239589821,14.61260963744608,0.10000936131970589,10.912091345208328,0.10001498980740406,0.10002728547327659,21.689129281159254,12.555770083966582
fidelity,11.619192925076964,15.701922481492668,4.608014048137858,112.17750930883523,18.734962514327773,0.10000013351044694,48.30227241658565,0.1000143537375953,180.08158435543723,2.5745274625326684
field,0.10001947245828327,179.33616362674,185.8643674422819,11.161357332394902,6.1156257980080335,0.1000017320524719,93.33237768918318,5.997003290477837,139.03655046376832,25.956533152303905
fifteen,0.10002811001349762,0.10001064429050961,0.10000875592292732,4.172447946699222,0.10000397189530719,0.10000003091535316,0.23254752469773235,11.11283759571674,0.100037604539121,20.882077815020367
fifteenth,7.0179472443420945,0.10047645805449411,5.773511814752945,0.10002347818442357,9.074679763765296,0.10000000000662151,0.10006079401606222,17.86828071390548,0.10007558280165937,5.764944149684485
fifth,9.299170827661928,16.099061335159917,5.80250422436598,12.119116122878362,0.1000273207686078,0.10000008354556816,0.11878403858194675,10.524758811991122,18.36377440764434,36.472802827042
fiftieth,0.10002327195739913,0.10003799979604412,0.10001519192302229,10.614898492246695,0.10001908488321978,0.1000000923168528,24.751385789811025,1.9335922976204494,0.10002114087566955,0.10000663828367684
fifty,9.652954118723713,1.7454295462131677,0.10000798194028034,0.1000289998320823,4.4463597212870365,0.10000085742391022,0.10003658686034758,14.896612894407804,2.44890289885329,8.40966639411283
fight,0.1000098113373401,22.15887268884744,0.6388871345855642,3.4903616194508253,0.1000246286358455,0.10000002586466768,172.94155092359136,0.1000237466502231,2.7415643475558884,14.628705073156937
figli,0.10000000000094167,0.10000000000051286,0.10000000000055219,0.10000000000039039,0.100000000001143,121.09999999996877,0.10000000000032604,0.10000000000074456,0.10000000000034091,0.1000000000004791
figlio,0.10000000000096139,0.10000000000052357,0.10000000000056371,0.10000000000039852,0.10000000000116684,38.09999999996849,0.10000000000033285,0.10000000000076008,0.10000000000034802,0.1000000000004891
figure,2.897130914813829,4.624141928557691,4.634952738697824,87.15128426471435,0.10004009463341161,1.4540076926790966,3.010665669437557,34.79005607890024,22.584933178036373,2.7527874391341647
filial,0.10001014126087866,0.10002229237362657,0.10019283985449103,23.40113484538083,0.10003283316703111,0.10000001504450265,52.43601256480098,14.2218509701319,37.19109761006503,1.249645887595903
fill,5.438500067608706,40.04959695672401,5.3431982688619,142.94501838837664,8.311527102527048,0.10000022728958466,163.35674638080192,115.57452922085787,39.54859696605222,14.332286420562562
film,0.10029582490033867,2.404586716425745,45.79427652910463,0.10004551367189748,0.10003353138386262,0.10000002457204187,0.10001422066442414,0.10000005651631311,0.10005539631074806,1.10069218589219
fin,0.10000011707975995,0.10000049969060074,0.1000015977339252,0.1000000627575659,0.10000000000076237,47.13596615360391,0.10000277356577943,0.10000011678129166,0.10000000000022738,1.0640286786905373
final,14.017147700040487,38.151808093880454,68.47088453751125,106.90908022179184,0.10003282822307749,0.10000010533156382,12.243673347361192,11.634387737995171,64.09766879416867,30.275316633353004
finally,98.35741210981779,48.141672680065305,145.15894201699462,28.186057500910096,36.06443272823061,0.1000000566591065,232.57077563345004,114.2047023166827,63.286045636328936,73.92995932052473
financial,11.383654071903337,100.3302465569804,0.10002011290435175,0.10001253641003706,0.10002205060285285,0.1000000238416078,0.10002652734284945,0.10000508255405768,22.273394631134547,5.412618406056218
find,61.50114309263786,375.3680530813282,431.61701863439225,735.2246770000701,163.3310257071811,0.10000022903366801,266.6593057087313,108.56400136175553,378.961521959013,219.6732532255203
fine,0.10002504390667782,8.261356457911345,0.10002272161065717,8.36619267428027,14.199797258159254,75.32784518759571,53.35831207152647,11.966991980297303,4.484966006833227,12.834490597517295
finish,3.0720001383687188,3.79502338007018,4.526161351387947,6.665777855510812,0.10002900605894319,0.10000005063190756,12.3532571998433,9.998956264953367,0.1000298564115131,3.288764896406935
fino,0.10000000000065366,0.100000000000356,0.10000000000038327,0.10000000000027094,0.10000000000079333,71.09999999997036,0.1000000000002263,0.10000000000051676,0.10000000000023662,0.10000000000033256
fire,0.10000757232187946,2.8045923470096166,0.27707956788830373,46.76846177213589,0.10002151589971116,0.10000003591621298,71.88122828200892,41.42191293713311,6.98575254723995,23.560943422126336
firm,14.683755176513813,27.657248064518704,25.55667451927142,38.08007561357293,17.272512137274134,0.10000037643818446,114.47086559650656,17.709495242183714,39.75573433693587,26.713638936445207
firmly,11.446149118736415,15.429881572212036,6.347711273804322,15.241719051194561,39.7703210929327,0.10000007713328118,76.04639040635286,22.994129043542074,20.31290788587325,66.31079047787662
firmness,0.1000174546260751,0.10001678203921849,22.525934200937893,3.2993244753932056,12.10760386389987,0.10000004301076346,33.770543840272815,0.10002851569662743,0.10002827185998717,6.796502551945513
first,278.5724240104936,238.26771829239163,431.73455503647875,821.2669690980291,176.53213504867594,0.10000007973239983,394.3465549757242,295.9724015443054,515.4338260425548,295.7734158712782
fit,23.28138778780675,11.583718493452423,25.083340477072227,26.6724970143193,18.898780014666066,0.10005795249599128,101.57477444600309,82.64400854547083,6.974460195429382,63.18697507289375
fitting,18.280202370239518,3.6776206722870013,0.10002404816436954,0.10002219841127626,16.118372770915286,0.1000000586460738,28.59453462826374,29.79858806112003,5.74210912672574,25.488526064900288
fittingly,2.2637019442774546,2.501431392711177,0.10002350156754,0.10002643787231832,8.547002225129674,0.10000019716009093,8.311243854257459,10.955673630964771,3.882060715988751,13.238836099726218
five,7.320404836896118,8.927927295627342,13.768337336332905,5.437579560209409,0.10001421408838204,0.10000011010722722,1.923856318378939,0.10005095554988487,39.3374931680301,48.98433620441788
fix,2.7583136067774077,5.32934558502462,29.448421597795612,19.856194283118953,8.281941611965216,0.10000003165929246,39.24565521862424,0.10003331594544765,7.655875383516559,37.22421936522248
fixed,4.759387977190991,3.7189668915312395,4.334621546403987,0.10002644914119743,12.81589844695286,0.10000008213259357,10.802395366475558,6.895494253791464,0.10053392995076099,28.372675056037064
flame,1.8638631879034133,0.1286862244135073,0.10001264097308761,16.754246514931822,0.10001693175151005,0.10000012869713147,53.65307473357218,0.100042123459707,0.10002328964973864,0.10003422431828515
flee,0.10004230191186084,24.52030554383127,4.406627624198445,2.0732696228075866,0.10003758451992414,0.10000059561590027,0.10006362389091765,22.098606780936596,1.4225282317133945,15.078518090136242
fleeting,0.10000564357258683,0.5866563106140806,3.9828330905478744,10.324675192573167,0.10002880320997808,0.10000000349205103,18.562541428947974,0.10002930104062119,0.10002330476564807,1.0432069208757204
flesh,0.1000141250545716,4.238469694884247,0.24732506376325977,367.1693346872824,52.115970453263365,0.10000015948760847,2.764032049415204,162.2781618485166,16.421879120632465,38.56481279738509
flight,0.10000622319829623,4.4894103460975625,2.6986824588333587,12.63599811672914,0.10002201416794136,0.10000006601622721,11.194306383673965,12.472173633357258,0.10003086275541316,5.109369894840005
flock,4.629297621077764,0.10001878251230255,0.10002192880697404,2.216185741516355,0.10002718945580423,0.10000003154342274,460.89823397234056,17.61270012391704,51.705800648946585,58.537713959560016
flood,0.10003597215623093,10.951500766341825,0.5409227478246325,5.27390367536213,4.016177200582541,0.10000008981642151,22.91383652580379,7.903561256567591,0.10003085997355678,0.10003090521044937
florence,39.56487194424854,0.10001132587828855,0.10001964708611454,3.4351537574445654,0.10002838050839813,0.10000023574265908,0.10002492863251901,0.10003500389010825,2.96245960707558,44.4373951691837
flourish,10.802361321791986,8.193696083749552,4.543896748203102,4.299307728441478,8.101522197898523,0.10000009015417802,160.95056181309286,6.115685438908484,24.823506414164374,9.069462163245749
flow,0.10001164719032865,26.93397965122862,36.59805334573753,88.9776954919842,31.70955543898907,0.10000039002153044,49.63818595568612,69.19087913341218,7.678108615420472,1.073530329994733
flower,0.10002912825886896,7.935982118717928,5.0854378302393215,0.10003536165438043,0.10003209167818419,0.10000003863604527,33.70488387902215,15.695015563869859,1.4850816782569227,0.6935023092824509
fly,0.1000104126090795,0.10003935787368695,0.10001295599132444,0.10001214014569618,0.10004707332931098,0.10000002973513424,19.61652332680065,20.679119438125092,0.10000593323666965,3.0042293318954547
focus,0.10000903112287586,19.153715812148167,2.3315964792354467,18.37364816615675,0.10000497292928216,0.10000010735545078,0.10002281568046704,8.134060833198117,26.506833877041668,0.1001079047244414
fold,16.09004234654929,0.10000401123208091,0.10002375564568615,0.10001005486984067,0.10002299839766306,0.10000002634561998,90.23925010010902,0.10002808152198837,5.863008522660408,5.2076101024036525
follow,160.74469646477377,77.71378904376893,320.0101738926855,223.908054445521,152.69656053022132,0.1000001903188888,318.0701374172074,164.02120475119494,336.90442752152876,329.83095574244203
follower,0.10001516204818131,7.9716836515443354,13.39743859931295,36.238277210725926,0.10002900235265666,0.10000004859390232,77.64251480158165,0.10002837307150576,46.254523930688855,36.095489219752814
following,146.67308362716702,3.647174750922833,47.64502984022222,18.89762781236625,0.10002837853799972,0.10000005986364138,13.520559424795767,23.365043811931077,75.25221141296582,112.7992408808858
folly,0.10000323193963635,0.10001795142062019,23.063228431480272,4.145630105886416,0.1000502339754995,0.10000005836668474,0.10003980415272003,0.10006360275772286,1.326264955511304,8.864701624118293
food,50.87486601149905,66.33971531533619,0.10001885043732998,2.078819628316206,13.59900556696947,0.10000038893425757,35.428762980506086,101.14628964825995,16.194659392046713,30.137862217368678
foolish,0.10002808003103172,0.8913381101096826,10.604659071251657,0.10002583988936056,10.460898968775746,0.1000000715950781,41.53330646272031,0.10001705107512328,0.10002032457482908,11.009706019661602
foot,0.10001153715715745,0.10003169890666017,6.6724607083844765,67.60472914100853,4.731978501798606,0.10000007621244436,37.1145713571674,38.7993683472296,12.47258800790077,8.304260623903103
footstep,0.10001843757037082,0.928618069926894,0.10002317641492332,20.770922509613044,3.7311488897835927,0.10000040970849469,47.62775051003467,25.80995391039199,23.04679563268523,16.784768453533385
forbid,52.16754142328176,4.087157148959622,22.016402129082724,0.6230446849782706,29.976732587502575,0.10000014787402155,0.10002883773684632,0.10002656398702109,0.10000945279634715,297.7290570234842
forbidden,31.636395685317254,1.7388477477232045,9.449269576690115,0.1000137264735989,20.684895438981254,0.10000003079826313,0.10003720868171406,7.180145391016248,1.7325771247446715,55.27781806921965
force,85.1853979852889,207.6174375447083,219.01781812810484,27.044332054998435,74.95695893593636,0.1000091631303015,247.4094292496088,7.517187493178277,72.37594950928545,189.77547993541492
forcefully,2.4103482383301533,18.649484372640202,7.5341116744349055,0.10003800951454704,0.10002629244690536,0.10000008521062588,0.10004917736223942,0.10001585699198304,22.805912257185867,0.10001403552256798
forefather,0.10005051899443208,0.100002179206292,0.10001026409265729,0.10000549491197902,0.10001749498700695,0.10000003262489218,41.099873765105116,0.10002107382293361,0.10000338021215206,0.10001579587167433
foreign,0.10003071755430655,28.807327161150518,5.9139382315316285,7.434707204174554,0.10003232924624686,0.10000006704583222,101.7708300142072,0.10056383403246985,14.071659056570926,7.600911384141253
foreigner,4.384147594024037,20.912708049595143,0.10003747961449366,0.10002629301748273,0.10004132831776905,0.1000000904323406,0.10006556721077631,4.186316746484698,3.205387899198699,4.811268951673911
foremost,0.438924259203997,30.052501386529492,2.177675159961623,18.310403801244853,10.676241843307853,0.10000012788725483,10.371351154232865,13.212812154030628,12.560065475596414,0.10002463766453733
foresee,0.10002734151070752,8.870220348280837,7.434241679567434,6.803339835048664,1.2772773242345383,0.10000002246797168,16.691158101332846,0.10004273496375915,0.10001052199837827,5.52368209026912
foretell,0.10001386626929022,0.10009683044387373,0.10001544500186947,26.378250023980623,0.10001368729467544,0.10000006278436875,3.1284288427312967,22.03014006438052,0.10002210605472657,2.8630190706762946
forever,0.10003227170915222,0.10001724315818335,0.632205117651616,24.511987125846076,0.10003414515075727,0.10000007377125882,53.233698762236806,38.32547849983404,7.060221194312227,19.83632556599906
forget,0.1000136391545531,86.53332839546448,42.46647378236482,88.94244420322802,10.48282306610925,0.10000007153265239,107.46790029934996,1.9802584129361323,78.82674123470157,0.10001689484713386
forgive,4.386643752359878,10.23802539749273,0.10001487379208168,135.79641327654468,0.1000152999559479,0.10000004757121635,12.023264155529223,0.10004917909750137,3.055549744701482,0.10002427263044612
forgiveness,0.10002874744447907,23.218010348015486,0.10001353915924542,174.81458600586782,0.10000717818270796,0.10000005367033217,8.781897396422597,0.1000589757018744,22.233957567657665,6.451440187542677
form,157.82618167807803,563.6754070383149,400.5154688526529,280.6818390807987,116.15114878865063,0.1000000662417189,76.10555506152745,169.56091714344888,761.2393657025311,239.14411658742085
forma,2.5255949560442073,0.10000777824249546,2.888656145447692,0.10017493926777328,0.10002143562018259,60.4769982220641,0.10003043960994615,0.10001123153386256,2.1478590406188784,1.4606458109677964
formal,4.9708581889306265,6.727349502692071,30.442346662996513,0.10004343221483429,0.1000228207209511,0.10000029842106735,0.10003372804540417,5.290514250184081,1.392265370080424,9.776565745349322
formation,19.157437879654903,39.326742204813364,87.6255611477221,0.10001750870845497,3.9454844435387124,0.10000002603590198,0.1835950030133215,0.10001552198960408,890.36114150441,0.10000475984976337
former,21.262591805423618,15.906660521040031,28.399109357465107,0.1000357011328117,26.581985257832663,0.10000002316265433,58.17966072884422,19.443950316822313,4.293178195702805,99.7328280922252
formerly,0.1000455162843604,9.820196202290884,8.017219002164815,0.10003270124094651,0.1000304877441785,0.10000001725092637,32.605288484299244,3.3397847713162907,0.10002318173386049,20.717379635327124
formula,39.383179369200356,0.10003797637357223,66.00130011727367,19.322700728994075,0.10000833149888697,25.090742286117617,0.10001392829790014,28.830501038746352,9.659962535007665,6.411553688157852
formulate,9.43771677300867,8.97817025482447,39.969606500052144,16.248872348073977,0.10001760915010677,0.1000000045823721,0.10000935333857318,0.1000183693309667,9.950767529811351,6.014821257539612
formulation,0.10001502498196624,2.047767127797053,12.832382677433618,7.822874015242254,0.9427073002780781,0.10000005928388604,0.10000724524860513,0.10004053467260589,27.854204141186102,0.10000187361613494
forsake,0.100006844943574,1.0799403320606678,0.10002289224361237,16.201731520131005,0.10002293428581337,0.10000130949006343,8.348832393515549,7.790143210009112,0.10001225463024628,5.079286308387037
forse,0.10000000000050224,0.10000000000027352,0.10000000000029449,0.10000000000020817,0.10000000000060959,44.099999999971175,0.10000000000017388,0.10000000000039706,0.10000000000018182,0.10000000000025551
forth,10.962206527258806,35.786377655603125,62.800027284513966,145.24881802392582,121.7058012752424,0.10000031611322166,255.96412500816473,230.25952773600682,145.6095283863853,32.563587786449375
fortify,0.10002449021478897,1.478187333334283,0.10003053941945068,0.10001213360669975,0.100052951712388,0.10000000593920923,20.903733545670622,9.048201487588276,1.5179018973293925,7.551855614832367
fortitude,0.1000138778042882,0.10002894600438933,0.9003261958249719,3.507659443863793,5.2697280512012705,0.10000004260886351,41.99096784040403,1.6871543477984958,1.2441084677751153,0.10001278637131172
fortune,0.10006834413097261,1.509234967946325,0.10003116660031222,0.10001617643780429,0.10003770302661644,1.1007919588487904,73.2727547832194,0.10002447562388639,0.10002839749101347,2.5170120262872038
forty,3.119232603575706,12.855628432873193,0.10001144536535744,2.1187026236148134,0.1000334023934274,0.10000113130086469,9.206800535450215,9.286262200743934,0.10000733543586911,11.013320288954237
forum,26.94044789337486,2.511348929008458,0.10005204981722726,0.10002177298262228,0.10006517288941094,0.10000004710827749,0.10001649235466187,0.1000323984907435,7.0717499140813,8.876265329535922
forward,0.10003029192183706,41.316446670377196,25.76207863860693,69.73453185907817,20.165023159416577,0.10000005422216893,36.13269312096696,0.10003426442588012,14.776511857132334,45.81265008350867
forza,0.10000000000071887,0.10000000000039148,0.10000000000042149,0.10000000000029796,0.10000000000087245,97.09999999997007,0.10000000000024888,0.1000000000005683,0.10000000000026021,0.10000000000036571
fosse,0.10000000000057772,0.10000000000031464,0.10000000000033876,0.10000000000023948,0.10000000000070121,178.09999999997092,0.10000000000020003,0.10000000000045675,0.10000000000020914,0.10000000000029394
fossero,0.10000000000055351,0.10000000000030144,0.10000000000032455,0.10000000000022943,0.10000000000067179,91.099999999971,0.10000000000019163,0.1000000000004376,0.10000000000020037,0.1000000000002816
foster,31.43537257208031,47.5224454740792,20.529761474541804,1.283507999303224,18.472837372688918,0.10000004899222044,79.25399782201472,35.99892409588218,223.72552479505603,13.677628345018453
found,7.824124469689828,24.286707182778304,25.57808767738988,1.8719187992206936,49.61535843558963,0.10000031631485876,197.62407048908833,29.424893235697713,46.351615582251966,23.32322381163919
foundation,3.3210279097651836,63.75463016614149,174.93201557979205,99.52264871530136,57.15003565184681,0.10000023360468951,162.35564298135003,38.38555421805772,103.8987958345748,15.579648709227724
founder,0.1000240328429137,4.303791810656827,13.631249561105424,0.10002269495387602,6.970821147574206,0.10000008277468732,117.39818254269471,17.840967204174746,41.3879289613833,10.167011961512216
founding,0.10004551449471671,4.420458679411764,11.817096661527557,0.1000214753827004,0.10005400699998399,0.10000002483236173,0.10011772341364135,2.801347137076528,20.36083644703083,0.10002232931223477
fountain,0.10001688339970316,0.10003330850496216,0.10002567106276442,17.128705881817567,16.43072820708875,0.10000012324467827,9.151535216986721,32.68891900434503,0.10001331101914628,0.10002239224283578
four,20.31295448495742,9.21767600533691,8.521437709398205,4.7015034737979615,0.10001414507276336,0.100000091195681,8.426096440849804,10.265076520916173,48.99636886105375,85.35887226708014
fourth,27.119102129245643,9.319211273728115,0.10002862415061411,40.431043291971704,10.446157117376318,0.10000008876613899,0.11358453555488567,9.807305275338546,32.14279072804143,60.42077693548026
fra,0.10004419552998463,1.1171667911021392,0.10021787918304637,0.10001642552852537,0.10001618834106847,184.1000214630827,0.10007663807473013,0.10003202392211388,1.082408394576976,0.10000000000249981
frailty,3.100463185109155,2.8018194153950913,0.10002890366305366,18.990035992120607,1.7362609430873563,0.10000001083982192,6.283179968617474,0.10007210163305176,3.6880924288686483,0.10004705024721497
frame,0.3827340452732977,1.5559703397285078,17.081409157421696,0.10001266384301172,16.002414320489965,0.10000004957130239,0.1000526642456999,0.10003835232083616,0.1000133122539672,1.477355094482438
framework,0.10001312611215965,48.978921010769106,3.1389465693603285,7.3641657780971785,0.10002850380176505,0.10000005593910533,0.10001303519621646,0.10000905082584792,15.91790065776418,0.1000022118877313
france,0.10002586432667775,0.10001686199723468,1.3319558662365543,0.10002715547673703,0.10001726072362233,6.046689740195903,159.63909273710217,0.10002306431824692,0.1000141202884214,79.3821373290425
francese,0.10000000000046044,0.10000000000025075,0.10000000000027,0.10000000000019088,0.1000000000005589,34.099999999971345,0.10000000000015943,0.10000000000036406,0.10000000000016669,0.10000000000023426
francia,0.10000000000093252,0.1000000000005079,0.10000000000054685,0.10000000000038659,0.10000000000113207,80.09999999996877,0.10000000000032294,0.10000000000073733,0.10000000000033761,0.10000000000047446
francis,1.843872954449196,54.101276417282094,0.10001558539995464,5.740262114019488,0.10001691952865271,0.10000041261978282,16.103200193919598,208.09745066377505,0.10001936367364371,23.713885375032913
franciscan,0.10001587011478943,0.10001419059949807,0.10000351266688622,0.10000479341305779,0.10000574636569873,0.10000000129144465,0.1000191547065588,41.09991919391875,0.10000421259374019,0.10001332419709426
fratelli,0.10000000000137703,0.10008601154426537,0.10000000000080743,0.10000666033307222,0.10000000000167127,235.09990391767576,0.10000250055647719,0.10000000000108866,0.10000000000049848,0.10000090973613823
fratello,0.10000000000155798,0.10000000000084851,0.10000000000091357,0.10000000000064581,0.10000000000189095,44.099999999965064,0.1000000000005394,0.10000000000123177,0.10000000000056401,0.10000000000079262
fraternal,0.10002163668265057,46.05895112036908,0.1000226502753427,6.20869831303015,0.1000136414419247,0.10000012090120618,60.38404876354485,0.5857058885998538,191.68693378808655,6.675604076746506
fraternity,0.10001132868979085,109.24597538662213,0.10002436923980024,0.2872459151239267,0.1000377577554592,0.10000009049121632,0.10003464325682264,1.079240785750849,35.728092367639746,33.15933735510098
fraternità,0.1000000000012294,0.10000000000066951,0.10000000000072082,0.10000000000050957,0.10000000000149202,36.09999999996692,0.10000000000042562,0.10000000000097191,0.10000000000044502,0.10000000000062542
fraud,0.10001275503965214,4.549156757093495,8.294813181562334,0.10002396732352031,0.10007755866329414,0.1000000601926271,0.10004543911125456,0.10002101398547729,0.10001004419008637,39.455839222504565
free,14.616303607265959,162.79565627096176,265.3965809328002,139.12440706436738,182.68693969443592,0.10000004716250058,91.42134114119634,70.2153776503475,102.68358506712016,108.95980852400498
freedom,13.141866626093893,358.6462542883655,388.25407448162696,208.344477559816,8.837027201243018,0.10000004395935919,29.648900842256975,0.2895535606473585,236.36594554299165,50.37189985266088
freely,20.203209104651723,53.11185725808609,60.10432011543265,27.30255389397519,22.44048002145568,0.10000032068639217,0.10003476385515793,12.855909868167112,56.8256947699947,144.95593988334593
french,0.10002835717687561,0.10000977160236342,12.551627321730544,0.10001185710359087,0.10001006148383795,0.10000033350803221,53.71028562726691,0.10001025965341227,0.10000455258437169,29.038011857683344
frequent,21.53268245847721,7.948398037197343,0.10003275202415658,5.131511751719765,12.82749304839947,0.10003557237650787,81.98026199630121,37.074044634350386,35.98755081083899,37.31798893793733
frequently,34.239243236000036,72.15106920193521,53.067114732293426,8.661729427748531,3.1250733502254606,0.1000000666688809,74.25472224190801,38.47311151197414,41.44151992723175,55.48641630367385
fresh,0.10001233483588469,17.356086662810537,9.765822675899965,38.39224413514133,2.184136739830638,0.10000009789296686,54.97622306134511,0.10003270124711758,25.593141971445274,2.432299619215058
friar,0.10000303508099541,0.10000770348206951,0.10000684479181843,0.1000011419491223,0.10000657822335293,0.10000047396687109,0.10000663523131352,0.10001538037509337,0.10000000000065669,377.09995220680736
friday,7.4301250322696895,0.10001098508710567,0.10002439143269988,9.277362205740424,0.10000867200831233,0.1000010352256804,0.10001580935216615,11.576535042122376,0.10001169228823124,18.11590513423373
friend,0.1000182973755804,7.325926015842867,13.988494585837792,82.88876415057703,0.10002479208748155,0.10000013364470188,75.11319245083467,0.9171042005831822,25.15318349576328,18.313291877118324
friendly,0.10001659531168604,4.493369617880521,1.0079094095597243,0.10003513565947335,9.629959827506367,0.10000010215413455,52.68585385784686,1.682806138365904,0.10004182454593363,0.10000749082976113
friendship,3.538157408980475,50.57728978989145,0.10002215057252044,52.71000849046486,0.10003192603355061,0.10000010204955032,38.164134503538314,8.462190284657163,36.25430859972072,0.9938567437485593
frontier,0.1000128673596913,19.137385694551465,8.874541380906162,9.391963334521257,0.1000638001509321,0.10000000462697647,0.10012645088788093,0.10002202939071607,10.55666914230862,1.5392152947522926
fruit,0.7903997546093168,70.97085352102685,7.13895147465632,138.86056415072423,63.446172302872526,0.10002002415386316,274.89260835144984,153.061089249298,197.40359928088571,65.33574188997306
fruitful,14.209368045409128,44.13782708394626,50.33712166166132,11.238580764370493,23.686411230575434,0.10000004983624428,94.92860352575043,31.53925430002318,130.8915452630789,9.931288075008275
fruitfulness,0.10636375058345464,12.882078359696438,1.71851743867799,23.422137433271285,6.91610842157612,0.10000008960879563,15.53300786131508,0.10003134692732193,47.1217416010301,0.10001369696599803
fu,0.10000000000042628,0.10000000000023215,0.10000000000024996,0.1000000000001767,0.10000000000051738,240.0999999999718,0.10000000000014758,0.10000000000033701,0.10000000000015431,0.10000000000021687
fulfil,28.568314351016962,27.37347879301182,15.087721673894723,150.86062036148385,10.343177060893238,0.10000050201896656,63.11918223847757,28.817793029824035,96.80142584189375,22.92828614714556
fulfill,4.074044849402471,0.10002727624256576,7.8903357567433074,10.77290996113421,38.09974209319507,0.10000003124069339,138.3181563877167,34.1635056283279,43.70902481189859,11.772253203761432
fulfillment,0.10002943222921493,11.622085996961758,18.28719644736058,56.924507002884106,21.98008071505489,0.10000001353906508,42.174737908629254,25.511424580078604,35.19991743226131,0.10002047067506585
fulfilment,0.10001174718631244,26.427385811368126,4.264359157443324,132.39305757528814,0.10001494998985866,0.10000007182569343,0.10003013067812297,0.10002903246594663,39.31503657297035,0.1000749504070969
full,90.08216506327987,93.68577546254942,103.91844735357817,383.4575790962269,63.85854377311014,0.10000031379181333,213.36619612135124,107.71982768363478,367.36382775477034,153.44763737737068
fuller,9.991649517906374,3.3141965568223886,23.671726751157507,0.10003178790253567,2.259708152386754,0.10000003036629736,0.10004654019977215,6.5947156344829905,15.902091323040004,6.9658337053479915
fullness,0.10124518557339376,24.79992572675243,28.2858656241251,284.21916650048405,7.0912390339531095,0.10000012911336004,13.75374770069447,49.908918659425005,160.38643990635612,30.353451533184295
fully,50.74395617449157,111.86181916161992,66.09648661544236,259.18778373268725,88.00130354148158,0.10000005699608648,46.7362148140754,36.79874284148598,194.8452207418176,76.6284723195646
function,76.76960873087093,47.037302570298834,201.10624108327255,0.10001893190244356,25.67966025431916,0.10000009784754134,13.692207203113515,21.8831703660437,115.13040398440991,2.5013867776038983
fund,6.970686278671833,25.18114724293011,0.10002831142537662,0.10001604634726975,0.8837353413631248,0.10000000175400138,18.5824758671752,0.1000254903278462,7.0257403180880456,3.956145101591804
fundamental,1.95907838498882,213.98600322179993,159.44650902168397,206.88493210874273,2.490037731745925,0.10000002839360966,0.10001413140977138,0.10001530923522146,285.8333986220846,0.10001143964228108
funeral,19.654159578045714,0.10002212903807203,0.10002581210078404,2.137449928629886,0.10001051412951745,0.10000000538351311,0.1000278641443185,0.1000175727235297,2.485177719392647,22.12310887609235
fuori,0.10000000000063128,0.1000000000003438,0.10000000000037015,0.10000000000026167,0.10000000000076617,91.0999999999705,0.10000000000021855,0.10000000000049906,0.10000000000022853,0.10000000000032117
furnish,0.10001631427659487,1.3958284549931903,13.411081184688655,0.10003797903307102,9.717917149814552,0.10000004502148101,63.554935841354634,0.10002898818147826,1.7574352821890198,13.762718760092428
furono,0.10000000000054686,0.10000000000029784,0.10000000000032067,0.1000000000002267,0.10000000000066378,84.09999999997103,0.10000000000018934,0.10000000000043238,0.10000000000019797,0.10000000000027823
furthermore,40.29313068831523,63.01715660544022,35.23088247933537,15.93968673539041,47.179866696912505,0.10000002783970985,0.10004058282641447,12.49100403787545,29.8697462088542,130.77848593684976
future,49.931219581450314,216.68340649999348,70.28816428294766,148.50374362867137,12.485030807475852,1.1010189954607101,171.79718517841317,0.6737332643357883,205.17536837375422,224.36112938712242
gain,0.5356642103967264,77.92236392498957,33.594052820446,31.702648777487987,34.60203780369253,0.10000003730313128,163.56133024421197,27.872819589680176,18.67882901163827,65.4302535798132
gal,0.10399913005595647,0.10003400606991524,0.10003631719515566,66.97819790606171,0.10001596530697109,0.10000002177470332,0.10002330462708925,0.10001981479893449,11.217666594944166,0.10000693885684088
galilee,0.10000288480221689,0.10000873294694587,0.10001967152786555,32.29783846953067,0.1000505280530875,0.10000001341383967,0.10003310502891455,0.10001939643161964,1.9020247291862555,0.10000246881221196
garden,0.10000984197932714,9.022477951335206,0.7193303040703619,12.37670973127425,0.10002205180806228,0.1000017484963396,0.10003419978085185,21.168051631740784,0.10001648937799773,13.213346049821858
garment,0.10001811263650474,0.5852354954424156,0.1000240035108762,4.05177619349799,0.10002641881326783,0.10000071854803053,0.10003471468585694,12.461761646907512,2.3447656411362443,34.05635705445486
gate,0.10000999308714166,0.10003832555304454,3.457243428352806,10.58711987761234,0.10002910127178075,0.10000001186902145,40.73953908040117,0.10003741865143954,1.5774679218586272,10.138514840983328
gather,19.01697568014171,9.609402093875126,18.60515372853475,40.76622590014454,7.497931525008572,0.10000036441015446,83.84862761354378,107.00814886082595,144.30681076243582,51.24072347074091
gathering,12.615386607391498,0.10002268208944065,9.29422617801462,0.10002609097132313,3.9100049360586593,0.10000052862740731,4.177532060250748,29.120331302160228,22.178558897187084,11.403910716908396
gaudium,0.10001549831550759,32.6926461612486,0.10000947601159518,55.83551348997989,0.10001059422481012,0.10000003141169671,0.10000240945029051,0.1000040981764234,22.77179762090467,0.10000062009711372
gaze,0.10001473232612913,15.393180650765887,6.1956830316212805,106.05445249586603,0.10001758710250289,0.1000001079718275,12.486829284328499,25.298450240696265,5.4116404283802435,3.8597314406108816
gen,0.10000740234397022,47.6069346697147,2.1056161652555048,58.13337596306773,0.10000850009395915,3.5539295869989598,0.1000123337939774,0.10000560527370311,0.10010716970990265,0.10000260335092927
general,200.68256204118853,117.11356288258766,177.30340296123595,13.943903937587606,15.631511732524897,0.10000005235738672,0.10051168550691687,24.047320663827502,247.43892117226994,460.6383028705821
generale,0.10000266348427692,0.10000000097624825,0.10001747870683174,0.10000518811598903,0.10000219238719266,85.22463755056651,0.10000208854393483,0.10000108892737779,9.099973806923552,1.9753579411977908
generali,0.10000917234826472,0.7913342328500277,0.100048643162992,0.10015583373504786,0.10000070050989247,32.38509128570625,0.10000397672296361,0.10000000000421956,0.10005038163126254,2.123305772770342
generally,19.54375942155787,21.50369909542685,26.7821208624386,0.10002703850870187,19.268001067113904,0.10000003251106787,9.458242917804633,11.747797545266852,14.579780890087813,31.916571128942337
generate,0.10001412711221791,34.00907899719343,0.10002446673415298,15.620345987083937,5.288390304196302,0.10000072839662016,0.10002030083865072,0.8700226256768837,12.175554132823136,6.6365483296284085
generation,0.18672134101284998,88.46963456983683,33.07477365225748,231.81338701212172,8.881989384956306,0.10000037617083796,15.679971785592214,12.866365508611008,40.92000368585784,8.007152683231299
genere,1.4781398573739797,0.10000000000349016,0.10002558360597162,0.10005369098436061,0.10000000000778218,47.408557079635614,0.10000017184035818,0.10000828973927664,1.4132103435472152,0.10000498300098917
generosity,0.10001171476985293,29.180365078335456,0.1000223620189716,10.044045585413693,0.10001725745373728,0.10000007206923557,93.56956487181405,2.7897978480459753,45.65033307227812,4.365842137485471
generous,2.575114746254198,58.21729258608663,1.417803785334842,22.175342133427186,2.132623345581653,0.10000006123921044,136.92662014733472,13.574380749698921,105.7808027808611,0.10001966385947482
generously,6.839021833040105,18.357501783774758,0.10002583559173976,0.10002469963118386,0.10002141478875218,0.10000002725769248,53.66403305352778,16.344976115629,59.29406248534723,0.10033275108957847
genesis,0.10000924734277215,16.770189197126335,0.10004894683551616,79.84710482145266,3.3274487811202884,0.10000004187772651,0.10001352563688307,0.10002506620370852,1.29195907374455,1.2632012983080114
genius,0.10001624031474615,6.421916220206635,13.15486042652151,6.334478008784456,11.301042183769649,0.10000010951326531,33.55875016376271,13.922451274302464,2.0064773205983877,0.10000805190922014
gens,0.10088702772805976,0.10000628597363771,0.10002753383620806,0.10000818266201968,0.10001912061097085,0.10000000117674912,0.10000714211661672,4.220426798840363,129.97861558828873,0.1000023185833155
gentile,2.009578948529683,3.625612948750354,12.094961846403676,2.264345065226269,3.8719924342000707,0.1000000265246444,44.079438155831745,66.63904363872201,29.50894601302871,8.806080922433898
gentium,7.012246588225014,1.4185796020915853,0.10003382577959019,111.00632056483828,0.10001848387085424,0.10000058131597703,0.10002289221222914,0.10002061756110463,206.9627546864807,0.10000215733340702
gentle,0.1000116141324365,5.086052472246022,0.10003095198218685,8.767194855201605,0.2781505567352841,0.10000012814999472,37.6127726606794,14.468644305664261,6.387121337296253,0.10002111758340153
gentleness,0.10005792498298435,0.10003449605469407,1.4588927656037902,6.494826446757137,0.10004520551629578,0.10000009633221146,37.34607960060374,0.10001471443792315,0.10003398952213716,0.10001475984539969
genuine,13.046092161655595,83.49932420805278,95.72105383789764,17.74911675610694,10.173227479814647,0.10000008405179546,7.662174088442942,56.78500797835308,151.36632339300627,2.8976800122810795
genuinely,0.10001502707937014,21.28285807542906,15.35371490396247,0.10003312640964192,0.10002001480072875,0.10000004027700106,0.10002451655805372,0.10004767337589816,20.550563109277455,2.21272351248844
germ,0.10000428220648873,5.404543660058577,25.303806268279104,0.1000158947593245,0.10003278774246739,0.10000007437151918,8.591533223570051,0.10005150686172763,0.1000036382618724,0.10000866364267454
german,8.027648870862281,6.92696562084974,18.052948939023747,0.10002254802565319,0.10000651062577222,0.1000000724574013,0.10005808814757809,0.10002398637287552,0.10000583944350731,34.39231952386992
germany,0.10006283595321344,5.6921457594174925,23.91796183444147,0.10003594917464169,0.10002696633609691,0.10000000789211676,0.10009436386692804,0.10001323271730939,0.10001526599602636,53.68964378374925
gesture,6.503279295997919,16.26087529461049,0.10001158990883278,35.82663074693222,0.1000035782292192,0.10000010257693892,0.10001124546624499,0.10003120333981493,33.80912661928888,0.10003032338009361
gesù,0.10000120022518318,0.10000302010987018,1.0999689995897288,0.10002168767760398,0.10000000000096705,65.1000003757113,0.10000000000027584,0.10000000000062988,0.10000471655684637,0.10000000000040535
get,0.10002743620094838,27.99886100096087,7.684182501997551,6.482831328216742,18.822681536878278,0.1000000532164486,21.786812740387127,5.99494245055706,18.000582581288164,24.029078369951087
ghost,0.10001032823099629,0.1000453150809513,0.10003130146462898,0.10000848962355774,26.426919591383886,0.10000012529464938,23.716561488409422,118.1564116589938,0.1000009477068275,0.10001075358157685
gift,32.06112601184989,109.49088046746309,11.15634263908186,785.2364761648635,58.68905554645606,0.10000003854044139,276.1286750887134,221.95949405707856,569.0478125374635,51.130137448158024
giorni,0.10000000000078346,0.10000000000042668,0.10000000000045937,0.10000000000032476,0.10000000000095087,124.09999999996965,0.10000000000027125,0.1000000000006194,0.10000000000028361,0.10000000000039859
giorno,0.10001387319058128,0.10000297539572704,0.10000000000071207,0.10002408425173813,0.10000000000147405,193.27631856648728,0.10000000000042043,0.9236266567840506,0.10001384374104087,0.10000000000061784
giovanni,7.6389380815678996,0.10001240428640717,0.10001960505424393,0.10002947124397944,0.1000061376871279,57.9891350653479,0.10001879825251844,4.673013554885663,16.09881716542284,0.10000971597980766
girl,14.298049944939146,4.0444334662562405,5.861784258166862,3.7833859846029583,10.741954712250024,0.10000194339722461,45.850196798007474,0.10004745008435696,0.1000361593458606,0.12010928258126229
giubileo,0.10000000000028277,0.100000000000154,0.10000000000016579,0.1000000000001172,0.10000000000034318,191.0999999999726,0.10000000000009789,0.10000000000022354,0.10000000000010237,0.10000000000014385
giudice,0.10000000000050763,0.10000000000027648,0.10000000000029767,0.10000000000021043,0.10000000000061618,55.09999999997119,0.10000000000017577,0.10000000000040135,0.10000000000018378,0.10000000000025827
giudici,0.10000000000104564,0.10000000000056945,0.10000000000061306,0.10000000000043335,0.10000000000126898,41.09999999996802,0.100000000000362,0.10000000000082652,0.10000000000037847,0.10000000000053204
giudizio,0.10000000000037443,0.10000000000020394,0.10000000000021957,0.10000000000015521,0.10000000000045448,73.09999999997201,0.10000000000012964,0.10000000000029605,0.10000000000013555,0.1000000000001905
giuramento,0.1000000000004724,0.10000000000025727,0.100000000000277,0.10000000000019582,0.10000000000057338,78.09999999997144,0.10000000000016356,0.10000000000037348,0.10000000000017101,0.10000000000024034
giurisdizione,0.10000000000058905,0.1000000000003208,0.10000000000034541,0.10000000000024419,0.10000000000071496,53.09999999997071,0.10000000000020394,0.10000000000046573,0.10000000000021325,0.1000000000002997
giustizia,0.10000000000058319,0.10000000000031764,0.10000000000034198,0.10000000000024176,0.10000000000070791,39.099999999970684,0.10000000000020194,0.1000000000004611,0.10000000000021113,0.10000000000029674
give,357.3707360545493,630.645839968542,558.7376842345703,1133.0768163905223,270.02011690107366,0.1000001115674222,1392.3799007382097,450.73527566631236,1079.8646174914572,780.0690124428608
giver,0.10001351006523891,0.10002714765340898,0.10001901202168989,33.20081849549137,0.10002693796446745,0.10000002685512711,22.80570119406556,12.265977575520044,0.1000302889534842,9.127385811096875
già,0.10000000000056813,0.10000000000030942,0.10000000000033314,0.10000000000023551,0.10000000000068958,189.09999999997095,0.10000000000019671,0.10000000000044919,0.10000000000020567,0.10000000000028905
gl,0.10000000000066467,0.10000000000036201,0.10000000000038975,0.10000000000027552,0.10000000000080674,45.099999999970244,0.10000000000023013,0.1000000000005255,0.10000000000024063,0.10000000000033817
glad,0.10009804439659649,0.10003410657800638,14.728438917951696,8.725149068399158,1.5695185336116695,0.10000124036787045,0.10012616080735338,8.54801071273875,7.693647526741738,13.334975687818762
gladly,9.012908145077956,3.73772679036838,5.787822649717233,3.631436199629532,0.10002887281597428,0.1000000399508566,66.06499141986822,17.435878237561855,4.029181925811561,0.10002571884899726
gli,0.10000014536059397,0.10000137506801689,0.10000012738162439,0.10000666215365425,0.10000000000074606,623.0999878815506,0.10000072233519432,0.10000302892005418,0.10000005718661938,0.10000000000031274
global,0.10000080886317532,110.00454845955007,0.10000832942992303,0.10000741843806475,0.10000226182846479,0.10000001008421186,0.10000809033544851,0.10000215099987454,15.19004301055582,1.105379459719029
globalization,0.10000774244085864,49.00274304648268,0.10000091724154468,0.10000987484447746,0.10000017925392744,0.10000001317530635,0.10000238368096348,0.10000486481006435,31.197230760925642,0.10000021701918534
gloria,0.10003224001401807,0.10001393455234507,0.1000063385228795,0.10004548515343571,2.1454556070796262,39.3542578272644,0.10000586260497445,4.800174668017145,0.10000773777206651,0.1000002987980866
glorify,0.10001237460657772,0.10002852991144698,0.10002271225817977,41.905432274244156,0.10001299323265127,0.10000004681715649,18.188238478219834,33.815176774454955,10.491048306929926,0.10002750901971144
glorious,0.10003246047222272,0.10002514046242604,5.543702723617089,22.596478519015076,0.10003402457549318,0.10000013936400239,89.0711200262502,119.69299618932214,23.73521792895353,8.960392847630814
glory,0.7992252919697939,1.4130649055703264,14.471518241334993,167.9926419423099,11.655327070524335,0.10000008370660186,425.6495055929683,322.1867716099664,59.714778682082404,58.017166579233205
go,52.989598733380554,168.0239119944935,155.1612051166388,428.9763083460557,22.54338781347118,0.10000021585908248,300.16317602011753,108.65257347566892,164.2643876050428,234.12545067893515
goal,9.075297271024212,130.0422879628384,45.67210328128869,61.54274936828283,0.10001919535950635,0.10000004942451994,64.9620114798438,0.7782221590892788,124.6272778288393,0.10003140367143636
god,15.319403986466076,635.3191994037317,1434.673419546975,5120.741455517823,790.3870609740611,0.1000000703872302,2572.266645286723,1902.8169825364469,2441.7617544333757,1065.614078243673
godhead,0.10000052358319372,2.2092027110714136,0.10001297535382858,3.750659722437461,0.10004099285728517,0.10000000213805411,0.10001212259741377,14.980318880078402,0.1000240023527807,23.45972806725852
gold,0.1000386172607489,10.225328037282102,15.12244319414692,3.3087219142254307,0.10003205803481642,0.10000004278579253,0.10005295930440031,12.30264619942954,0.10002275759650854,20.54071421954749
golden,0.10001519017378703,0.10004086847926706,0.34696137492055645,7.45934215286267,3.6338908237869436,0.10000003342577973,9.16062417865338,17.22584097935788,0.10003074054529554,7.773253657429504
golgotha,0.10000343374357823,0.1000026477109848,0.1000027305949952,31.361394700251918,0.10000396454541403,0.10000000000062109,0.10000278182791034,2.838580312804953,0.10000907123996057,0.10000035716639981
good,99.29979559795574,1185.292183195508,986.4237150156449,604.0246668477555,295.37631834711976,0.10000009236486877,1149.9984080756528,13.128561423833393,539.4699704750055,456.886380928825
goodness,0.1000454500188209,61.64445030449683,31.81477773780061,88.85109843444569,23.594905075112464,0.10000005758671847,111.14353046805465,40.35489762645758,15.734017215885514,10.662277629792586
goodwill,0.10001159732210822,7.647355342952016,0.10001780895214284,0.1000083545526293,3.711859709215636,0.10000004625461568,32.946348042213195,0.10001704155144601,0.10000309257225666,1.0943789641880999
gospel,36.90047025891817,101.8603291797186,74.40123278907262,721.5703536314909,27.569744207499635,0.10000003986287136,290.34677377311476,4.631370942199499,1309.168111867556,85.45161331023242
govern,50.03480428393924,25.229425487337995,60.65238624824913,0.10001682039275854,40.73591537335496,0.10000043426426487,107.8249590591314,8.191233209311884,42.340171215671795,35.791087868029436
governance,15.640901250896732,7.563778966569359,4.455524021231878,0.10002625136520546,0.10008671484380118,0.10000000957503076,0.10007791864071464,0.1000123134579426,28.23646325887515,2.603129294091821
government,21.562663243835917,88.41872231515265,63.68346593097362,0.1000121911207371,74.1904691495412,0.10000060039248841,313.58894656113307,0.10001507945598923,0.8672790015290597,45.38842592657444
governo,0.1000000000006133,0.100000000000334,0.10000000000035962,0.10000000000025422,0.10000000000074435,55.09999999997059,0.10000000000021234,0.10000000000048487,0.10000000000022202,0.100000000000312
governor,0.10001814707599645,0.10000442709952524,0.10001052937085594,2.866993642854457,0.10002562027835228,0.10000003485675849,14.879855843443929,0.10004358901766215,0.10001070869926096,32.55303745704426
grace,0.1000214030922315,2.1337538077197404,65.3881203706387,447.5049318202234,119.13155067959572,0.10000005880276532,411.87552799649336,535.860967200206,428.70377755389904,88.20134910900383
gracious,0.10002205901433035,0.10001796225592231,0.1000335221354605,9.856435304643773,0.10003979279548572,0.10000004131210276,15.685029693910037,13.03707157889984,6.3454503673007645,9.575899677397421
graciously,0.10003202129379941,0.10002265067355413,0.10002203866369547,7.3173820623696235,0.10003374461704972,0.10000000000343676,35.57828376264561,0.10003728278517701,0.10000731139560175,5.404179125260273
grade,0.10002452017686086,0.10001155479695187,14.863858758645499,0.10000319922250099,0.10007327863335047,0.10000003376852622,0.10006719250475594,0.10003476594101096,0.10002189375530035,22.335904802200993
gradual,1.9147628167773534,11.012139032408651,3.6602664814962607,8.357296963692312,4.957713593228368,0.10000007330371935,0.10003592571817033,10.080552366636592,36.717200396868904,0.10003234950455119
gradually,20.730415607728286,37.552175534808725,75.91255516737,18.897755381486675,5.791606490610042,0.10000005713870201,39.137098426690855,13.595675231156685,30.182682531485423,0.10003557118426681
gran,0.10000000000047975,0.10000000000026128,0.10000000000028131,0.10000000000019889,0.10000000000058233,49.099999999971324,0.10000000000016611,0.10000000000037931,0.10000000000017367,0.10000000000024409
grand,0.10001726987584565,10.914008977386672,0.5473098493334086,0.1000508818812996,0.10003379629223721,0.10000005550218274,20.454478558070797,3.2545783410433655,0.1000253856758709,8.329496884557951
grande,5.100848332969312,0.10000562517911277,0.10000191594927434,0.1000110632244621,0.10000000000249905,117.09910586192849,0.10000676806182646,0.10000792898344178,0.10001062339865782,0.1000018801854498
grandeur,0.10001913353625123,14.472754330112698,10.706274250006949,19.18113693035596,0.10002597114763037,0.10000005403577991,0.10003077924380929,5.039728739413799,0.1000213451137736,0.10000846674318635
grant,158.2713985214623,29.47444634803535,33.40224854957378,73.13938983761396,35.671673501103335,0.10000007832864205,179.8741940662267,123.42691141303709,16.502767983825382,402.1369697004559
grasp,0.5393546622849965,35.76866279631143,42.42378811157536,67.66618269911153,0.10002585379981753,0.1000006163037797,0.3339948820050339,18.362115397477588,15.943893241229361,2.761981739557079
grateful,0.10001719076789183,11.269195068872529,7.406223165036512,13.728377008344243,0.1000353697291024,0.10000011627565158,25.59470941229568,11.814645962374,27.630104658954913,1.2566920469949172
gratitude,0.10001994560007504,21.91872249193426,1.1247876009259976,43.10747451212051,0.21172017404943388,0.10000005055600969,99.52824554044943,34.05583298497331,59.50900802798058,0.3441886710750389
gratuitous,0.10000939007724516,3.1033648763914297,13.995710944493815,11.188219313168016,0.1000143111317431,0.10000030739777353,0.10002133277704156,0.1000214570469135,9.112569362324065,0.10006870484290592
grave,51.747109570989146,86.20309759223672,106.65623275261994,13.86889150362735,64.29009141582807,60.17391563791477,163.92030001150383,23.910076982585533,20.511108239574146,54.71917629275511
gravely,9.965512205778717,19.474992308301704,9.287433414023388,4.907713694290956,15.344895896888813,0.10000004388440897,10.274875397117587,0.10001661105425677,1.499064944158298,3.045495484151998
gravi,0.10000002588077447,0.10000816561570092,0.10001093014118888,0.10000000000195863,0.1000006121500616,46.100004283247536,0.10001956823697902,1.0999520405644587,0.10000000000171039,0.10000437402729438
gravity,0.10003202544193482,20.619535067808755,19.565558583913912,1.1522547424978355,1.2768264282725472,0.10000015043934526,34.62405086533185,4.49100265578665,3.3661329333586054,11.704606546788735
grazia,0.10000000000038702,0.10000000000021078,0.10000000000022695,0.10000000000016043,0.10000000000046974,74.09999999997194,0.100000000000134,0.10000000000030598,0.10000000000014012,0.1000000000001969
great,156.40306164880565,516.3732204507854,305.86048787428706,758.3495013475285,342.7425890271277,0.10000017720010763,2408.385160200568,377.893187245743,668.2944390816511,454.59835294596803
greatly,12.916989260278118,7.288104685220845,9.597948769976643,4.688652611901939,23.81590175891346,0.10000004682206474,225.74646515331256,36.77313701940022,37.26199269290961,29.810808000922265
greatness,0.10002641110486588,13.245719200828093,18.907489627295963,48.103637997932246,10.039567662261225,0.10000054695390836,69.84128883114445,14.183395091963858,2.9475846493398343,3.5312899808330602
greed,0.10001053571092866,16.727352745286964,0.10002084172169108,0.10001707425589941,0.10004660363436726,0.10000001222216907,24.207015341727114,0.10001416577196807,0.10006103162529104,24.365461647695245
greek,427.4113266493368,0.12934536476546868,17.284961885274253,57.78269741703713,0.10002583314017433,0.10000009903899217,0.10002281622771193,0.10002502701607908,0.10002837731830524,153.89156653052606
greet,1.752506621734049,0.10002311566705271,0.7003758650618794,22.250297483483372,0.10000974669266116,0.10000002560907323,33.18882224006146,22.607896125144595,0.1000181531281551,0.10005062309892472
greeting,0.10003065803418852,1.5622023076241596,0.1000147065677622,24.727133643856995,0.10001840816337984,0.10000003683598171,109.6391100963321,17.060033496557317,0.10001497574318542,6.5114416699872795
gregge,0.10000000000092397,0.1000000000005032,0.10000000000054177,0.10000000000038299,0.1000000000011214,43.09999999996873,0.10000000000031989,0.10000000000073049,0.10000000000033447,0.10000000000047006
gregorian,50.80695436053744,0.10000173711097528,0.10003494001421373,0.10001384798268073,0.10000263807564191,0.10000009958351916,0.10001799939570846,0.100022319756073,0.10000729035498773,1.3929447669812585
gregorio,2.2809101275787333,0.10001415252688124,0.10001628210740268,0.6918463640933256,0.10000092026981448,51.327132373644226,0.10003718025898846,0.10001604773442606,0.10000599973106333,0.10002055174506386
gregory,47.52888938984361,0.10002227918456436,14.719658104555021,7.254630575136999,0.10002973205918048,0.10000027201504438,110.98889081841547,22.783774545679673,13.55486703952011,167.86923724325595
grief,0.10001536562146339,7.0504267899118815,5.5484945499111324,9.695108817373569,0.10002794736587341,0.10000010399229352,83.54835163867885,6.899794615911011,0.10002702472656524,10.857753146179094
grieve,0.10001413041597311,0.8060943417045829,0.10001148034425784,4.088296069449154,1.1267302084893245,0.1000000892829131,59.54070659853424,0.10003277458502874,0.10000115303124028,11.938113153874593
grievous,0.10000973692300104,0.10002086257997127,0.10002072899187643,3.2377190922391175,0.1000245112752962,0.10000012447223208,48.63918698585938,0.1000278738151879,0.10001176734309108,8.422978316230209
groan,0.10001007634916158,4.8396254145683955,0.10001094836723559,12.892124038403457,0.10001601835165241,0.100000022503222,19.568147202857386,0.10003919779421418,0.10001211975955876,0.10001496079108099
ground,30.55836830863169,68.89160518545036,77.3222845359203,35.52264183396988,41.11616131730406,0.10000062035624899,25.827714242935496,1.3245718119870864,16.494415736147335,55.8422364069551
group,59.94638210485865,285.01490857212667,68.44679242011424,12.62209703925517,0.10002322306865033,0.10000007323583666,4.65282961867594,0.10002066882721301,305.9682221586476,12.048724120857619
grow,0.10002178122929041,192.362519430469,20.397855448624384,94.47876226414415,18.9033582955577,0.10000031453473726,235.96581399235876,56.8661682364651,243.08169634458673,39.7438038916992
growth,0.10002258501604692,181.79256334858627,25.9098633229144,33.07286146339754,0.10002994034263737,0.10000004425719936,57.61339960994085,8.149368588798408,217.22971850466928,7.932172591742006
guarantee,16.133560839477997,118.03112226972853,44.34291725080211,15.561987725591027,0.1001523587318558,0.10000001760554639,25.628936766643168,0.10001772441220046,47.95580882719033,23.045496219480516
guard,9.510811191370923,0.10002081692694176,42.32959821939399,6.865899269428185,51.223961415139165,0.10000106880398119,80.94976375428875,16.103605820755668,9.718594790256065,54.09774365330393
guardian,0.10003793833594733,0.10001624641153944,6.947508843103064,14.20281932451356,34.69803583872595,0.10000002678354539,55.74213620300389,22.4786927842281,8.009546857726292,16.621205936837917
guidance,12.009165132343517,3.5682221651814,51.76583989263881,0.10002592115285172,9.222968114155044,0.10000007359859725,82.56337109163614,16.989694422365723,57.7097890319164,3.9709241546767746
guide,17.16594606003839,29.80994198064742,112.38780404750771,107.67519204946609,48.52673416733402,0.10000038144244808,104.29564480258657,14.516839401014137,191.92721103404867,5.594686075574424
guideline,2.801458967375596,7.440160027733312,0.10000988937897705,8.635597469428438,0.10000095169610619,0.10000002645077787,0.9552090454744968,0.10003829597943253,49.66751433892987,0.1000109872347165
guilt,0.10002860749267133,0.10001693245712563,21.422734828457507,12.266843852698027,2.378598345947823,0.10000002813069193,0.10002529978802653,6.6334986700234735,0.10001047454895091,20.798242960173823
guilty,2.9370599740356793,0.10002271594351028,7.985711752541968,9.892123935109128,20.479491634295147,0.10000005918264146,25.336230700569637,0.1000332127708181,0.10003367180759992,53.96929234339887
guise,0.10004926454448287,24.78005326167479,9.458752906610956,0.10004635394009924,0.1000218697323672,0.1000001019619012,11.024062924434654,0.10002706133108452,0.10073255542476578,5.136253699965605
ha,0.10008572238095051,1.0994037100169258,0.10010530309201844,0.10027189760373681,0.10000000000437322,233.10001775652265,0.10001414690163087,0.10000025069679147,0.10010056689842264,0.1000006449738074
habit,7.590014232763799,20.06486730971717,3.701750849304978,0.10002248658375389,9.350102539466723,0.10000007597616606,61.09148162828205,7.626921234294727,14.99635440912648,40.37848523415161
hail,0.10000473999030944,0.10002495558928083,9.899971965014462,0.10001798102707612,0.10002882125970562,0.10000004512128319,0.10002637442725575,52.29982129785392,0.10002640145485063,0.10007741791950284
half,8.145568325748087,14.619164627898842,0.1000305958949925,7.5678343888051645,0.10003180996188905,0.10000193646221846,0.1000447898846296,0.10002940845377009,14.211174194671667,23.956119921843
hall,14.78677236473668,3.7474880235411825,0.10006202016234562,0.10001737562256699,0.10001922414428298,0.10000000000513065,0.10004560977600915,3.5006925431033404,15.66575362137022,3.799149217146227
hand,111.4983718641223,224.96802909968034,227.6102460070162,271.7168440730229,83.10972626692974,0.10000016240200667,353.5780796572796,141.93324431828592,200.24561259772926,227.23984595319533
handle,6.817884248898765,5.487647035993657,0.10002931951240185,0.10000915740210116,0.10003591815124872,0.10000004483193327,19.326453530386193,0.1000263122387374,5.307437593691393,3.560476838576781
handmaid,0.10000617229568126,0.10004619662801642,0.5174266934362917,28.67534754403063,0.10014085063209478,0.10000003806432829,0.10004907946343759,36.03707154677804,0.10001558764276845,1.1698962905990296
hang,0.10000487604327248,0.10002918127298788,0.10006703935180646,5.9811586384533,0.1000472304927137,0.1000000000030548,12.819816564118693,18.393928435815667,0.10001754981562204,2.2049304843176394
hanno,0.100000000000585,0.10000000000031858,0.10000000000034301,0.10000000000024248,0.10000000000071001,220.0999999999709,0.10000000000020252,0.10000000000046248,0.10000000000021177,0.10000000000029761
happen,1.734407492029535,110.17400186761637,108.63406504497479,60.95559321553989,27.1712431238947,0.10000004086758402,50.37438294717662,20.309933284301405,26.404880653662495,193.1414923295977
happily,0.10003085396590886,0.10000734371569311,0.10001881897486288,0.10000930127194474,6.462142378492771,0.10000062275809897,111.15112058561996,12.68663602459641,0.10001004025884272,0.10002403012552395
happiness,0.10001396287789774,17.471936015648996,34.783818998732436,50.61815381341225,34.101306654670914,0.1000000498592319,177.42482160130777,4.283840602180314,0.10002361709328256,4.0160846838993045
happy,0.10002440404002237,10.125236923525685,10.973915812483083,0.18641815719083255,25.43178492317475,0.1000001756784242,324.17812641261054,77.99191186729873,0.10001945952506168,75.8125618641565
harass,0.10002578467798559,0.10000407208005868,0.10001285724829527,0.10002294302884539,0.10001704966082438,0.10000005722030254,34.88246332530702,0.10003455528097172,0.10005766940395044,7.3173616857697334
hard,0.10003436909474592,49.71648935945926,9.84342786122551,31.545199891796493,7.1207652418095275,0.10000101432649773,77.37858722744724,0.10002793557197107,0.10002749193023745,6.995439607001425
hardly,9.355085318337393,10.236975713533186,6.8862051896140075,8.573328733346818,15.231406592585635,0.10000179852201213,66.19899274268943,0.10003376116130426,0.10002576157625905,16.21794438829316
hardship,0.10002884782851997,24.872423582703263,0.5630631479234564,0.10003769522380765,2.1748642997904852,0.10000006671679905,75.69264924909169,1.32394605865961,7.779776413379741,3.2932106383132114
harm,16.45075027554425,69.09095590198983,18.3035579797731,5.039448389026834,33.52690809535333,0.10000009946600931,78.62035737721719,0.1684114103303243,0.10002843523760767,62.59958203571895
harmful,0.10004402550482341,27.480097185397625,29.017658789538682,0.14246328880051898,13.284120736866864,0.10000002025146786,35.665927688958035,0.10002753475761822,0.14441032197246292,19.965250407575112
harmonious,3.5020633097174905,11.811658691382059,27.132590432992654,0.10002862224099866,2.2238844154857227,0.10000013800225767,12.425205595893605,9.382294219683288,35.22226324887773,0.10001132540261767
harmonize,0.1891069005764913,16.808483348577646,20.355135268905922,1.7115937510802248,0.1000330037909158,0.10000010370491332,0.10003210475263771,4.278225528609233,6.25736280977618,0.10002717986788066
harmony,14.726992675632005,45.64575797499398,78.55595976616506,38.99008283094122,23.164124498390795,0.10000008904502794,160.3199042280373,52.92654079460466,75.91060580416065,24.66003133769145
harsh,0.10002740860613227,8.06068667879157,0.10001864992417822,2.1889679244464966,0.10000908579143673,0.10000005682096809,27.924554004304003,0.10002187630559094,0.10002177313517045,5.225692541573962
harvest,0.1000091851312675,5.4370120840972,0.1000276010705041,10.235201473653778,0.10001743378018864,0.10000000342735715,97.24977753809549,0.10002401083760136,21.470686138735015,6.107244530860379
hast,0.10000372411447553,0.10001866903582152,8.175804573905497,3.5496486535595686,0.10003860671719993,0.1000000096085153,12.254681050813321,29.419773962781512,0.10002546289456708,0.10000528629355335
hasten,0.10002928331779717,0.10001951726467222,0.11725061545666342,6.980709015121372,0.10001939758799595,0.10000131501993949,66.59921528943714,12.431958375166845,0.10001814934727621,7.370779041980704
hat,0.10002766204867798,2.929172232252413,0.10002127933645336,19.930043351186498,0.10004196124559551,0.10000002248879394,15.809406593051817,0.10001993604926068,0.10000651194751674,9.731260450104076
hate,0.10000874974427408,5.898211708593907,4.298224932758345,0.10002599336893601,1.166529499065459,0.10000003096618246,46.78296663633391,0.10003383592713161,0.10002182764314449,6.353976785284872
hath,0.10000216842010466,0.10001527562364546,0.10001850511101006,0.10000753120753955,53.41557568113108,0.10000000520342055,28.26463147119246,48.61974222774363,0.10000090897357007,0.10000622523047874
hatred,0.1000060527118831,36.62990398385549,3.1543175791777753,7.5186887416216965,0.10002305999772337,0.10000004865739395,136.83946564986658,0.1000218568091568,0.10000796786522693,16.35756505916699
head,43.20111956674841,4.844774787308375,26.94801571367786,19.742948733271415,56.85914568625321,0.10000016715581354,146.46746883273087,228.14800020158575,119.31359132135452,65.3749349895771
heal,0.10001121766494435,18.345600089211686,0.10001835717127902,72.46913358165078,0.10003238213027486,0.10000077335152208,72.75317203191946,0.10002835702399678,17.4107023906585,10.52130081890264
healing,0.10001110748073694,7.757807193603633,1.0062675147761233,26.977166933760316,0.10000568230617497,0.10000011959647714,6.993830763938286,0.10004601686931938,16.76484588705518,0.10001878027983153
health,33.605292703288136,93.75081405219885,1.5644464839050238,8.969171441688063,13.67002376939077,0.10000028116358925,95.39697975110148,40.149274974020265,12.656007783390264,17.137988759513274
healthy,0.10002839524065499,63.704295062807375,11.888489351617274,1.961462810621099,0.10002507519886274,0.10000131696274855,7.311916389693961,6.303404202279991,17.19028200508186,18.34009539014518
heap,0.10001049352800004,3.1560649291391716,0.10002822244238331,0.10001522918177838,0.10002718598526072,0.100001477391008,19.083211091650657,7.187395544553472,0.10000730822719989,5.973238517635279
hear,31.259798319253886,43.802431945699915,25.894994209950713,240.0891395803283,0.10002631094936104,0.10000030028820114,160.77742216448777,37.85183556540931,117.0659338052321,137.05841779806576
heard,0.10002559819118792,0.10001588676774154,0.10003602736191479,3.5481809571289524,1.924174220220603,0.10000003405092295,0.13920531454389193,13.116244828379147,14.495595942288206,10.376521190722672
hearer,0.10001578452203479,0.10003482498478224,2.7718445859882133,2.771055388153182,0.10002277874299233,0.10000009082018987,30.030579175201954,0.10002855192972904,22.46902871141473,7.457390107900807
hearing,0.10001161453924144,0.10002005752734099,2.6194752213216743,22.295275472365297,0.10002262798085913,0.10000151320024848,17.00951758274745,0.10002858747663936,2.4942020567524135,21.08144526576636
heart,0.1004951584978491,177.17440023972844,83.08478154492771,1597.03542903284,14.091054108717133,0.1000001002952696,926.8602346380402,490.22356804548593,287.6180191629698,68.71201796816777
heartfelt,1.6591775746463966,10.166324352946313,0.10002500724697269,15.765338941929611,0.10001773025507839,0.10000003854203365,24.902398548339544,0.10003098451834411,27.0066536792665,0.10003314196928341
heartily,0.10002367959396669,0.10001719599248267,5.503803478887275,0.10001975635002847,0.10001705091678101,0.10000002111372315,18.090241495225815,2.801792337984771,6.807329342780315,4.296755640846426
heathen,0.10000416770229724,0.10000312647482316,0.10001052505728093,0.10000357500796213,14.483068267673628,0.10000000802183384,34.36654317483076,0.10001501652857941,0.10000251654387093,3.4503496219964664
heaven,0.10001362071694023,22.83224824151846,11.138051429113483,179.0079073141968,16.13869405766808,0.10000010596696672,313.2327208785228,395.3700234560619,72.21782373473334,50.86251716117851
heavenly,0.10003039473775617,5.21986084671283,3.624771345714658,10.158498916795661,17.491337690124023,0.10000011349951442,416.3723866144484,317.0477025614021,17.678206222029463,13.207205294194132
heavily,0.10001221523175363,5.928651818643593,2.000919924181536,7.760975830083093,0.10002401698264873,0.10000003158567126,8.68515309119796,0.10004168789743144,6.936256622789289,4.287964761056965
heavy,0.10002987119066936,10.740302377335661,16.04088437799694,0.10004029771245032,0.1000285345667699,0.10000006574649632,67.40173245034227,0.10002564718994057,1.1957652709157367,28.121191106642144
heb,0.1000037046619207,0.10002436185862966,3.7714157314547836,45.12024990372437,0.10002279088318428,0.10000095228362389,1.3573140326119761,10.943194846159383,20.307765289436563,0.1000083866329428
hebrew,0.10003142958173496,0.10001086763848219,2.6416777788504273,42.78511972950043,6.911624099609117,0.10000004643135987,3.965564370574813,21.150088853805627,2.4825185458202843,5.7633642778448255
heed,0.10002489957789788,9.136022415029272,11.61888230247753,2.021252307029763,0.10002858419015626,0.10000005283309744,39.2754106189242,7.526932208872019,6.028327320429154,11.093119290288442
height,0.1000067493889842,8.681363522857843,5.011775591331112,26.3733764111853,0.10003091012457792,0.10000003475389581,47.078403595211824,10.354999413237131,0.10002314930655724,0.10002062230122395
heir,0.10001539855716236,0.1000409166360711,0.1000234835595733,16.60823761771273,1.9337849952423136,0.10000004218839441,34.3961799679764,3.56621330296715,2.096432388216888,12.99907188659578
hell,0.10001149092152042,0.10006357776834508,0.8218117711332632,11.20867305030518,0.1000168876648847,0.10000005896361078,43.05472886936809,0.10005259621143324,0.10000516245020948,14.31463653488009
help,59.782590186072866,293.46434166713993,77.6959920709212,210.95336796771628,112.76167515903781,0.10000004341509404,622.2000045877389,110.08352061001646,586.0349856276626,167.92352207994205
helper,0.77480235603563,0.1000326178646611,0.10001433802627081,12.79346150976903,7.768447813380559,0.10000000364472057,43.63107608812561,2.8859170875228997,0.1000352908263727,8.746212894449979
helpful,0.7192122482834676,25.365883261862244,22.890667729382237,2.950159875286022,0.10003045745722643,0.10000004411734949,16.074215315723016,7.163965182867014,56.44259770400927,2.193268180659576
hence,0.1480242371739296,67.46705712137175,191.14460432105523,33.68238883176207,188.42134203971185,0.10000006169953106,97.05567070114546,144.33730665958126,56.062039516846696,27.581566509318534
henceforth,0.10003928624285331,0.10001061501971305,0.1000386273638779,8.175444887606341,0.10002234043901424,0.10000003286381577,6.170726037536463,13.764739830724634,1.5795241584249085,78.80945418342858
herald,0.10002463343150052,0.10001894327782195,1.9915403099781297,0.10002279166239128,0.1000168850976754,0.10000007522558849,51.718240101749124,3.3849807550999826,27.552224210283832,1.8529312938721474
hereby,12.356793185374569,0.10001385944089226,0.10003970028411739,0.10003193502338108,7.3986786351769895,0.1000000133989155,0.10005960958349387,6.66233245289821,1.3242181424168198,10.757832465986333
heresy,0.10001775259135483,0.10000638993786072,0.10002380891566826,0.10002343354150506,0.10546007727275467,0.10000002230104019,35.09619725205927,44.66149919441812,0.10001732121661755,281.53675474748263
heretic,0.10001635864550912,0.10000067664270626,0.10001541719393225,0.10000512187143089,10.458640744911394,0.10000002793435621,0.10003126086210984,9.314882102371312,0.10000037708151238,254.52640791230195
heretical,0.10002376622149987,0.10000190766365472,0.10002185951551906,0.10001006563479013,1.590066892908353,0.10000001341059903,0.1000230870912427,2.3220889812805603,0.10000847638518401,101.38775494967634
heritage,8.551674156326577,15.857290439934827,18.30058343006094,57.89116522401808,0.10001878773091893,0.10000015556632995,12.969771938536828,4.217932749802204,77.91155538372975,0.10000773398552784
heroic,0.10002279376778002,0.10003345139530768,13.053315629601698,23.299121635497052,0.10003167041421339,0.10000000587348143,23.06374286468431,0.10002688698312164,24.983697435920472,0.1000076255540042
heroism,0.10000974892606992,1.878393028093179,26.862395021478378,9.725062696769893,0.10002916997255627,0.10000002414327626,0.10003121948091327,0.1000282556450682,5.934044872694234,0.10000596248688118
hesitate,0.10004368072236326,4.98608590487664,10.49868451058031,17.047611128770296,12.686337255137456,0.10000009386357592,115.35235190665743,6.996422863139733,0.1000264224084508,6.1324362335000115
hesitation,0.100032044350862,4.325001810531218,5.454349918120624,4.340071750193117,9.048000601397048,0.10000000514981823,22.51708478758619,0.10003655067904259,7.394584373784839,9.620838157847517
hidden,0.10001792021665001,12.175722184735351,12.891486718128611,111.48332867314453,21.5925499095977,0.10000062779358077,44.91988435314797,34.293073519454154,8.552699415060246,7.891236678390158
hide,0.10002243577097603,17.202266464305193,47.27867197077947,45.72947059214125,0.10003202733430079,0.10000007777614751,33.21929733046696,11.472825461791546,0.10002110593428118,19.697392533378984
hierarchical,16.714520329429963,0.10000730351794387,0.19484926236334668,5.200076065206748,4.056956693386093,0.1000002504274497,0.10004118250923837,1.7508817860338797,63.49421436802583,3.2884527587389902
hierarchy,23.90362513502663,18.03939933819126,47.0204064769228,0.10005609064588673,0.10003016092615204,0.1000000561837155,120.52445386897585,0.10002486137518725,39.011987702256185,0.10001630913816159
high,42.62812953763161,86.91656499447039,204.88390690745322,51.302041039243996,101.30969220969307,0.10000040398560475,360.4958768141963,177.84948334961436,97.35783409075513,84.15647065262009
highlight,2.0186134537406724,7.085458403043983,0.10001139130846977,34.79885934587306,0.10000672378607516,0.10000002210221329,0.10001040330118816,0.20799127287996802,28.38904054382352,0.1000084398889357
highly,16.693899900315966,39.5558598446055,19.307214428039625,2.670059244780665,0.10002426067506155,0.1000000545264783,40.9853299401852,22.659742725141523,18.338044868605138,3.5898247327842565
hinder,9.478290804146527,26.444430980845546,25.9184416948116,0.36045497404866844,12.917568102956182,0.10000002750551783,36.98257293184008,0.10072697322049554,7.714925598118421,33.98258791214517
hindrance,0.9970111097943296,0.6260586298342795,9.894441337527306,0.10002549032011097,10.401948591764233,0.1000000651754399,26.388952924527096,3.478935078057831,0.10004476372988538,4.912582008883543
historic,0.10001028610676181,11.068593879046805,9.365728166595071,5.317804442624073,0.10002550986011774,0.10000015494586585,0.1000202336125424,0.10004144242418156,9.647772785295574,0.10000309920330246
historical,20.58842261316478,71.07093055475089,81.52470451326191,105.01954908988242,11.33296319115452,0.10000006147629883,0.10001807405080157,0.10001737966743457,72.0633823585849,0.10001216372698077
history,20.68505670454808,112.29124387180022,300.5046396541531,735.5445646060625,18.62680040615447,0.10000007107245103,72.39604884792934,0.2086652569736532,382.6067505444656,2.036230036504913
hitherto,11.237287318279325,0.10003621967140747,14.646075036210386,5.405145970159654,0.10003391556331456,0.10000009921445493,21.5372975451843,0.10003137702972144,0.10000472457171813,27.674087793807168
hoc,5.504860625286515,0.10000234812545805,10.317311129615083,0.10003258715576839,0.9712046088051164,31.5592118905241,0.10000812098422791,1.641124019184243,2.6062326368128486,0.10001203321478165
hold,45.54378270250095,89.31793485794525,197.8424965085027,48.147530103235965,162.5108128570271,0.10000004716225042,288.303154648265,127.03394164645887,88.80024057362547,595.4001060549401
holiness,10.092148639907581,0.10001631229327425,12.790699301389203,79.87464295186764,17.239911268922246,0.10000004335837025,143.16494360509006,164.5739499177616,323.6332624085497,17.430425550539667
holy,566.2839989980093,0.5898429987774089,10.861750696227219,1281.4589859381938,156.54891805488114,0.10000007543475192,1049.9997395039293,1270.0905987537783,796.3836869162835,1779.6824780641614
homage,12.40840584975872,4.738045416343881,11.139250102798385,0.10002092693974544,0.10003281743895255,0.1000000315542546,20.46007272866656,44.558544542351235,0.1000282268188546,0.29559935698498807
home,3.3933998418073292,114.58631046171844,0.2453989345632109,31.379965262736132,46.56422489416599,0.1000002215589519,160.3539384906932,54.04091149624587,46.65305792907587,7.682792467101903
homeland,5.926803042365476,16.706085096656203,0.10000797350029879,17.06663227416915,0.10000833312824747,0.10000000252459308,0.1000593503780664,0.10004274061051029,14.700294785343093,0.10006640090351501
homily,4.727681530672019,27.45796211753608,0.10001889909739271,19.88351718146518,0.10002261035029653,0.10000008292118846,0.10002117320461311,20.72770049538168,99.70306489732513,0.10001101176586066
hominis,0.10000380357974369,3.8705546175459498,0.10001934811359951,22.93069153229855,0.10000494237297101,1.5134108285998922,0.10000142856454106,0.10000474209197491,21.08530853619071,0.10000022042556281
homosexual,14.604812477402621,2.2397577502058272,0.10006626380633916,0.10004069314813355,48.45528545098355,0.10000000000238733,0.10000197312154768,0.1000038760319116,0.10003147141483966,0.10000004359090775
honest,0.10001526925715795,39.22690613784822,23.094965348911966,3.2664018683460165,6.086015160762502,0.10000013185280374,25.156560464104643,0.10002219784776643,4.138342963438188,12.730770457295847
honesty,0.10000824719319075,13.887813976510122,5.485163029683484,0.10002304835457684,8.65265309108446,0.10000014532532552,13.562997892742121,0.10001521420957915,13.432975549541158,6.578349805048338
honor,35.49513873012302,0.10001452965218746,2.3615739544376404,0.10001268445604426,46.981939215118686,0.10002147201073791,388.3167879802583,239.34447104555363,0.10002699957610711,0.10001338853772102
honorable,0.20921056354559406,0.10000804151150582,0.31826195285516223,0.10001468494970758,24.152917870480206,0.10000000260411677,44.80905770283897,8.010492691045409,0.1000290872186805,0.10000740268744576
honour,0.10001078771634803,16.53873361068051,1.201277555496733,86.3383896241926,0.10002975078055461,0.10000007294364113,0.10002959652852747,27.030943462603762,13.551222756364256,138.93936278236654
hop,7.813984290138861,23.063884095901354,8.18286021281856,14.669701022698884,0.1000230467999,0.10000003364872641,47.30731937976069,5.608226156249055,19.679980023735386,17.474021737908817
hope,7.557251506094228,139.13139707934803,68.63326445675264,536.1794131643544,4.5999309891957125,0.1000000429222315,637.7217535177924,111.36493724561095,385.4977627089633,25.214289288634117
horizon,0.10000463959227923,49.77116493477956,7.420884807615703,67.40284716656338,0.1000211966356375,0.10000004752907565,0.1000168980804947,0.10000819893865992,20.80504895016989,0.10000315985803541
horror,0.10000747590171594,5.794146341759735,4.456911487710477,0.1000180174651574,0.10003665814453196,0.10000000725804381,27.96742312297778,0.37652369551273746,0.10001873901182272,2.9049144539545946
hospital,0.10002832914545823,15.327925019601295,0.10001533742053018,1.8684065534098662,0.1000177555295884,0.1000001119621887,0.10005053987292048,0.10003000270841748,5.196203387004489,91.00732296297751
hospitality,0.10002510977696398,11.846606086232661,0.10002301187450231,3.1239983103565714,0.10002344120904189,0.10000006968841817,0.10005517016556074,0.1783696499946008,10.865261471805853,10.485637678503783
host,4.203250206324619,17.84223803280171,2.6058888369832265,8.786384208943092,0.10001773585360137,0.10000001561179223,10.254387970427786,38.704371906481015,1.7022784997593936,7.701182586465586
hostile,0.10003384399091089,0.10002589965732031,25.321952615378773,0.100030327093949,20.57803851682077,0.10000004101334731,80.56299935412775,0.10003488836036395,5.368362092964583,7.6685224202478235
hostility,0.10001848018185533,15.0359200494402,4.527018299342725,8.843407709910956,0.10002398695824784,0.10000002223264669,37.293234766687455,0.10001698867014672,4.63255512668466,3.26780456956764
hour,30.33961630653688,11.708438866293104,21.66201066959027,50.67849225170457,0.10002718760377564,0.10000001281597783,45.79473154393699,128.04011434671048,23.14127864761607,43.435290166854124
house,35.49373893801079,0.10003004162943195,0.41615444816263436,95.45373113096721,9.385822171909627,0.10000027333065421,109.70943321621019,53.813713994910906,32.14452269697756,183.38285308755832
household,17.67246904989156,5.746647451665038,2.711024873978878,0.10002944845201489,13.742321183723137,0.1000000486526612,8.110492329397719,9.575792514314035,0.10002368531332415,37.14119941427618
however,229.3088885181379,176.85879467406374,222.47824143570497,116.76641023628382,193.49980149185015,0.10000005754092225,177.34885796633995,70.12286537110708,201.10430703975635,483.41183320887757
human,0.10001825982734669,2058.033013100662,1100.2901037305112,1718.004674166949,474.8388330728581,0.10000007002806151,217.71691878375495,215.60941294707263,797.2397203987495,85.06730546925992
humanae,0.10001470088365448,1.3356780826043486,0.10005190239989731,0.10003102272954442,0.10001077715825024,0.10000000874922173,0.10000848185065513,0.10000046317925276,37.864203759935954,0.10000080025780289
humanism,0.10002505809502492,29.061107314876672,8.63500709947447,0.10001924788005329,0.10002033243962624,0.10000003364014942,0.10001278286150196,0.10002362055826106,7.6037833612636305,0.10000114867176378
humanity,0.10001896470713856,231.35214629763618,9.928274019184217,600.2089433272873,0.10002172484416624,0.1000000592284217,19.93235550196252,0.10002527793348008,176.28860151047638,31.889613316419354
humble,0.10176240753678793,4.708842276752676,9.033823030655983,52.05425583025984,4.755321690097025,0.10000032072347802,123.95971771227121,86.4535184164421,45.29786572060965,17.53489259430747
humbly,0.10002449665586395,0.10000989762928705,0.10002420297557324,7.676405696627936,0.10002649877199352,0.1000005298138446,53.57482936738057,12.753176895734997,9.837000186386007,32.65850222771735
humility,0.10002006125275788,11.645182078147862,11.962465454667115,37.13772803080746,0.10001503280201594,0.1000004309809665,68.7033177610437,60.1828397027022,31.02850761750605,18.03992382976488
hundred,2.181023540038598,18.1628900678664,0.6150353540560152,7.172305336272928,0.10001949516914803,0.10000011569429172,57.901595331860044,11.907034939296032,15.323829963710049,42.53626585569099
hungary,0.10003014689580933,0.1000060254661369,0.10000542173624288,0.10000732544310448,0.10001648578333514,0.10000000387474085,59.022773213022816,0.10002392030118168,0.10000444285712112,11.177133014435793
hunger,0.11047675751593145,47.716255733497746,0.10001236804061243,26.524157620097647,0.10001507685167947,0.1000000306990673,12.824458709585203,14.23936126452181,28.18522661831943,0.10003582055229092
hungry,0.1000122197882545,16.14681720531729,0.10002639110795936,16.632937566976867,0.10002244134771321,0.10000000819531407,0.10005049424074229,6.077998916884863,7.542131928951165,0.10000282686213656
hurt,2.1962838035400356,12.220442783261147,3.029891990641982,12.9093065114494,0.10010069207320275,0.10000027005274689,0.10009488410001162,0.10002716043605075,0.1000334217718886,6.143818482154359
husband,0.10001567227206028,0.10002326279696676,0.10001182492893015,34.49868328810882,240.47843768952552,0.1000000234329075,0.10002456776768665,20.79670548907188,4.626061206969538,0.1000369748279921
hymn,20.617655259953835,0.1000230458113728,0.10002236017653318,27.72535865631914,0.1000063146584043,0.10000012958316255,0.10001564855286403,76.75546409311964,0.10002622875008058,1.3014282627832647
ibid,0.10003234456635851,31.58362693625989,37.74814027549825,34.40938365099752,0.10006107408988818,0.10000049154956027,6.250297204216516,4.141474921277951,167.94708322783654,2.619899873357879
ibidem,0.10000057891904608,0.10001676078459296,0.1000338760434735,0.1000571365315911,0.1000068282091996,26.05869099821015,0.10001216172909799,1.153916920108933,9.087264175222224,0.10000056393760426
icon,0.10001421842383185,0.1000106104107326,0.10000324425743612,27.147361678618626,0.1000026135675214,0.1000000541743117,0.10000956680108765,0.10002511615153173,12.045919107715445,5.106653789660271
idea,0.10001905173516629,94.37590686580751,239.26233815927148,62.89296339746762,30.251683181821377,1.6811308473813724,32.33803232537635,3.900705614375877,23.09720235925808,0.10001819715588713
ideal,0.2691813485454105,57.70843326543704,83.37984429542655,27.155811397162182,0.10002923051915515,0.10000005540306854,53.00187723470207,0.10002693173977499,45.084786807467026,0.10000943327735834
identical,0.10002538843824607,12.137387432116714,16.90220427438402,1.955833719604798,0.10003785289763209,0.10000006321555462,0.10002959995418928,4.838670182910369,3.1784083920854864,1.587403094023507
identify,4.829685213547666,30.80779712232176,9.30825433700652,40.45188390268188,0.1000202565907972,0.1000001077093547,0.10002282859412258,0.1000062899806148,68.88400118418052,3.3183287570804816
identity,1.2897535740973007,76.76258426318213,3.629228493027646,42.575359791411394,0.10001502687368222,0.10000029488960889,0.10002532175304314,0.10002226370252397,158.3108474292264,3.032163541504712
ideological,0.10000373633522887,49.73010050642482,0.10002909707301631,4.809867427085946,0.10000269934421509,0.10000008001588262,0.10000558601785786,0.10000349033500604,24.759987056336097,0.1000003208326991
ideology,0.1000029625985013,101.95292297106543,0.10002238390560302,13.0463225007571,0.10000557811260512,0.10000017691318715,0.10001017051489972,0.10000945495797063,17.300702842467924,0.10000095850229579
idle,0.10001998504800039,0.10001546498164861,9.87382212582488,0.10001720381498175,17.68680079406765,0.10000627821866949,0.10006051779551926,0.10003638332432914,0.10003145176585997,9.739189794790581
idol,0.10179034273143307,5.761731141256578,2.8074267188216204,16.34563822936189,0.10001262405748076,0.10000000982572342,4.88268752928238,0.10003020446852962,4.508599397831398,16.29208380200636
idolatry,0.10004043819829624,9.46962681446657,3.4930966753172425,25.113984296700426,0.10004981896900578,0.10000005994563016,0.10002152556437915,0.10001770068367283,4.854388648400981,5.568774021412456
ignatius,0.8616650365446797,0.10000853030211315,0.10002155938582531,28.64720866024791,0.10003431482248798,0.10000013233457777,15.242270984207556,23.119479112893984,7.19839759672761,6.530914072220015
ignorance,10.494801908483948,4.796763722036807,43.30679628283568,0.10002407637160945,2.092575483032491,0.10000003806490149,81.30513901127337,0.10002952547015195,19.43076506728767,26.27310488481166
ignorant,0.10003021684327114,0.10002080107604767,8.289223697836372,1.8751303673129613,11.505525117100486,0.10000007516835054,58.180770296290184,0.10001966808216649,0.10000434079336044,31.64927541921366
ignore,2.5597590591101853,91.92406314947141,54.171066284043754,4.7345518226159,6.625302357820912,0.10000007199865878,11.584953634009247,0.1485749570081267,29.793525936016476,20.358202727545834
ii,101.24649797581995,250.38621947518774,14.079100752434897,169.72428193142667,0.100026897549034,34.81651687076906,61.00621337892141,64.43016543747798,515.7552497941839,74.4557274858688
iii,76.22227177685872,15.253929152689965,19.27470816819185,55.61658806147796,0.12000917164200806,43.64273197559587,57.22053828160868,45.62706402112064,76.98319121795627,81.03896817249108
il,0.10000476340815262,0.10000102037924,0.10000628254743296,0.1000082636502583,0.10000000000101585,2794.9766246116487,0.10000000000028976,0.10001689788090397,1.223338159436299,0.10000000090109702
ill,22.18217084241175,25.49405188729089,2.982448430513104,3.7077340013299755,0.10003535763970302,0.10000008451942784,61.14401467278343,0.10002370289843213,9.263506262993433,7.926014757276069
illicit,0.10002106122234189,19.601447529560094,14.9720410409267,0.10001285293778635,8.326473325798617,0.10000000109349445,0.1000322047581693,0.10003039358076637,0.10001420642513283,14.499927383414638
illness,11.123256272285877,11.65715060078091,6.318053240106791,7.63177054349382,0.10001590417192054,0.10000002798296642,0.10004813508083427,0.1000421771654658,6.695019845829414,17.17464325271638
illuminate,0.10001004998422924,9.830329768871604,2.535847412480157,16.96029285789893,3.9424126003659317,0.10000006799344847,27.55094182423868,7.588206448531612,18.428547445025636,2.9634115242692807
illumine,0.10002457941403022,3.1190575674191225,22.383683071535728,26.217727818192593,0.10001637413418933,0.10000002274334306,15.373853781511999,34.202085260436895,14.303545062036825,0.10000646227412824
illusion,0.10001318204303919,15.829281003490268,22.802453980120152,25.66807721807384,0.10001330352848639,0.10003460273290384,0.10003551858493234,0.10002962716615818,0.10001000805264026,0.10005155585689789
illustrate,2.9267834349738067,0.1000338337473894,10.173375916016196,34.353821136289184,23.863274741216234,0.10000003123605679,0.10002107780684794,22.45011340754674,7.832556524420901,0.10001989642739043
illustrious,3.2486214525561743,0.10000751735758535,0.10002172021488855,0.10000807576062518,1.0921132624656706,0.10000003622516168,115.37866878321228,31.69328996096265,0.10001785445480317,23.087251336546117
image,3.849221695666197,74.16173125159202,27.72529924753596,430.6296612986262,20.527882858505162,0.10000004596979495,12.924309866084684,86.40306851874422,101.5787860491514,0.10003916777726171
imagine,0.10001419915936466,11.41708560513651,22.548558383081176,20.945414951600473,8.3057051150807,0.679023702343729,24.725248931770285,25.06724843600809,0.10001566309915026,0.1116850123624186
imbalance,0.10000064682505676,33.22725911256053,0.10000996217793014,4.972701167122543,0.10000762927989823,0.10000003777719468,0.10000324450940813,0.10000404614222608,0.10001407434175964,0.10000007912112341
imbue,5.869976499339476,6.949020451862511,17.379129493983186,6.936855260157588,33.3224059453278,0.1000000116055849,0.10008893668664451,3.089211958176081,14.153299213743358,0.1000122286773031
imitate,0.10002869343439659,7.269530556002904,16.906099176126276,25.78841611404908,4.0444487543534064,0.10000004095472154,59.81481921214974,65.98288803270013,45.03133887139576,14.962430548492648
imitation,1.9066013848928767,0.1000397353727759,6.217656294277597,0.10002474910397315,0.10003018155804418,0.8687057261813949,38.19846114561802,41.45983440745111,19.94863528065279,0.1000110945244013
immaculate,0.10001965303330755,0.10001147484763213,3.3564948325841306,1.7270814425526966,0.1000238939323645,0.10000007763667282,46.226012381643635,164.710333553325,0.10002560705222534,1.4799970830820943
immediate,13.169619286225144,62.237041088219165,37.59566446674431,15.757285886692836,0.10003840196019864,0.10000005643023485,42.38850710151792,0.10002162626506773,78.57837757820806,24.973444507404533
immediately,68.14630695744263,21.934345001389858,38.63644543766399,44.59647572418349,16.632097586414375,0.1000003671229716,18.628592686948675,14.917597788905963,15.826609136999002,66.5815293125857
immense,0.10001956004712752,51.607671580044304,12.208359680235858,26.17090762091303,0.9321305719191606,0.10000005845112743,88.3138440803879,24.545997896355583,46.49240581833053,3.5286631329812623
immerse,0.10001766593009764,2.3858001438618004,3.7330701742393004,15.048882342570531,0.10004979905453959,0.10000002617385628,4.013348078427123,6.39071460739447,15.028091546315874,0.10002561567746096
immigrant,0.10004674084525111,24.876539615091286,0.1000083796239002,0.10001373642989492,0.10000471266007088,0.10000005168590344,0.10002498101119432,0.10000927536120816,14.323348619462982,0.10000388760512958
immoral,0.10001496032028506,8.771323093689409,41.309684432811885,0.10001249957233582,3.776125559060303,0.10000008243764975,0.10002158550659007,0.10000704566861952,0.10002554873560235,3.5427851919339326
immortal,0.10003104786360821,3.9743256193603123,11.886061359962065,0.10019137176867467,16.001754082719007,0.10000002827502875,41.00785127871474,62.478171886315586,0.10000938166519846,1.2516039430378052
immortality,0.10000489066210008,0.1000311657739512,15.572447262276429,11.672485865570387,3.426665311638187,0.10000003104520688,0.10003398025277563,13.728312031844233,0.10000489976163694,0.100014560906473
immune,0.1000311193537914,0.1000213781658331,7.246999985383395,0.10000525723647963,7.338947961870125,17.471514004823543,0.10004348961914099,4.278752166653279,0.12544461657467132,2.1382400199414047
immunity,0.10000393343625535,0.10001122427807763,0.10003892717313959,0.10001249094943654,11.784467482067779,0.10000006459640716,0.10004003786179873,0.10003409928057659,2.776724331151047,25.738667408893658
immutable,0.10001271985738888,0.10001033937926991,35.71463040517659,6.069293829471795,1.2895677112317943,0.10000005983035502,0.10002339847717745,0.10002007707608163,0.10002783242810173,3.3264136267819073
impact,0.10003052788042788,47.767441249370755,0.10002049129860194,1.4330701257306349,0.10001789959646401,0.10000007209197395,0.1000079355370644,0.10000250684856951,19.099407647014843,0.10000154439733537
impart,25.976328528382492,1.0090135992522073,15.215769215230305,0.10002259063591336,17.688212294739554,0.10000003691379997,223.46433375431147,27.25552419790398,24.573224989252452,5.617570793044505
impartiamo,0.10000000000130954,0.1000000000007132,0.10000000000076786,0.10000000000054284,0.10000000000158941,37.099999999966464,0.10000000000045338,0.10000000000103534,0.10000000000047407,0.10000000000066624
impede,21.502907018366088,17.44611746999865,23.624335617377753,0.10002390238465401,2.4734571204752394,0.10000003258429829,0.10003989660538147,6.474649802051691,4.20618048401849,43.97228865578055
impediment,18.282727831981454,0.10000623776845362,2.9055403450149644,0.100024007125295,21.429666865271685,0.10000003839430653,0.10002882231266554,0.1000202141598198,1.3158308257934868,56.56615481186414
impel,3.9960799978705714,21.18576183614356,9.96636881584068,1.4141312008767277,0.10003647222684577,0.10000013693705474,35.112695247061794,21.094875454309538,33.93001644535809,0.10003439302314363
imperative,0.10000875186013267,29.832925573876455,10.981444625040314,4.301571538707535,0.10000856252163405,0.1000000554047993,0.10003464686145232,0.10003785696354119,11.444552433535005,4.939415954891115
imperfect,0.1000101140195889,3.6453847225911993,34.09746249730096,4.748604893763129,1.323223043380107,0.10000002109431796,0.10002390433224648,0.10000730327364335,9.469372340789691,3.3159111591449286
imperial,4.818659714088596,0.10003507356373788,0.10002313769568912,0.10006750321003426,0.10005110160219093,0.10000001541089112,0.10002798594429987,0.10004437636935216,0.10003080920032353,64.3810602824942
impiety,0.10000784905512763,0.10000341723550266,0.10001723480256307,0.10001760102400382,0.10003372582642969,0.10000002928136666,39.5261923726213,0.10001313511540794,0.10000550870228402,34.67370912613824
impious,0.10000621664164097,0.1000023186405066,0.10001910976789785,0.10000480602948995,3.5050880488834464,0.10000004083221244,93.53945838456639,0.10001921346234822,0.1000003254984647,58.2554015355071
implant,0.1000123443594992,8.13524050153457,9.424836546912418,0.10001713147147648,19.896557060081445,0.10000003067871104,0.10003775989508379,0.3215007135921208,4.298484628697335,0.52331328240352
implement,12.427710595347397,18.07783784913047,0.10001508787038418,8.85039026566801,0.10000698152894957,0.10000001000105212,0.10001461940066643,0.10001701460408224,15.988805030681268,3.155202545491035
implication,1.2297548214652967,12.302510012499143,10.800588755846372,3.3883663449690595,0.10000828606616857,0.10000011459489909,0.10000950636284417,0.10002935074672281,36.77869897427486,0.10003383287015502
implies,0.10001028856785009,10.475728404634895,10.468105399746918,6.003224843923101,0.10004182838929798,0.10000004382710459,0.10002112843140065,0.10000935746322716,9.452855946262165,0.10000275848626661
implore,0.9075075908725022,0.10001714948766975,0.10002044247651837,51.06664402339019,0.1000348067834666,0.10000005906355498,140.78700325655623,46.03873750826771,0.10002206994387323,8.700013092847499
imply,5.750724240464033,25.746630861324746,40.529532234754825,10.496252881741809,2.475320166935384,0.1000000729960031,0.1000120694626728,0.10001897765544998,45.99407393748939,8.707434556875203
importance,32.59297761772379,76.92278539035534,148.75719820068642,66.08032624171008,22.834969474254162,0.10000006342272512,112.47480958026682,24.370976170398063,313.7207042995249,13.145252961320534
important,62.809132188603286,233.0772758435795,91.49290111029947,166.96796826403283,18.301883340683062,0.10000005161494988,184.69209461196442,11.980789274843705,343.5473196810869,34.03063563295459
impose,24.169921705645233,111.59964185133828,113.19733521503335,1.8558007824707947,7.70300904846306,2.5318056387241414,46.477884155542334,0.10256162802584466,17.138364393254246,145.2236755811326
imposition,34.391860037449106,12.243613127917087,3.2147243093859093,1.7640789907034367,0.9136106027481328,0.10000005997420001,0.10002875188317467,0.10001653215372767,0.10002229603261882,23.072045291412564
impossible,12.589366260141169,40.99006672617844,106.41701442801072,41.74385614773672,31.544235875039295,0.10001037522077452,34.112949430752735,15.121745919936112,8.974552560087231,19.4062022765468
impress,0.10004106599498687,0.10002089975087743,0.711400913628724,1.211313257048595,12.834427166811718,0.1000000310914462,41.249829156308685,4.745863521095525,8.059571207159081,5.887532780741226
impression,8.316096264738716,17.171557386786407,18.091690825420773,0.10002581075894733,1.4301928364987555,0.10000004912449198,0.10002057999015601,0.1000258149552124,2.120718177887134,1.4696722534981899
imprint,0.10002283735131119,7.108728709676857,15.417417908247668,10.170839983755094,0.10003712536118486,0.10000006461197604,0.10004112123548442,8.734691065896042,0.10003491444059352,3.068186269044629
improve,5.228349183266838,49.62882940625797,0.10001934253725113,0.10001965947600583,0.10001274674941917,0.10000005599877786,30.382255930851354,0.10002689053617274,15.615662629276017,0.6448241547385625
improvement,0.1000618718376977,32.62584309038973,9.526793654229309,0.10001932211151375,0.10003005802616588,0.10000052636324615,20.611890348134356,0.6353031155512847,0.10002123358314441,0.1000367794234102
impulse,0.10000940971158803,14.663728003681282,50.75216678905488,11.05044836120077,5.294608960271474,0.10000003048799158,13.069264325194103,26.485590060113605,34.384152012892784,0.10003204706223856
impunity,0.10000340896934862,12.331518757700353,2.797857117324506,0.10001678444693472,25.17051135122721,0.10000002275505476,0.10003999965103,0.10002046387770808,0.10001668271538783,0.10001541106711218
inadequate,0.10002946606555278,35.056768043201544,5.9308427411751925,0.10002563629784099,0.10001735214474454,0.10000008794226574,9.46626637759579,0.10003605221605255,8.946003284001142,0.1000109590500511
inalienable,1.2240936595223,46.89046820034639,18.18525117578492,0.10002377167134885,0.1000503972516373,0.10000041461046005,0.10003799916914685,0.1000368503237653,0.10002911862667307,0.10000841235300666
inasmuch,0.10002051130460105,29.380879836375343,54.70750796853657,17.519073103313776,38.166734413176115,0.10000007636751311,10.611567368928343,27.583174999126737,38.73866302321342,29.092378699325767
inaugurate,0.22561198178011688,3.890577223925299,0.10003144710543295,14.251053822941564,0.10004399850645368,0.10000003100774582,0.1016042586293266,0.10006289667446845,17.099314104378546,2.0317002346236785
incapable,0.11913397488583927,26.67346756206345,29.5702408679138,31.638573402533865,3.353332736632301,0.10000008738143101,0.10002925528660835,0.10002984078232918,3.3292350829267408,16.015957189247604
incarnate,0.10001687410570033,6.492891396635002,9.464688361303889,85.04089444515478,0.10001003946197554,0.10000003669110975,0.10002289500243937,51.180295060618036,64.15659068827232,3.2645902024428626
incarnation,0.10001457692017814,2.4413632680895265,0.10002018310149591,206.91677811094337,0.10005137995844036,0.10000005729396731,0.10002061050356333,54.036016358312054,60.18385926899415,14.921876185571374
incentive,1.985170440247572,13.767375306371353,3.7995430559216192,5.902073741452874,0.1000314297405031,0.10000000758825403,22.308102743320504,6.787902388964884,20.47300277055486,2.776798115479171
incite,0.10001007585309622,2.6789045174271395,1.5814915148317756,0.10001516082812939,0.10003212920341172,0.10000007937995496,44.03950030060945,0.10002316009351202,0.10000999889013065,0.10001306263168439
inclination,3.0628841777141655,6.487948076861863,33.22668650927868,7.401355250127467,13.04634515797927,0.10000003489642244,0.10003336414166311,5.771162583489705,8.505366549093132,2.298218296054066
incline,0.10000921266094728,2.4606834315921087,17.24539901791162,6.295268976331765,0.10004381594632522,0.1000000914816117,30.62750271931423,0.10002244938999041,0.10002642873954345,5.871043856302662
include,78.3675166575942,184.72313349460234,44.26334877040466,118.16903258837601,0.10003042770655626,0.10000005818393914,0.10002479673178837,15.961904902293924,182.05301097203667,155.16199733174128
income,0.10002506635030216,27.42125252545646,0.1000214116456464,0.10001186341542095,0.10002617877276088,0.10000001039053448,3.903852916707697,0.10001276468398901,0.1000149778032599,38.97478228451509
incomparable,0.10001586720678095,0.10003270965172906,14.367438792833022,30.53965260514951,0.10002555714005977,0.10000011713697869,2.1549464731289465,5.5185339372690505,8.919332812004141,0.1000211281489103
incompatible,3.0900406092120707,6.342555097773188,28.924642113991123,0.1000312823638548,0.10002097030420436,0.10000004730692812,0.10001420242019828,0.10002747989672169,9.87759810361463,2.2650700928004865
incomplete,0.10002462373407187,12.91391913620958,8.695599007706447,0.6355458369904571,0.10003244477336869,0.10000010584847423,0.10004031908459987,0.10004366557092619,16.4373293975505,2.817465462145913
inconvenience,4.482662709034822,1.5001006841134061,6.9928594404024365,0.10002040478538003,2.715226627998816,0.10000000704705928,21.16112759080086,0.10002133596883611,0.10001319881217406,8.747968000731388
incorporate,7.138292197003482,16.27169977515391,0.10001722952735827,0.10002570589260085,0.10002716123478507,0.10000001371554426,0.10001985484456782,6.142098469615666,45.83889871759327,7.108920875118423
increase,10.956886041270508,229.62089730939567,47.8567977173686,17.379816268061887,22.225396738523713,0.1000000258215501,420.3144191222094,108.05754890319527,96.11311057950991,68.37512729430678
increased,0.1000447351979977,18.08671392632503,0.1000293406335609,0.10003305877638542,0.10004466956184682,0.10000004724621558,14.624578956724076,5.943499705915418,6.356959810719715,0.48809574848108905
increasingly,0.10003194296635816,79.2516224812664,7.837695620688584,22.46814127422743,0.10001062464377318,0.10000002967218936,0.10003722924582412,2.7489645919534182,66.19346127780699,0.10003492717480118
incredible,0.1000714967451334,1.9930860072839072,0.10002906607058402,0.10005958039363494,3.7761485622533257,0.1000000311339778,29.183464268911543,2.4471063734284773,0.10001199419306686,0.10002261920219169
inculcate,0.10005735919381413,1.5441793591586161,23.972388057610498,0.10002282904984161,10.262192761113246,0.1000000944605036,47.21450753764644,0.10002712913331512,4.506589524583416,0.10003534768508746
inculturation,0.10000852413364111,0.1000115953441602,0.10003270060888016,0.10001670646983199,0.10000091381170752,0.10000043228897952,0.100001650269707,0.10000155981434,164.09992507029588,0.1000008468152124
incumbent,6.53618415616966,5.060108277793156,23.023651038193936,0.10002208215692948,4.224463862148531,0.10000005135079117,0.10002757193482405,0.10001820319691246,11.659781957075928,9.095742799659103
incur,0.10001703114558919,6.678267369680287,3.034720130179098,0.10001252375392175,0.1000238833212852,0.10000000871430503,0.10003753317345516,3.1742937762646397,0.10003060420351634,211.51259713924054
indeed,12.068433279368842,117.69976285432406,194.4248714780619,157.47417420412737,262.26595760196216,0.10000037969972274,438.5859146014196,132.14786911997302,253.19892369199553,311.0340927887317
independence,2.9728510768012426,24.680742364426635,14.870991146314175,0.1000486479368227,3.5023421638324006,0.10000003576653235,26.47296704576056,0.10000639411904004,0.100037376154007,0.10001374854169348
independent,4.261736052057289,18.24074935172768,48.33762477140797,8.9264786775069,11.733291490264731,0.1000000187230228,0.1000400411879453,0.10002703989249935,0.10003458488900044,0.10001797198953888
independently,0.10001282771307038,8.937943498358688,14.612881528536997,20.73035086037808,0.10002087954194802,0.1000000136577624,0.10001116026819436,0.10003096514209855,0.1000313811445186,1.118716884947792
index,0.10004184140038785,2.4079079552853426,0.10002921647009057,0.10001275484557606,0.10003355068798396,1.1066249116517872,0.10003946026876993,4.909467017876227,7.77300106679377,18.30284222433105
india,1.5859082681807581,14.117610031302739,1.291295591646692,0.10002818113310011,0.10000119299161872,0.10000001269107789,13.027749088809196,0.10000729100128228,7.47738615841745,0.10001418352227774
indicate,66.41898704185816,38.78247119361118,59.32637427879725,105.7053745482659,0.10002799759225686,17.126871602448045,18.009091803587065,31.795090951505145,67.01852409716439,22.717186484805772
indication,9.532460777725456,5.538869575326535,25.8106320079662,16.466575755218596,16.704985769483688,0.10000009266786714,4.513994943473078,5.367258190758148,21.439995864947797,0.5252270220571458
indifference,0.10001579937174082,47.20543498127045,7.995579289591934,19.067568341163895,2.9631793633639942,0.10000019924295374,22.652698840782463,0.10001997671694587,19.715488056529974,0.10001515165972806
indifferent,1.0929723682626686,15.248370865319412,22.885109029597206,10.209922385786633,1.6119347120450034,0.10000005235629596,0.10003663921373579,0.10004567424564086,16.551597364965534,0.10001090784835141
indigenous,0.10001808803565082,13.597757517758566,0.10000325822822462,0.10000801815744452,0.10001481969128354,0.10000001003854776,4.787202425163168,0.10000296733144727,16.914972302728188,0.10002059264139282
indignation,0.10002041369410399,3.596733579523108,2.809914924535919,2.4224287017818638,0.10001246359086727,0.8886525352540491,0.10004284186820826,3.0886258812384764,0.10001365748474908,25.79355500064567
indirect,0.10001869611444146,25.930742765764712,7.964835513036865,4.591619004526644,0.10002937635496764,0.10000018166124958,0.10000830312777247,0.10002530313119339,0.10003612347723785,1.9126847324937997
indirectly,22.25396244674462,13.53249884309332,0.10004082619362602,31.267488316390846,0.10002462415306179,0.10000002439088303,0.10001231016523342,0.10001643675082322,0.10001625575664726,26.345939916083434
indispensable,0.9106585865818583,52.87219453180887,41.842869174711986,38.81236022226963,0.12067091433361009,0.10000005650257628,0.10003447202294147,0.10004000431558191,95.04115356993609,0.10001846715243846
indissolubility,0.8351942167961787,0.10000633195053733,0.10000640720121423,0.10002156331161506,35.79107916827924,0.1000000000008259,0.10001042190772937,0.10003238435604349,5.683361544020409,1.0902879619118742
indissoluble,0.10000873236272385,0.10002287227902239,4.886065827016261,7.349224428383501,21.071878737053943,0.1000000158649892,0.10001905805613678,10.81117336118565,5.381575316544895,0.10003165094883737
individual,124.25367359090878,682.2072186438457,332.64303449713935,299.02393296121613,109.73682619061776,0.10000029836033635,20.61157814679909,50.397793187130766,376.5840948251896,82.44184765845714
individualism,0.10000364532019919,32.81013147961312,0.10001272768099925,11.54987734341246,0.10001422007956921,0.10000004035053073,0.10000449814844357,0.10000491840541752,8.939950797247521,0.10000032955734674
individually,10.09998555313788,5.317631170971508,3.143031146543542,1.7594555646819205,0.10004922693604854,0.10000005288850115,25.07147459966264,7.529913037835537,24.96434755841184,30.914112088560792
indivisible,0.10002152282581454,4.527680854956147,2.932071601168429,16.099790980087757,3.3875386584084395,0.10000003323230054,0.10004028799817426,0.10004366393735248,11.549718280143237,6.103094116862807
induce,0.10002157396173136,4.871270092923295,1.5443940372867264,0.1000069551905609,12.442291516082046,8.49307966851477,28.72532784876186,6.370207256278321,0.10000613901146792,25.25339491170965
indulgence,0.10002755742822693,0.10001500751323263,0.10002361657440932,0.3512529922946095,0.10002321044075223,0.10000006037522273,34.15260172412678,257.66746050767813,0.10000374174031501,80.22859158152839
indulgenza,0.1000000000004359,0.10000000000023741,0.1000000000002556,0.1000000000001807,0.10000000000052907,119.09999999997169,0.10000000000015093,0.10000000000034465,0.10000000000015781,0.10000000000022177
indulgenze,0.10000000000026399,0.10000000000014378,0.1000000000001548,0.10000000000010943,0.10000000000032042,90.09999999997265,0.1000000000000914,0.10000000000020871,0.10000000000009557,0.10000000000013431
indulto,0.10007105399807219,0.10000000000140784,0.10000000000151592,0.10000000000107151,0.10000474592858899,41.09991765602535,0.10000218068989723,0.10000236644890588,0.10000199681729105,0.10000000000131536
industrial,0.10000397428341105,63.590134853202564,0.10002888535941627,0.10001692851223935,0.10001388646121566,0.10000000484777506,0.10000476566668931,0.10000489758946739,2.6097912840200177,0.10000051986880201
industry,0.10002983328207493,78.7558524201397,2.922475855800101,0.1000051991829202,21.09781441285962,0.10000002146421617,56.62377884599429,0.10001151427496338,0.10000524784564227,0.10002664892792416
ineffable,0.10000716368161087,0.1000152589282242,4.313526467033062,20.536620885727665,0.1000416644416034,0.10000003588773985,0.10003249853707448,26.495214610658415,10.435827025416222,13.718714389368467
inequality,0.28278191302362016,55.7521134277771,0.10001758167579247,0.10002986094664398,3.0236865203957684,0.10000000479744482,7.504405751263792,0.10004062020018585,0.10006155899253184,0.9368627605043016
inestimable,0.10000815910618839,0.10002429167945985,8.917631119419775,0.9095754366556174,0.10002503600507294,0.10000148768266123,8.70559181098349,9.87023574877405,10.096902483258008,0.10000442613424437
inevitable,0.100037473586005,22.066174931622974,15.611221500523182,9.622367256641922,0.10002922753799062,0.10000001751855941,0.10004866668485794,0.10003602938774224,0.10006516549713312,0.10001973061811044
inevitably,0.10001214342127403,41.7630800301422,13.109611926786153,14.058627076346621,0.10002450782452593,0.10000014337865629,0.10003396831704296,0.10002332510553646,8.468578652658206,0.100008225719786
inexhaustible,0.1000125157907136,8.696648388307283,14.774737902206482,29.126639163723453,7.058876231261386,0.10000004761044518,0.10002432318868912,23.311062399230238,8.631996150681978,0.10000287771470684
infallible,0.1000393432212263,0.10038579380182165,16.567401061076602,0.10004215699401456,8.622335414008344,0.10000015070524602,20.290597043014685,7.842223566964283,0.10001717839178184,0.1769582914367916
infancy,0.10000449744358653,1.0885154250620808,0.10001802085293501,12.317821311627018,0.10002527720826844,0.1000000022991762,1.0284879663327877,6.395233018617359,15.66988035191719,0.10001412831981836
infant,11.026382873472045,8.167768727705603,0.10002298246452614,5.546705295963015,3.44019397372342,0.1000000384719059,14.25263600800884,13.449215953408425,12.2022739743553,3.7148001720831174
infatti,0.10000000000060713,0.10000000000033064,0.100000000000356,0.10000000000025167,0.1000000000007369,168.09999999997072,0.1000000000002102,0.10000000000048001,0.10000000000021977,0.10000000000030888
infect,0.10001451819815006,0.10001556603394664,2.2980028879397456,0.10001675486859221,0.10001952527902401,0.10000001153594072,39.553025753300815,1.9616348264195063,0.1000061973547929,14.587263958819964
inferior,0.10001630279558522,0.10003390176616167,23.288271445206103,0.10000890695994406,0.10003128731162433,0.1000000279765189,28.862795156226383,5.8334436301219705,0.10002912988516309,8.41537021144818
infidel,8.175142418425784,0.10003636437837263,0.10008212830162518,0.10000888699363988,0.10011802443469596,0.10000019536640765,0.10009237640639211,0.10003220069843075,0.1000154447394876,69.02447195973815
infine,0.10000000000047854,0.10000000000026059,0.10000000000028057,0.10000000000019835,0.10000000000058076,85.09999999997143,0.10000000000016566,0.10000000000037831,0.10000000000017321,0.10000000000024344
infinite,0.10000769181684842,24.727663090551484,27.213448867198107,73.54826635291305,2.853232235318234,4.106768340754317,17.373297038052,103.87726922783064,0.10002232507199739,0.10002483016333391
infinitely,0.10000762332208589,2.9222396212885027,10.684825563201601,24.413380614055516,0.1000316363958353,0.10000006688182403,0.3794187164090663,0.10007394939864926,0.10001901985450498,0.10000318885748821
infirm,2.751670269010281,6.834341345394781,0.10000947126920479,0.10001802737240105,0.10002068428281594,0.10000008506831172,5.658273719615041,2.333350021509448,0.10003195537270289,36.92228442079843
infirmity,0.11689592232724064,0.10001854169735476,5.603449530026697,2.1354235811308437,0.10002431298879232,0.1000011508614599,4.381739620216846,22.284664578695732,3.2927387786308624,14.885043983070293
inflame,0.10003091189880961,0.10001443448104547,0.10001935678126524,2.500392069638944,0.10002954006478527,0.10000011781862943,69.47520571691386,0.1000580029706589,0.10005497230758717,2.3241948767353944
inflict,0.10001982325914482,12.411752610898558,1.7832958288335208,24.196774315272577,13.510824425947584,0.10000010848804781,41.29173531791671,0.10002794256926276,0.10002522178698492,50.40554440470755
influence,6.727188855383222,74.15671683506237,190.50087773725707,36.462499214470405,14.440641492550364,0.10000005171202207,134.92370266970485,19.48466147565949,103.69937270687232,14.504338960989651
inform,59.15944254271415,12.287478981523808,0.1000382734308611,0.10001931885995559,3.0589825260517194,0.10000067293521384,17.881681995163692,0.10002163053283072,9.377980053771978,48.834354004685586
information,23.18550387244174,62.97486385152263,19.51910266159856,0.10001750595304651,0.10002449538207951,0.10000002076584286,0.1000190961286763,0.10001410951353032,18.249191684495475,18.57126270191601
infrequently,0.10001533125914375,2.1457048867180544,31.151461397710715,0.10002295751129796,17.869212543946006,0.10000000000170907,0.1955928338607571,0.10003238030824808,16.137954420477733,0.10000324791353095
infringe,0.10002204465314334,4.150172005693495,0.100019096842163,0.10000882882936524,0.10003602302091526,0.10000018018339753,0.10004100860316688,0.10001242995623243,0.10002036593308576,44.049668016003594
infuse,0.10001192114326979,2.978930405615433,12.631516287374286,8.537808180409911,4.282114520613367,0.10000191905061695,0.10002130902214339,6.927535208886542,8.149073290583447,2.1929869569684373
inhabitant,0.10003902874771982,10.977570367023333,0.10000816882504737,3.9844653999328528,0.10001276986710485,0.10000005437190397,31.68827314773758,0.10001283207579079,0.10002411704840995,15.749594114078961
inherent,0.10001829705019977,32.042148976102396,12.313435398767583,11.722794220902312,21.79042051159424,0.10000002139211758,0.10002315285928252,0.10002759228246857,30.63112766534177,0.10000416342513868
inherit,0.10001537010904622,9.96806274239629,19.099686993180093,22.223857823658115,5.029054826292715,0.10000015829497709,0.10003744114805957,0.10003626620721898,1.3322113895309546,4.947036988822282
inheritance,0.10004138140001577,9.800256515283321,0.10004245268180803,72.8372421777828,0.10004016862750566,0.10000004279432065,53.49085383131441,0.10002333884817256,2.2866083912316144,24.084891699680504
inhuman,0.1000251910087427,21.35989390488363,8.36783877883877,0.1000469349947475,10.922797559275434,0.10000014559784841,0.10012091878726675,0.1000340524709375,7.373635984820136,2.4756065287745153
iniquity,0.10001101838414693,0.1000194855237024,7.641853596192179,22.9350674350647,0.10003326989851426,0.10000005303831766,20.34006016900927,4.928249274225849,0.10000564619064764,27.654700052199683
initial,1.0297281589838891,23.070193964671088,0.1000450365043694,7.309651146764887,0.10002490314949358,0.10000025267813585,0.10001486133000362,0.10000535755681392,65.80051569967652,1.289820618365799
initiate,0.10003686955699338,8.441564128618753,0.10217468725764199,3.222551240234052,5.0224312658722345,0.10000010823290673,17.95275061602645,0.10003458220965515,35.009329034414534,6.949127467193448
initiation,4.889852538010939,0.10000439161700297,2.8485341499413734,0.1000054023201077,0.10001532332978236,0.1000000068968501,0.1000131421561928,0.1000061657234197,141.56154530984648,0.10002356995546846
initiative,12.656658929953421,114.10311348421993,23.974834670974428,15.364052428334332,5.823362540542344,0.10000006863637141,0.10002857115108224,0.10003030606876172,151.51710008110956,6.260818918670409
injure,0.10005479050448929,3.8151914753995313,20.467661851066122,0.10000720097431855,0.10009438621847616,0.10000008123623846,0.10007261665567968,6.9023671655207535,0.10001240726037482,20.21453802475133
injurious,2.305683343728577,0.1000116577690997,11.53207442319953,0.10003020069948625,26.615314328628408,0.10000000491909228,0.100031536974301,0.10004904008839262,0.10006012728769026,2.9467453363072296
injury,0.10007616354491851,4.724073379021987,1.4614174627628445,7.202528252588417,0.10005111802935474,0.10000011970817717,86.63794627826113,0.10004013692912347,0.10001548320759661,41.473851605582965
injustice,0.10001138357495482,132.60466945469452,10.196041993620975,0.10002664005182757,37.61062376042192,0.10000008730324897,18.497116640321565,0.1000104374599397,21.803742663377992,12.887756938870272
inmost,0.10001011244106374,0.10001203829461329,0.10002318273140899,39.183665520327146,6.316489632075181,0.10000005556177918,3.8503289636774167,0.10001848472244032,2.0494485099658624,0.10000349993517356
innate,0.10001513415718692,15.113548065601183,4.618161585539775,0.10002247791008623,9.62597153353258,0.10000008315668914,0.10004238676679855,0.9983974858611834,7.143827138792525,0.10001410834154162
inner,11.126081059628916,8.734984095500666,15.9730160834842,98.9445472822755,6.024940009824481,0.10000005050248212,5.895254797232666,7.497388813562444,45.88819313364299,3.8155946739942745
innermost,0.10001167417427664,0.10003238932079796,5.694545204210218,6.148236841603666,7.271924486756922,0.10000000407590463,0.10003059199990182,2.803553410929418,14.581641545433657,0.10002385116322947
innocence,0.10001813251542649,0.984258249290396,5.264862481251381,0.10004080126773804,0.10002952011099933,0.10000001603084543,25.695182397324036,42.82593346504212,0.10003715626634727,3.7296377805124434
innocent,14.31723213619513,28.740435191510063,0.7064072324914991,50.092202202712365,30.891859142166837,0.2619329769119815,62.57695763374992,16.704610155901094,0.10002091598525355,98.60834241201253
innovation,20.69084478110132,7.192705146687015,13.32090898033395,9.435093988548577,0.10004206533642644,0.10000007249295846,0.10004579166368395,0.10003152675397343,0.10000656036293802,9.860321086379821
innumerable,0.10002457126074278,4.495991095858695,1.314948079917895,2.183590505189945,0.42890360552767803,0.10000005855239827,66.90369744227345,14.015185645269579,2.707493274100494,6.75016572168527
inoltre,0.10000000000060877,0.10000000000033156,0.10000000000035697,0.10000000000025236,0.10000000000073891,124.09999999997072,0.10000000000021078,0.10000000000048131,0.10000000000022038,0.10000000000030973
inquire,6.951530199038799,0.10002792404782004,9.878651763968469,0.10002603768875701,12.863134962694136,0.10000019115249277,0.1000262468002823,4.1222230518668965,0.10002234764427863,32.684357274784844
inquiry,12.770806019387257,0.10001120326157072,5.845107898929685,0.10001344441187895,2.3181610782971727,0.10000022316179467,0.10001812130449171,0.10001681551736273,9.46478292002357,45.101082275442685
inquisitor,0.10001126193931281,0.10000002276700182,0.10000513130585734,0.10000115574044688,0.10000173952190934,0.10000000465626105,0.10000153881527232,0.10000426176508041,0.10000000295562003,46.099974880470086
inscribe,0.10002302505428487,14.965018297932891,9.817656366554885,41.384312282857216,0.10002804377239521,0.10000095573506503,0.10003209040573008,11.708880501451393,0.10002691130641128,11.624021524594411
inscrutable,0.10002872100221194,0.1000429370411404,0.10002034500294311,26.06115934576378,0.1000101925656201,0.10000014535524761,9.805833330227566,6.379660919187915,0.10001019385774687,2.1532338696896436
insegnamenti,0.10001342087733095,0.10000939245738484,0.1000135537922562,30.09496303939127,0.10000950629213604,7.4587981975578,0.10000179219034915,0.10000845151079414,34.74618250415538,0.1000001415897234
inseparable,0.10001914837437854,16.78033828838957,0.7663647866719253,48.09288519208201,0.22363167325673805,0.10000007215668678,4.356150210896296,0.10002780318834033,9.380572711280676,0.10001011338294356
insert,9.740305184724672,0.10000904970212174,7.14429403595744,0.10002491594337387,0.10001594574728571,0.1000000561511843,0.10001626287125383,14.70460289282169,17.466166521792996,35.44456513401419
insieme,0.10000000000060653,0.10000000000033032,0.10000000000035565,0.10000000000025143,0.10000000000073622,37.09999999997052,0.10000000000021002,0.10000000000047957,0.10000000000021957,0.10000000000030859
insight,0.10002215968463146,11.077777179129912,17.93292668968306,34.137005776997135,0.10002632279597125,0.10000016829820679,0.10001943222766943,0.1000185446523719,19.070116605074638,0.2820871210830484
insist,11.03877345464751,32.375632849405534,35.47322458066118,5.373316123683438,20.53086404392897,0.1000000586960069,26.994022225770234,15.941092388804957,36.252069914192674,7.921004359866645
insistence,1.9021062525514765,7.005914565900927,22.42655917583767,0.10003785198947195,0.10003063758538516,0.10000004418756311,6.486708861917661,0.1000437805171435,16.600033269775693,11.178565559361743
insistently,5.041356878276587,0.10002593683513246,0.10003434972987371,4.056000426968482,1.739799892878113,0.10000005518301879,12.959609438187991,0.10002651618149012,9.605061339732755,3.1980851656733833
insofar,19.866460074903394,20.683192269121516,23.854480919819824,32.04702140122678,0.1000167455692002,0.10000002101971196,0.10002241592767036,0.10001788430222557,14.116990238958424,28.031798028842925
inspiration,0.10003375420052926,22.032363444758566,72.04414113398103,9.589275224901511,32.82235168264673,0.10000005076807658,43.437108151643116,83.51438246439663,93.11902640917131,15.241317683192785
inspire,11.737185663138476,91.36392004131987,24.0374975692898,53.57269506961422,2.1987092325906765,0.10000004427499798,202.218519240208,2.6723503055031914,174.60379282712339,13.49533000659878
inspired,0.10001759463466015,0.10003767293623095,12.803340530451282,11.949273993496124,9.847023078824002,0.1000000596712893,4.516966613570765,14.946091091599452,0.10008955173527864,1.537159812717702
instance,11.619641723233325,21.619636461249176,53.197342830832625,0.10002902817506938,24.656299926019702,0.10000013207687067,9.721036167729284,28.02524002849643,4.565105400002588,24.395668301847213
instant,0.10000773704054906,4.294879254864921,4.981299303899965,0.10004802461150103,2.5727993144479653,0.10000012624208296,6.903809065534177,15.239664002041287,0.10000915750021962,2.6074840134842225
instead,5.967606599400352,93.29899208116628,52.50938936091422,43.63712973916426,9.077245837807197,0.10000090831398614,50.42815166384085,3.6849078092209546,20.687593115578693,10.608982884249933
instill,0.10001286254692576,1.5381428444380958,18.89156626799839,0.10002279823470264,5.892783718910726,0.10000003311940764,16.633670292368077,0.17073263444929118,8.473064444144372,0.10000410348421906
instinct,0.10001980359989852,7.280213429847407,34.8912382686866,7.258557719308305,23.597622843296353,0.10004203316367552,0.10003332750999429,6.472205044368543,0.10006392128924692,0.10000360856030678
institute,244.56186247650956,0.10001631503587476,6.900695521617281,0.10002491024072536,61.89003190363094,0.10000015670062776,50.015504777881674,69.62690228582527,373.2747664536049,46.43019519864196
institution,91.93798184019877,146.03731703256514,26.181868331346113,6.077249981540917,191.71066550435214,1.101543137157183,162.46214098378556,3.3469424856582624,134.41837416550462,22.725916537515214
institutional,0.10001576390792215,21.519592545167836,0.10001908841740896,0.10001740363729893,0.1000064354012599,0.10000003113674102,0.10000181102504882,0.10000216771106436,22.680344612334917,0.10000014109575323
instruct,38.53511555809454,0.9357731486306285,21.069560727725044,0.10003217016167672,34.668451728491746,6.735842629108567,122.93320780697013,3.2251355484561413,12.64837242608393,54.14850825590071
instruction,122.39772671309296,1.4008932200100386,129.1342472432704,0.10002578761439077,34.97540900907103,1.1260967778881577,111.07688542435544,2.231290700917813,136.57400449170748,33.983420631712576
instrument,25.009557454788553,96.11763773689076,32.669026165322805,12.968609171534386,7.3383237431936035,0.10000008903731387,35.43128044712319,18.56228148781245,119.44237647269648,9.360907231259233
insufficient,7.426628901629251,18.541275258085353,7.579464568858754,0.10001284565287547,12.285271701286856,0.10000008780711259,0.10003526847404572,0.10001418785075529,7.766316065230643,8.00098111480932
insult,0.10001474277914493,0.1000349580954116,2.4664629685028956,11.244053418410918,0.1000259013719555,0.10000004339096634,49.67104645062853,0.1000250535769874,0.100001972183384,35.01833449078566
intact,15.059635240907012,0.1000109305323311,10.502103622057277,1.5634073987916968,11.415459774450392,0.10000005534930184,22.513727750807842,13.127841906632161,6.402204231120045,17.21560908902219
integral,5.932924480392874,130.3624162685662,0.38891900443210403,10.530934352494112,0.10002977707009894,0.10000007106094148,0.10004291004120984,3.563770145998543,89.51141972182404,5.409543267745866
integrate,0.10000906815410433,28.32963783876361,1.530527785676458,3.3647877616290462,0.10000446038808679,0.10000010992274741,0.1000086501116914,0.10000953384127799,52.175014174238534,0.10000061704507142
integration,1.2300331246832836,31.522550486515694,0.10002474880981671,3.9456411128394833,0.10000943656280598,0.10000027467783178,0.10000802805085655,0.10000907737467463,16.70172285455927,0.10000085568982743
integrity,6.649480402140468,19.392625461020504,40.02606835964367,12.5573634489717,29.756323509598513,0.10000003910010069,99.21910007672834,16.095719582113663,39.29528989708252,16.908029223259316
intellect,0.10000402565669635,5.581180542666715,100.50967364233603,9.623757828060764,19.607478835682862,0.10000004540588765,0.10002380860223771,11.177829890325292,0.10001662663224581,0.1000347543380069
intellectual,0.10001637712826852,28.27025848565174,111.46309838894864,0.10002874988013857,0.10002255820108272,0.10000008870442847,12.399600874878347,0.10002042410511172,61.305594071979584,5.061359980204273
intelligence,0.10003313691907928,32.80255029087908,80.62352190886484,0.10002332034493765,1.0284236642821158,0.10000007692487395,0.10002650174824494,8.79775392567519,10.247652813972104,0.10001436008543205
intelligent,0.10001784907173582,12.017279679303819,14.247608928867075,0.10002027137818274,12.03437831844262,0.10000011332558528,0.10002065596378786,0.10062029151796056,0.1000311307384074,0.1000227611025939
intend,52.5445935056633,37.21815199453933,88.69992263080887,10.379781137512222,32.332664974174975,0.10000008135980441,9.789823026610197,10.8246763950265,65.88562670486928,70.22475954909419
intense,0.10002688291979488,9.854738685738846,3.3148857369087503,24.39620875036818,4.926027497693889,0.10000018009889086,12.36058153531791,33.59843138552502,42.64545055154266,2.703648793536728
intensely,0.1000516641936758,0.599467970807043,0.10001972392102533,8.980814647535993,0.10003549435372437,0.10000001374953027,13.850071680133889,0.10004069978862565,21.345494008268215,2.7240040968562593
intensity,0.10000763281051485,2.5115446911166437,5.614516006613469,22.53937791795419,0.10003693972383687,0.1000000605721027,9.296027553155403,0.10003450622307306,7.210703458510476,3.42775123297027
intent,0.10002623564559182,2.4649581325937255,0.2092454147143578,8.650831787443455,14.745520042774553,0.10000165367616806,35.219509627612474,0.10004372245792542,0.10002714924109855,14.309836233497908
intention,68.70696960617659,37.80630699133019,134.00585711699338,25.669179575481664,0.10003044527560823,0.10000683822164481,46.930251774682034,46.44807931446056,25.01766812758477,73.21565020944924
inter,30.554910112730738,0.10001001105783335,7.209759495686806,0.10004214025775277,0.10003016618434608,12.896876436492626,0.10001292652709975,0.10001246763269503,1.165853226667997,8.672493016439564
interaction,0.10000787119529116,18.06552805897492,0.10001705963945348,6.1743875521343705,0.10000785167469518,0.10000003695832942,0.10000222267476427,0.10000275719744169,11.060046227931265,0.10000036143533163
intercession,0.1000208796918521,4.190116395403488,0.10002323881545215,17.15826197838313,0.1000094505668229,0.10000005154197436,35.94572293584323,97.96183359976449,32.491755768132634,0.852255701523017
interdict,0.10000272404525337,0.10000045957296459,0.10000431977478974,0.1000004855089795,0.10000285197930033,0.1000000042537059,0.10000713032724591,0.10000399125442566,0.10000000000039869,103.09997803321593
interest,2.3243612790928996,282.00463970178936,188.85739876097222,0.10001752609841022,5.659116811739405,0.10000003907639911,209.6433677024257,3.1121454615151096,37.06359470886649,27.13535800810321
interested,7.385762215324955,12.067918823127869,12.469142976447491,0.10000975793482601,0.10001210857326158,0.10000007708226728,4.19335640112855,0.10002870916429511,8.622941204276277,7.860827726634047
interfere,0.1000341747002307,12.886553171543452,9.3880424078469,0.10002162148501809,18.366320233919797,0.10000002322653101,0.10004233909912917,0.10001845983773731,0.100054780987125,9.75891278696409
interior,6.757163830043601,18.13926074648148,51.14009152509842,174.041161086301,0.10002612678161911,0.10000003207204268,9.556063773873728,33.54611892516072,70.07869348869451,3.5414204651532124
internal,9.819354615627473,20.95081319591042,87.24901304589756,9.122892792068027,8.221268827187487,0.10000005060394951,0.100047612933161,0.10004283477428107,38.62632992705562,7.710237097553809
international,0.6641312195680632,384.7717140586238,22.77917057315136,2.8519429875408973,0.1000141579117491,0.1000000994033903,0.10001900362772069,0.10003046476030042,98.4329742988618,0.10000313627280849
interpersonal,0.10000095454133738,12.601037443475992,0.10001330111508941,35.2237852154128,0.10002493628283085,0.10000001352545805,0.1000008780555624,0.1000033008896254,7.475133753506234,0.10000020301510078
interpret,20.159339918373245,24.845063084819824,60.146019989769314,15.131778330486664,17.63786123163809,0.1000000824715192,0.10002551452774809,21.297458259650014,54.182758005888886,6.399695582042495
interpretation,13.448388880441833,12.658893477394392,79.2392255009864,12.474899235606562,60.58025296450839,0.10000011855350491,0.10002378045796699,7.823885560306631,36.03959316000833,22.534837321406098
interpreter,4.593232883931842,0.10002302506452257,14.866933348903597,0.10002595125282433,45.19413798206649,0.10000005746895196,14.197297981088196,0.1000379371084734,6.364971284875974,1.383339547890457
interreligious,0.10000302451619136,3.1494485724711705,0.10000059349656765,0.10001664784859021,0.10000011201466684,0.10000003320539236,0.1000029347262261,0.10000208671885494,48.050525657673205,0.10000033719252935
interval,8.897902189804816,0.10025963700728832,0.10010662343329166,0.10003011946448793,0.10037548250928474,0.10000002233657782,0.10009280187902624,0.10004880808779532,1.5915156099965613,39.80966870443246
intervene,7.339104576416202,43.346983583608605,16.889510686632033,3.767985772627296,0.10002521671160527,0.10000011879894932,0.10001425838152062,0.10001058412102781,0.10001760353856101,9.15634759889071
intervention,14.148134450829081,69.9164451620085,28.681278319115084,0.10002826735528299,0.10001787655479279,0.10000102572817199,0.10002595298987331,12.016170073000149,37.06147810132321,4.776420770770239
intimacy,0.10002295632262947,0.10003484677681379,7.954532108909946,20.20197578557664,8.695554781645468,0.10000003860197053,0.10002167806677575,8.452249704433122,16.195601740473677,0.10000635889611541
intimate,0.1000118088553777,6.14565827986593,53.74747277131747,93.62383440937892,21.372442261414584,0.10000003088764119,9.87099212505555,59.141663473032686,67.79789704198696,0.10002779788167267
intimately,2.4520118638234463,11.130900669433604,8.811497861766155,23.3084629815049,20.161394126776713,0.10000004639723399,6.354353792254347,39.329955528893905,33.2514181895517,0.10000493928618984
intolerable,0.10003814704256495,17.754979884781342,0.10002410246386811,6.542203131550638,7.207345866704299,0.10000004773428249,9.318446725422117,0.10002447011126098,0.1000356501848501,10.676901973654477
intrinsic,0.13146830007680432,34.76491903531339,26.967030267905297,0.10003364357917356,1.37411419877011,0.10000009868466245,0.10001213832660524,4.579546475627709,56.78286936309424,0.10000647834079836
intrinsically,0.8869168943929274,9.465555303706209,26.48498774996498,0.10004055298342567,8.229642025333689,0.10000005293361643,0.10000689174274688,0.10002792264220775,10.432820400811625,0.10000220521359486
introduce,49.550121122014104,21.877711154504915,43.46741043052695,32.994469683285686,19.664380872566735,1.1005349017654367,40.51896519838814,28.8128841565905,36.24171754759897,58.77180493237953
introduction,20.232811936777296,17.376294184894284,21.427050423533515,20.209862039527714,0.10001996172343952,0.10000018361526734,0.10001767958411674,0.10003072631110928,57.34527677124046,42.00863609248136
intrusi,0.10000000000097914,0.10000000000053319,0.10000000000057412,0.10000000000040585,0.10000000000118846,41.0999999999684,0.10000000000033898,0.10000000000077408,0.10000000000035443,0.10000000000049813
invade,0.1000068081556108,0.2392685018903613,2.9659476627069514,0.1000196224196033,0.10006478932668565,2.102683904945435,28.08054387441715,0.10001102271655989,0.10005237895132006,2.1114014340494123
invalid,2.453376609844063,0.10005571492097015,2.242356316724576,0.1000303344232888,0.10008176437085865,0.10000056920455286,4.155032397046283,0.10004279024338773,0.10007649928585335,47.54894700343888
invece,0.10000000000063207,0.10000000000034424,0.10000000000037063,0.100000000000262,0.10000000000076718,40.0999999999704,0.10000000000021884,0.10000000000049973,0.10000000000022882,0.1000000000003216
invent,0.6524783778770097,1.467347230392193,5.216187965511947,2.714949837883104,5.582896864263598,0.10000005947810595,11.418300231785096,0.10004609680688241,0.10001872178742384,16.647774613846796
invention,0.1000055499038678,0.10002808937497132,28.526750759559118,0.10001111986477149,3.9919952979385775,0.1000000263297503,13.025667321253477,0.1000303751132682,0.10000157900756752,2.8555098814096844
invest,3.9473831340708796,16.275642882073114,6.1080013428236395,0.6573417371725665,24.247874965304312,0.1000000822096543,12.709708193408398,0.10003213515897078,8.753991022122323,0.10002450531304925
investigate,22.813587875184762,0.8457753563634665,19.815316742441148,0.10003976126283372,8.028887449671831,0.10000008016847554,0.1000276314326259,3.5947515691306924,5.740975272578355,27.860638261383237
investigation,9.801589209102593,1.0801687831360638,57.41226826184328,0.10075364115581714,20.729286768648418,0.10000006771664172,0.10002157456705821,5.940116443913084,5.5761425828507925,25.159652666719886
invincible,0.10001901299990161,1.7793924801204468,15.918825487549901,0.10002488099536494,0.10002061771364291,0.44487563318515466,31.256794426719356,0.100026637061166,0.10000384827481239,0.10001697505262543
inviolable,0.1000192210017743,35.08317062446091,32.55515897662475,12.269728611639291,29.506423247007195,0.10000007629392459,0.10004595947968094,4.5811958826789905,0.10002616013585078,13.604231240318125
inviolate,0.10003455171103666,0.10000355627437338,0.10002072735983185,0.10000713694832852,9.294952890684339,1.1005995464698684,38.915599144122,5.452327678445789,0.10000252971928199,8.736452238012452
invisible,0.10002981642672965,5.639533153207099,7.95359255786329,52.86537886324003,0.10002169171638871,0.1000000607354225,0.10002185905854637,30.74618490156308,16.022895549292762,4.37234154657168
invitation,1.229837190304337,10.691495889165783,14.445547188438972,72.9892832369816,0.10002797081812873,0.10000004933447511,12.462201997249128,47.206611884535995,66.71620165801501,1.058792934797916
invite,4.285400359353835,52.498745923433184,2.704893548936146,109.3775079716476,0.10002212769061486,0.10000008579615728,45.28744215910888,41.547162847753114,150.72569670660286,21.373128269344114
invocation,0.10026390833786789,0.10003741640506217,0.10003223680402823,17.31739818239236,0.1000539927138164,0.10000010355592022,1.7911909929185288,12.060631306062461,6.463991234368249,6.866400626037264
invoke,4.782665708736789,7.219517637588001,19.334226265978362,33.313514355583756,0.10003590321297844,0.10000006958275785,44.75860757067106,56.72439861682248,16.295124982969632,19.37190888850826
involve,36.498848004159484,190.7763628500613,62.089174931331435,86.6177694866903,2.2581594036117103,0.1000000386918879,0.10002796586279,1.5841913364316031,258.2144524533312,56.76101352948867
involvement,0.10002084453575312,17.530145009322595,0.10001104204893524,0.39534783104611937,0.10000566750070373,0.10000001592159817,0.10000522204436145,0.10000414236545153,50.888035827387846,1.5864243975516492
ireland,0.10002846093770261,0.10002732079282463,0.10003213817307609,0.10000052166734753,0.10002184864197086,0.10000000001528503,0.10007907013342575,0.10000441292889611,0.10000057672779718,38.09980564967897
irenaeus,1.8446820927388647,0.10002827127846359,0.10002730967111927,37.077171774168065,5.680818252859314,0.10000003730403362,0.1000238245012441,10.278306970155862,5.618929627485386,0.10001183952957732
irreplaceable,0.10000491273790937,5.542955837676046,0.10001819710982378,12.762729543997832,0.10001949595559588,0.10000002012200782,0.10000894938471645,0.10001706931056746,42.99424563240869,0.100000341082533
isaiah,0.10000511806467018,0.10001360304441342,0.100009838796553,50.67530002911048,0.10000155474111123,0.1000000420472302,0.10000844204848847,0.10001059247775784,4.524585545991474,0.10006523342396555
island,0.10003407491062817,0.8195134047889668,0.10001798644212932,0.10002213507245737,0.1000176745601157,0.10000013573427625,24.30859071201344,0.10002260613234909,11.121504027289205,49.15027724274581
isolate,0.10000338259800806,17.124556432730184,6.296381959493026,0.10002296365751166,0.10009461601428024,0.10000001299849468,0.10004582539973897,0.10001259697054783,16.878871463302566,0.10001074649718666
isolated,0.10001366478985108,21.44571534472331,3.221223528968613,15.692996357026272,0.10002824315016538,0.10000003176287017,0.10002301121246697,0.10001464212376354,10.039978828446378,0.10000634752108606
isolation,0.10001984670110693,40.19762082477241,0.10002312579648164,4.511765965527882,0.10000234891173337,0.10000003210015507,0.10007233988605439,0.10005840831093338,7.590385007242563,0.10005210031087015
israel,0.10002976580204956,0.1000233699929782,6.827879613933213,206.39368604302766,6.979635730985015,2.104342872333222,0.10005188612437374,1.8275893436891117,6.494561067944071,19.07220030575497
issue,132.5382042080525,152.14951039548595,39.00836198166213,0.10002916389920795,0.10002496309328959,0.100000060174515,51.7698705056247,26.71099042414225,29.3725561022375,125.15045219529321
isthe,0.10000742580020791,14.648892256695515,0.10001618569642724,38.9450487916751,0.10000965442102958,0.1000000130797576,0.1000012981113666,0.10000647672275405,2.7060176556669897,0.1000002419474141
italian,30.57498651321007,0.10001768461685925,0.10002161689481794,2.3632798231015566,0.10001888624478673,0.10000006604585085,130.2279879219751,0.1000186098497383,0.10002236172080183,3.2336465160522856
italy,0.10003648980503742,8.065260736144563,0.36349604093773724,0.10001025430518218,0.1000155299507288,0.10000006468440138,304.7749376107566,0.10001330738951537,0.10001991403075772,23.196210051731573
iv,76.82613731700154,13.517748824100064,23.47449379417647,22.000451128675277,0.10002246091143427,40.21498893405424,15.425297255580528,89.92091605458869,56.30969682944406,118.21024740110778
ix,27.757653539417326,0.10001727939511659,24.850796325865794,11.241182632086906,0.1000276956904398,14.486050209960805,28.12257849946706,58.52158713782795,0.1000180270529584,25.720088652907503
jacob,0.10001301903139802,0.10001059374883448,0.10001732033596238,9.147927655376394,0.10001604315664077,0.10000019892134597,0.10002714400264134,17.38583257929567,0.10002268034578991,8.766132765520455
james,8.746121436679811,4.235602855364855,13.386108890112386,3.1338915248574466,1.2225788133242041,0.10000005653644102,0.10004398807272738,15.434703979816039,11.647650048619582,4.993298406230114
january,104.19049170706514,54.85028110183183,0.10002223263849132,7.289952480303868,0.10002446880505104,0.10000009076350065,0.10003070886752062,7.52442742906195,37.760835193908555,40.98393458642177
jerome,0.10002324061446584,0.1000056544379511,0.10001719074211045,0.10036893187486091,121.80965329918794,0.10000005083831426,0.10002754350260594,14.641966971961446,5.990746660298153,26.957190456263262
jerusalem,5.505159094908718,2.7714119154478456,0.10002025949464234,104.78505935513708,0.10002358182125097,0.10000024075677319,8.640190719833704,50.08683030889476,22.664022177853745,42.24728234552307
jesus,0.159148185614777,44.99659645441889,87.71701411900281,1872.901731623411,0.21484518235966024,0.10000390504612065,630.7274242890804,655.3543453126772,1419.198936454459,106.62995447359907
jew,0.10002705504981531,8.777387078235037,1.4433139772408727,26.546080456802247,6.978386389361825,0.10000002835550037,0.10003237795588882,4.175510195892371,17.114131312995937,117.66513112775843
jewish,6.853761687855374,9.849316447684432,0.10004048411602262,22.22285414438214,0.1000671696258349,0.1000000321104439,0.10002959067464406,4.020520011226944,15.608322648989672,13.04508778295622
jn,0.10000697925262168,7.835006824493568,0.10001099135330524,375.1535514577226,0.10000384040271804,0.10000072604143777,0.10000310478538643,0.10000905521421521,88.31140488748487,0.10000213307202872
job,0.10006369627094154,14.340169731674392,2.653940206560467,43.61970254203711,0.10002112767405547,0.10000005348041721,0.10003703652430877,0.10004245118812433,2.785992277314131,0.10003087688143326
john,111.519526035095,222.67697710466877,0.10002357171612064,396.08659945847626,0.10002294446082417,0.10000008610455347,57.963223124803896,159.4084932982654,452.53820499569196,178.50692938039523
join,31.162629019387374,24.156920886759455,0.10002148026555055,47.55175256418477,64.773254097675,0.10000006593831726,243.93023472094376,83.39530129520482,56.917786737183675,56.91209913212957
joint,10.930090943830747,8.430143494672805,7.8118578742646845,0.1000272373761092,14.660704526412315,0.10000001012042149,0.10004924595669341,11.079896291312595,29.291154693821223,2.4960756818518304
joseph,15.114942984652064,0.10002614006941729,0.10001856353914124,80.53347108341093,24.54417194209608,0.10000007631824007,0.10003508589278141,205.66064324456642,1.3821060756493608,9.364584803456628
journey,28.262490327206557,36.4861131428357,0.28330746982663263,224.29651892555654,0.10002476212273108,0.10000004333289142,21.26079456511548,27.99040839781903,133.29311416109903,43.92722820475523
joy,0.10008696768314737,23.157742517678916,0.10019456100189347,518.0420314926674,0.10005221658906638,0.10000007009730466,245.17991330509642,171.6452086365913,134.7548471082944,5.819923123979875
joyful,0.10001711688584139,9.392952895989813,0.10001823293441144,30.26587995519981,0.1000201032872901,0.10000006153349912,22.24322048565341,39.59227039009572,54.00561265059588,0.1000081075411706
joyfully,0.1000320341606871,4.298258905174658,0.10001631192442324,8.260565346612715,0.1000322103514787,0.10000001398983485,24.64209280183751,0.10002483181393756,28.198952623506123,0.10002492030838253
joyous,0.1000148208557577,0.1000238356831732,0.1000295625044212,5.115852016506619,0.10004271771469257,0.10000000244865591,7.706764170365867,17.277786832092385,5.618228867302625,2.7812571741839536
jubilee,0.10008479326484951,0.10001799907948186,0.1000063452785943,253.25971863617696,0.10000906036518892,0.10000004266396223,92.14566275929373,31.11564442455071,26.878833637139262,0.10002230187488698
judge,24.638826385131484,15.171436963087872,148.44909711874828,73.7293107002875,62.88660761504638,0.10000007921221189,0.10012148834625166,10.993234389954461,15.146124769703206,351.78524049014163
judgement,2.78551247704119,0.3702629991127341,10.269481585366533,27.353621140899847,0.10000480692382249,0.10000003824639106,0.10000600529630276,7.585856302859965,8.235230398173144,0.10002424578526868
judgment,46.724752559741866,9.216684136363138,218.70486635899303,78.21858139977479,105.85929263235283,0.10000004987456203,38.11760002926614,0.1000284813586536,0.10002490507342476,227.8581694468745
judicial,3.750054844424772,5.933303056286303,0.1000334642748258,0.10002523521714117,10.302483616414257,0.10000008824049247,0.10002548729381819,0.10003525039901677,0.10002839983273612,24.414010557284186
julius,0.10001349181936263,0.10000101897958494,0.10000370644715273,0.10000359340128513,0.10000227967007128,0.10000001058323676,0.10001279434689744,0.1000164747274995,0.10000031456187972,41.099946315361336
july,102.12620073731044,15.35327273022647,0.10002782541960308,11.789014812811832,0.1000198681928049,0.10000014530535331,1.224822534794245,16.820027481023367,10.353388488163505,42.03322537640437
june,99.99594507423433,86.91958209879186,0.10002053316689655,80.12328424809944,4.42610195684397,0.10000040758641504,11.245895623704582,9.592267359931471,31.357361864115756,39.13954083319309
juridical,28.52770657962431,72.03380606325244,10.361313368222065,0.10002315373603211,2.133280130586289,0.10000006675095201,0.10001991432257537,12.360095610938046,3.183738204937045,0.1000169073281652
jurisdiction,45.30986433095278,0.10001741929607415,18.314144336295374,0.10001533922442282,0.1000583416739255,0.10000007706676761,0.10004825108968585,0.10003524255594429,1.490420458965584,138.28539620250507
justice,0.10001237815735094,629.5675602093978,54.07466174935485,162.8854318412071,41.37724882937474,0.10002057985062217,485.9960024838688,4.582465872577741,87.5916363111032,86.72495974476738
justification,0.10002687130476846,13.071210109990162,28.254481306577546,8.776800624115406,0.10002407900665973,1.206067168568857,0.10002380956189771,0.10003786625664313,6.028308094603993,7.263020069642811
justify,1.219427456769368,59.846267395978266,68.85618053413116,10.574499942828687,8.221656573300708,0.10000002454514521,0.100035484931503,0.10004369417192971,13.799409180976346,11.182479711994251
justly,1.8142228594594172,3.3355525299070607,0.2588997951916333,0.10001163143797698,34.38939893338446,0.10000007076288411,57.36670265538593,9.519292385972454,0.10001916537578061,20.015899972824702
keen,0.10003072899998622,1.4050662041926847,4.78011930486052,0.10001644385785313,0.10002299921550753,0.1000001026635936,32.1527026941943,10.387908348864695,4.774125237745899,0.10000793510051591
keep,57.3277437427151,137.51491954681478,189.67130842872268,82.83459714598413,71.95063946865379,0.10000011225484484,289.2809461792651,145.77870343423928,125.66276780736432,188.87837413364937
key,0.10002106808674234,28.38329712619245,10.260617102233091,39.66545047012407,0.10002898415306238,0.10000005003947585,0.10003102352792093,0.10003729191158561,19.062633287464955,69.12788359592409
kill,0.10000621902497632,52.00886151052509,1.1518941805905096,52.10602697181796,11.14503321259674,0.10000001258498747,16.173300562776916,0.10001582194722444,0.1000163773406642,25.01484513051622
kind,26.89057318714816,174.3966611819541,267.63021121185443,94.18346285974611,118.86610849743253,0.10000014418836443,235.2314916136046,71.99665369386896,108.54394943711189,313.16088817275386
kindle,4.382298544658075,0.10000420046098761,1.240760187497317,3.7329927808761005,0.10003231608994681,0.10000005409904365,27.479409149025084,4.027322462563442,0.10000948680501888,3.737170817633621
kindly,4.2162341252723055,0.10001502189905165,3.178818906585785,0.10004289725937235,0.1000302679074049,0.10000002865538483,33.22329234940484,0.10001813346732878,0.10000709347410601,4.781541175781792
kindness,0.10003027021226735,15.187419426973177,5.5615003355470245,14.23771798635845,3.3301476254652105,0.10000084532000614,89.65437476529074,0.673096572580694,5.465350384491371,30.690361787412233
king,0.8033772451469958,0.10002652314473005,9.135299313731647,38.39870538554858,0.10003849882817695,0.10000010106444732,189.6732273572212,89.62871882432215,18.7392106921739,286.32139605848334
kingdom,0.10001986324454461,23.787310258775445,13.39777786279122,252.18132516272388,6.412857554148081,0.1000001202824371,377.58188178359916,41.2991642105954,398.7661206201906,135.3735425633227
kingly,0.10000944468147746,0.10001354339799529,0.8247102910598235,8.813013155169932,0.10004447943729454,0.10000003145576733,0.10006674034770784,13.955719404983311,21.806412404937515,0.10001050416629186
knight,0.10000466691194533,0.1000002944718851,0.10000345968105731,0.10000548917602756,0.10000210403853531,0.10000000037002,0.10002371417738509,0.10000780970714444,0.10000829557639958,42.09994416576323
know,49.39783142342131,178.35449933051092,479.66280496260504,633.1601765980845,60.15360421001888,0.10000012956424029,992.7100873072726,120.5305095076566,371.4632760391564,347.46721049137426
knowingly,2.8992021724756754,0.10000841933518236,0.10003595387964638,4.121643359375012,0.10000832059060628,0.10000001912396,0.100020263983165,0.10001456269711594,1.831697141644007,39.54736978660019
knowledge,73.4714477290922,53.0638873344341,581.8986546215953,107.21161673622412,76.53848414336639,0.10000006613794549,168.35652106475757,47.015123709557166,155.43128384302702,100.91298075147337
la,0.10001427341104774,28.249862664862107,0.10000844709516282,9.587463926686445,0.10001420292970187,3672.3918627883727,7.170646759115955,0.1000492924510198,0.1000327401304379,0.10004490457997428
labor,14.380783576659798,7.447180974841318,13.083234029731292,0.10002056903795271,122.60112894770666,0.10000039003154113,569.1526762493108,0.1000232444725937,0.10001176115762984,17.934940256769178
laborer,0.10001869232776017,0.10000763343419865,0.1000165964777416,0.10002379683399582,3.9495187894307024,0.10000000000240451,58.82686804664889,0.10003302684385196,3.523507907689298,0.10000551005614405
laborious,1.8974650263028876,2.456075734590241,0.1000322738744719,6.69639723816532,4.597917166880586,0.1000001592601534,23.85204118684619,0.10003899564858634,0.10002093937466248,0.10001127873288122
labour,0.10000593973271904,161.9134723596078,0.10002075650248082,0.10002117490049896,0.10002681386999429,0.10000002455880752,0.1000292337649107,19.550074748372595,7.377447897351278,41.5589010510429
lack,23.73013353266873,225.69960310009114,80.2030416874692,65.86190736904852,16.111509063262382,0.10000005390480532,97.37362079651597,17.795598859263404,122.98282729940041,67.14175823803707
lady,0.1000340799404164,0.10002562094973537,0.10003824956515381,4.347838547960844,0.10001493565949462,0.10000050244925932,9.961493193111359,79.8393877829892,8.251152923048464,0.10001416400242165
laici,0.10000536811906405,0.10001771189656095,0.10000968670469856,0.10004670238989664,0.10001398833095329,51.10233167991196,0.10000162117286292,0.10002862720179742,43.097544506390896,0.10000010765064231
laity,25.826602245709264,15.610837268678598,4.865595207217885,0.10145473265416106,3.8230550323394885,0.10000005295357149,130.904213975042,0.10907721835445931,161.9660171391493,62.69314712755335
lamb,0.922435248616326,0.1000323105046298,0.1000204200540938,38.10362922459711,0.10002425098690298,0.10000000287633368,35.9684933034362,47.405275727013,0.1000691349933988,0.1000203766009198
lament,0.10001577168148072,3.9002376722984735,0.10001824811782802,4.521779964028511,0.10001852219574978,0.10000004625834669,60.17893833880631,0.10003296911132133,0.10002258488151688,4.798935882313101
lamentable,0.1000298909665193,0.10001006329923091,4.666313777026043,0.10000403473103872,0.10003355196730064,0.1000000230675694,42.97416951276438,3.7248691833599876,0.10001137823184705,3.0345585843376126
land,1.410455620841132,171.90281408976617,0.100021403048887,47.322341334550316,0.10002102957872082,0.10000019222776134,213.15558332221352,0.16067099598985315,10.267340732655073,233.48075127880273
language,124.99025098831885,35.46793093058138,75.12735920141554,99.0415273911621,16.941260148524034,0.10000007495151778,36.184621105979055,0.10006313236395693,135.23410810703476,28.812878919329673
large,25.769055674230025,105.8577194828522,26.509433289748504,0.10002559996022896,8.488603787279892,0.10000004230708914,135.83839795910498,1.3820365148040854,40.92796745287533,33.02676019650534
largely,0.10002228235018731,13.002139014491183,16.706734278937713,0.10002291855484396,12.700545100436171,0.10000008202573643,0.10003907921364792,0.10001868423232277,8.66910171994572,2.4213768394715998
lasanta,0.1000000000014614,0.10000000000079591,0.1000000000008569,0.10000000000060578,0.10000000000177373,120.09999999996573,0.10000000000050596,0.10000000000115539,0.10000000000052904,0.1000000000007435
last,62.609722893211945,51.501889644667365,79.45539407127094,128.65915780557575,18.715925497485813,0.10000034014597285,232.95372787121616,138.6122781555351,43.52828088743939,113.86362283311425
lasting,0.10001556115908179,22.45435092605779,10.421529644479564,18.557713996619622,0.30454379796552855,0.10000003788955629,48.81911859145907,0.10002746783342414,0.10002266966703807,2.0426773065452823
lastly,10.192925238736454,0.10002684389614103,13.011190100139448,0.10002072876983001,29.984274589318385,0.10000002623635944,33.570947347344806,28.738296352412885,1.1022788373866328,0.10003993542750092
late,26.291344185086302,16.129481458065694,31.251430467244646,5.980971905998742,0.10002515234014092,0.10000016021561278,31.024270088358268,11.093776475215153,0.10003440307782137,19.928665704053437
later,70.87883186047617,39.80442018634951,21.028918819318275,70.40596529102716,0.10002757762945255,0.1000000829574823,57.76396571326364,21.912978953027466,4.017789195941158,52.987102319671166
lateran,19.02377522547441,4.434212986059417,5.07594006961979,0.10004015040999349,2.0669144123232828,0.10000007941012395,0.1000333819415248,0.10003810765811756,0.1000393385904582,130.89900624811742
latin,415.05887642659616,36.07820127932092,0.10002933666861809,4.922018241471147,12.094258146319332,0.10000413865855005,0.1000252573639336,12.756335888333668,42.116576734234016,73.67367455069463
latter,45.90813139397984,39.97147575087088,84.6553764672029,33.32486941036672,22.70775374953182,0.10000002061672895,4.419622498797376,16.084722439393992,28.924593533742517,52.90345473515154
lavish,0.10001599891744153,0.10001318056593915,5.376403889855474,9.17220611497376,0.10004757378262175,0.10000010006030402,11.892923562192683,8.958350121034279,0.1000250379138713,0.1000144204093232
law,489.3060561437616,230.16863982732664,902.4780118478752,48.563294286778934,944.5260030348228,0.10000004947964412,247.77979356601568,48.98611121941843,34.25025797789947,484.8418320462874
lawful,18.07461088147347,0.10002644471095198,25.78594994212351,0.10001179019699649,77.65308124932318,0.10000015105087884,35.394697736168716,0.1000259628800445,0.3768066962757638,121.31478914548609
lawfully,10.637750653494093,0.10032280824541491,0.10003581527172714,0.1000147277064694,12.667194694737875,0.10000000294391151,0.10004770573639697,2.585058907175282,2.0905419807313383,40.5190327035591
lay,101.23344825616215,38.75138333708933,86.65791288815574,25.082554244687163,149.29462267237324,0.10000045906290528,209.98078260639738,2.934811285254026,700.2185916791593,249.74589257132246
layman,24.687047982924955,14.512932921380184,1.1893978998292722,0.10000297388841184,0.10001683490419615,0.10000004708957871,86.97173412670202,0.1000070545417688,0.10002137346566836,21.13883878501919
le,6.0307924672224225,7.535989939832652,0.10001099636214644,6.445773729389115,0.10000255208496624,1882.753955506482,0.10001818618965637,0.10001441473815911,3.931602681131784,3.9018395262613166
lead,20.686407554540637,283.1744794540254,224.93466469839234,302.43377028296624,42.013068668664054,0.10000014162048625,314.72951998188296,93.2479273431871,409.03182062650706,95.64834124787726
leader,0.1562351054092569,48.068112173301856,3.717265251312714,0.10002311372029546,3.661665310033331,0.10000003559146968,138.02806613537916,0.10001711641689426,65.994765386176,29.07385037234058
leadership,0.10003203203118395,7.931276615561572,0.10002701608025591,0.10001459856392629,0.10002383960673343,0.10000000897767734,39.653233524466025,0.100034239602927,20.064424763019947,3.7509333617725176
learn,29.46029337112886,55.824887113190066,45.2604562984869,88.07151960166189,72.21220832755169,0.10000029353012772,268.8153950887321,50.93971662947782,84.27496443750775,92.04055883839483
learned,10.943534475475534,0.10001376394686069,16.98179301244216,0.10002418408481745,7.839769111500714,0.1000000601948519,0.1000547278984695,9.296757613389333,1.1361183323085504,5.401934718370846
learning,36.2378832258942,0.10000623387075586,64.74033035647112,0.10000780101756379,10.287770608872076,0.1000000474432317,117.08678576884326,0.10001858980397928,2.4195469566325962,9.82765041089525
least,84.52709390968646,93.69048592248569,98.99179654808972,43.893373811702844,51.9150661109302,0.10000005651925814,114.97528107657273,22.10609130963781,25.770551318299034,115.03025993573802
leave,78.35737518538605,126.81142251068556,106.66492908826022,153.82157342690363,42.063677277825285,0.10000006406847764,235.93570565826826,43.367469317507975,41.879787747397245,173.99805972335997
leaven,7.442515870690062,10.185176324646848,0.10002762974107395,8.011178646579678,0.10001696155831495,0.10000007592677444,12.288436529063448,0.10001265543703255,31.57262337905659,0.10001192700448787
lecito,0.10000000000045335,0.10000000000024688,0.10000000000026579,0.1000000000001879,0.1000000000005502,50.0999999999715,0.10000000000015695,0.10000000000035837,0.1000000000001641,0.10000000000023063
lecture,15.08150733526714,2.6324860041657154,12.872127164763953,0.10002337332861223,1.2900154963648205,5.561851237138316,0.10002223624121116,8.161903006381019,0.10001937900049729,0.10004476700035668
legal,5.555435135815977,56.2213259818643,8.920963267721312,0.10002587889169315,37.06788855190006,0.10000004540935747,0.1000208796665554,0.10002620514183516,3.872757695379338,59.961556357891745
legally,5.0080372480683595,5.000622373509188,0.100010536784844,0.10001004369114015,8.917405754404426,0.10000001103829262,0.10002898088571807,1.1878485089709725,0.10000793261598344,16.386028609773568
legate,16.381423805988995,0.10011053638321572,0.10001121052306615,0.1003283881643943,0.10033446881841265,1.1016115832572733,10.405304391724295,0.10001913622890735,0.10002107371178143,110.51083540413116
legge,0.10000000000055347,0.10000000000030143,0.10000000000032454,0.10000000000022942,0.10000000000067177,102.099999999971,0.10000000000019162,0.10000000000043759,0.10000000000020037,0.10000000000028159
leggi,0.10000000000064678,0.10000000000035224,0.10000000000037923,0.10000000000026808,0.10000000000078496,89.09999999997045,0.10000000000022392,0.1000000000005113,0.10000000000023412,0.10000000000032905
legislation,6.577131231229608,45.66305229670278,36.094964295640224,0.100028459679774,23.974342343854463,0.10000001862539185,0.10002390826484053,2.6168573933255113,3.357621220461013,3.4159788318807562
legislative,12.229676154956477,25.340180010343587,0.10013094126705444,0.10001379852484522,14.19605831745854,0.10000007558611447,3.6338978090018212,0.10001035957223114,0.10002762296496343,0.10000491006851643
legislator,1.467925206177914,0.10002245423294275,14.093298468573071,0.10002191437522186,20.027088575303175,0.10000000000424704,0.10003215297083251,0.10003699337914712,1.8115556308610108,0.10001860378924468
legitimate,11.160941258022804,74.26998250972959,57.725746334621206,0.10002345338042255,47.602243447824776,0.10000005398299508,76.96348638667499,12.91556471569369,70.6115817564618,94.55043008327938
legitimately,19.975315040977847,13.12826979815084,3.482570428755065,0.10002829906532876,4.8217404509626105,0.10000003883801659,0.10001904489502725,1.3857042659626115,0.10003251558542446,81.80632011647768
lend,3.1585090242180143,9.368582691258178,15.82386417146341,0.10002770555299002,5.182956261799979,0.10000002163763493,19.142753143991875,2.0667284702326403,10.125648746889981,10.930929762606553
length,10.84395958224107,0.10003248985183247,0.10002086386302338,19.24387369051143,0.10835419714278108,0.10000005410473112,101.2747358614996,15.81410746120462,8.95211410758738,23.462801691658196
lengthy,7.49607879010174,0.9503344922927125,0.10002279049398007,13.687480004540793,0.10001802095955023,0.10000001820784107,10.0016034656882,0.10001638403394243,4.202840712563985,4.2616053207772815
lent,9.393985911826999,3.238612391571385,0.10002496395454931,8.786831130411507,0.1000226435730216,0.10000003405971995,0.1000288557859546,12.118637174437852,4.183545838809167,14.87831105522943
leo,52.815005999156064,81.09798764806044,25.416689307358528,12.510878019947738,98.5984965349502,0.10000007704185503,97.70435628027391,123.12713984428487,0.10001243153770144,83.52943385708302
les,0.1000006678354921,0.10000000000019114,0.10000048304108307,0.100000578725602,0.10000000000042586,53.0999982081643,0.1000000000001216,0.1000000000002777,0.10000000000012704,0.10000006220443737
less,29.761397386976597,229.12836549780144,218.40179597577946,27.71697700151844,79.87189246123297,0.10000004139839362,218.9919382307233,57.576582430667585,43.9001092498013,81.55094172376373
lessen,7.248215103471859,5.045696663138509,12.363314642859686,0.10003208850680895,14.072757540450857,0.10000004024037396,26.807393993855666,11.070958853187383,5.875092446571716,0.31653862735407634
lesson,0.10001174194334234,11.890434361233083,35.1564864365897,0.10003173709500827,0.10002149907037385,0.10000013319784042,45.972178178722174,5.841755845707092,13.639066983981149,0.1000130821542398
lest,5.308744797796797,6.534434833976337,22.474556742301306,2.1387082546812413,11.617582107533208,0.10000006097836886,0.10004190757179916,2.6477146346723326,7.63906853705388,49.439148123054295
let,2.323014921251821,117.45423612050253,135.99005100284026,162.98970325158345,275.537089314006,0.10000009323309235,781.4516792253834,412.2287856640306,29.561945850485888,945.363494556352
letter,298.14477111771197,14.1594739906802,3.7553014663565025,326.85944161752866,98.10528972583842,0.10000010197120629,466.66235175700393,40.04886006880838,41.32823426294242,575.8362758908278
lettera,0.10000184220568452,0.10000000000098518,0.10000000000106085,0.10001773087348667,0.10000000000219562,288.0999644502716,0.10000000000062653,0.10001176814173318,0.1000034284716685,0.10000077995732062
lettercaritas,0.100000000000245,39.09997574680732,0.10000006191488595,0.10000491191254356,0.10000010372883429,0.10000001372506284,0.10000210311070024,0.10000075716478055,0.10001620102941439,0.1000001005254449
lettercentesimus,0.10000050956892191,35.95297405192544,0.10001908972890346,0.10001185783764921,0.10000002230627905,0.10000003530204347,0.10000088226056783,0.10000228586224069,1.2469912165204262,0.10000004852433948
lettere,0.10008572194892805,1.0994153986823383,0.10010530256037643,0.10027189620747426,0.10000000000438984,80.10000607079985,0.10001414683084825,0.10000025069554953,0.10010056639086799,0.10000064497059129
letternovo,0.10001726588750301,0.10000999494802922,0.10000056842664563,0.10002064157584369,0.10000121757918323,0.10000002869807349,0.10000209189272166,0.10003011185781667,39.0999176613591,0.10000041762919203
letterpopulorum,0.10000195110796764,46.31649901408671,0.10001423879965297,0.10000931627206286,0.1000000064125147,0.10000000955251691,0.10000075191382873,0.10000017876003534,1.883474486557981,0.10000004639510132
letterredemptoris,0.10000241412442873,0.10001161676766354,0.10000818061651714,4.025365407449502,0.1000004251687378,0.10000008158927867,0.10000207314283374,0.10000508579117455,63.17460427289097,0.10000044231354045
level,7.168152833084758,228.7292502752495,55.827841146789964,68.81397894490135,1.5376194621292976,0.10000003649398827,0.10002441211704294,0.10002592691513691,233.5239963695436,6.0991105924464915
lg,0.10000083511400744,0.10000000221352481,0.10001248626711588,0.10000108792719349,0.1000048802240059,0.10000000000014252,0.10000003341944193,0.10000122894198389,70.09997944581588,0.10000000000009254
li,0.10000000000070573,0.10000000000038434,0.1000000000004138,0.10000000000029255,0.10000000000085656,76.09999999997011,0.10000000000024434,0.10000000000055798,0.10000000000025547,0.10000000000035904
lib,0.1000322005294775,2.6518439686896444,5.214611055015171,0.10003092404689573,0.10003947158143357,38.14144596939697,44.66528631357715,0.10003974536137501,1.6343632242446686,1.292307127159639
liberal,0.10003536298801981,12.696893487063416,27.49114638463923,0.10000458551965799,3.565430659138602,0.10000009666003533,0.10010507569097585,0.1000582968104349,0.10000202624705633,7.646324024820973
liberalism,0.1000036307823825,19.371628798464357,18.82826575227763,0.10000148257483958,0.10007267288715326,0.10000007710234067,0.10001881395361087,0.10000117672312013,0.10000044624096883,0.10000714882715747
liberality,0.10001743945815368,0.10000339288854908,0.10001569358931135,0.10000536762627388,0.1152216035965123,0.10000002902740329,46.22844339294044,0.10003062848246887,0.10001016945621895,0.9562522827160105
liberate,0.10001184638337375,11.572648522403115,10.59656655269582,24.764839003005584,0.10002702026577792,1.1909324200621634,0.1000546529647333,0.10002827603194653,13.684950992682253,4.789940713089841
liberation,0.10001176543022322,22.304115644052743,2.0490183528094863,42.393454997257514,0.10002105428237203,0.1000000076680103,0.10004390827014961,0.10002388822674878,90.69893674036898,11.054373641289388
liberty,0.10002654553550719,13.00535743837764,142.55529974035642,0.1000294944888221,226.04207132969606,0.10000006054969719,228.2364137599136,0.10002771091368363,4.533893067141358,29.226880852696265
libertà,0.10000000000050376,0.10000000000027437,0.10000000000029538,0.10000000000020881,0.1000000000006114,44.099999999971175,0.10000000000017441,0.10000000000039826,0.10000000000018237,0.1000000000002563
library,31.83978633643399,0.10000741899201297,0.10002221249235911,0.10000710975409433,1.310833735962356,0.1000000591141166,0.10004025171050841,0.10002974552021401,0.10001329570890335,2.1492598340445146
libreria,6.105884750944404,0.10003716622038512,0.10001345841047195,17.298325319749924,0.10002311900353351,0.10000119476453852,0.10001612449993749,0.1000110165675747,18.895684065116516,0.10000378447260869
license,0.10000865970277836,0.10000220488974056,4.367529669564622,0.10000541653513795,51.05931005839413,0.10000003013274553,0.10006239375854782,4.068473889336883,0.10000061599636115,21.9046070614299
licenza,0.10000000000042128,0.10000000000022943,0.10000000000024703,0.10000000000017463,0.10000000000051132,55.099999999971686,0.10000000000014585,0.10000000000033306,0.10000000000015251,0.10000000000021433
licit,0.10002146205725465,13.870181579372154,23.56554445075463,0.10002502036210126,0.10003588291530185,0.10000000782546983,0.10000834768304796,0.10001960199031462,0.10001722369531246,42.864146423089686
lie,0.10001624326712302,40.87136719276649,95.17241529347878,69.09176734669668,13.42972748513057,0.10000006660275237,123.4776045771965,0.10002866085475896,8.39431781450693,52.26275531917322
life,52.119906360493374,1397.053074110855,1082.3272815457444,2579.7909902864217,402.888665782281,0.10000015017588883,921.6486246800912,627.9087288198705,3113.4899519135074,151.67277635022546
lifestyle,0.10001818547709894,41.26125399907727,0.10000271466752282,0.10001592346496638,0.10001166363352258,0.10000000541991616,1.1463905611774057,0.10003880245293979,12.89223011820516,0.10003802611035813
lift,0.10001253043221295,10.686540313504555,1.5858692873208782,19.11858455714329,0.10001935994648617,0.10000003982207295,84.89429935298212,31.383672982080277,0.10002246988274059,5.930979106575776
light,11.231777172161543,134.20374558836696,326.6453416309817,650.69817269333,36.976310307155,0.10000040820409081,397.1872778200198,145.85383906141152,282.9060702053406,50.19746511269315
like,17.181772909324277,125.09454377939056,127.01325761174917,364.132331965718,96.56021553513062,0.1000000896593164,392.78004883833506,157.39392622972937,208.8228741285583,124.9210289120691
likely,0.10003737889025358,0.10003113095899771,2.9022436366714848,0.10001772532087833,0.1000242060933192,0.10000000000280417,17.84305528797783,0.10002702599525173,1.9021850177763908,12.752378589973606
likeness,0.10001232692570707,10.81531353783811,21.003612419268958,166.4297029149981,0.10005548502011213,0.10000002974775216,0.10003447192692574,18.843707469924322,0.40753960450755156,0.10002173950293029
likewise,110.72277933869474,63.82830627456491,16.385258182210787,57.101446152828714,23.27375353192985,0.10000003708143435,124.54980993428518,114.73545764563072,43.302087420510325,94.00110148192589
limit,13.535039586926228,176.54744243413018,193.0909224386286,89.38452937742785,39.60870919470018,0.10000006332522511,0.10002895604664323,0.10002636291254463,25.31873077400521,37.21457081156507
limitation,0.1075416296047521,47.84750697113198,32.71689279055656,28.30868360478123,0.10002286153178698,0.1000000332862959,0.10001519225732836,0.10002585541161631,10.824890175238528,8.794420885887632
limited,0.10005499942800263,25.96024349881845,10.792180800967666,6.247982005291752,0.10001334781176854,0.10000001789762807,2.894038134704566,5.0817638356122465,18.303611439063843,4.420111920041487
line,5.257303816908358,64.26960758459902,47.89189709926035,24.743908964608643,5.429034119687134,0.1000000466703407,25.85792216415378,3.481359998627891,31.112300365060477,23.856665840079966
link,10.365994861066973,103.08480202960052,31.891034478053516,288.9859249477367,0.10002773581164386,0.10000012315101052,0.1000284859107928,14.047366260358773,129.5946573780274,2.730163699941376
lip,0.10001060598408473,0.10001167623126404,8.97382964720814,30.03277615354182,0.10001524687529874,0.10000002488874898,45.53927316242685,12.449424219402202,0.10002897181033071,0.5046302913190852
lisieux,16.67431756327997,0.10004680279567434,0.10000392262765108,17.52232073427748,0.10000694261813482,0.10000001243357522,0.10319268546528705,0.1000859442469944,0.10002467228818558,0.10000071961837029
list,27.116207205750097,1.668899528420343,22.49046596128969,19.222476740556953,2.071546515166809,0.10000003765795942,0.10003073482317454,5.62366112682482,8.38957475845791,29.217137390697687
listen,8.863809340182227,16.9454023119209,20.06778978314379,70.3503934403681,0.10002449462081756,0.10000007931087829,50.290343309955375,26.72448833032368,108.0861019945141,23.47164691532313
listener,0.10001066403343467,0.10002451322157706,18.363250388237756,9.677587325094573,0.10000495047579172,0.10000000966739256,0.2844805661229478,0.10004196549454754,7.822320416683549,1.352279200622331
literary,5.704422249865011,0.10000885704986372,0.10002622554466777,0.10001262338654456,3.5489113232508496,0.10000015483382331,18.33043190903354,0.10001935985975192,10.816161743666246,0.10000555326640563
literature,0.10001596998032761,0.10003191711256229,24.15761763132012,0.10003267818229798,12.241178734935817,0.10000012774719907,44.04982957765782,2.951260987679671,0.10002676201685783,0.10000561306717339
little,21.952478652675577,66.63517060761065,51.80932298071738,71.31883397721307,50.10893203779589,0.10000049736480406,225.62311194708815,55.62026302193157,35.64937398299755,28.18251229426716
liturgical,210.92240767531788,0.10001641868420859,0.10001523995414796,13.923942095966542,0.10001097550997019,0.10000002665595586,0.10000987659497625,150.71788626049974,219.7610744755262,1.1746369550165463
liturgy,186.71650191059788,0.10004283339728151,3.027496094132831,53.192545668786174,0.10004821276019026,0.10000004293761487,0.10001590148232674,279.7872483062451,170.77609329830162,0.10000773104811185
liturgysacrosanctum,0.10002184140105494,0.10000534286164937,0.10000215521904272,10.72286609017914,0.1000002701505968,0.10000002139881341,0.10000108263345481,0.1000501988693372,35.477052937607105,0.100000059522868
live,37.012691341908244,309.72657286057705,154.4744142668387,450.03622326954087,67.71832782745392,0.10000015698178386,220.81511808614863,149.61210597778071,807.233253865763,160.27129234667058
lively,0.8987025181493612,14.779923658317534,11.34182569303552,7.749754224355205,3.400511981099973,0.10000009344452526,11.682318057608779,15.116053256499269,43.830902205628455,0.10000831153939001
living,23.027136241788064,168.57709578204657,78.76663105918337,285.603796483839,2.6406394381848437,0.10000027773197893,70.44891026784478,74.33510306762442,327.39662042744055,27.104066953979117
lk,0.10004979969559959,0.10001442454411537,0.10000804495704933,274.3739756440042,0.1000101897423516,0.1000006752880747,0.1000063586496483,15.124345976304648,24.63719475654576,1.264394130005438
lo,0.10000853772312006,0.10000725402124673,0.1000242638195155,11.01823897360553,0.10002105112396542,357.1000214089091,9.598597087129377,0.10002247897069616,9.68305417106783,0.10000477335452916
loan,0.10002931443543127,9.147095285430662,0.10001967117390857,0.10006852137075589,0.10002267877420123,0.10000000483822814,0.10002329493401325,1.2375397700921746,0.10002860984467962,24.915172848724247
loc,7.323103578628711,129.91425766378472,0.1000169464771418,24.014040309780714,0.10001264067370523,0.10000001472188301,0.10000832344434915,0.488965789635216,69.75957940468352,0.10001532792360693
local,134.0318182499575,100.45465732350654,0.10002467451795655,0.10001587413582191,0.10002297806728087,0.10000003056869913,33.76610761203589,25.89112402516191,280.09185992160434,58.36436931013904
lofty,0.10001890502732809,16.901450229108146,8.498276197090162,19.151995381385262,12.485938742148681,0.10000009178844159,56.74482758253264,16.81702454826692,0.10002828677564721,0.10044003554300795
logic,0.10000367647815812,45.631686285549215,16.023063920839846,23.748486432025928,0.10001003035251306,0.10000002410766874,0.10000658338018072,0.10001934029209725,0.9967223803772175,0.10000132637298613
logical,0.1000231918912477,11.501573058193896,21.459532425311384,8.338737956008798,0.10001774240650076,0.10000001652642222,0.10002455755090764,0.10002770640810132,0.10003577776811799,0.100027567609919
loneliness,0.10002908302569379,4.508600667277239,0.10002162981965838,11.62543759597761,0.1000157105330507,0.10000000903033597,0.10000651355914246,0.10000991113711655,19.165877699456075,0.10000117996000055
long,78.49929344700386,81.12072306347224,87.55425857449166,53.03493018738244,42.86231313901293,0.10000029734382528,459.87328588587576,62.44927912581714,46.18421338681241,212.32170289245053
longer,27.71447863858429,135.4634974375689,70.2787028413723,109.50239478684453,5.548529856609972,0.10000005533846093,43.1707275275462,3.837821992244417,5.001484738055627,20.382362125495856
longing,0.10001081791425069,1.4911307711263313,0.10003430288833388,41.45717337761515,0.10008223578103294,0.10000002739428625,11.164729456605862,12.414604092473823,7.061884454153086,1.0103504636548144
look,2.3564329872291037,133.84520192108934,37.00936180619068,281.0009403867058,16.089103424242065,0.10000007510851318,224.36171311801743,84.93202267924701,89.93606429644451,33.3691593053875
loose,0.10001000131801795,0.3327698808676899,0.10002523535000693,4.044520062750448,8.895324818601264,0.10000005672104925,20.402891159847833,0.10001525893448165,0.10002201023029249,18.824421515051707
lord,7.568603481523452,86.58307224433658,22.070370165579217,1192.2659448579907,68.73469024645587,0.10000016844659011,590.2176529530652,733.8052897325023,775.0658708648718,705.588505284898
loro,0.10000000000058774,0.1000000000003201,0.10000000000034463,0.10000000000024363,0.10000000000071335,761.0999999999708,0.10000000000020348,0.10000000000046468,0.10000000000021277,0.10000000000029902
lose,1.3650240151351192,116.69428410694198,92.63591201875522,138.23629360928734,26.692096214312635,0.10000085942389185,121.50504071604219,3.483371186220805,51.0403662730646,80.24761100047822
loss,2.050628147700048,59.81966673837988,6.304358295835608,39.590743289278365,3.3619289634266942,0.10000003588363165,93.73235835941205,0.10002019651881996,10.516715392806429,82.42358058042463
lot,11.110058634846668,16.79761403436082,0.8295150756932058,5.055095473992593,0.10003805445333801,0.10000005545241422,57.4846899173887,3.164731052467941,2.0303636019444484,7.327894099031779
louis,0.10005485892801967,0.10006013296156395,0.10005840290681274,0.10002242126630873,0.10001711186754782,2.0384926416166365,0.10006766865694447,14.244558736905061,0.1000635348100506,25.016604489507635
lourdes,0.10000338054625765,0.10002621925190075,0.10000924099841499,1.5716891689314536,0.10000204334659135,0.10000021595810127,1.6743478542456625,38.05388631749145,0.10003449598750408,0.10000106298954697
love,0.10002704590040387,452.65965651998476,73.0368751866912,3775.278895206667,256.50175809142144,0.10000011152238744,1105.6864951550142,348.5642612798168,746.7112457128259,16.360785689828123
loving,0.10001053095304688,5.903158860089574,1.5197209945083499,35.3122052624866,0.10002909573929959,0.10000006081348772,67.5010976655708,27.957941891721187,34.40582163694222,0.10001400087015608
lovingly,0.10003280410836597,3.080849302205648,0.3373280629207202,8.578049472792499,9.181463212031165,0.10000020924415659,182.70089154140373,10.167432807754498,5.653933980278843,0.10001860692195663
low,3.570607117875254,29.11309065010013,17.873133430800188,0.10002072568069487,17.87693106647287,0.10000007253594329,32.26079647538367,14.437107806866425,0.10001817489856553,42.56829447908085
lowly,0.10000454642235948,7.386887948070928,2.7645881182859875,9.097575255244463,0.123730739553491,0.10000004979459372,22.96925697514423,7.559485618650706,8.459936087894029,2.4385346605971336
loyal,0.7787148253935033,0.10002748504361646,14.592819233702782,0.1000177806701271,5.796691771441833,0.10000006733062809,19.03982232955239,0.10003513936422731,0.10004042328652994,4.291830943858471
loyalty,0.10004501798634875,0.10000850693293288,8.081337558613734,0.10001106919809487,0.10002544669998527,0.10000001030946284,57.01897509601279,0.1000307894507594,0.10003731259323448,11.199529191899135
lui,0.10000010424594274,0.10000000000024827,0.10000007540163336,0.10000009033682226,0.10000000000055326,130.0999997202775,0.10000000000015784,0.10000000000036044,0.10000000000016503,0.10000000971048943
luke,0.10001100178083572,0.10000928069796583,9.683626882833774,60.98188143084725,0.10001545753546792,0.10000001300540233,31.93215715849633,26.575583921938108,8.326689997611556,0.10002485496659431
lumen,4.83182307405167,0.10001195189448439,0.10000675722368843,96.5987764961149,0.10001230101784644,0.10000794754007297,0.10000389339389608,0.44304558307284836,58.52630723272,0.10000476277191013
luminous,0.10001428229487076,0.10004150557380563,4.537987148790106,14.298546614604396,1.7464200325524792,0.10000004464918678,0.10004238886123439,16.764945791688042,8.151994303849081,0.10000788679180468
luoghi,0.1000000000007495,0.1000000000004082,0.10000000000043949,0.10000000000031069,0.10000000000090971,110.09999999996987,0.10000000000025949,0.10000000000059259,0.10000000000027133,0.10000000000038133
luogo,0.10000000000066304,0.10000000000036112,0.10000000000038878,0.10000000000027484,0.10000000000080475,152.0999999999704,0.10000000000022956,0.10000000000052421,0.10000000000024004,0.10000000000033733
lust,0.10000174877488881,0.10001302085699973,0.10001554435686777,10.080558072205875,35.410150759165035,0.10000004407570355,13.807596751366377,0.10002175616942931,0.10002058129406002,0.10162172146944144
lyon,12.112993812938585,0.10004030482096886,0.10002815774194998,7.412435392490577,0.100022336613332,0.10000022224561858,0.10004191175259214,7.268473521199612,3.156489806724359,34.54947453309189
maggior,0.10000000000044593,0.10000000000024283,0.10000000000026145,0.10000000000018483,0.10000000000054118,49.09999999997152,0.10000000000015438,0.10000000000035252,0.1000000000001614,0.10000000000022685
maggiore,0.10000280487136942,0.10000000000265848,0.1000266201087497,0.10001209581554257,0.10000370906123769,104.10001114096093,0.1000326510868851,0.10000257182501793,1.0999659466689162,2.0999424593184486
magisterium,0.3543898020784879,19.515969444724746,122.56368371824763,32.916836971165445,0.1000198605444404,0.10000117113937557,0.1000127781234932,9.92342334517004,143.32565316553985,0.10000974299439337
magnificent,0.10002603048978721,6.603604895782431,0.26072773528710635,20.01377635592644,0.10001884674159925,0.10000086940154992,47.54802622079949,13.99156568349474,0.10002949575856063,1.1822238659675839
mai,0.10000000501911037,0.10000000000027591,0.10000000363029313,0.10000000434921727,0.10000000000061494,135.09999998650622,0.10000000000017542,0.10000000000040056,0.1000000000001834,0.10000000046773488
main,23.06285105224111,23.612757066253934,26.150771329055857,4.754129340718807,0.10004080361333538,7.025143126120005,20.8723870274655,6.3939646940863195,11.27969152062221,3.7482640394411595
mainly,9.270785435092211,16.47540903571097,7.127277421012669,7.899852209810945,6.177294178339353,0.10000010834970213,3.094376884512958,5.519843834121765,8.23514931126531,0.10001158145192222
maintain,63.2625780618586,74.72212589726827,72.77737663893456,10.075554700951397,93.8271623346812,0.10000006716532739,88.82473618613761,0.10002562754882734,70.54753958176893,57.76290090334923
maintenance,0.100021086290334,3.451071062544169,2.6826893353802235,0.10000418246347102,5.1228080693813025,0.10000008532024363,28.039700429404956,0.10001862305897799,0.10001532597640503,12.203671799920933
majesty,0.10002545882010212,0.10001677254373591,10.48167180270202,0.10001542151370395,12.519287698260449,0.10000006278892931,69.2838261331093,32.9242081675066,0.10003412984211665,27.29091435260938
major,53.98936294330194,30.442010516014275,4.973579659754543,0.10003170349879587,0.10003034358743666,0.1000140344182327,0.10005364211427038,0.10002483281914537,63.25851057815547,48.83638174593382
majority,32.028331312710804,63.72840634281051,38.58158230422496,0.10002202985526214,0.10004160322547412,0.10000003651064397,0.10004755319801381,0.10002610809888773,5.08146511690804,29.080077592093268
make,384.5390479683464,894.6335855890009,839.8782795179682,1117.9892775550509,295.93091739472897,0.10000011731530567,739.3856519804334,587.7881675718933,1262.106520381616,1087.6485519233092
male,0.10004637238749492,0.11014819457620517,0.10000924162341149,62.526298438975445,18.398419107978224,27.059503134370335,0.10000767221683228,0.1000046181561549,2.2450041398556033,6.260559079559661
malice,0.10001620218403148,0.10002443654049095,4.433771048798007,0.10003111067142485,0.10002974997617604,0.9008690433611046,22.533925936945238,0.10004771047453473,0.10001702752789374,25.53126773315937
man,8.31467292143143,861.8136601509507,1225.4925192657915,2451.7363358067423,514.5345898311064,0.10000052758246865,115.99570346565143,175.51159923596504,128.1587957068597,91.3421230875851
manage,0.10001653213775355,24.645541776024967,0.1000218227011819,1.7041689443989367,0.10004002904913421,0.10000004358094955,10.27310739157668,0.10001783384986987,2.0013299413172727,10.875755685018495
management,0.10001447875897564,23.152948855755874,8.849844033389942,0.10000829386653239,0.10006358950730561,0.10000001158321309,0.10004180100108016,0.10000875415545336,4.3740215140891685,8.023048667568338
mandate,13.74502525089295,12.433612613794981,40.18639887374015,3.8421951925774533,0.10002868263908765,3.208546415210512,0.10004028952036027,0.1000289695185702,71.31276944565364,40.971354266061134
maniera,0.10000000000026107,0.10000000000014218,0.10000000000015309,0.10000000000010822,0.10000000000031686,35.0999999999725,0.10000000000009039,0.10000000000020641,0.10000000000009451,0.10000000000013283
manifest,14.053208553537518,14.871511862045834,47.61167511466562,151.09617974887504,18.410127688927194,0.10000018078853355,53.18117286355623,86.66847501661319,157.31477447798517,54.69287449266737
manifestation,0.10001606151135281,13.838965827231705,9.870998131439064,72.11704528606784,0.10001607539516098,0.1000000239910216,23.618417951479056,19.91047099480672,54.24405623840057,0.10001340937617287
manifold,0.10001769998635576,7.841601866856186,15.512786429261727,23.032489542449945,15.969035465012334,0.1000017893326779,50.87905192630208,7.488590831587897,2.1408553550246423,0.9355690938436192
manipulation,0.10000691887415694,39.52988952062846,0.1000347925825446,0.10002815578941765,0.1000115946800511,0.10000013623681227,0.10000530464628968,0.10000373260055005,2.6673682733737896,1.1026515703147437
mankind,0.10000630914233352,17.154301750103574,125.91964201436285,87.7149036721669,0.1000344157754286,0.10000002660224654,161.10188585939605,78.88582248684938,46.82339807317965,0.10000539212877393
manner,70.55091192643667,21.17201056044538,147.11415391630456,21.01729077946595,136.1864102735262,0.10000044007051924,221.66721994227112,237.3415720312329,92.59565561454322,133.25477451536824
mansi,0.10000379496511315,0.10000574846634373,0.10000986342223517,0.10001427744582128,0.10003204012355976,0.10000000869723322,0.10000753237118758,11.969996290277592,2.1036532580342375,30.226277185984642
manuscript,22.559475471043683,0.10000579217091528,0.10001276729887867,0.10003932626227174,0.10002691606738282,0.10000011876557836,0.10002061643780051,0.10003004211966496,0.10002308845043953,16.640365861111857
many,78.32599494008487,501.6830560381139,186.91513997483864,511.86809371462357,166.77313420272378,0.10000025719312798,1543.3805532289934,255.46018781107315,627.6846526138569,474.8091872181625
march,120.68371488803464,81.2628014937766,8.689251085836018,31.73338529676629,0.10003104279622993,0.10000017338870945,0.10003370909759411,13.000035834690257,83.10600198233871,50.224744492929126
maria,5.900549202002398,0.10003103652119247,0.10004419411562897,9.569411808795175,0.10003522649772464,60.246713861141075,0.10005831877152242,10.409562624214992,7.373467493642286,0.10012623383258708
marian,0.10000790612176468,0.10001577144152629,0.10000582275814338,33.201926766018985,0.10000749631766409,0.10000011448342735,0.10001162368797947,54.05159480580934,9.046427254175468,0.10000243899090454
mark,15.455085958177504,79.31486837108622,18.031804139891495,181.42364877052262,0.10003558824828178,0.10000076515707244,99.79751377906918,25.91433825671313,129.52867600213233,14.334028368661427
market,0.10000814688067593,118.12200948487033,0.10000940629065393,0.10000617751105857,0.10001317554017282,0.10000001139705567,0.10000539395200403,0.10000407584463446,1.798204266682429,2.379739860828363
marriage,18.431183965642965,10.168184259650202,0.10006011885892675,43.692755576903565,919.6140718416291,0.10000003020798151,0.10001368840663494,0.100018888429227,89.83576122502613,37.85795040493991
married,9.413438134352264,5.026463427134073,0.10001930746274587,9.523282802060109,143.61943746458428,0.10000012552967653,0.10000990610163282,0.10002468602580457,13.278049711250842,1.739274435201564
marry,5.848748961740674,0.10001305156390566,0.10001442985770732,8.61900468751158,92.73231470923716,0.10000005462461742,0.10001497606909175,0.10002923298442665,10.938938820406142,15.360921075730252
martin,0.10002332941711393,0.610354328328544,0.10000636466993457,9.650634142003284,0.10000152802494097,0.10010123707220084,0.10001201964801887,0.7370403529415805,0.10005108772547011,57.40177560976123
martyr,2.647784741789681,0.10001853493113418,3.397437643091283,61.39606897123836,3.1754598987605958,0.10000003964641654,116.22869396129137,22.713807975047548,44.27798822629719,4.962740007580281
martyrdom,5.198800554590871,0.10000845480802181,1.5887333265979005,33.944557637101056,0.10001181690087316,0.10000003283365698,48.24965488834601,0.10003374410954052,28.51817420074143,0.10002534367176498
marvel,0.10000392218403513,4.019910784036321,0.10003291979496712,18.525952454316794,0.10005115498369176,0.10000003216601212,6.785922110996485,6.129450825094928,10.038671567807908,0.10000422830662158
marvellous,0.10001391089433845,0.100026429251918,4.1423494953382205,17.297558772107624,0.10004067417343614,0.10000011642566171,0.10006683523703201,7.827445615281255,12.015657860737434,10.216840290146182
marvelous,0.10001080572172408,0.10001269879860226,5.165314595966538,12.04063369969242,11.663947013530848,0.10000005112560126,40.50461182005891,39.2945482735454,10.930912323431663,0.10000871784787119
marxism,0.10000186967236596,32.78824161067246,0.10001920990206348,1.4117301088234941,0.10000110942940277,0.10000000000048771,0.10000120318187265,0.10000055761076236,0.10000427023963451,0.10000006032853388
mary,12.505310070997295,0.10002022622988804,0.10001807445178361,659.0891352677496,0.10002695434326511,0.10000010030472027,51.873215449572676,1034.5056502052328,77.67342607778488,13.953197573023516
masonic,0.10000491805569998,0.10000428001214916,35.099827283557374,0.10000003018007338,0.10005664999386216,0.10000017178237554,0.10005586038617738,0.10000031707514238,0.10000000000206845,0.10005048871255354
mass,360.1777975831193,62.864498380384376,33.236164987056036,0.10002275257201418,0.10003367764144845,0.10000004204427891,31.908339192441108,234.2538545275638,75.78523401921078,70.47405483764
master,40.45995176669306,11.047661373963582,137.64032670802894,67.28494807878137,48.93709211009025,0.10000005160457706,126.60667113850546,11.380734138394118,40.16426358858843,136.37835104501093
materia,0.10000000000036052,0.10000000000019635,0.1000000000002114,0.10000000000014944,0.10000000000043757,56.09999999997205,0.10000000000012482,0.10000000000028503,0.10000000000013051,0.10000000000018343
material,0.6993376713287831,246.60155162359573,94.84029310686695,23.533028840558536,3.201285390562019,0.10000005147120129,33.90294942095317,0.1000278990428655,61.94646538935014,22.075060605931395
materialism,0.10000737925301603,31.805230994796993,6.38586696265239,14.344070780924433,0.10001658692614376,0.10000007725597955,19.650594904292163,2.3141813377364455,0.1000275063997902,0.10000346947829333
materialistic,0.1000068185794814,24.659483083681245,0.10002635340262526,12.34279383637867,0.10001032397227375,0.10000000412089653,0.1000303239456317,0.10001620326674251,2.297631639072976,0.10000141331090041
maternal,0.10001741596666675,6.978235248043029,2.723772334321169,79.29137520365103,9.94511348942907,0.1000001903133645,24.92522284227119,48.10811497203201,4.72813363088291,0.10001467277306683
matrimonial,1.864414396971253,0.10004196453352239,0.3112036972731266,0.10012604491200822,34.59286473292869,0.1000001899069062,0.10000568277907171,0.10002667670493255,0.10007226645900624,0.6312443469683399
matrimonio,0.10000000000062813,0.10000000000034212,0.10000000000036834,0.1000000000002604,0.10000000000076242,47.099999999970464,0.10000000000021748,0.10000000000049664,0.10000000000022741,0.1000000000003196
matrimony,6.509054115024186,0.10000957190604522,0.1000132223980098,1.555077761664826,146.24052174510211,0.10000000344375706,0.10001180839049721,0.10001774371315353,14.976407416305719,11.21888661179417
matt,0.10001005120397384,0.10000460937741357,9.255791662644697,0.1000084441708048,0.1000224874611844,0.10000007583230332,62.16419275815467,12.879937281971948,0.10002016622542742,0.10001246274369283
matter,331.0859871403953,83.05313225091597,328.4057937649955,49.574106333699476,234.5795452036626,0.10000006915626819,391.1798357892916,11.168236904640166,63.04683495275806,623.806527590149
matthew,0.10003183046723514,0.10000849851784355,16.702114022275147,31.289446973872447,0.10001751110155398,0.10000000216692267,0.10002815111871476,5.0971568507330405,3.271452221199084,9.139743938237771
mature,5.854357820633483,21.166397533200232,16.03343445033747,32.830340802059425,6.011664740320823,0.10000095998882357,0.1000291911046484,2.793088661821914,117.55835554545011,38.55233029473981
maturity,1.0585334849330585,5.46972939125313,23.082988571432544,19.363752956527872,0.10003115064143961,0.10000007695517023,0.10002481935063752,0.10002344710838272,121.35301779053258,6.271898310936026
maxim,0.10003909310452457,0.1000054672800142,36.75692648631673,0.10000491790318287,2.4429101425078454,0.10000001166628948,0.10007028893936382,0.10002743032324177,0.10000212960236601,0.10001403207665185
maximum,12.32651134380968,11.021974769610564,11.361783447066996,0.10004709282330987,0.10004650178460789,1.516620674765523,0.10003540147571047,0.10001711792930172,5.374015934980201,1.9989477153307749
may,458.3641123214419,386.7768716229677,406.352594586495,376.3671013530749,534.2411361984997,0.1000000831893207,1933.1928211215961,681.0130437082971,474.36577807743157,1261.2265409266704
meal,14.948364766136837,0.7287878421254866,0.1000020074335998,6.571302751955722,0.10001403884976469,0.10000004644809556,0.10000165874704169,0.1000396702324015,5.531583205214247,8.71990401256354
mean,60.55747389324414,621.6005526723691,521.5633969422419,418.8898151831116,177.63410958616709,0.10000018196713287,402.649412006755,79.739339136674,523.0021156532191,198.26378474391456
meaning,17.569397320560597,136.04804529123516,182.14596441349673,437.37884775697984,36.83560938889411,0.10000007570860463,0.10001834356457028,11.820633466921853,224.50231429320462,25.49916964911904
meaningful,0.10000308656842118,15.222422962998985,0.10001565882191313,14.976479418701727,0.1000088240450272,0.10000005105624231,0.10000458281698957,0.1000102559288963,20.101054905089203,0.10000025378457045
meantime,19.345379168493533,4.400112053946734,0.5822846507014044,0.10002393301024091,0.10002055857188531,0.10000029904915285,36.94555481983343,0.10003654569381207,0.10002140458675889,8.226566565792059
meanwhile,9.032836431631043,3.434006540329662,0.10001989009863561,0.10004052156778948,0.10002132398818914,0.10000007044459946,112.94126509295013,2.550853770547806,0.10000881533030022,32.540947542803075
measure,36.35912204224469,96.24150297455778,79.34448176014516,54.908058352401646,37.681597871411164,0.10000004425977183,183.52721047449037,8.986893542122179,6.790760881200058,46.06037205682949
meat,14.952157857496513,0.10000469039044942,0.10001010590811579,0.10000466343350733,0.10000733059942055,0.10000000000370603,0.10002379676023118,8.511483725997994,0.10000104936109964,14.836306779883168
mechanism,0.10000191370553992,37.432309350755034,2.2390250621180923,3.628632772411893,0.10000062538367671,0.10000006675160665,0.10000143828070655,0.10001833148442604,0.1000103668977186,0.10000007203894401
medesima,0.10000000000044111,0.10000000000024026,0.10000000000025867,0.10000000000018286,0.10000000000053542,41.099999999971516,0.10000000000015273,0.10000000000034877,0.1000000000001597,0.10000000000022444
mediation,0.10000289880717504,4.5680081972846285,0.10002030078099966,82.59858955484688,0.10000698516349568,0.10000012495117282,0.10001935306468854,5.133274115767866,0.10007247220364704,0.10000599688679258
mediator,0.1000102994811012,0.10003397055025111,0.10002731566201871,30.447388133456016,0.10003210676226046,0.10000006444427463,4.794272491410434,53.87481027782338,27.841793985390684,0.5416313546428342
medical,1.5169480558778528,47.3256846787425,49.43646192811362,0.10001866054701476,8.120844084225334,0.10000000000157121,0.10000432981647282,0.10000746792827399,0.10002477687599876,0.10000601765546657
medicine,10.88900615520205,26.970506436229254,9.75804976945988,8.165365344150148,4.9819184998644905,0.10000001515654729,0.10003262193697145,11.001234823408682,0.10002693233058085,7.933859401916306
meditate,0.10001836451189085,0.1000247021490242,0.19440633079441727,35.76454227750122,15.445046644673615,1.1020487325932755,37.8236659865751,46.18097368767809,29.189263784305023,0.10000948888285023
meditation,6.817579963128128,0.10001084619366442,2.0862539590247517,24.122286750987865,0.1069458695933401,0.10000003135677982,32.03508585348879,112.67033379323665,33.8614872688257,0.10001566386899664
medium,2.6251277206002963,70.10513409340206,13.522269475325224,0.1000240518504969,0.10006519159343039,0.5087672127439172,0.10005046279548416,0.10002837034103186,116.7385164254619,0.10001699547845304
meet,31.78520226267958,82.08096036960247,50.073672558932,104.78301351132349,3.873795451421808,0.10000005798260087,108.52644647422268,0.10002703633003641,98.07808238795069,88.59879988921888
meeting,95.76410826106567,31.091150726442365,2.400366251807696,25.419559904116593,0.10002623466492591,0.10000007553434101,57.6893695758431,0.10001973273108465,127.17564611031975,62.159753127148015
melody,23.644299307710707,4.093868635271309,0.10001057756333567,0.10001426323801828,0.10000322679137683,0.10000006976870852,0.10001908794498364,7.561769339597904,0.100014038265974,0.1000014536557389
member,113.63597370114758,155.11903117148043,102.48495803116892,12.001207041723221,113.19842293448366,0.1000001684887491,131.84429709418032,309.5695406391502,499.47116539753745,129.57540382030695
membership,6.292191449187186,16.24952130877168,0.21306643014058568,0.10003187282607989,0.10001651931136302,0.1000000172549776,0.10002718917436255,10.896520776102594,29.241609315692,1.7070151211843199
memorable,0.1000164415489946,0.9994471707249901,0.10002392055995589,2.586515065001956,0.10003347417815273,0.10000010774561559,31.299203641152072,12.341133970993639,4.273603037327573,0.10002317042601211
memoria,0.10000657808262008,0.10001014603668444,0.1000612273395052,0.1002759256133491,0.10000000000498813,62.094266907554534,0.10000367532743258,0.10000756788667928,4.1053676175992715,0.10000035392643691
memorial,11.256345701764134,5.605160968329513,0.1000184736758075,5.820702295485254,0.1000176861158022,1.1012117516707203,0.21778524557835546,29.22329305521719,24.420984253656773,3.154480568135271
memory,5.413315387600545,18.12686526072613,7.101265120605001,53.657862983363856,17.9754051149797,0.10000017852844881,221.30971218620786,133.0216116792819,43.76157210549242,131.5323899828759
men,19.881392309682656,190.8556058978896,398.3828460160899,144.70072638249218,641.39950991383,2.10458258069613,1981.5269261103576,234.14083080254133,474.56313144512086,186.44444854093695
menace,0.10000592133752234,0.7392404776814812,4.208296031572291,0.10005759073695798,6.048904341606844,0.10000010052685532,26.91471696043682,1.2113585847180162,0.1000350408668135,1.4773849501014915
meno,0.10000000000299789,0.10000034637880721,0.10001593703163128,0.10000185655184517,0.10000000000363923,88.09995136923152,0.10001318523158176,0.10001606915259524,0.10000000000108503,0.10000123632521157
mental,5.533951365645271,6.899648464479459,26.231616918268,0.10003608604331779,5.511447187636028,0.10000016182720008,11.848784114236866,0.4587853739784352,9.687932670145443,2.6277976573686805
mentality,0.8353859676265247,35.47139186823577,17.51282054398738,2.8304745265993208,0.6592916412621654,0.10000004903787389,0.10001492316280161,0.10001952244050408,52.29058161413416,0.10001934321479557
mention,159.9644387994275,72.8113150847183,48.81318844382545,85.86146258767756,34.74140126409382,0.10000914622182704,96.05884071085795,40.56289439241033,109.47891945192312,221.60753011849815
mentre,0.10000000000058151,0.1000000000003167,0.10000000000034097,0.10000000000024105,0.10000000000070582,77.0999999999708,0.10000000000020133,0.10000000000045976,0.10000000000021052,0.10000000000029585
menzione,0.10000000000046778,0.10000000000025477,0.1000000000002743,0.1000000000001939,0.10000000000056777,39.099999999971345,0.10000000000016196,0.10000000000036985,0.10000000000016934,0.100000000000238
merciful,0.10001729897242867,0.1001512112439441,0.10001731745506692,95.02625480054999,0.10002203605506048,0.10000002989401527,83.78412663651123,44.09350244445298,16.64469660232282,1.9512116222292406
mercy,0.1000146000575678,0.6656562387102253,0.10002208192800814,631.483806244169,0.10001878877577959,0.10000011227218317,268.83162625327526,60.077231530018096,4.353356418968674,82.1882677315141
mere,4.081420990309239,100.52997251453533,74.53220392507293,25.73228673717398,28.403114479997463,0.10000004444850395,12.885842973538388,29.763760134628427,16.87137694093791,0.1000212590326797
merely,14.156552644686016,105.10650363854673,176.94692912493946,59.320895714885616,47.3159120545866,0.10000007590370778,40.22567432476372,47.847896972590824,19.070183493641547,13.909451955119223
merit,0.1000270833790025,7.741617223827583,28.073942729087367,22.350246011324515,0.10002424096096874,0.10000043308976896,127.93137001829324,118.84336757299202,13.550420009188068,77.20898467752238
messa,0.10000000000044379,0.10000000000024169,0.10000000000026021,0.10000000000018396,0.10000000000053862,177.09999999997163,0.10000000000015363,0.10000000000035086,0.10000000000016065,0.10000000000022578
message,13.687388963531143,213.89957911582079,31.99942662636011,110.64541889785104,0.10000763064995112,0.10000010149368017,0.10002489868595481,0.9189735733641282,532.3460716167542,2.2031085751760187
messe,0.10000265367501877,0.10002233742819118,0.10002145206896518,0.10003463609321124,0.10000000000469475,39.406457749896546,0.100001068976954,0.10000000000305793,0.7934601016103474,0.1000000000019684
messenger,0.10001576044770454,0.10002118110547718,0.10001534406360398,35.294757250267885,0.10000827341347122,0.10000003604433481,15.690873799591966,8.314669935330867,0.10003052573335136,26.099607893708686
messiah,0.10005141908155313,0.10000691624100708,0.10000568255500404,62.258482106011364,0.100005006385026,0.10000000000071528,0.10000395255050193,0.10002368459934982,10.941411538549097,0.10000969382703045
messianic,0.1000032211226919,0.10004831065600277,1.263307693919998,89.93655406164734,0.10001927503111818,0.10000000834012644,0.10002880859494398,0.10001786132952634,0.1000199285505348,0.10000083052626314
method,68.62775131615005,31.317535020414148,323.7139311372639,0.10002002049133467,32.17927197049852,0.10000004948117973,51.4673033426476,4.19023110547439,119.2039403842836,0.10001565299283811
methodius,111.72919311200471,0.10000650145688508,0.10000934555248775,0.10001619312170328,0.10002281257551297,0.1000000711670092,0.10001920733952455,0.10001705780812307,5.33030342483063,1.2404122738950336
metropolitan,32.25559165204955,1.1016067697230372,0.10000634650121522,4.005019222950362,0.10000352484673786,0.10000011087524935,0.1000269189990867,0.10001929572447642,0.10002113700985375,114.03770502103208
mexican,0.10007950834831826,4.960290343425449,31.23953059620678,0.10000029461073129,0.10000692852199547,0.10000000000330994,0.1000700561495834,0.10000101594784933,0.10000181778848549,0.10001943870100319
mexico,0.1000280236630914,8.920709728791646,53.898977389223234,0.10002980872886688,0.1000111439034158,0.1000000052520154,0.10004744725241743,0.10000678026334492,0.100030113098824,0.48015955949792655
mezzo,0.10000000000056163,0.10000000000030587,0.10000000000032931,0.1000000000002328,0.10000000000068167,113.09999999997096,0.10000000000019445,0.10000000000044403,0.10000000000020332,0.10000000000028574
middle,9.30465089746666,2.829425641246411,10.357901090082924,12.666231829563133,3.3341141037437376,0.1000001425384813,10.86234883237337,15.526002634202985,9.243998668633399,7.77532615979507
midst,0.10001986506816747,43.860526949602146,7.173891949654094,124.9598130792256,0.10002922282443029,0.10000008037502829,142.75540314253502,17.33099943898561,41.23501792458036,9.384298346820383
might,16.694909599552723,43.278403161927955,83.10787606016585,131.92594158260346,94.63827478160154,0.10000021698384756,414.8538127667444,138.67539101429938,69.23419278811873,228.49119802766523
mighty,1.2079959205166488,0.23202599647147262,6.621730166484511,27.272572385940915,8.194102254734265,0.10000002157208439,44.62161714613356,28.54991296810983,0.10002529429532492,0.10001784540911601
migrant,42.28947958709187,41.504838009612946,0.10000132046417133,0.10000827817739674,0.10000521938983231,0.10000001390170776,0.10001535656475109,0.10000349873582881,11.505646297136165,0.1000024187543177
migration,8.443171417703406,24.508172467495353,0.10000796522961254,0.10000984996570515,0.10000986734478218,0.10000005352419224,0.1000392986666177,0.10001434537210145,6.3485723334726805,0.100002400984309
milan,7.730631907747381,2.459831812885472,3.17523493151357,0.10002748529543741,0.10001947875839319,0.10000011085927821,0.10004636946106919,17.260351268120008,0.10115145773845763,13.872705177183347
militant,0.10000526115213768,0.10001570927681351,0.6628510920403269,0.10002705613504195,0.10000690926124972,0.10000001459290682,13.879688265640002,18.29209421409108,0.10004414623956778,16.56526733124787
military,0.10002208596192869,22.860944218289116,8.030551137519334,0.10002082521371078,0.10003287012332848,0.10000008093674521,37.05298763297736,0.10001507227978687,1.6875488029749175,17.86787727340312
millennio,0.10001386507928559,0.10001225488316096,0.10000078379004783,1.6813485370126593,0.1000000362616228,0.10000013464291785,0.10000427352088692,0.10002938153489063,61.518590430654704,0.10000030244537499
millennium,0.10001147158664661,1.1726188363842676,0.10000788048071631,141.285094641159,0.10000270611686195,0.10000023406647916,0.10000325796782214,0.10000972969849432,109.84224965771516,0.10000158464624752
million,0.10001336903141067,57.90406440086347,7.765121118830852,0.10002136614120247,0.10001301274784234,0.10000002299478798,0.10002269548340366,0.10001051930498356,23.630731941063647,0.10000155330225304
mind,26.97450257022187,58.80212613717285,382.2783244299292,89.66508240360808,214.56502737163345,0.1000000661263159,836.1023394074957,281.98840389608165,95.65534875205036,107.86884496534701
mindful,5.130222816209605,0.10002312455936994,0.10002060971129947,1.8040485865024707,10.47883060208895,0.10000003838804795,63.10288769393558,15.453962830857924,10.130688583394786,18.599315114021426
mine,0.100010652514577,10.820148710705631,0.10002619591464823,43.37971411982424,0.1000211725715496,0.1000000260644095,0.10002192459657729,0.10001506184769461,0.10002896968544045,0.10001316601120447
minimum,0.10000399214118227,20.917497963355057,12.548235921318371,0.10003296183486764,0.10001195958219324,1.100095850065476,0.10001933879336321,0.10001067977979215,1.8340884909234985,0.10000284191210182
minister,72.55910484333734,0.10002399805961418,0.3556572238242265,7.9625556229099645,1.6750865181203436,0.10000013135652289,205.1898723947776,70.190708992122,150.9159194263005,238.95107084886325
ministerial,2.0195966878895253,0.1000122136474293,0.10001367008251418,3.6720662011441125,0.10001428086667812,0.10000001916655589,0.11297179106692427,0.10001709136931022,76.59529111857734,0.1000169259273795
ministero,0.10000000000059735,0.1000000000003253,0.10000000000035024,0.1000000000002476,0.10000000000072497,41.0999999999706,0.1000000000002068,0.10000000000047224,0.10000000000021624,0.10000000000030389
ministri,0.10000000000046891,0.1000000000002553,0.10000000000027488,0.10000000000019431,0.10000000000056897,40.099999999971345,0.1000000000001623,0.10000000000037061,0.1000000000001697,0.10000000000023851
ministry,133.81143757849517,0.11904740479527014,0.3334833215055617,35.983776386471206,0.10002174356812368,0.10000020212119624,381.4665555440152,0.7890832817756985,884.7761556369445,40.52043889997882
minor,21.099657315600634,7.030371664084947,2.7798144097266944,0.10002588311806147,0.10005051211524627,2.12772577780672,0.10002819631229778,12.253446389835279,8.887098842683686,75.52178100833541
minori,0.10000000000043356,0.10000000000023612,0.10000000000025422,0.10000000000017971,0.1000000000005262,42.09999999997155,0.1000000000001501,0.10000000000034276,0.10000000000015695,0.10000000000022058
minority,0.10004461963184316,25.24380814692486,0.10001299261000658,0.10001537120489933,0.10000660805214479,0.1000000137629607,0.10000307771690052,0.1000149917112041,22.173091582979946,2.8830025951720564
miracle,0.10002430388115063,3.8655691761503115,16.90448952524234,0.10002835036399282,6.19007584694163,0.10000104559052692,0.10142271125911126,72.92945069861645,7.788736378559508,3.9202019630571243
mirror,0.10001269134851289,2.4782555936835777,8.62947362181698,28.449256199204456,0.10002199315917644,0.10000237144162545,5.987910838107848,8.542166761505348,8.195350683407845,3.417549245981616
miserable,0.10001182325872686,1.6922472976091076,0.10001957382493523,0.10003652158911372,0.10002958940653643,0.10000001490983029,44.10613188150457,1.738994576029484,0.10001078679200699,3.8625179347673466
miserably,0.10000529890812196,1.1894139366757575,0.10001669359868343,0.10000616299126404,5.993257569400944,0.10000001062898416,29.117244601248586,0.10002535450186605,0.10000116541654139,0.10002920640195977
misericordia,0.10001924737150518,0.10000769519902067,0.10000475420620045,7.877067160968521,0.10000636487677969,49.111958176367246,0.1000023540115576,0.10000366836386526,7.310929561803319,0.10000101665511434
misery,0.1000076241053437,52.6206038832703,1.271218173066806,9.952029983924952,0.10002809172362158,0.10000005174984482,88.66762871060978,0.10003438336518931,2.9884442812023857,0.10000481668200584
misfortune,0.10001291144032555,1.528009324609638,6.707455148987703,9.980143759946243,0.10002402343041693,0.10000005251688285,59.184283246761495,0.1000248600357808,0.10004132707297057,0.1000053448819568
missal,105.46305862923853,0.10000623077585731,0.1000087072738783,4.7543904903300795,0.10001325480138777,0.10000002099553076,0.10000522486437305,22.983671447642376,4.198836128108535,0.10000986575812934
missio,0.10000100776453069,0.10001129314738645,0.1000032684879651,0.10001578098903073,0.1000000181198242,0.10000001767856577,0.100001600620686,0.10000123523872044,51.09996563658395,0.10000014126450008
mission,41.67496624957874,32.40904147004484,31.654366814108222,343.21937614220934,0.10002610093309414,0.10000004721835076,303.9488907361434,0.10002311782020154,1295.6933006859592,0.10000863568553109
missionad,0.10000020627119086,0.10000458010994037,0.1000016224938045,0.10000769614187541,0.10000017665900822,0.100000000000284,0.10000070736076215,0.10000050178283086,50.09998441642725,0.1000000926745795
missionary,74.16779790174117,2.4134388259545116,0.10001197181927808,10.22484220411738,0.10000729951105684,0.1000000974254344,160.42080648153285,0.10001441944386115,922.2730744474,0.10000635079478119
mistake,7.119215058196096,15.781618041130184,30.676878985549003,3.5264310402319974,17.064170348779637,0.10000003325700121,0.10002485039194182,3.581031851962136,0.10002353963112444,4.950606250544071
mistress,0.1000154276755405,0.10000298596689419,12.868036247075674,0.10000409263719207,12.960896345662151,0.10000004681696271,0.10008011191860144,0.10003021318381314,0.10000828633983097,10.470926242411466
misunderstanding,0.1000221955754604,16.661870711099162,7.700774241012819,8.043655343880637,0.10000952681892425,0.10000009611411298,2.0509413059777426,0.10002632473338627,21.04268867936565,0.10001157511351388
mixed,10.824517108082938,0.43122458587042856,5.962285152149828,0.10001890066755748,38.65197722420271,0.1000000458222491,0.10004178243690892,2.178470524304074,10.171048832925349,10.480415843151865
mk,0.1000089329037073,0.1000156886489906,0.10001224021285278,68.54011366559894,0.10000411226027554,0.10000001633527097,0.10000558553057687,0.10000375714211408,38.65983418965337,0.1000018115502874
mode,0.10002964332139018,0.10002169250271083,67.0462538299989,2.6583980503522047,21.89401732449383,0.100000021687968,0.10003983194806698,8.014222204890613,15.640062077350679,2.346955323119259
model,0.10002413718515714,76.19793166156263,24.13101993697803,95.63892028474278,0.10002786158390702,0.10000010427391591,58.40481242699321,62.12086732311527,111.97827344266597,5.228122820564507
moderate,1.7998392152129068,8.58033864455777,16.93610634822866,0.10001935056919209,0.10005452708650654,0.1000020979342418,0.10005437437826098,0.10003246600306553,2.460728011185369,27.72282496444229
moderation,0.10003042209386552,4.07999769132469,8.80761143797138,0.10001570193479337,22.78388991313096,0.10000009000122993,27.220817907167906,5.53103089184731,0.10002846287066082,14.176577481339322
modern,20.706048899401683,167.44451219306265,292.6037549355312,120.2548298422285,23.878491595866397,0.10000015358470853,0.10002366752079599,11.040196294717587,148.63167426064575,3.2404681571121614
modernism,0.10000207274088686,0.10000511034369472,36.09995391966842,0.1000020633646139,0.10001450508151605,0.10000000000089995,0.10001613758456303,0.1000025350255207,0.10000044343280866,0.10000321266417586
modernist,0.10000602322794287,0.10000019047191162,117.09997592255574,0.10000009516259444,0.10000618061741356,0.10000000000101882,0.10000387436133273,0.10000223461251459,0.10000001656692552,0.10000546236328624
modest,0.10002969137730701,4.274927794668767,11.033145514392395,2.268041385124773,0.10002504010692517,0.10000910153777876,10.628695569820184,0.10003369482981964,0.1000270254212732,7.295065182359656
modesty,0.10001088616149634,0.10000602613680958,11.313887852813474,0.10000422879002663,0.10003856805605486,0.10000001292388394,30.466795490275125,19.716855995076084,0.10000634690267406,3.9023945926459014
modify,20.28872518214351,16.47280298198277,18.429045211467926,0.10001631590939399,0.1000306402827187,0.10000003420375617,0.100021715031741,0.10002668842439984,0.10002907401965526,4.209302156234011
modo,0.10013155797768551,2.3753477893142088,0.10013027553825223,0.10002461307328253,0.10006303347024464,314.5140121908494,0.1001737438342973,2.4099940348310853,0.10001105590179638,0.10011170429400731
molte,0.10000000000044888,0.10000000000024448,0.10000000000026321,0.10000000000018608,0.10000000000054482,41.09999999997146,0.10000000000015541,0.1000000000003549,0.1000000000001625,0.10000000000022839
molti,0.1000000000005808,0.10000000000031632,0.10000000000034057,0.10000000000024076,0.10000000000070496,114.09999999997083,0.10000000000020108,0.1000000000004592,0.10000000000021027,0.10000000000029549
molto,0.10000000000049263,0.10000000000026832,0.10000000000028889,0.10000000000020422,0.10000000000059796,88.09999999997135,0.10000000000017058,0.10000000000038951,0.10000000000017835,0.10000000000025064
moment,16.336286573779883,68.55480291368441,78.89920195165426,329.6173420533521,9.525075109807768,0.10000381364081011,36.17738711256285,62.510728838178565,144.39132176708483,18.88784986591028
momento,0.10000000000075926,0.10000000000041351,0.1000000000004452,0.10000000000031474,0.10000000000092157,47.099999999969704,0.10000000000026288,0.10000000000060028,0.10000000000027487,0.1000000000003863
monache,0.10000000000086942,0.10000000000047347,0.10000000000050976,0.10000000000036037,0.10000000000105513,38.099999999969015,0.10000000000030099,0.10000000000068734,0.10000000000031474,0.10000000000044229
monastery,27.18360896582242,5.827262272770711,0.19690225007879417,15.303321454759345,0.10004395624181597,0.10000200570210871,0.10005058217412695,0.4004585468462244,6.869124093621305,243.91922587158098
monastic,2.7874731065631533,0.10002232548321363,0.10003212097744857,27.064378396351234,0.1000123862236492,0.10000003116156372,0.10004874415277756,0.10003560620743264,21.839036175140464,54.70896110737367
mondo,0.10000000000066363,0.10000000000036142,0.10000000000038912,0.10000000000027509,0.10000000000080549,45.099999999970244,0.10000000000022977,0.1000000000005247,0.10000000000024026,0.10000000000033762
money,2.9228333642337168,42.130333332364344,3.0882186558530735,0.10002535549081319,0.10002333351770416,0.10000004819377493,49.3374526969741,0.10001384514321124,6.212842547742177,186.908256820165
monk,17.986928980675845,3.960443986287741,0.10002189704471197,28.821180318135394,0.10001402655851724,0.10000002224243469,0.10005543799328002,0.10003652732245194,0.10002138297466519,141.63129742040186
monstrous,0.10000476859391337,0.10002698641825276,18.09048078183297,0.1000030010085831,0.10007316297928599,0.10000000142889898,0.10010384901829035,0.10002069875287431,0.10000011685526185,22.109286632734
month,2.0066297027836097,0.1000190552093228,1.3178235117734483,5.60174073845079,0.10002793373034971,0.10000033038983623,41.69854200152856,92.39591617240418,3.9312372021658173,130.74806335121554
monument,0.10001809995113665,0.1000345985313415,0.1000146099799626,0.10000582550275859,6.798767432186095,0.10000006805211359,33.241574447363064,17.259557970021294,0.10000088036213312,0.10002606782941487
moral,11.377079333730453,307.8155322871766,1110.3385612119944,42.92748699581147,139.172140615349,2.1020048296505967,103.61614508098853,3.881758218913234,107.63102443937399,70.13826698664572
morality,0.10000875807992127,16.323996926688395,232.87802828270378,0.10002566856347025,27.14155558385256,0.1000000307442314,36.14818797407065,0.10002088170185547,3.4831441391701974,0.6250317540957909
morally,1.4096661222185332,27.292235987674477,49.23315396837428,7.342297070819537,1.2226155802626348,0.10000030926092268,0.10000651923416258,0.10000908065243302,0.10001408224840436,0.10000127903216242
moreover,46.58762975548507,54.212273280237014,82.81245111696549,5.534800657491343,120.66087630257694,0.10000011500185148,178.38040897891005,98.19817471029988,80.41807031390825,244.09531476878718
morning,14.906118304619097,0.10005829690868394,0.10002548088552857,20.267178573640017,0.10001053081174878,0.10000004576399624,0.10001440327170118,13.330061326030641,11.216171598354762,1.7803614393727478
mortal,0.10002802021687836,0.10001822894288147,47.34036525775162,30.355474816561415,0.1003328102129694,0.10000025126655061,33.84934789855352,54.06526528030021,0.10000894233819793,32.88915849356943
morte,0.10000002992732164,0.10000000000037597,0.10000000629673647,0.10000000754376383,0.10000000000083799,78.09999995539286,0.10000000000023898,0.10000000000054576,0.1000000000002499,0.10000000081120351
mortification,6.634226154507874,0.10002727270885294,6.953734221553236,4.296083957548256,0.10005513052529601,0.10000001886818081,7.430675955454374,20.186759652454835,0.100046882407808,1.0983907535656796
moses,0.10002835911281618,0.10000907730311152,0.10002169513479503,66.13323846085012,3.5110242062871504,0.10000000589408349,8.73478746963509,11.03563123334345,4.904703212140625,11.280556279987653
mother,1.7101822862694913,15.273689980179155,0.2747680469225102,572.666618247026,117.48400774813484,0.10000009536546858,164.0936444068647,1016.8943348685167,75.5839440936883,37.91881022670406
motherhood,0.10000235789280232,0.10001556869344985,0.10001099279915569,222.39826037185466,11.678008882748708,0.10000000809970057,0.10000366947292903,14.223680337373425,0.10001646114361239,0.10000134975663429
motherly,0.10001718304186547,0.10002177859402414,0.10002769148947743,0.1000258619367059,0.10004962511426418,0.1000001488812097,13.547845062457395,10.041190114953602,13.710816023934054,0.10000650930413872
motif,0.4504186159252943,5.224623101811532,51.82219828529594,0.10003534076656631,13.566324998755379,0.10003556563134455,19.881914182516407,4.364424236867303,4.389992791166093,0.10003288087096865
motion,0.10001651437499137,0.1000193328049434,123.48341176325539,3.8929962321073073,0.10002166158398626,0.1000000621960837,0.10002744969492218,0.16372753576956595,0.10000981349713081,6.8597696344116
motivate,3.715930786476167,13.790350362383153,12.226005030553992,0.10002713972685148,0.10000953188904912,1.1011128282796625,7.650840386607277,7.399356434023657,15.761008342451134,1.1553591572254749
motivation,1.1843372504991059,23.647921578172927,0.10002593210041535,7.332085984297371,0.10000344969885877,0.10000009043235361,0.10000878031511526,0.10001615139223453,28.235594038278396,0.10000674456571049
motive,0.10002058327075079,6.351349588081649,40.487312598456434,5.189977737923122,3.9843685660815593,0.10000001942251505,25.097171994168797,0.10003703211803669,0.10002154269146674,5.489740337451496
motivi,0.10000254106667072,0.1000000000026872,0.10000442311882905,0.10000000000204536,2.09994972812675,38.10000439292051,0.10002038420513831,0.10000000000389887,0.10000000000178641,0.10001853043369041
motivo,0.1000000089357837,0.10000000000031906,0.10000000646324247,0.10000000774328055,0.10000000000071102,76.09999997599733,0.10000000000020283,0.10000000000046315,0.10000000000021207,0.10000000083260109
motu,118.60434746855786,1.9920706050541093,0.10003067336606512,0.10002853701442584,0.10002238864558635,2.5361367241532613,0.10002824003100577,0.16523668760759996,12.793604484986092,1.5084941902052615
mount,0.10001323613000522,0.10001498413097007,9.823364078615368,48.704644525332995,0.10002096114612517,0.10000002675504528,0.10002462822365799,20.90128411433966,8.11997338334225,5.9506600616856895
mountain,0.10003400407314181,4.807361463731857,0.9229961196174508,14.653986448126775,0.10001614045273059,0.10000043109379882,20.95343439073237,29.94606431820192,13.58635680760228,6.829749876013279
mouth,0.10003151606973644,0.10002026198892164,2.6029873135464663,17.827988266126127,5.60857804238088,0.10000000544197817,29.894076976616013,19.06681372883459,1.3239717470337578,36.37553214160847
move,6.623251569077873,80.49913956854613,30.93055821410527,74.18412678048944,16.8485790751667,0.10000005924424991,195.1674190824948,129.7027305707494,62.79698459432883,45.14721048545975
movement,4.845150570339103,116.29160903032636,38.385007458167394,16.215707474550523,0.10002702153556585,0.10000006156034412,15.636271220948707,17.32285139661567,170.00334723217367,0.10002853344519831
mt,4.46303668813183,12.658637203013956,0.10001331270753351,229.93951116013807,0.10001672400104644,1.1303341341513162,0.10004743053861749,7.406511289562055,41.39562425908857,1.706267798269754
much,1.7764360345236565,195.71138029109977,157.97786572314337,110.36140643904828,168.73685800743573,0.10000040571835557,533.1855963081952,108.65344674618433,114.86870605205063,173.62830399226536
multiplicity,0.10003844609419417,4.591928114707592,11.146261431207046,5.866305182986859,0.10002904649974395,0.10000001964189852,0.10005390792213537,0.10004591634344887,11.934240163435467,1.961097770740112
multiply,7.209630078691204,13.30461960156806,0.8940320362759729,9.020409693943359,12.51008251694135,0.10000008376517333,39.885281096633044,5.88542661240587,0.10002816856026327,10.090490110877326
multitude,0.10002280121063636,22.68563125766093,6.854004301589556,7.8114553061521015,0.10003539796117371,0.1000003462908498,177.8956048526526,22.9161083544985,24.68813871728703,10.848998664358549
murder,0.1000007758307753,12.182753609694217,7.869984758702128,8.878195990048193,7.080889102366182,0.10000002922881569,0.10004085783798855,0.10001330643264421,0.10000705956858061,3.4881145099972755
music,119.38306827217075,12.973698360270264,0.10005343159145423,0.10001899848867007,0.10000268155397903,0.10000031755247688,0.10002036559617299,4.94309796504405,0.10003577891469664,0.10000382852449667
must,500.15017483224676,905.8854175585378,1279.9474189304296,399.18511029218917,425.5986361478786,0.1000000881858214,986.4001432460458,191.32133720916022,1369.086378567912,192.32538312707817
mutual,4.838288297885153,114.23820608471637,6.8592243498612175,63.81741355777125,151.11515890016608,0.10000004690546889,127.40796200664614,0.10002490386688379,141.45407465460795,10.069647197242908
mutually,0.2720029768287098,16.394886502157316,16.606068529514676,10.006800506289649,0.1000397487305765,0.10000007624937299,4.847630779026384,6.279965984895707,9.818681233773,4.573923662164362
mysterious,0.10001457360965194,0.48159786071564503,22.44560446094187,71.46586432347858,0.10001866434690265,0.10000003444327044,7.913212597321188,16.439026395993007,26.85464863445072,0.10001245439141145
mysterium,0.10001974843758378,0.10000431217558753,0.10000950569212558,25.967249302145273,0.10000236201338712,0.10000000324348944,0.10000184181178333,0.10001974755691519,10.232653499967235,0.10003967674463274
mystery,4.841630026759783,2.400216217694075,38.53424984062434,1203.6606601146148,4.221320558493648,0.10000007766742888,13.258030628523858,462.045740533494,497.5731589592018,9.36499304259572
mystic,0.10001227208079336,1.7517233580480152,0.7862412124210446,5.131191798565698,0.10002191904514443,0.10000002813511832,4.287341946242424,23.543420240406107,0.10003478986628582,0.10001243484198938
mystical,3.7243990119154065,3.9736541560037075,11.452485819046704,6.545429716967065,11.54558296463891,0.10000010249843794,7.195277446913742,226.9350929066848,40.42805108392929,0.10002679106778882
naked,0.10000807723922783,10.098623935018189,0.10002264585660894,18.3954613613071,0.10004185488510019,0.10000003770063563,5.760281680676282,0.10003666760945651,0.1000152380231399,0.14550850132232326
name,157.24094597738582,86.58234698253605,78.57366361021703,288.09006109177955,21.781453178676525,0.10000013434011505,449.6406829568355,148.1196729871275,133.87528955366707,363.995883527099
namely,11.23375042278757,35.48769530111359,72.92891874470916,53.60518511464162,103.72097382158846,0.10000015919894961,27.764828092979965,61.72556153768653,30.14459835381316,181.28848845114223
narrow,0.10001023790516893,19.81984289047991,11.510554015903141,11.33391424588528,5.096629080996602,0.10000645554945224,17.738063605121972,1.4012950310217662,4.799674206243924,0.10001023057563055
nation,14.141664170245154,461.7884006246831,21.65441106576171,88.24673072239933,33.379685935784465,0.10000006653664155,1019.021583501336,2.2620797826866568,114.28673489804794,67.11870923218946
national,27.450332270926918,163.49534095059823,61.5414075260502,0.10002223801379667,0.12049946781740184,0.10000002485391331,0.1000335923653578,0.10001605447702594,59.89233585676887,0.10001201782734592
native,1.9803143160086263,23.729153899243215,1.499328026314377,0.10007454653879695,0.10001269379912474,0.1000000319794191,167.86082863679528,1.1838573258006717,9.346419597206403,0.10001092591314488
natura,0.10000032904495798,0.10004016382965449,0.10002215583565943,1.8673255904399528,0.10000285696809465,45.44509013283392,0.10003132502439906,0.9874586774787502,0.10002092778811926,0.100007840439714
natural,8.920964113744496,205.17873737795318,371.6385499748915,3.462216685440625,256.36645680786796,0.10000004342545066,29.8491528023811,62.424198596689365,11.466047833405922,4.593675763870149
naturally,0.6765821453290658,13.11268245408775,40.91212331216235,16.933268272650672,15.753999345190588,0.10000006071690963,19.02214230900958,15.980507430221133,11.942876008376276,3.565818661895114
nature,40.157136050506246,351.2994861014085,545.2359064442285,194.20277861651775,513.5802434967336,0.10000424023471163,6.845961868442991,326.81407889354557,249.56415422456726,183.20025006348533
nay,0.100012741129321,0.10000591221216129,16.365052000517057,0.10000768859836774,51.19648406061282,0.1000008652043552,66.14116293096362,10.697241435835563,0.10000884769497974,0.10002351702114166
nazareth,0.10003280497222576,4.0280106459495135,0.10002642304715374,201.55376724413674,0.10003075614120704,0.1000000191334707,0.10005265174014763,18.283076508632817,15.534991322197547,0.10001162369002341
nazionale,0.10000000000073182,1.0999366472587355,0.10000172447808198,0.10002601570416637,0.10000000000088848,62.10000051089275,0.10000522572227624,0.10000310939362582,0.10002665095129613,0.10000011540774702
ne,3.038994756035843,0.10000290599240189,0.10001481952228054,0.10004266837431151,0.10000791729400667,208.1608365563517,0.10003626729980919,0.10002981407814843,0.10002293944133898,0.10001135531206277
near,0.10002969032619402,24.504335321154038,7.792072700992649,65.9774028951721,0.10001898938176995,0.10000039183483765,51.7181328385227,25.127553598175876,17.517493628482907,15.062959945623614
nearly,4.080409001070426,3.9539604262004056,0.10002198992528698,0.10001165607726939,6.068973081259018,0.10000156956869295,41.32367870065186,0.2343515085668265,4.077972402848628,13.960619663518786
necessarily,8.597537557735253,36.09024852120086,73.71851218804099,22.292890477281013,49.61644453916619,0.10000009314538831,0.10003622126802868,0.10003279921567107,21.925978119090427,6.4583194835005635
necessario,0.10000000000064667,0.1000000000003521,0.10000000000037906,0.10000000000026799,0.10000000000078467,93.09999999997046,0.10000000000022381,0.10000000000051115,0.10000000000023405,0.10000000000032891
necessary,194.94703280364575,190.93730754126622,364.74541917134235,10.356562713530746,144.7675233898509,0.10000005344711936,346.92635332343525,24.01969282848074,450.6109963603023,259.5891118143641
necessity,22.67972515869807,41.551536815635345,69.9504403356623,0.10002461342559109,81.33941859685173,0.10000024948133877,134.18815543095394,12.134633177041138,39.02118822417357,146.93487739774736
necessità,0.10000000000083471,0.10000000000045463,0.10000000000048946,0.10000000000034602,0.10000000000101314,73.09999999996934,0.100000000000289,0.10000000000065995,0.1000000000003022,0.10000000000042468
need,159.530488349062,1064.2228804138992,231.4936255223285,351.6011391700493,15.92522704060903,0.10000009466052329,432.52895303150177,43.38901693585018,966.5273452187199,126.68132422298328
needy,0.10004465286270618,36.11768040360069,0.10001850941584067,11.722486249969618,2.2502734579941035,0.10000003616859325,28.440414692830927,0.1000332047322738,22.699371942484003,13.369676849596326
negative,0.10000615646236495,65.5590032206122,27.76995074997317,0.10003089573454334,0.1000144331162349,0.10000006148531447,0.10000450211249984,0.10000304158702523,48.0911144959428,2.9798724427258723
neglect,8.601916494185112,19.207323990862456,71.97367752209412,0.10002028013113731,35.26079739345017,0.10000006041044172,160.01388257149137,26.77643848097139,40.68044760015981,55.285495605921106
negli,0.1000000000004695,0.1000000000002557,0.1000000000002753,0.10000000000019463,0.10000000000056986,63.09999999997146,0.10000000000016256,0.10000000000037121,0.10000000000016997,0.10000000000023887
negligence,0.10003306535124902,0.1000450359640978,0.10003497080127165,5.129461114596922,0.10000975526623283,0.10000008547990755,12.65562137389667,4.05617905417119,1.8052971997846352,16.853318344313376
negotiation,4.93170592563584,13.28007046554084,0.10001859979532084,0.1000146308856973,0.10000742074310076,0.10000001899403901,15.447070207781266,0.10001213674760262,0.10001266964416017,5.741087923986183
nei,0.10000000000082546,0.10007476048628064,0.10000000000048402,0.10000579524436859,0.10000000000100184,270.09991647661315,0.1000021758871377,0.10000000000065258,0.10000000000029881,0.1000007916328564
neighbor,0.10003163530979645,21.56347701241633,21.33499514435062,9.792071284002336,2.2713729276202437,0.10000059232063431,80.30588870413682,13.430714726774672,25.00142329051957,0.10002468221067758
neighbour,0.10000808084496828,84.80618983719884,1.0432471129800862,127.7773959865511,0.10001196467141268,0.10000005367558215,0.10002230196903562,0.10001917732265896,21.46370947515413,12.409396009348567
neither,12.597240819992743,53.728486527339996,143.36100217966896,20.909338871868446,90.83814120438609,0.10000010824124805,93.1525398650909,31.841377539575404,24.458718599262966,127.01315428423463
nel,0.10000000000057656,0.100000000000314,0.10000000000033807,0.100000000000239,0.10000000000069978,732.099999999971,0.10000000000019961,0.10000000000045582,0.10000000000020871,0.10000000000029333
nell,0.1000000000005569,0.10000000000030328,0.10000000000032652,0.10000000000023083,0.10000000000067588,341.09999999997103,0.1000000000001928,0.10000000000044026,0.1000000000002016,0.1000000000002833
nella,0.10000072606262152,0.10000041313724439,0.10000197635032336,0.10000083535212205,0.10000000000080496,598.0999959310661,0.10000000000022961,0.10000000000052435,0.10000004194580878,0.10000007605377813
nelle,0.10000000000057892,0.1000000000003153,0.10000000000033946,0.10000000000023998,0.10000000000070265,334.0999999999711,0.10000000000020043,0.1000000000004577,0.10000000000020957,0.10000000000029453
nello,0.10000000000056863,0.1000000000003097,0.10000000000033343,0.10000000000023572,0.10000000000069018,83.09999999997088,0.10000000000019688,0.10000000000044958,0.10000000000020585,0.1000000000002893
nessun,0.1000000000004552,0.10000000000024792,0.10000000000026693,0.1000000000001887,0.10000000000055255,75.09999999997153,0.10000000000015762,0.10000000000035991,0.10000000000016479,0.1000000000002316
nessuno,0.1000000000007301,0.10000000000039763,0.10000000000042811,0.10000000000030265,0.10000000000088614,83.09999999996995,0.10000000000025278,0.10000000000057722,0.10000000000026431,0.10000000000037144
nestorius,0.10000395654047932,0.10000000000112347,0.10000185024650138,1.4205424643739784,0.10001632834099149,0.10000002490474637,0.10001128635422081,3.4595825369870212,0.10000136012710094,90.41984019195102
network,0.10001481019398295,38.69199748396171,0.10001491617778203,0.10004422955229317,0.10000328512506511,0.10000001690896695,0.10002390007892822,0.10000669004500769,4.507891874812529,0.10000279288825875
never,27.260555313521202,165.09603854248277,206.5174281115827,156.35895763130017,104.74831413710525,0.10000013174346069,559.04299142146,115.87694334884638,122.66287040067999,80.33590096094183
nevertheless,43.63581580316573,37.64006515015399,124.91044848755352,74.32097137589741,90.85928962190675,0.10000018743253111,99.23338459291627,52.19725528051019,36.52285481864926,100.57991468147776
new,360.0789339324976,713.3268129387334,336.2279788093227,995.4771809550806,65.48287290704428,0.10000018619920259,317.60666938168487,144.36839995760502,848.560788368192,125.77036256330501
newly,11.643070001666207,2.6088388302492977,24.300094397563086,3.5135198722309733,0.1000329578964781,0.1000001542252587,20.80288587692616,0.10002330945717436,0.1000233837860653,11.731511215664183
newness,0.10000835039337956,7.123533460500478,3.0982661978063177,36.29093257443793,0.10001500945201276,0.10000000152942631,0.1000262958272784,0.10001834897893677,51.88719594610708,0.10000381469940327
news,11.835040190421388,5.02456115194898,7.578755800097737,61.90130274854272,0.10000885315597362,0.1000000122898774,22.712649922188394,0.100016277397039,196.39748918349014,3.250175860146309
newspaper,0.10016841762113579,0.10001742616860998,4.752730504094162,0.1000146139778083,0.10001857147030357,0.10000002802476947,27.786330267077634,0.1000017966703049,0.10000570097310651,2.760712673599601
next,20.339674049910332,8.04769381586999,12.848963556284076,23.759632172909832,0.10003532804485604,0.10000058674972775,25.628130120372525,19.06836480033926,4.9398346410804646,121.16767092809074
nicaea,0.10003237000553254,0.10000087501904557,0.10000494785612923,8.94652310820534,0.10001243795535163,0.10000003919599357,0.10000943768420911,0.10002414239444715,0.10003110261034327,40.25336153884968
nicholas,10.554411742170048,0.10004357176214232,0.100012178883096,1.251556138704526,0.10001643532274909,0.1000000708284757,0.10002699001356573,0.10003070466823669,0.10000162257057596,65.49390054478583
night,0.10003024097254323,9.002855775510524,0.10002728387324847,33.780694892757296,0.10001664361707673,0.10000006886120699,27.005112438318704,52.26410908603463,2.4932795194542052,16.053874050261413
nineteenth,0.10004038750279343,15.006676361955536,0.10002524125762748,13.169423279018968,0.1000201542620015,0.10000026629505226,10.445194548461027,0.1000399550163726,0.10002154765788768,2.778558258235357
ninth,9.624715801016816,0.10001151894415955,0.10001477257447292,5.0314350954777405,0.10014698977734435,0.10000002378315942,12.58308591262974,0.8869247439196757,4.094316502053409,8.379348639492925
nisi,4.174188289294372,0.10006969000212802,0.10002877223657065,0.10010038467416633,0.10001010920590908,37.02553284827501,0.10000954913339642,0.10001710901999734,0.10004268959979173,0.10000055810882925
nn,21.08968672507356,0.1000017860251658,0.10001737765917261,8.082151102173052,0.100023653491787,0.10000001102630435,0.10001116119246442,0.10002447885572663,13.12807019299369,0.10001351128338667
no,46.84220381107038,12.061994489857184,6.2711147093227755,0.10003497628007453,0.10000927536739561,28.011278111734615,0.10001111707050413,0.10000879185221705,12.313336323765743,0.10000839339619376
nobility,0.10001247985023654,8.740260522143824,19.99608808507907,0.1000235185950677,0.2485402361617699,0.10000006385513044,21.395942553653093,13.380986273782497,0.10002685272972786,5.838119413826877
nobis,5.662176177648736,0.6757613732037826,0.1001219516805546,0.1000297945120197,0.1002547150792634,32.05714105922428,0.10026934643029832,3.536349982041544,2.130197773652192,1.5376978254281288
noble,0.10001973398353382,32.73726424194271,44.540989818329535,10.293049744375121,28.972276252388337,0.100000494313163,247.55485147062558,23.600441141969625,1.4627194935345749,31.638387608203935
nobody,7.8296760516870565,6.67592472637055,0.10005004171267001,7.114067336352984,0.10001493720184111,0.10000009823080674,0.10004659859417654,8.260159122783914,0.30108915475752623,135.41897193188927
noi,0.10002167164850943,0.10000000000303803,0.10000000000326999,0.10003573525969396,0.10000000000676586,643.1000833550708,0.1000148986668898,0.10000760062987867,1.0998367384887697,0.10000000000283885
nome,0.10000000000067537,0.10000000000036782,0.10000000000039601,0.10000000000027995,0.10000000000081972,108.09999999997031,0.10000000000023383,0.10000000000053394,0.10000000000024449,0.1000000000003436
nominate,2.106931147684216,0.10000553831169474,0.10007189725556095,0.10001758687800194,0.10002238415184983,6.135317426929847,0.10003775645779975,0.10010265721645803,0.10002010560669311,37.05747349908608
non,11.951130132737434,3.7770627199463322,18.717973336152124,0.10003043010386181,0.100034970637831,2361.8429279152283,0.10003567568994837,0.10004057581693225,8.563912049378688,1.746852193905204
none,0.10090916928550903,11.294850537984702,37.33018671474912,20.272723635480343,22.5265426865051,0.10000010650463878,75.95075573640611,35.674966155473655,4.83682229538371,65.91224296188501
nonetheless,20.4042643331828,32.535946205661226,24.502634076287855,33.465508318771455,0.10003241360998955,0.10000007900920302,0.10004484766165724,0.10002697119683004,13.787796478444365,9.903746275805
nonostante,0.10000000000102545,0.10000000000055845,0.10000000000060126,0.10000000000042504,0.10000000000124454,59.09999999996822,0.10000000000035501,0.10000000000081065,0.1000000000003712,0.10000000000052167
norm,317.2764603213246,34.87145288086677,193.97716941295647,1.2301852785530933,20.88395813723017,0.10000002937714486,1.1908935762305606,27.048934464638045,105.81302912366529,3.6079167748192247
normal,0.1050057377628533,25.863090846883903,33.28657703308159,18.972208575633452,0.10002367340756484,0.10000003699738538,0.10002121382607264,1.9107609363960392,18.61586601016348,3.9464459355190518
normally,1.3499417349051066,8.987129266762944,7.764782294280362,0.10012857674535255,0.10005247885657866,0.10000001176143584,0.10000499508766243,0.10002530799032608,19.75681955093992,2.6411157821953104
norme,0.10000000000070557,0.10000000000038427,0.1000000000004137,0.10000000000029245,0.10000000000085633,38.09999999996997,0.10000000000024427,0.1000000000005578,0.10000000000025541,0.10000000000035897
north,0.10003261994588974,19.383529159433294,0.10001030346440734,0.10002233624435797,0.10000343815344165,0.10000001568366394,12.715330466796651,0.10001359692784939,11.949093073275796,3.3519649897902823
nostra,0.10001903496288456,0.10006391944232917,0.10003322157466218,0.10003195110290855,0.1000956763869076,389.16433615781375,1.6462367179055002,0.10002197247128447,11.489159038019896,0.10000230990379462
nostre,0.10000000000115616,0.1000078579318531,0.10000021923276677,0.10000987222284696,0.10000000000140317,107.10000091030422,0.10000096187469132,0.10000000000091401,1.0999801782906375,0.1000000000005882
nostri,7.1148099932860145,0.10000014559170244,0.10000001054367821,0.10000847427647878,0.10000914804469502,232.0851222024535,0.10000309459299156,0.1000197576769899,0.10001255342005896,0.100014619981602
nostro,0.10010541483703057,0.10000000000207385,0.10001542362061558,0.1000194844568333,0.10000850075964754,389.100029985898,0.10002698260873275,1.0997581584899192,4.099972300249683,0.1000637486886166
notable,7.475175107767674,10.744346923769315,3.918151979338342,0.1000339296972007,0.10003107574274693,0.10000006446435,28.244426646745666,5.323293812851502,11.654608992076232,8.339931467191782
notary,0.10002722123224231,0.10000003075594636,0.1000036901284483,0.10000142446657494,0.10000324889207747,0.10000001885896237,0.10000588799637987,0.10001429048469429,0.10000006645295806,76.099944120641
note,78.0606640441919,77.0244969453553,71.57240006927086,39.94376168278069,9.095909066699322,9.994335790508623,2.5526954170450873,62.79790038455694,115.23583614840317,33.72200045082778
nothing,3.46457309005989,57.95125493383438,166.17817034887364,90.07785995037366,77.37707108127063,0.10000023638224122,460.6153401260015,122.47354622940512,27.842106409104176,166.9200775943603
notice,7.183880167953133,0.10003438611582177,16.76329869515715,18.875375889439436,0.1000325181585035,0.10000003112916259,15.38587507292082,0.10002490765442283,0.10002449202704415,52.29145383911026
notion,1.990837862204073,50.494274380112195,77.46770556405616,7.657553341889937,13.88945503618439,0.10000005056556692,0.10002258998354821,0.100030182064873,0.10010768277557108,0.1000133098565606
notorious,0.10000408977156142,1.5762609320009142,0.1000165061824725,0.10000528048914606,0.10004709455334036,0.10000000334237144,0.10003087091638081,0.10000888672796951,0.10000076369925259,41.62362557210094
notwithstanding,31.327617617075408,10.037432033970957,8.986928506317515,7.959416307953874,0.10002469283316974,0.10000006585480367,0.10003414532745074,4.349153639372553,3.0125342650624987,101.02685872587388
nourish,3.759276128854998,0.10079576504727869,0.1016691732465049,17.011458508959144,15.047350799558375,0.1000000710543274,92.95080972067285,53.15526490595443,113.35043873257435,3.4229361937297624
nourishment,2.6172590449270707,0.10005037322761398,0.10002998409653836,7.261245690521562,0.10002549777435257,0.10000047696783658,9.455054662669435,29.86866045471487,26.750167940708177,1.6475058740141744
novarum,0.10002594411870346,46.09982723511662,0.10004241218272616,0.10001521387634607,0.10002055135983136,0.1000001288458376,0.10004375512823808,0.10001193220547143,0.10000954384131681,0.10000328306676393
novelty,3.746656289443506,5.97479308333546,60.064295778756026,1.6661415787423575,5.661927869290753,0.10000011976929288,20.928418879400613,0.1000340361809546,2.523648729896436,11.234083634823868
november,84.32180458577463,82.15339082964809,0.10001812776455299,20.176363393088735,0.10002824346305317,0.10000010608024215,11.166177603082213,13.109574948367806,45.90860652709389,51.864035635307125
nowadays,0.10000987833672671,39.9759458714655,19.600596698089344,0.10004335286062421,6.250337839903664,0.1000001290061886,0.10002472698895287,0.100050294735059,23.965157409366114,0.7078337988692549
nuclear,0.1000105265021733,32.32508625720813,0.10001153411062547,3.874831698704809,0.10000497640934783,0.10000001240797952,0.1000074398779099,0.1000182430250927,0.10002908816294354,0.10000022339217303
null,14.409243243423603,0.10000229844837691,0.10002514217207654,0.10000529662746549,0.10004240949026275,4.1053256179381705,0.10001393772259448,0.10000990587552751,0.10000812074002995,97.78532402735733
nulla,0.10000011942377039,0.1000000000003525,0.10000001227665592,0.1000000982016692,0.10000000000078559,80.09999870565807,0.10000010186241856,0.10000076958014154,0.10000000000023432,0.10000019296871239
number,162.76542796703592,119.8126191276101,100.01476371050853,23.758701672284307,10.308066017140154,0.10000005683215021,323.01631386048945,69.45672490889096,156.1412773058542,148.62610537301646
numero,2.0999937456977857,0.10000006479886447,0.10000000000079039,0.10000000000055913,0.10000000000163552,73.10000035395457,0.10000000000046659,0.10000000000106585,0.10000000000048863,0.10000583548530365
numerous,4.573017283764078,40.962153095731956,9.274795766372556,21.74042604317973,15.569115706709685,0.10000013909001956,110.84579062706935,9.57025167779265,56.03255568926152,11.331893970685027
nun,24.385386499775603,0.10000679358948907,0.10000873554870933,0.1000374047047172,0.10001037914258792,0.10000012730492401,18.298028164357845,0.10003661335676642,3.416509221299549,33.29997606061938
nuntiandi,0.1000028119809829,0.10003696277537598,0.10000975432986005,0.1000179524898256,0.10000183705802093,0.10000003006420098,0.10000160331428502,0.10000057861748904,90.09992837928952,0.10000008993133486
nuova,0.10000261027058432,0.10002197138172081,0.10002110057424929,0.1000340678611221,0.10000000000455475,37.38579324387716,0.10000105149513752,0.10000000000296677,0.8141259542930394,0.10000000000190971
nuovo,0.10000000000063163,0.10000000000034402,0.10000000000037039,0.10000000000026184,0.10000000000076667,88.09999999997054,0.10000000000021869,0.1000000000004994,0.10000000000022867,0.10000000000032136
nuptial,4.003740295675524,0.10000997227063634,0.10001594230288957,0.10004041177674086,15.054150402154011,0.10000002169934336,0.10001083571621341,5.628984076599227,13.713042322571425,0.10000571898465198
nurture,0.1002668750262355,5.3577382553054935,5.366868062840421,0.10002560576506479,0.10002912428882178,0.10000007369118981,12.974258854326955,10.696019699761303,15.10479015108969,0.1000032975998717
né,0.1000000000005877,0.10000000000032008,0.10000000000034462,0.10000000000024362,0.10000000000071334,248.09999999997095,0.10000000000020348,0.10000000000046466,0.10000000000021277,0.100000000000299
oath,33.79024103205065,0.10003451022868519,4.58741429046711,0.1000090642199147,0.10001943850197487,0.10000003929382646,0.10002839172020266,0.10001244063972087,0.10000076736761772,193.9222400252767
obbligo,0.10000000000040514,0.10000000000022063,0.10000000000023755,0.10000000000016793,0.1000000000004917,38.0999999999717,0.10000000000014025,0.1000000000003203,0.10000000000014667,0.1000000000002061
obedience,4.465607545161441,0.10001690318306329,117.6105959563224,168.26683434893314,54.796412427257486,0.10000004465144721,220.14424840192976,0.9200777056895187,82.64253588265692,200.95367078389552
obedient,0.10001254669672135,0.10001017177721645,4.216222645929547,28.543281049217313,13.482418804359245,0.10000006335317749,36.58034886829553,13.582104544288255,18.261037315990045,15.034563989790216
obey,0.10002522162502941,0.5178606260377738,56.69196795168003,7.620585621122962,85.01700585424726,0.10000001649597401,160.43898756090985,17.07697832250582,3.771708792053633,80.664880032972
object,1.4027737432673666,46.33424982251201,258.61634652754304,2.270122123771834,66.05099421912446,0.10000007935008354,64.42199226746858,56.29957814937889,33.47944470310468,38.02449836414366
objection,0.10001833565370598,0.10004315488089013,38.17988615931447,0.10004771728422251,15.082992743635483,0.10000018806318106,0.10002790188086712,0.10004510813624848,10.263608317575352,41.87333037318891
objective,8.223732176475771,102.90340483793523,108.29232414331301,11.531990081572198,0.10002440293386285,0.10000005785370551,0.10001406960948742,0.1000201962154189,95.94925907754492,2.6992309562442616
oblation,14.6980404309921,0.10000456584194603,0.10001316497087201,3.81510510789479,0.10000597024181847,0.10000004169223894,0.10001263424637083,51.71061668304317,10.176187260747803,0.10001414010586789
obligation,133.270096655732,79.92598500836216,150.6232851235309,0.10002232426011728,44.655786147045205,0.10000005710918237,30.538007616468015,53.024182978579,50.43120064237334,40.33143344621549
obligatory,11.925266502262156,4.396772960001566,17.440871070984304,0.10002059659955871,0.10003041167211048,0.1000000510271771,0.10001774189809326,10.823335246361182,4.004964428890323,8.008720989991962
oblige,36.85734449508143,36.01875701426159,68.28008165100401,13.3485005840413,4.48315806081186,0.10001179982410478,0.10003301900393977,0.10003170256857678,30.915349794721273,161.796731878325
obscure,0.1000225159769056,5.359052560070951,31.826684961635696,26.65577738910761,15.168926967734297,0.10000002032865114,0.10002057193084203,10.51185188596272,8.149478465379238,9.028184661551911
observance,53.405236311727286,0.10003235793393059,38.34517818205862,0.10002269498368548,45.25534597746015,0.10000049772217422,12.257876151873715,29.21817226562996,0.10003424038259376,108.11810131988992
observation,8.640197959451818,4.470155918785793,39.827508059780826,4.698236936182544,0.10001756970695408,0.10000003394114974,0.1000281314741919,0.10003088281409667,27.50749497386062,0.4563295336625185
observe,268.6790074162882,51.72059033326091,103.38858369537863,0.10002512496775008,61.88104017177635,0.10000008294968817,23.726931120420428,65.60461675014218,21.703493995919835,421.0957113085664
obstacle,0.1000260633752886,62.561714860257126,41.67657447018751,0.10002702564170235,19.707533544943114,0.10000012600268081,70.73049135928319,0.1000276609352783,52.2817150956785,36.641889793366346
obtain,71.08885091848974,48.44962670441032,20.429060722156937,35.12818937597723,42.04444181320084,0.10000012829594188,287.3642627012867,83.71696022325187,18.142664375272503,118.53594303731903
obvious,12.745956577068624,18.615909547616532,24.441927925149756,18.007921246792847,15.509667280320258,0.10000004980525376,11.328078194671319,0.10002219505137162,15.147211667563345,9.00330531562271
obviously,8.427715950000238,22.946079728082047,23.69274743372608,20.32663551320707,0.10001775052270492,0.1000000063257067,21.317066406987028,1.2804059332661548,20.288083180487803,6.521248097052347
occasion,54.295645021500995,17.844353287326747,66.80885729810008,57.765720725597696,34.77122744852629,0.10001669969012836,240.3920888360448,61.58680100725398,87.91040712374614,63.52488255186111
occasionally,7.448420479178783,7.79448983445827,0.10005646141170833,0.10003494264308099,2.7693660166879974,0.10000004568828728,0.1000356489736682,5.134562572114335,4.3545594516398936,21.098474546804074
occasione,0.10000002300063465,0.10000000000033948,0.10000000000036553,0.10000000000025853,0.10000000000075676,72.09999997697054,0.10000000000021578,0.10000000000049285,0.1000000000002257,0.1000000000003172
occupation,0.10002153081490898,9.641844540355995,4.023337115801682,0.10000444854537509,13.88747445553855,0.10000220790090307,0.1000556774980261,5.116725256995918,0.10001351519063136,9.830521251040157
occupy,0.10002806663533743,0.10003017217871803,13.58541772084308,8.598346953614097,3.0036851748654496,0.10000007690519408,83.22361926503132,6.832104126211395,21.015056072462443,21.441712370909553
occur,34.45533637632885,23.965393573920085,0.10211609971807817,51.2907920240358,20.76323288611026,0.10000002671108166,14.627400107903231,11.082774335792246,6.956079851511119,35.65687471762548
ocean,0.10004626081181646,13.806262006434524,10.906362330328824,6.989814441386655,0.10003416361819512,0.10000000840339979,0.10005957701318542,0.3223442813789178,0.10002325008627992,7.475053680120787
october,71.62606386234832,41.896067931507,0.10003485002160573,8.616728774438553,0.10001997249257087,0.10000026880304176,11.05557426732306,73.69137951633455,100.51130655800388,29.302823998386575
offence,0.10001219398826842,4.29882266094066,0.10002458748612118,12.745774208295046,0.10001259955925432,0.10000001155954011,0.10002269335259814,0.10000483926768651,1.000214540473507,58.355111664786726
offend,0.10003307777549696,4.612083634561983,23.566326963545812,18.278074658225517,5.705956402645986,0.10000005626424707,18.756865016192418,6.820255760228161,0.10002092533175029,24.96038350489785
offender,0.1000037671381617,6.8740497709892034,0.10001501949266635,0.10001907442233225,0.4567117776999423,0.10000000501829512,0.10001501198964025,0.10000139729500455,0.10002652986426007,28.96915764583964
offense,5.848729541475211,3.2948311645783974,4.891381039023771,16.067562960039005,11.17736116974782,0.10000004824471395,40.891344649469545,9.528733182087258,0.10003290707887026,0.1000233379110547
offensive,0.10001729537310063,5.134342836120452,7.79266321589731,0.1000296667706864,0.10001014337410001,0.10000030795814484,0.10002851197566145,1.4503972802501173,0.10001920979146088,24.022491532181274
offer,124.97926291657672,186.6761541388524,62.57916218072718,226.07269277488425,0.10003137531541896,0.10000010215843454,176.72662923767672,490.9030870656038,472.9655529234898,102.89742728438145
offering,33.473904529523146,1.4744801103911727,0.10002110842549883,37.55461340905474,0.10001760963438122,0.10000004557503031,16.633561728149488,61.396688482517675,49.31362257799515,25.853090398405556
office,292.4256575236357,0.1000212216167674,83.75467825049026,0.10002173264152832,79.28342711179604,0.10000009898975722,311.3514140428098,89.99052785829821,87.94209606747417,463.952156091934
official,34.806364488459124,18.835292718202446,23.42284205983794,0.11829608799938149,0.10002531046779427,0.10000005402735611,0.10003553050004634,6.287469518224438,20.162185367304303,160.06748886461284
offspring,0.10000449573676976,0.10002347567217248,0.10001627602873013,6.674965505935885,83.59971267574575,0.1000000404308173,0.10002213939247345,2.767182078844049,0.10000700434686131,2.3580663076144632
often,15.144115543404256,293.6732483956104,152.05287434052704,173.56945107786055,74.39728790317098,0.10000005638149272,304.488787816899,50.31005346003121,236.36841066085222,94.89577074492618
ofthe,0.10000920421567847,9.022239421140242,0.10001856351670747,15.661483981811589,0.1000031064296767,0.1000000141949745,0.10000239356443963,0.1000103726298521,10.008763384846082,1.7074695574096523
ogni,0.10000000000073075,0.10000000000039796,0.10000000000042847,0.1000000000003029,0.10000000000088692,310.09999999997024,0.100000000000253,0.10000000000057772,0.10000000000026453,0.10000000000037178
oh,0.10000895066869006,0.10001818876330694,0.10001934355147368,0.10240508018956562,0.1000087808962462,2.1033898378894853,13.272331801229964,22.921770245479653,0.10000645839547034,0.10004131264333882
oil,52.8586796111954,3.236541082069719,0.10000881679496591,4.363443697478384,0.1000121054288632,0.10000284479442392,0.6200294849313118,4.727825364038868,0.10001150841025686,18.793445484566018
old,93.28854406311267,38.06232699224255,54.18269423976159,287.5009281434102,59.82848029033706,0.10000007018222677,78.39022688649501,66.52475215591714,83.19769860183214,72.9243485563721
oltre,0.10000000000070988,0.10000000000038659,0.10000000000041623,0.10000000000029424,0.10000000000086158,48.09999999997001,0.10000000000024577,0.10000000000056121,0.10000000000025697,0.10000000000036113
omit,9.207226666713035,0.1000087158880557,8.160193645771065,0.1000208508216848,13.91303868601012,0.1000000516116144,28.447475973659312,16.26841041870265,0.10051074080571468,51.603114249698486
omnes,9.719991088757505,0.10001522760708027,2.2146995569148227,0.10008075436940168,0.1000934267270008,23.36486205573406,0.10004588659773953,0.10012285234754721,0.10004859751559579,0.10004055279994775
omnipotent,0.10002131274713676,1.5302509063331484,0.11203160481786327,1.1837310602939035,4.659232123846605,0.10000069917442063,0.1000417263420313,18.491276614184915,0.10000072106460935,16.62341323086206
one,283.9664873172489,1024.148263609567,1346.6036613995843,2137.574379961438,372.1545969849895,0.10000027606675087,1261.0520605488025,765.4664926313354,1315.6437726295242,1257.2902846411023
oneself,0.10003244123751565,12.838943160318758,44.85207621426647,58.19792045257318,0.10002225117783739,0.10000004536500007,0.1000187860711429,6.00821222822699,33.60275491571673,0.10001950474319315
ongoing,0.1000018650071425,8.169740830299277,0.10000784463297376,0.1000109596177912,0.10000139999067673,0.10000000000029965,0.10000126383550119,0.10000179362485456,89.0302339665765,0.10000007628713825
open,37.915882801556435,203.089478342212,117.3425327742166,311.2901351495429,37.03420562151484,0.1000004049366461,190.014660665386,6.158686500920196,213.97895351350704,68.07546422587045
opening,9.237902805615512,5.30774385085649,6.303730409963577,18.788968373162586,0.10002807847186335,0.1000000077847421,0.1000175699385588,0.10001348979834523,46.960279427334314,11.001315986767402
openly,3.8279128920467045,1.6534530257876074,28.589100721012052,0.10001710113141214,44.74931453496459,0.10000004675362277,126.25513346239913,9.782937835164896,0.1710719948365667,60.77105838558078
openness,1.2698276540601114,66.99489137630752,0.10001848250909422,62.01211818485937,0.10000311696626957,0.10000003009327935,0.10000364502960804,0.1000047858577057,54.12312648943587,0.10000623466745513
opera,1.1452345951201996,0.10000106299321213,0.10000691236312229,15.574830241943761,0.10000128052317132,90.07205374046909,0.10000442916246201,2.6078243807443355,0.10002528053178429,0.1000180759235423
operate,2.4947063643702827,23.647488797266213,15.090400666184365,6.476427079227214,0.26979316631738914,1.1026389564345813,2.0490989891907,0.10006631993801372,12.66933878922193,0.10004087138682488
operation,0.10000488172949445,7.069034035452976,10.396979735102482,0.10001506847465688,4.34811777732451,0.10000003059199108,4.338622645089525,23.490148283294488,7.277567361907026,3.779510180724407
operative,0.1000102089344614,8.037243496603411,11.489387750204932,0.10003723700459918,0.10001478585226513,0.10000014457194721,0.10001186199913879,0.1000413645292887,13.71367444997636,1.1595786999981863
opere,0.10001125229631257,0.10000000009717605,0.10003526996479753,0.10007971409900589,0.10000789142083788,112.10000808155155,0.10000937134186734,6.145447730852994,1.0543982945726347,0.10000239346370396
opinion,61.36249226523415,36.20716378756051,216.01247733355484,5.868379730694056,181.27073788693457,0.10001137147593404,66.79382768710771,38.88497754921161,1.2682784352755643,101.23165395260912
opinione,0.1000000101429458,0.10000000000016822,0.10000000733643,0.10000000878950463,0.10000000000037487,67.09999997275929,0.10000000000010693,0.1000000000002442,0.10000000000011182,0.1000000009449316
opportune,23.68246421993537,0.42419543343809274,0.10037435840007258,0.10002173395330775,13.449818194451801,17.29631226038792,90.31017404956113,20.714269953136274,29.517189667316256,19.405180129055076
opportunity,14.100804953719297,114.3039979419354,1.7954912703776593,3.6190324958074243,0.10003125243989748,0.10000004383606269,91.08311354310608,16.436289688009833,94.64822652402185,21.81301228640693
opportuno,0.10000000000100927,0.10000000000054964,0.10000000000059175,0.10000000000041832,0.10000000000122486,40.09999999996822,0.1000000000003494,0.10000000000079787,0.10000000000036534,0.10000000000051343
oppose,11.49796415818728,63.68846297976882,105.94685452249101,22.64802107879694,72.28864146283692,0.10000005500614922,128.79727429000118,2.3132695051640924,0.958118571058549,101.76139337635284
opposite,0.10004237493470478,7.942952885598197,23.200282829746303,11.52533580227576,0.1000437193081148,0.10000003275878365,0.1000320663759543,3.5837129690952696,0.10001306548391033,12.247584254088464
opposition,2.376641633311575,60.23586919548657,92.40203897118673,52.65621247332512,0.100056544990593,0.10000019469653307,0.10003786381969755,0.10002726464486872,4.871981565853997,36.0571342923216
oppress,0.10001845248759676,31.113241088738135,1.2297620033276544,11.358658253629024,0.10003546025069189,0.10000077550106931,72.83298753739422,4.227695432873319,8.241884115319767,26.69571688013729
oppression,0.10000738989697361,24.335101803975416,1.382763757473692,4.268515642277658,0.10005898095774048,0.10000001385079742,21.060122501515398,0.10001537008368848,9.862156984498725,11.691257555135989
oppure,0.10000000000061109,0.10000000000033278,0.10000000000035829,0.10000000000025328,0.1000000000007416,45.09999999997054,0.10000000000021154,0.10000000000048306,0.1000000000002212,0.10000000000031087
option,1.8989103993737166,24.927432945517705,26.773917961619972,2.745875698755452,0.10001082698673543,0.10000007788579866,0.10000371477506283,0.10000838121352888,40.15381987303888,0.10002012057532014
oratori,0.10000000000024374,0.10000000000013273,0.1000000000001429,0.10000000000010102,0.10000000000029581,34.099999999972596,0.10000000000008438,0.10000000000019267,0.10000000000008823,0.10000000000012399
oratory,19.84509130817289,0.10001577436161405,2.062103948375385,0.10001195782702794,0.1000108715191957,0.10000061236132018,0.10002395386012072,12.61143699473951,3.606050052946767,13.375254525551101
ordain,47.85398263849231,0.28557503360876646,0.2605768664754565,0.10001197724456062,48.05072383098748,0.10000002812160312,31.419360992489796,2.3520329097117445,33.3586517759594,206.2190839465999
ordained,0.11930272119341212,0.10000864571656612,0.10001595038743696,0.10001873538124638,0.10002137062246887,0.10000000512302554,0.10001523717954992,0.10003146736633044,31.79830310869619,3.3822827580834622
order,464.4964026616237,461.6139779119848,748.571409922584,388.22748904317757,330.14163231706726,0.10000016100955694,644.8035154047524,257.9273029067441,559.3226714509336,1280.7955982197864
ordering,0.10003806879066579,17.58789539598861,17.105169684130633,7.391051670671474,6.130154492137089,0.10000002008868465,0.10003376358384385,2.4346789785529452,4.7825570386415235,1.2684208870341076
orderly,12.50762067126031,5.585130100401858,19.70676543350709,0.10001703298749537,0.10004909089698422,0.10000004028089665,1.9994666882276613,9.706198259759905,3.094731582226198,0.10002110012359741
ordinance,13.229238304257002,0.10002351936561066,2.5703524351862415,0.10001710511552318,21.71407415552404,0.10000002533981575,0.10003414978763288,0.10002198755301596,0.1000447412816727,75.88619357624884
ordinari,0.10000000000080826,0.1000000000004402,0.10000000000047393,0.10000000000033503,0.10000000000098098,75.09999999996951,0.10000000000027982,0.10000000000063901,0.10000000000029259,0.1000000000004112
ordinariate,61.09999747886971,0.10000000000074687,0.10000000000080408,0.10000000000056829,0.10000000000166528,0.10000000000107377,0.10000000000047472,0.10000000000108435,0.10000252109811818,0.1000000000006978
ordinario,0.10000000000069571,0.1000000000003789,0.10000000000040793,0.10000000000028837,0.10000000000084437,41.09999999997004,0.10000000000024085,0.10000000000055001,0.10000000000025186,0.10000000000035396
ordinary,298.0628567622723,13.167947804090042,19.804421001786018,13.500882456603895,5.65761161578543,0.10000005034648116,115.43470471692041,60.26217652851767,102.68399393100094,153.3254051323364
ordination,152.71407268330688,0.10000810038922225,4.8780617363959635,2.2426279789450394,0.10003871203994831,0.10000002277309082,1.3731087440222556,0.10002366071060438,74.01327362096704,36.37878474012162
ordine,0.1000026843854384,0.10000280038535543,0.10011144441599945,1.6319361684506137,1.0999165095049146,144.56762746047946,0.10023911290375273,0.10007477256523467,0.10004535144190767,0.10004369455451513
ordini,0.10000000000062455,0.10000000000034015,0.10000000000036623,0.1000000000002589,0.10000000000075805,86.09999999997058,0.10000000000021624,0.1000000000004938,0.1000000000002261,0.10000000000031775
ordinis,14.662067297726248,0.10000199354941466,0.1000043925920657,0.10001023581516214,0.1000021404673967,6.620479178737553,0.10000156638065602,0.10001248990708152,60.01741734985348,0.10000335482311704
organ,11.542327816218227,13.180437416660135,28.02109190411383,0.6560546819823884,0.10001781756085748,0.10000025030886689,0.10001460558061671,0.10003778629386373,0.10001673653391921,0.10000098449330021
organic,4.367709547017112,12.302005747690517,17.643962530023312,11.561456408488834,0.10002092321636859,0.10000005401506872,0.10001560134892346,1.9615878403974973,64.76324025513219,0.10000109239376143
organism,0.10001063762898206,11.485736692734582,32.260670801190116,0.10002635800033763,0.10001657585889549,0.1000000035687687,0.10001489462441628,1.5535041320664327,0.1000192541347747,0.10000064996349732
organization,4.544275911059738,277.6166935533981,64.25688145607882,0.100013293026934,0.10002251639238853,0.10000002470225126,62.15325650278246,0.10001591399251628,53.92881327326442,0.10002755500960317
organize,11.345472349756683,71.24824530567729,20.076517348049627,0.1000647202875031,0.10002048843964234,0.10000002331897252,50.65120491532386,0.10002809099855892,58.95754215239577,0.32090460539368454
orient,9.673480975188234,12.84297198970874,1.890533018594409,8.259214830487764,0.10000905568142676,0.100000036204582,0.10002453875101593,2.8205996799176485,17.113121451060557,0.10004442405260283
oriental,240.0209379246242,0.100040248704771,0.1000189763977514,5.711348552863037,0.10001751732140422,0.10000001416514934,0.10002563538902694,8.24483130127564,6.422756829138062,0.10002299979924477
orientation,0.10000781348646522,10.644160962764037,25.98894424133494,7.827467320853225,0.10001114711256341,0.10000006138672539,0.10000619672020442,0.10002383787277751,41.93937738877221,0.10000102947022073
origen,0.10000826358527844,0.10000650742206027,0.10003674147797599,19.623689304783632,4.568651168435924,0.10000003114978621,0.10001674654227215,6.656298314871964,4.551237327684934,0.10005559372771944
origin,1.1614304047190014,64.57331406342063,167.64765525220022,63.01259152127204,65.86811905596716,0.10000006602219094,10.0032059401734,57.56162446427462,71.00138640574016,5.070672825863769
original,11.410589090149172,32.16255394159667,34.19300213054534,103.7437739845629,62.72513759048258,1.1024573850086397,0.10002297278802078,64.84148701311237,64.55456916960986,32.166406721779694
originality,0.10000875047986024,6.608186763552675,1.0519556830235168,25.537724229227965,0.10000611967173324,0.1000000558205398,0.10000252015550305,0.10000689816458094,9.202108797771919,0.10000018192541309
originally,10.922009426339297,9.87988361543467,1.71727841943189,8.123069620196215,0.10006208312987751,0.1000002626649043,0.10003050799955085,0.10002997184645578,0.10001760800206273,5.857618484606049
originate,4.419165194259365,11.738887055910967,15.447411475663987,7.156277642654487,0.10004337301962056,0.10000000847073504,0.10003996491186881,0.10003091179407089,6.206459842842839,9.631684530095628
ornament,0.10001893783633994,1.0100493785355882,0.10001423568198786,0.10000825876269918,0.10002357639921267,0.10000101901664231,18.543797000646286,7.535565313750545,0.10000231326702273,21.310519965858298
orphan,0.10001887875831786,12.548405850185175,0.10001536112323042,12.477059592354982,0.10003566269331568,0.10000003916755881,13.888700333422559,0.10006418565120612,0.1000205660889851,2.48567953023236
orthodox,4.271064219578593,0.10002272755493248,0.1000151170249938,10.179286483549737,0.10000982720429943,0.1000000432034022,0.10002580073551454,11.54786968902925,48.775544974364216,86.7261611174613
os,0.10000000000049918,0.10000000000027184,0.10000000000029267,0.1000000000002069,0.10000000000060583,87.09999999997129,0.10000000000017281,0.1000000000003946,0.1000000000001807,0.10000000000025396
osservare,0.10000000000075969,0.10000000000041377,0.10000000000044548,0.10000000000031492,0.1000000000009221,38.09999999996965,0.10000000000026303,0.10000000000060065,0.10000000000027504,0.10000000000038652
osservatore,1.5776963201585708,85.5734865515131,0.10001227086075762,21.1487437747283,0.1000038662306809,0.10000696408063064,0.10001232884972448,0.1000230871992663,0.10001374988266677,0.10000108629069333
others,36.859655828053086,628.4396032411205,175.19519728822098,268.1699004647244,56.87527533050954,0.10000021993247811,358.4722495188985,90.20348093372203,249.14495342392135,540.5396837505601
otherwise,9.927230147403368,42.91847138639206,59.89105140800885,0.10002287947862026,19.48910686162954,0.10000029858599169,0.10002946914021031,21.457753365610213,2.215949658204429,168.80038452521856
ottenere,0.10000000000057266,0.1000000000003119,0.10000000000033579,0.10000000000023739,0.10000000000069505,50.099999999970784,0.10000000000019826,0.10000000000045277,0.10000000000020733,0.10000000000029136
ought,0.1000288633448747,58.789376308068185,75.47384042221113,12.015282806215684,172.47423287120785,0.10000006787143413,109.38380203184028,26.11769765797209,98.35200814718722,256.19373082374585
ourself,0.10000997818865583,0.10001368070101668,23.224229023568515,0.10002824998121697,0.10000453982931633,0.10000011723353702,0.10002357053836139,11.711263216976544,0.10001687849365687,20.36441074423708
outcome,12.484074192582186,17.637287189918442,13.243646937094242,0.10001148822087383,0.10004085398592232,0.10000001538329867,0.10006991862875743,0.10001279562622357,3.1290345831328685,22.005822025039798
outline,0.10003307452722059,9.491660956455044,19.244544803148486,21.874848198899414,0.10002631640622815,0.10000006326505892,8.07331460871718,0.10002879974539013,24.02551093609623,1.8900322423871951
outlook,0.10003197961747644,17.964252446204085,8.2368913057026,12.66124427016962,0.10001663252910649,0.10000002476347447,0.10004400084092603,0.10000898874923568,21.53750857073003,0.1000017803853039
outpouring,0.10002091520801776,1.2991243752476882,0.10002619532857446,25.790817262223957,0.10004197401012348,0.10000025019381273,6.228439397407036,18.296061521257247,34.8854493776734,0.100018731115824
outrage,0.10002578056817583,0.10001521285615246,0.10001855687810615,0.10000918715640497,0.10002974037414965,0.10000014889780044,40.70960231051461,0.10001963786114193,0.10000025951612362,7.490279165170226
outset,0.39403775757469417,5.919740311236002,10.190173388626581,2.2162876281229216,5.075520876020093,0.10000003054467438,8.213790446525058,9.260726276081995,1.2713268931722548,0.35839639169945214
outside,49.94996752189792,46.118689683803794,85.81656343185543,34.48363561307225,12.320660399863705,0.10000097873275286,0.10003158640568172,11.400006268165045,12.960353527382646,109.75009098847687
outstanding,30.45516396950515,12.306136487614658,17.94568536614099,0.10002961821880502,0.1000226724816073,0.10000059186478971,94.98943325367136,36.63300989997304,25.128635658259856,24.241882481933338
outward,0.10001150561189028,0.10002935689550416,11.735477380247415,14.918069140497844,2.8267661061235705,0.10000004044298935,0.10002390803933035,23.478843351152147,5.082511989281028,3.5582672213813575
overall,0.10000795084307516,32.47835460704715,0.10001721975503289,10.203774833746744,0.10000697775386315,0.10000008319080228,0.10000320573910518,0.10001022402206547,32.61778233873438,0.10004255892258336
overcome,2.7757277516930325,97.89536495701361,7.302979255493191,57.44700205177218,0.10002234782102576,0.10000093062504123,74.24721376431394,0.10839825848244095,112.10596331104895,4.917327371398468
overflow,0.10000796961832781,7.67122276454544,0.10058170582852596,12.194681454798895,0.1046164050151007,0.10000014923904685,14.739836736331391,18.789008863580744,0.10003622052694255,0.10000773017352825
overlook,0.1000274951821715,34.86923661689041,18.694849533145593,10.992604991552485,0.10002356866729872,0.10000004911257683,30.29625919534806,0.1000292360512982,23.64695163823787,0.1000176754935748
overthrow,0.1000179089293009,0.10000609899654474,7.143842175016023,0.10000427467600995,0.10003363445161098,0.10000005029543209,71.32566737697847,0.10000712263070706,0.1000253188759353,9.830396038918687
overturn,0.10000951232959086,7.930907317413165,10.853424173031257,0.10005100027453097,0.10005949551387423,0.10000014418679001,0.10006709595409734,0.10006182420162928,0.10001982950251571,26.515399607153714
overwhelm,0.10005267633366359,10.66566642683676,0.8934249996654036,14.2789139010192,0.10001469741248684,0.10000004503015848,25.64366996164727,0.1000308669803988,0.10003167328609909,5.018194751434644
owe,6.404271812545236,20.418064511616137,22.282687995280618,22.480732969627326,48.27785753680652,0.10000106898446949,61.971341556313845,22.958891809175483,4.467504571928862,26.638646167377896
owner,0.1000005338020715,33.77104041350734,0.1000200283330055,0.10001554356194862,0.10004303500378776,0.10000000000229581,0.10002182300100053,0.1000098607468886,0.10001851678331766,8.428830245020713
ownership,0.10000118738266665,112.38970078700447,0.10001327635408218,0.10000161813257517,0.10005834062805531,0.10000000601564493,0.10002872180467703,0.1000031685667559,0.1000008356824334,9.810192058238544
pace,2.640575683324038,19.875887823260886,0.10002706004725705,2.148825766746984,0.10001071113752034,46.20474430870148,0.10002797018604347,4.081662209194166,3.6482352981452357,0.10000316892547634
pact,0.10004111984598933,1.4711601082040395,0.10001910618045637,2.6047076145444312,12.230480628838022,0.10000010650886393,9.492227286099814,1.9439988457721848,2.540579558948324,16.416785624684508
padre,0.10006095483858335,1.182724932132789,0.10002156344866169,0.10002500466940498,0.10000456511986684,51.154724264216426,0.10000706211446064,0.9624185804051487,0.10001267852445642,0.10000039425983624
padri,0.10000000000048673,0.10000000000026509,0.10000000000028542,0.10000000000020177,0.1000000000005908,50.0999999999713,0.10000000000016852,0.10000000000038485,0.10000000000017621,0.10000000000024764
pagan,0.10002854264511969,0.10048563577449401,16.273170474857373,8.53053226327204,7.517516736084957,0.10000005217554499,70.33225428738545,0.10002972395505098,0.25413234565812737,21.691849937837265
page,30.16454721623699,11.603206089243304,22.116616251199865,38.48225199277714,11.283107492206327,0.10003334068756595,0.8696205483346906,13.681374855203375,0.10002396896001935,12.599218244783554
pain,1.24837773745854,26.411471488066915,5.653614729423044,70.3718473215281,11.371483278139873,0.10000010244341503,42.54226752155734,5.010676305455159,0.2786389241064322,112.0116225914778
painful,0.10001956742792888,20.122477471979977,9.04077327578493,41.683657125637815,0.10003286326368907,0.10000003496703982,45.678693070414006,0.10002520367399559,10.974305619603456,0.10001576693656798
palace,21.80124590510104,0.10001223383530823,0.10004797299621754,0.10001825499021982,0.1000766855321594,0.1000017545307205,0.10004289302276878,0.10002372219421916,0.10000416955439333,22.398526407925864
palestine,2.966925519958184,0.1000414178961191,0.1000127407824826,3.333343743379445,2.6365725621267204,0.10000004285603822,28.23228560307883,0.10002628520865635,1.330772247811813,0.10001983655105329
pamphlet,0.10008060012939106,0.10000773941120766,0.10006183304946746,0.10000067197907242,10.652316227740004,0.10000015921298797,0.10009588626285992,0.10004465742897543,0.10000221753317941,32.54739000683032
paolo,0.10004431159831148,0.10000938821541289,0.10000936620329665,3.2125609412748144,0.10003214839017531,46.173229184750895,0.10004020127392863,0.1000170649018826,13.914051392690805,0.1000060003899289
papa,1.1016165266028648,1.8750835806034352,0.10000000407804435,0.10000299239654639,0.10000000000176335,120.32328744433184,0.10000116867068705,0.10000051046957863,0.10000000000052604,0.10000777272338315
papacy,1.2331255991957526,0.10002646275266353,0.10001132441285503,0.1000388840302075,0.1000062839764332,0.10000000768997554,24.946349548422205,0.10005381056548117,0.10008187075929206,42.12030620775539
papal,42.80505064953761,4.987333905144127,0.10003381404431955,13.174780310630904,0.10001899364812622,0.10000008100158331,0.10002406123760495,0.10002303899843897,0.10002309583567619,74.43271204961142
par,7.780067296972934,2.457545417547586,3.3227807580847237,12.535171246943221,0.10002545538956122,73.05793891054002,0.10001775000648769,0.10003374090461072,35.224889989337775,3.321529433913119
parable,0.10001014511641984,28.125980130985262,0.9395286019593864,89.0222479476699,0.1000075608969824,0.1000000705866469,0.10002421893095305,0.10000740676428406,11.312184976752464,0.10000894007470358
paraclete,0.1000105920513593,0.10000709615759035,0.1000092196460332,31.55462395852543,0.10000643976422635,0.10000002498310818,0.10001657810470005,22.64527988293065,0.10002511016762823,0.10002109745639118
parallel,0.1000057803103032,4.470901986148092,0.10002483310608479,19.27514244063197,0.10002102131258092,0.10000002921895518,0.10000590638214664,0.17858566756777655,10.718633413840085,1.8566789211937185
pardon,0.10002305504704984,4.056590790240183,0.10002662158339372,23.62910018767801,0.10002916293065102,0.10005612345897695,24.41579393287104,4.163486848061039,6.973579486184185,37.36131379155732
parent,0.10001523098942401,11.27560124104976,24.860391792435667,73.97149886522548,275.67133951054757,0.10000059677513569,50.39069067794984,10.518177902501225,95.55628355304844,3.556000629151211
parere,0.1000000000004313,0.10000000000023489,0.10000000000025289,0.10000000000017877,0.10000000000052345,46.099999999971594,0.10000000000014932,0.10000000000034096,0.10000000000015612,0.10000000000021944
parimenti,0.10000000000055649,0.1000000000003031,0.10000000000032633,0.10000000000023068,0.10000000000067547,42.099999999970855,0.10000000000019267,0.10000000000043999,0.10000000000020147,0.10000000000028314
paris,20.426673925716774,12.480115181361873,0.10003938705025536,13.261594314971662,0.10003292968582288,10.929872285625981,2.6013339131204103,0.10002852407176209,6.527406950357771,28.472902587638167
parish,93.8965260120259,0.1000229347925067,0.10001770216145994,0.10001737990898278,0.10001527385251908,0.10000002606243392,54.65530879070122,14.379601061630286,220.67922425763814,85.88926656093942
parochial,8.709410469092234,0.10001395486944621,0.10001353502635373,0.10002888776038003,0.1000154204021877,0.10000018146332212,9.363079500210993,0.10001782357394384,13.732170904064532,4.59524932325135
parola,0.1000000000008284,0.9701219236970607,0.10000000000048573,0.10000377607675821,0.10000000000100534,54.22987236626814,0.10000141795345614,0.10000000000065487,0.10000000000029986,0.10000051590555213
parole,0.10000001840033304,0.10000000000229128,0.10000800577223273,0.10000062774097179,0.10000649116009878,184.0999566621563,0.10001762431647533,0.100000000003324,0.10000000000152366,0.10001057035797718
parroci,0.10000000000064753,0.10000000000035265,0.1000000000003797,0.10000000000026843,0.10000000000078596,50.09999999997036,0.1000000000002242,0.100000000000512,0.10000000000023442,0.10000000000032945
part,227.74679174927698,494.9386992009522,363.84158419196547,300.94956666786925,90.1686862115195,26.023446656650506,209.0517997006024,163.05252934054275,673.1970537021716,266.0298425780871
partake,8.661386516650573,0.10001424154587811,4.25582442047618,0.10004460401194472,5.957969335804505,0.10000000051970644,0.10003186469248998,30.524651183276067,0.10005398136819835,0.10002385126762307
partaker,0.10000533181506406,0.10000470180875412,0.10002481884812094,3.147377984259642,11.707350432307228,0.10000004370453479,0.20325117840564194,27.341922054361934,0.10004933749410343,0.1000141166997412
parte,0.10012680477586243,0.10000013838548384,0.10000671826662608,0.10000070520924942,0.10000998667152121,231.09973715059851,0.10000500481527652,0.1000060982755078,0.10000221165527423,0.10010518106328764
partial,0.10003010549368073,6.30551257472563,18.536118744277143,3.3479756224314645,0.10001491752795492,0.10000001589746947,0.1000189271020184,15.694669692714386,12.615630270522228,0.1000291289923429
participant,3.8525282607352254,32.4973656371979,0.1000182019228514,2.5042898274804464,0.10000937451161221,0.10000007575369596,0.10001306573328356,0.10002256788393384,33.51005744719423,9.135695541303916
participate,19.987948564131717,40.19859118529082,10.490624119124455,6.485156324765017,0.1000307027345192,0.10000002033861144,0.10003275053546389,51.11279906612785,95.31270655982918,5.112110706772404
participation,25.755100118015108,64.01082923489739,0.10002648681240524,43.162987772774976,5.170069250856408,0.10000005660444145,0.10002712422105008,22.509251805206496,257.9579085115152,2.1337996387579112
particolare,0.10000000000067867,0.10000000000036963,0.10000000000039795,0.10000000000028132,0.10000000000082374,56.0999999999702,0.10000000000023497,0.10000000000053658,0.1000000000002457,0.10000000000034528
particular,129.71571844425847,196.10437590678345,139.87384283253382,316.584656320946,15.953995143616345,0.10000005392432298,74.89661839531075,29.814073552142073,956.6359132343175,72.3208061158301
particularly,51.07016870170225,87.5134820802542,78.82853459079595,153.91313677993776,18.579029586449252,0.10000004971870415,141.9696158751145,30.739360543554664,208.3246322159795,6.962039576155415
partly,1.6228215171353189,20.616059440847565,8.42409849169725,0.1000282021605033,19.3065867253065,0.10000004518125308,0.10003878533058314,4.600978211124471,0.10001769283276224,19.029370888043225
partner,0.10003517161784675,5.161483219015289,6.3819570266903,0.10004225523679623,29.55165007581586,0.10000014620269326,0.10001340232651793,0.9788729816460762,5.8161522354781425,3.7097934856156285
party,1.9657667060450026,54.7087063384983,73.1145973950815,0.10002742664942668,106.82351144324915,0.10000002529406077,3.13220583246059,0.10001376989034301,0.13402649779206158,95.82114456470228
pas,1.6653283286282916,0.10450330574569211,11.474450926443467,12.111588507091591,11.171952993673788,4.625598345925523,0.10004954456650356,11.736988505405456,0.10002683191123582,2.9095127101719367
paschal,0.10002794917295384,0.10001191398600603,4.498132453579429,127.0422728679729,0.10004082737305899,0.1000000107790979,0.10002848528257699,16.99307349521347,53.76475754811265,3.2016544482040796
pass,21.336123342503615,37.11236766009986,83.90072469086317,154.86010981281837,46.05511617472923,0.1000000485350812,203.76608251681859,50.01404747571535,27.622799190433376,106.23262908714653
passage,25.697567159031465,1.091186273758654,17.759296251591255,128.33457922326997,48.54800562197155,0.1000176328899649,15.443108935578728,0.10002945318547152,6.0802129908557605,11.845996457510816
passing,3.253827548649584,7.710978648587132,0.7760603989654258,20.520307894146942,4.432920759525509,0.10000110276894295,13.525260637686387,8.612145438817643,3.939339392928049,4.129158177564601
passion,0.10001399981971015,0.10002363007057573,73.84168484097398,125.41187112577428,60.80102346485409,0.10002406050427828,70.95022538458228,70.06764164999235,5.818135895721982,8.80935594736804
passive,6.850661094400518,3.466475241152688,19.102264274707252,6.2156001989741005,0.10003375669384623,0.10000002587404151,0.10002755036966328,0.10002740939192382,8.455702611580698,3.509207836507379
past,9.927847882995197,72.5991028077295,78.26272546254813,71.43697249346025,3.315366262533237,0.10000008155699229,163.70458857285354,24.161762689271644,69.17409224942637,57.31754149728793
pastor,165.96598500551872,0.10002386347316002,27.575180056515904,5.185250121439677,7.549907081104385,5.308699297102669,217.31749577515384,33.048598688231166,316.1648431043171,54.784017006784914
pastoral,132.47564373118402,60.68693023109582,20.182836764988814,117.55940536203995,0.10002398891007597,0.10000005824613692,144.34220842582718,0.125666658487678,1214.4929369835138,27.934347795374503
pastorale,0.1000125259983772,0.10000451358348478,0.10000709081353139,0.10001285160742651,0.10000201153979257,48.12481162437754,0.10000162001908414,0.10000191493346565,10.07514573333719,0.10000011365680472
pastori,0.10000000000063838,0.10000000000034767,0.10000000000037433,0.10000000000026464,0.10000000000077487,67.09999999997048,0.10000000000022102,0.10000000000050475,0.1000000000002311,0.10000000000032479
paternal,4.1428710884902085,3.6458780732209686,5.034027493455785,0.10003905179956737,16.8443669843468,0.10000006321103543,258.29740330545604,0.5382634203040442,0.10002489894168204,5.197125620409528
path,0.1000200316144808,85.5000802808023,84.08347606740561,307.85377150427115,0.1000204046560137,0.10000033767826877,160.91147161535056,38.28163817101557,144.83561188576505,18.233909701115756
patience,0.10003955531919985,9.604117804280557,16.269921888347298,20.203185955393064,0.5019305225102858,0.10000111576756232,61.826073197709384,3.0952378974360686,22.899787166220097,3.399704896661704
patient,0.10002339591160744,25.6074735229268,96.4596903939814,12.123619608804512,0.10001686648771753,0.10000002150697776,0.10004105988964564,0.1000206173173251,3.915014212903858,4.39410029992368
patiently,0.10001071427562988,0.3994667013884061,0.624157428067065,0.10003708618231014,0.10002472398263612,0.10000004637354055,27.17547333870448,0.10390701064993518,15.196906803082488,0.10001614693619985
patriarch,139.96818047615488,4.40777401651252,0.10001744323313266,9.344144771167334,0.1000249963499335,0.10000004790604358,167.3001304052531,29.986565576625015,0.10002669309672527,271.59313557338305
patriarchal,34.54930655059722,0.10005670765336515,0.10001261205372397,0.10001850013211308,0.1000626982696776,0.10000004176816099,0.10002964832286042,0.10001890169465429,3.0893332235627,30.661161115596567
patriarchate,31.884058703502053,0.10000521202631432,0.1000035843839322,0.10003389436775824,0.10000098311063563,0.10000018432936894,0.10001111500976297,0.10001483852223166,4.449266499690194,2.9666049848299396
patrimony,10.013004430825395,20.37642740747171,26.458715010846007,0.1000214555707196,0.10002687544294994,0.10000005246139937,0.10003797934993724,0.10001450199319925,28.08117024189982,12.570582043811024
patron,1.885396541699947,0.1000243113413989,2.967353314476758,0.10002555176712671,0.1000238531378239,0.10000004596962586,46.45136565633371,33.850736849580464,4.5082855389831815,11.936788336374887
patronage,0.10001721500169415,0.10000124032600993,0.1000090294528758,0.10000670737279131,0.10002676567534086,0.10000001636455885,58.6500139580021,42.421188804103586,0.10000115017229662,15.228735113352059
pattern,0.1000293138535421,12.685191401042623,26.504541363122016,13.165318914693914,0.10003865449759415,0.10000006315702784,0.10002866361420952,12.284975695407095,10.883300084566244,2.0765758456926595
paul,111.47613072932937,348.6642422368416,12.559751799016011,670.0863433931916,19.887207092976837,0.10000948117342673,135.1534601017239,61.78874807826551,731.2123658659079,68.07174122123092
pay,1.1329177051340167,77.84675146530049,19.381280451409452,10.839766912483631,21.51055984566072,0.10000004538238672,68.8961427599293,68.95731171651649,37.083104650302744,153.2521644475407
payment,0.10001533159048942,4.097977564859637,0.10006459236827961,0.10004097631538626,0.10000459915147372,0.10000000551702372,0.1000233950452087,0.10000527450558995,0.10008843132504497,46.10177982887551
peace,0.10003267350218394,577.9162776337336,0.8790509250337496,77.27027731714001,0.10002117628779068,0.10000009884964185,932.9852413289019,145.0575350714656,147.36275320408566,203.22881057067704
peaceful,0.100020442806389,48.96905267893466,2.194979870172523,0.10003754095417047,0.1000301485511531,0.10000003573007406,72.6569964520998,0.10003129378848778,6.360328407352117,12.318523129259923
peccati,0.10000002287313647,0.10000000000030809,0.10000001654423533,0.10000001982107645,0.10000000000068658,89.09999993860296,0.10000000000019585,0.10000000000044726,0.10000000000020479,0.10000000213083782
peccato,0.10003286369178963,0.10000000000445258,0.10003302704415154,0.10008798130889719,0.10000000000992555,54.09992735562995,0.10002434161635974,0.10002584779282371,1.046087967867019,1.1537806145892477
peculiar,0.10004728794832528,0.10001495896627319,15.775529614737097,0.10001843836004015,30.753141411233326,0.10000027262340966,24.30511718984869,12.778639584698013,8.881657826530004,0.10583341472552485
pedagogical,0.10001194271931818,0.10000752724597771,7.9412437246058065,0.10001365183087012,0.10001656384398304,0.10000018753539669,0.10000688884704621,0.10000151715216628,49.25869733744656,0.10000065861508532
pedagogy,0.10000698242145309,2.062969481336859,0.10001441024347867,0.10001257534713072,0.10000835806187477,0.10000008473225896,0.1000039831267241,0.1000032582371893,119.13698041622946,0.1000004501047964
pena,0.10000000000052169,0.10000000000028414,0.10000000000030591,0.10000000000021625,0.10000000000063321,79.09999999997116,0.10000000000018062,0.10000000000041245,0.10000000000018885,0.10000000000026543
penalty,0.10001767913294651,23.27004281696744,0.10001150414967927,0.10001547057706309,0.10003729003201353,0.10000003358271206,0.10002818191407864,6.400574093007284,0.1000072573045649,341.62926567308784
penance,64.09661880464445,0.10001539576298535,0.10002304021727686,167.49531092317662,0.10001846438771798,0.10000011905903389,68.85029879630781,126.40688158905579,61.13979826399013,86.61103460309579
pene,0.1000000000007904,0.1000000000004305,0.1000000000004635,0.10000000000032766,0.10000000000095938,55.099999999969555,0.10000000000027366,0.10000000000062494,0.10000000000028615,0.10000000000040214
penetrate,0.10001793938384235,7.832025622737737,76.24185665628654,51.430764048806054,2.1951278954469857,0.10000002932100746,46.868299834879394,4.419073715503532,19.563350723547547,1.249483533742079
penitence,0.10002411871084724,0.10004565491630105,0.10009240567715927,0.10000716809708068,0.10001794966897017,0.10000000000640576,0.10007026323369618,41.67780786615758,0.10000420751673486,10.521930365603165
penitent,104.79306680973897,0.10000573335122409,0.10001913978980505,12.178848371637859,0.10000739338961853,0.10000113352335532,1.2224024409783842,4.947100892978343,0.10000847002031756,25.358539614339172
penitential,19.639362349011524,0.10003249791580694,0.10001963456484121,17.05407430391861,0.10000430584065724,0.10000003885622392,0.10001283451152883,8.178139095935476,0.5283465835646725,0.10000835560668102
penitenza,0.10000000000042222,0.10000000000022996,0.10000000000024759,0.10000000000017503,0.10000000000051248,78.09999999997173,0.10000000000014618,0.10000000000033384,0.10000000000015286,0.10000000000021482
penitenzieri,0.10000000000014254,0.10000000000007762,0.10000000000008358,0.10000000000005908,0.10000000000017299,51.099999999973285,0.10000000000004934,0.10000000000011268,0.1000000000000516,0.10000000000007252
pentecost,0.10004185600318215,1.2155882324556155,0.10002592612821014,103.32957229217828,0.1000168933565377,0.10000003149378726,4.422611330175954,23.708939313009584,44.63306646668431,5.290137658155795
people,135.01508723309013,1306.6846005910984,139.83921586899248,908.6109952897913,32.394931625996236,0.10000009440530618,1895.1320099073398,134.88798623500452,1853.6740257257768,515.66114742817
per,0.10001621356821988,0.10002700087066921,11.812589089243401,3.303236302614944,0.1000231703003826,2339.2293563104045,0.10002198249456648,0.1000207077716703,13.496291648760957,6.658417573635644
perceive,0.10001897638072611,15.647891871381521,46.91667442335989,49.69880922259331,20.89409823658379,0.10000005485362706,24.21362435153474,21.302465663288746,36.37869457086098,6.747722628828174
perception,0.10002807890464908,3.376408694386097,13.959143178121101,17.964240399847565,0.10002871245869589,0.10000003060316466,0.10006445618256965,0.10003043547565071,0.10002298885126455,0.10003302476926479
perchance,0.10000434960797767,0.10000250616954996,0.100019390834057,0.1000053830083517,0.10004258007039209,0.10000002780476161,13.238181850470076,0.1000452161432394,0.1000012382393483,22.96169745744966
perché,0.10000000000057492,0.10000000000031312,0.10000000000033711,0.10000000000023831,0.10000000000069781,243.09999999997098,0.10000000000019905,0.10000000000045454,0.10000000000020813,0.10000000000029251
perciò,0.1000000000005081,0.1000000000002767,0.10000000000029792,0.10000000000021061,0.1000000000006167,120.09999999997127,0.10000000000017592,0.1000000000004017,0.10000000000018393,0.1000000000002585
perennial,0.1000099242791183,13.006619596960983,4.526687618141802,10.92241002960674,0.10002451587175147,0.10000003461400865,3.3074922888274005,5.05111095470139,14.785639549978836,0.1000054867142641
perfect,0.10779055272978638,3.7452415311740417,255.18871444387784,110.48039599425212,138.6613756570432,0.10000020685022297,93.91787696575005,221.68449289072754,80.94945093145388,46.16466082581374
perfection,4.371029655658369,0.10002813765142655,294.95711882227863,34.4423156488998,53.71889807868098,0.10000002853488144,44.75038464486895,82.51895925157545,50.29770350079111,7.743562230733173
perfectly,0.10002827307765676,0.10002302827890265,8.611829997608528,26.994882364681462,25.089786261877656,0.10000002981798525,33.57309622258266,45.46293153502427,8.961479201105973,5.005943085612777
perform,84.92061595460015,16.028504627481677,71.89541744060233,16.275980240365364,17.979146633893365,0.10000003716911975,60.36225328424779,70.41218621055576,35.71066118076109,41.31523438998468
performance,11.662966057879459,3.2953490871413664,25.873832160975475,0.10001753615142327,12.475320676198884,0.1000000408192073,10.522786792856872,1.5130745992989934,0.10002191445540537,4.356631133903961
perhaps,9.073522365084854,28.983221551851024,98.98904559609336,135.76017836381143,0.10002726671783692,0.10000006307651317,67.43107951050162,0.10002683174851862,19.23324772714235,51.229650723638464
pericolo,0.10000000000056486,0.10000000000030758,0.10000000000033116,0.1000000000002341,0.10000000000068544,43.09999999997082,0.10000000000019554,0.10000000000044648,0.10000000000020445,0.10000000000028733
peril,0.10004136177378628,0.10452850895323343,2.5311266590184465,4.16920588516692,7.807723160003792,0.10000001725530255,72.91234374247304,0.1000312645197508,0.10001439463459863,5.074985005845894
period,83.35950382010057,45.80647566995489,91.09642594764173,77.11224505480821,12.9382057423003,0.10000009726119867,36.78336785524378,8.526436037372845,94.13096815375219,72.14637162122571
perish,0.10000700722621134,0.1000690244446062,0.10006951283940081,34.80998049636631,4.754441960680032,0.10000003451044813,61.33812693489801,1.4334130564999907,0.10000963260350594,15.163882339637473
permanent,32.11955945847898,27.363762666911384,36.076840008791926,25.18941846623309,8.36995518054067,0.10000006058664412,0.10002541489422194,0.10002253700494217,102.1249196938823,12.455496512350283
permanently,16.6048722582683,5.052432172255229,0.1000304332550623,4.642871117927061,0.1000324078233955,0.1000000000033245,0.5726482101552514,0.10001447221916263,5.522514105572284,6.20458482216746
permeate,1.4942701320499052,8.01705117262488,13.968196306639449,24.545987328813826,0.1000310509670826,0.10000002127474365,0.10005720024007109,1.3035790083681433,26.270817892875836,0.1000098857675245
permissible,18.594229913068173,4.38392380559028,9.029064141382106,1.8136841104768453,0.10004937780224654,0.10000006243039468,0.1000240361238217,0.10001110329003686,0.10003142635996799,6.678982023134671
permission,61.166824964807006,0.10000648595147205,12.716173906900682,0.10003165190076116,0.10003130494571807,0.10000046471997615,0.10003145945083723,1.4860293727196972,0.10005281453825506,135.03081757370364
permit,98.23896386428915,37.02417934605656,69.12701939498027,1.4622908913481627,40.50715177643148,0.10000005017355194,93.49641806067721,7.889146946310457,1.9642762537318654,115.19055341565813
pernicious,0.10001070311651547,0.19615516782360376,12.152656734476015,0.10000503846901279,17.909454278308306,0.10000003804546605,57.99372289061601,0.10001922978608023,0.1000019142427566,24.247974004857912
perpetrate,0.10004372806562302,10.929207837139186,0.10001989118517036,0.10001805665611234,0.10001064342850231,0.1000000194645618,11.448028325507938,0.10000979866413015,0.10002585536119014,12.922635844243004
perpetual,23.327580811691956,0.10001622073973271,5.556059154501088,0.10002797863441862,42.591874801860456,0.1000000626284966,6.216588028494672,27.63822933635138,4.291794032872124,54.07782957190225
perpetually,3.405496681691275,0.1000146827397499,6.054597924873797,2.1531071476912893,0.10005698663493788,0.1000000911269113,0.1000292046909922,9.121854967327693,0.10006559406183418,18.764776718749747
perpetuate,0.13271980017482707,2.3156559071697127,6.710407217140248,1.0920523508846671,0.10002382113205542,0.10000002136166015,0.1018681281246259,24.066031467907845,6.922783264768672,2.4584580209666993
persecute,0.1000149719737642,0.15237886633876055,0.10002821654184504,21.133056941428933,0.10000851084588928,0.10000006918669416,58.03905419360309,0.10003021923835141,2.576589803328648,6.598838207188568
persecution,0.10002620878565043,8.979657120637835,0.10002153790567908,41.812296648631914,0.10001533589311652,0.10000007306238362,139.53348637082792,0.10002481824345721,26.96673475853663,10.207737127161094
perseverance,0.10002723904771604,0.8189663083257899,2.28582888023459,12.89693083379499,0.10003853065301059,0.10000004064631307,36.76506560982351,11.603751172319795,6.410234522062614,0.919156862724833
persevere,7.540370625523223,4.935157028050093,0.10002306076396046,28.692838023890367,2.4614245857208275,0.10000004792220314,75.61529373180244,12.530488228061948,16.546967394759204,13.477437273168988
persist,0.1000187413579273,13.971563872834006,0.1000441971342254,5.425098967758037,0.10004482266965248,0.1000000050120019,0.10003904880235358,0.10004058371002689,3.8668032850317178,45.13634647529762
person,34.54415686049823,676.9795055819111,186.10888415899942,912.925846380176,92.47831255188036,0.10000007091669913,0.1000206365263476,33.19061787740384,920.801373225236,1200.7712826561315
persona,14.880400784255965,6.0891690171070545,0.1000106585275496,0.10002938653820657,0.10000511948007197,71.13559236206947,0.10000076740899944,0.10002490864868492,3.2947282159057663,0.10003877976055389
personal,30.726842200408882,239.89502000707253,204.76205347814164,271.39328012208694,0.10002642192047675,0.1000000569450429,1.1888985888208055,0.10003026388021785,331.3705605163797,31.36328834401448
personality,0.10001909852141876,4.499037671696246,123.52004254714052,10.054511614834091,0.10003777027711724,0.10000007970899868,0.10001539604761042,1.949144733049735,25.477178413045916,0.10001267538926238
personally,15.401074257862417,13.501830625219771,11.972882443022852,30.556554899561334,0.10001420976511916,0.10000002019394362,4.950581217854743,14.095545487428698,22.767211938615674,39.554304900137716
persone,0.10000000000068603,0.10000000000037364,0.10000000000040227,0.10000000000028438,0.10000000000083266,106.09999999997024,0.10000000000023752,0.10000000000054238,0.10000000000024836,0.10000000000034905
personnel,5.073596913870709,12.505640447637282,0.10000906578812234,0.10002591860142865,0.10001709868589694,0.10000000718088069,0.10000220678133484,0.10000099736238233,39.66899589244728,1.1517114514017839
perspective,0.10000776143571284,51.44337231769426,0.10002712384185201,67.67158940830433,0.10000760890884318,0.10000002959972784,0.10000366053501097,0.10000767383467876,74.1849839193268,0.10000049632132997
persuade,0.10003093505501491,0.10001793279130593,5.661017363015309,0.10003179934727273,9.539136397725766,0.10000004574938293,64.705178219374,6.624868799717711,0.10002510021943842,27.96969340668396
persuasive,1.467477770846429,1.2715181589737643,6.6874970577040544,0.10003206623203423,0.10001724642984236,0.10000001373761772,21.71971310305257,0.1000437084635248,5.147526696706903,3.3061741774732702
pertain,59.255913068583865,6.755023800565567,14.43347039070857,0.10002290351503701,55.45329459107758,0.10000001721045747,15.439713757214406,1.167860691682699,9.84627663291068,91.44842414619484
pertanto,0.10000000000077955,0.10000000000042458,0.10000000000045711,0.10000000000032315,0.1000000000009462,114.0999999999697,0.1000000000002699,0.10000000000061635,0.10000000000028222,0.10000000000039662
pervade,3.051003103822792,0.10002540463590788,26.427096938885526,11.3374889820136,7.5842842253980525,0.1000000067583465,0.10003243955547887,0.10004081532897638,0.10002380305225461,0.10000428024264753
perverse,0.10002090083352735,9.605056822993957,3.9927318426427463,3.4293335424670937,6.737509157089152,1.1016486657030564,41.78672888960235,0.1000238256618634,0.10000901835940187,19.046937334311497
perversion,0.10001395035617568,3.7153293791039674,11.656013376418608,0.10001028862962852,21.928530831987885,0.10000003926303003,0.10004249885226256,0.10003578457002413,0.10000207469269222,0.10002177586162796
pervert,0.10000964651467964,0.16661294416349343,20.177079325489057,0.10003098827697596,31.092711689909116,0.10000017393347395,0.1000615958624595,2.8142504647809843,0.10000178105587225,11.249241389655802
però,0.10000000000041598,0.10000000000022653,0.1000000000002439,0.10000000000017241,0.10000000000050484,71.09999999997177,0.10000000000014402,0.10000000000032884,0.10000000000015058,0.10000000000021161
peter,71.16454339400565,6.623970158386779,0.6089584921336209,140.2551076077719,0.20613265513604992,0.10000017853710064,654.8519549244564,151.2795146473153,214.50916266949358,268.40065527243434
petition,20.97895857728524,0.10005768060663835,0.10002398019400964,3.1767663910799926,0.10003025729669791,0.10000004637940776,11.581859301119891,49.9849663965903,6.840610683837614,37.036726685233944
pg,1.4980238170916143,3.438889774947463,0.10000429217523586,73.35059629542465,0.10000272522015403,1.067124135464656,0.10000221424243431,0.10002154326134947,4.145334061193749,0.10000114072695282
phase,8.972753705372527,44.77917552151689,0.39722333142396227,38.20860543645724,0.10000835732042437,0.10000002115836372,0.10001995436133343,1.0418977699487424,36.20030997214018,0.10000593000992128
phenomenon,0.10000417425608221,71.06419286112607,38.62353223546006,4.834581014295441,0.1000206025278026,0.1000000218361611,0.10000594361877836,0.10001120700103333,64.87764961799095,0.10000232166912812
phil,0.10005009908243159,0.10000704228841596,0.10001732356648955,39.23188017706902,0.10003043073014155,0.1000000011935974,0.10003142099568207,1.563888415372522,10.504081400778746,0.1000136886254675
philosopher,4.751692144132777,1.749200369232785,142.42075541117117,0.10003746436883341,7.847716366137632,0.10000010076654305,0.10002507493971637,0.10001636480480211,0.10001151309840138,1.730545191038411
philosophical,0.10001310024933717,7.721731018871022,227.8094536158758,0.10002482217103273,0.10000615297045591,0.10000009445912843,0.10001113587085539,0.10000633704240112,9.711320326716313,1.157433395503465
philosophy,4.0108343427475335,12.994366258172073,539.6743261357833,0.10002704901511689,3.720358328698305,0.10000012575926695,0.10002416498391214,0.10001457228795982,0.10003307458455614,0.10001594767543913
photius,0.10003402206063217,0.10000241533745534,0.10000968208920907,0.10000633911202253,0.10000618591030092,0.10000004032012139,0.10001680433862856,0.10000477701385392,0.10000415023392584,38.099915583447945
phrase,11.778293571339987,2.2214075378379468,18.34464710187978,30.61886940877455,0.10004110375890611,0.10000005500439549,3.6151263323986496,21.461420170905352,0.10002697670689821,7.6601677410453215
physical,13.95384177380682,56.66641584973864,67.20007556893425,68.00755751971869,34.710489903438834,0.10000003094300218,0.10002522955968839,0.10003472535105204,17.018793028187506,4.142766369984613
physician,0.1000308786306243,13.97926009394613,9.074725662790888,5.641571463191978,1.3406544767716686,0.10000004036732839,0.10003028114880018,0.10002869038878437,2.180095998401242,10.383602414001928
picture,6.790312223183885,25.37327908609494,157.75011268382667,22.305407244336468,0.10000520283428706,0.1000000572239253,2.8488880341006255,0.10002860999646099,0.5319595202058233,0.10000733789375003
pie,0.10000198911155532,0.10001728514087542,0.10000159893050573,0.1000844150241016,0.10000000000169543,50.09984505694248,0.10000923730171457,0.10003939239454031,0.10000071776378833,0.10000030714767934
piece,19.977455011747953,3.6184623282069563,0.9751154848078987,0.10002667697905689,0.10002230612889007,0.10000003598816937,9.578788139209932,0.10002813141071112,0.10001491676841061,8.350086968423378
pierce,0.10003093594783101,0.10001579980087495,0.10000851963567892,29.7654781811085,0.1000092530767194,0.10000007644269569,0.1000213539888682,23.335441584650905,0.1000148436316103,7.198979451474084
pietro,0.10008111309006512,0.10000000258640518,0.10002230684669286,0.10001007808332943,0.10001295008179284,120.10001484622391,0.10000078654454111,0.10000268300706112,2.0998552333309344,0.10000000000275955
piety,18.411698657778896,0.10002797098049447,0.10002167296426043,0.22473185672078164,0.10002211905505434,0.10000009187959716,406.49089719634,297.2266611452526,30.989660866287235,11.25627842242854
pietà,0.10000000000153575,0.100003365892074,0.10000000000090063,0.10002289345650853,0.10000000000186408,76.24320238542519,0.1000000000005318,0.9567594130660522,0.10001194202329818,0.10000000000078128
pilgrim,9.481769209181136,0.4652433088267752,0.1000126917430381,41.71270707226373,0.10000534041497047,0.10000014026839794,18.90334798682678,54.8178802347724,28.971147940297787,3.3478860750883506
pilgrimage,30.432505255855084,0.1000318658404528,0.10002117610899246,104.96424865448692,0.1000378337859498,0.10000002896735584,23.223563871994713,54.79196467478157,15.673316124639358,3.5143105132025947
pillar,0.10001783419987127,5.168316982952215,23.27831301068586,0.10002751961157287,0.10004773810465797,0.10000007216529931,0.10005546858188424,14.157409381398056,7.804101927148516,11.091710064760045
pio,0.10002786837917436,0.521678566926534,0.10009901147821758,0.10000958672068831,0.10000810877154691,73.22371798287843,0.10008386098679593,4.55435488865808,0.10002012473957585,0.1000000000047699
pious,2.256229510252991,1.110896907718059,0.10001765688057868,0.10000872804773679,0.10001932676971455,0.10000024702843599,122.00238272172533,108.71015785998911,0.1000027153535528,112.4202843259858
piously,0.10001171316955604,0.10000049018496007,0.10000863142050465,0.10000301523772227,0.10030267923782075,0.10000045392336301,24.183328175307047,28.2525075203661,0.10000021007968389,5.863837110904087
pity,0.10002114727779737,0.10003202877108072,0.10002422264983474,10.060020238428356,1.0095202649340433,0.10000009715571016,47.94467564952413,0.1000438963682046,0.10000883230672948,5.385653622274766
pius,203.8038307177825,35.09701231686403,56.56562717526264,23.035847297954994,20.98471580888131,0.10000749780062652,197.11990085248829,102.0928678759006,0.10002728311859986,0.10016317362161076
piuttosto,0.10000000000039153,0.10000000000021324,0.10000000000022959,0.10000000000016229,0.10000000000047522,44.09999999997182,0.10000000000013555,0.10000000000030955,0.10000000000014174,0.1000000000001992
più,0.10000000000062528,0.10000000000034054,0.10000000000036664,0.10000000000025919,0.10000000000075893,598.0999999999705,0.10000000000021649,0.10000000000049436,0.10000000000022635,0.10000000000031813
pl,0.10003477714972348,3.7347705656503867,0.10000978587802375,128.85623477232525,0.10000690898589153,0.10000200010800979,0.10000872662331324,1.0038237272603416,21.805061879081055,0.10004685664477583
place,295.99868697306874,432.3928187674546,194.3288282321286,379.45514888377835,163.86315202590035,0.10000021496255468,596.5426474821949,250.71285732113213,561.2566043150271,753.3492557840154
plague,0.10001957491569455,0.1284447362337085,0.10002533923998108,0.1000304403507807,0.10003171474882597,0.10000178000201175,47.59892435322117,0.10001889479460535,0.10002608854521958,9.572477077621087
plain,0.10002722480266975,2.0093339778515076,0.12007418488376961,0.8007705530637828,8.719116992215284,0.10000117659862637,41.33226712907758,6.224430895854896,2.3098695903123,6.284108274934736
plainly,3.4544527768736186,0.10001068601439445,1.1779944612629005,0.10002324837289249,25.395249266650765,0.10000113504423958,36.62445306338744,5.599369877580236,0.10000640629986453,10.348439078248195
plan,15.837556188393284,146.5007499426887,23.152127186076218,173.22793711547357,20.10380299544057,0.10000005686947613,139.06044180770058,10.630093430888268,303.3575531463354,18.029738129797693
plane,0.10004048260935887,16.51023743721708,11.385232072459841,0.8834352865167482,0.10002229853827889,0.7527566452182822,0.10002930661325933,6.968223781496515,0.10001439288795916,0.10000829609063563
planet,0.100004983617384,53.70571842048208,0.10002578953017688,2.494185029091351,0.10000041822620401,0.10000046575562418,0.10002063022433065,0.10002386003667253,0.10001827446936466,0.10000212834174749
planning,0.6246995662236533,22.872446113939613,0.10003606742851,0.10001483081020732,0.10008518309924495,0.10000055935381748,0.10003312120439327,0.10000519341180655,28.1095964608409,2.793082903322557
plant,0.10003038770878014,37.38506328665628,0.22190552458917756,9.392467441162546,0.10002621114187644,0.10000149705751178,23.38365510669936,13.069696995381626,16.00077471084994,15.246378838406311
play,12.775625017106703,71.43381434227938,26.44648213599431,24.158454965942468,6.882892077016326,0.10002583890841833,0.10012716593088448,13.073764411453343,76.04014357300521,3.988670471991047
plea,0.10003076874880237,9.988032015047997,2.9803974862291995,19.614077028545662,0.10003033898997718,0.10000022962276521,2.866562691977332,5.522241009204696,2.870431727504777,7.858196703767509
plead,0.10003448794024511,6.34396573043325,2.1545276265792586,0.10003241435907098,0.10003228198860975,0.10000036576896466,17.715858608695083,7.8616596143211375,5.2724547227104965,4.251434146838104
pleasant,0.10001642913664054,5.333052905931574,1.6012419325033775,0.10004564517674798,0.8796746742065192,0.1000003800098972,15.985740403716289,17.700158017143877,0.10005795337993927,0.10001165840918831
please,8.140717639762515,0.1000290931328274,26.988388420230216,19.273823509706528,5.124703769849786,0.10000009212258569,139.27576107714742,65.52286013789363,4.513567546293076,27.960148713520784
pleased,0.10002439538960103,0.6621359517423795,0.1000452492365877,11.843777390283504,0.1034938145950057,0.10000008162259252,36.71090419782197,17.606598087137705,16.673002623456153,0.10001820836713855
pleasing,0.1000118312452582,0.1000174294582007,0.10000767082083808,0.10001852732016558,0.10002045448148353,0.10000051594324748,20.64668757489914,26.818138536211286,2.6500210584380444,1.2850764008975653
pleasure,0.10002928391673489,22.099092322880164,13.263832676221133,3.6466572138193523,62.24788966012612,0.10000004745069146,128.23653505534799,57.76734636682242,0.10784458270628713,8.430772790353888
pledge,5.77595360737207,0.10003308362399449,13.563706966494108,8.643637127014097,0.10002737248550128,0.10000006207565482,174.48954837674248,47.280899788796596,0.10002498752049442,34.84616862754179
plenary,0.1000437538320594,0.10003321810275574,0.10001354836300176,0.1000281209301284,0.10006197260260237,0.10000010214786197,9.864012700312689,68.12621948681287,19.504479510622282,9.90510758592389
plot,0.10001130367196585,4.698957389781445,0.10001780278590437,0.10003861278478776,0.10007585947277452,0.10000004349439923,36.11150804565624,0.10001390674431238,0.10003932337852285,9.489337711870979
plunge,0.10000951208387594,6.093376934812356,10.125141245088052,0.10003676408180551,0.10002614671905917,0.10000017443786953,23.081112573396112,0.10002638554144302,0.10003011492227198,0.10024014856361561
plus,6.129726378852703,0.1000107215032385,0.10010893716279491,0.10001609771604442,0.10000000000306003,27.984450116255747,0.10003342782401613,0.10001825648800672,1.1856289426376942,0.10000712117207473
poco,0.1000000000007121,0.10000000000038778,0.10000000000041752,0.10000000000029514,0.10000000000086419,36.09999999996991,0.10000000000024652,0.10000000000056292,0.10000000000025776,0.10000000000036226
poet,0.10000726899859172,3.932131772113432,15.379279160932736,0.10003871605811405,0.10002306433772136,0.10000030702564752,5.474524238661883,10.613945090148448,0.10004377652296748,0.1000066048604941
poi,0.1000000000005356,0.10000000000029169,0.10000000000031405,0.10000000000022201,0.10000000000065006,218.09999999997117,0.10000000000018543,0.10000000000042343,0.10000000000019389,0.10000000000027248
poiché,0.10000000000068628,0.10000000000037373,0.10000000000040238,0.10000000000028446,0.1000000000008329,120.09999999997025,0.1000000000002376,0.10000000000054256,0.10000000000024842,0.10000000000034913
point,85.86706831453183,243.77318183397594,453.33537693321364,295.49958361968584,85.51249210353794,0.6044555809128085,78.21158636087668,63.308720592856396,269.1203241829795,108.76721047706737
poison,0.1000061413378395,2.721742831645033,13.576359082726283,1.3695164166142035,4.06292650841198,0.1001119335107802,42.63208927125009,0.10001299628743919,0.10001857226730745,10.237216245540274
poland,26.263291289256177,2.5955995671004652,0.10002294275495215,1.7653533328926385,0.100027017887346,0.10000000455828421,0.10008202490883644,7.417712021731737,0.10001321827101536,29.457898580222853
policy,9.996211401302588,91.0086749725295,17.084832318660194,0.10001072326040003,0.1000232892160972,0.10000024772719782,15.607388614230054,0.10001527442325593,0.10001591743150332,1.8028272409426573
political,0.10001326335540965,525.6766583972277,107.18149478939455,0.10001686471591663,0.10003807375011345,0.10000008695509092,77.03443595830834,0.10000876246040247,80.75568091703039,0.8516528865051075
politics,0.10000453470435568,127.10921233400211,21.049265782501564,0.10001944659788846,0.10003813987195567,0.1000000387750587,9.442940080194969,0.10002632960640415,3.6630206292465854,1.2354726841709402
ponder,0.10001569223210037,0.10003731751333253,11.219753244300618,31.969394145834613,1.9191550734802303,0.10000004189144018,16.93964706460505,27.855995237646873,7.230899748465431,13.565102433684094
pontefice,0.10000000000040787,0.10000000000022215,0.10000000000023915,0.10000000000016905,0.100000000000495,164.09999999997186,0.1000000000001412,0.10000000000032243,0.10000000000014765,0.10000000000020752
pontefici,0.10000000000048433,0.10000000000026375,0.10000000000028396,0.10000000000020073,0.10000000000058779,77.09999999997136,0.10000000000016768,0.10000000000038287,0.10000000000017531,0.10000000000024638
pontiff,408.2683955142477,2.0583073841262443,6.140273382027781,0.1000113409397006,19.96592597800411,0.10000015622954751,313.4285979291299,22.977240368434998,0.9589418819648271,438.0023060645634
pontifical,151.87891929296728,68.45731085815102,0.10003306168165754,0.10002348431231636,0.1327437501448667,0.10000004388500401,16.177082141558767,3.9750353205838236,26.505008003568136,25.5738440428104
pontificate,65.81402067573896,13.050298947060062,0.30778224278278876,45.36460232898644,0.21233398093497338,0.10000019005424386,419.4213624325458,46.2801691011794,13.401789042042704,32.04764105834315
pontificato,0.10000000000122249,0.10000000000066579,0.10000000000071681,0.10000000000050674,0.10000000000148372,76.09999999996712,0.10000000000042324,0.10000000000096648,0.10000000000044254,0.10000000000062194
poor,0.10002003083478593,413.0427809577391,0.1000187302307781,109.7298809249859,1.7608377316175865,0.10000066956873253,178.42380754342003,13.373303362303188,255.429980852823,81.93936919615885
poorer,0.10001876035745463,27.87014075628517,0.10001664551709781,0.10001336664418108,0.10001203989958823,0.1000000452507083,5.22318646138553,0.1000176276058135,8.206588326458576,0.1000059703534853
pope,420.18325558900824,159.8031079232898,18.500050313798766,97.28615303981643,0.10002254287470155,0.10000015400265876,0.10003132001088055,36.121280944371236,162.6305120858078,558.1755860866817
popoli,0.10000000000097735,0.1000000000005323,0.1000000000005731,0.10000000000040517,0.10000000000118628,62.09999999996851,0.10000000000033839,0.10000000000077275,0.10000000000035383,0.10000000000049726
popolo,0.10000000000055205,0.10000000000030064,0.10000000000032369,0.10000000000022884,0.10000000000067001,166.09999999997103,0.10000000000019113,0.10000000000043646,0.10000000000019985,0.10000000000028085
popular,0.10002761275351292,56.51431380215351,42.24699305670195,0.18090519296502533,6.352674263356104,0.1000000785205341,60.29594647437671,17.36076673527548,43.74835164969723,0.10002113386631296
population,0.10001952661154259,109.98190126282267,0.10001094054048103,0.10001387331529112,0.10001322753358696,0.10000000645535974,25.78055473469547,0.10002736198542496,20.537427712116717,0.1000313536492218
portion,11.37377763821251,8.673298902241893,0.1000218714605245,5.442689848135223,16.031308789817597,0.1000010819194121,46.049084110750236,0.10002653738353033,10.162383018735607,22.96740820100892
portugal,0.10002342893777726,0.10001930758828041,0.10000350464045084,0.10000853308264857,0.10001531249951777,0.10000002120828956,66.98711319983023,0.10002569243538784,0.10000959363180945,13.212781405939962
portuguese,0.10001145110187454,3.29267868606135,0.10000300181725609,0.10001740342813138,0.10001026693387624,0.1000000270343537,29.63292920263426,1.3743221893848165,0.10001832920170574,0.10000944217377959
pose,1.4425652708730063,14.846538858033258,27.103150640045378,0.10004313234512618,0.10001547159664004,5.100000057087157,0.10002765278694924,0.10005246409373536,17.007597277921274,0.10000917484233071
position,11.783616343876098,81.45647607959721,105.28985297661863,19.0763030029683,10.413864964991676,0.10000005756882333,45.204306742803034,0.13502893115569026,45.334117041786776,27.206433858294307
positive,0.1000369710381673,109.33619119615079,72.97165358132843,0.10003250350854985,2.659870681135599,0.10000003079860663,0.10001606765145979,0.10002214595338982,96.59487809808935,2.93729872402468
possa,0.10000000000061224,0.10000000000033342,0.10000000000035898,0.10000000000025377,0.10000000000074304,97.09999999997066,0.10000000000021196,0.10000000000048402,0.10000000000022162,0.10000000000031146
possano,0.10000000000063038,0.1000000000003433,0.1000000000003696,0.10000000000026128,0.10000000000076505,65.0999999999705,0.10000000000021823,0.10000000000049836,0.10000000000022818,0.1000000000003207
possess,23.57632494663612,83.07966268780413,126.66178741237688,60.81786825323309,45.253392854345186,0.1000000793990963,84.22870378810885,43.40133846259509,21.796705230903935,52.08421628425923
possession,1.4207729207120088,45.04267230192025,31.80691129619407,49.17537452402342,0.1000430296724325,0.10001714489506788,94.5680296639491,1.8305426974578973,3.4510805599649452,135.5045558608441
possiamo,0.10000000000080622,0.10000000000043906,0.10000000000047271,0.1000000000003342,0.10000000000097847,49.09999999996944,0.10000000000027912,0.10000000000063738,0.10000000000029184,0.10000000000041016
possibile,0.10000000000077616,0.10000000000042274,0.10000000000045511,0.10000000000032173,0.10000000000094206,35.09999999996953,0.10000000000026872,0.10000000000061365,0.10000000000028099,0.1000000000003949
possibility,13.291067244856892,146.08054195290694,76.35901009203867,28.06280804332267,0.100016577657962,0.1000000743352074,0.10001868496530442,0.10004855061990814,78.9706854694429,5.835803309526565
possible,97.88385160696325,280.60060531136867,198.0913990854044,142.25016172296841,68.679431309788,0.10000705867231362,243.86376749117807,44.29623399349488,254.67088310618797,102.56365931363099
possibly,1.4562691428579648,6.145093861984317,15.612406022245178,0.11054082435532295,0.1000342666293522,0.10000009803345987,18.400756834265383,12.310260434649424,0.10002282266251065,3.6646156919639608
possono,0.10000000000058405,0.10000000000031808,0.10000000000034247,0.1000000000002421,0.10000000000070887,108.09999999997079,0.1000000000002022,0.10000000000046176,0.10000000000021143,0.10000000000029714
post,16.105996509125056,0.10028937681691895,0.10011864962235723,0.1000142235131351,0.1003286482390093,4.48368072268543,0.10008192415660723,0.10002322657410734,21.027527724839533,28.781938993414137
posterity,0.10002181618152016,0.10000460416936592,0.10003393963729643,0.10002872267797412,10.74250472157989,0.10000009439472954,19.180599953085444,7.328172709357608,0.10000445900077388,4.148628979652704
posto,0.10000000000070983,0.1000000000003866,0.10000000000041623,0.10000000000029424,0.10000000000086157,34.09999999996991,0.10000000000024577,0.10000000000056121,0.10000000000025697,0.10000000000036115
postpone,12.066110347373591,4.170910828465343,2.4930454365926384,0.1000407354583945,0.10000639051199232,0.1000000892705244,0.10002219415292804,0.10004066313646193,0.10001216454239892,19.669811150182092
potential,0.10001037964461293,39.203083340481065,0.10001018130273612,12.40023603293925,0.10000932891009845,0.10000000557149223,0.10000565271212068,0.10000161842468729,9.696642738476505,0.1000007213543459
poter,0.10000000000031468,0.10000000000017138,0.10000000000018451,0.10000000000013043,0.10000000000038192,40.09999999997223,0.10000000000010895,0.10000000000024879,0.10000000000011391,0.10000000000016009
potere,0.1000000000008598,0.10000000000046824,0.10000000000050413,0.10000000000035637,0.10000000000104352,88.09999999996923,0.10000000000029767,0.10000000000067971,0.10000000000031124,0.10000000000043742
potestà,0.10000000000042232,0.10000000000023003,0.10000000000024765,0.10000000000017507,0.10000000000051264,68.09999999997173,0.10000000000014624,0.10000000000033392,0.1000000000001529,0.10000000000021488
poteva,0.10000000000034028,0.10000000000018533,0.10000000000019954,0.10000000000014106,0.10000000000041308,43.09999999997211,0.10000000000011784,0.10000000000026904,0.10000000000012318,0.10000000000017313
potrà,0.10000000000072053,0.10000000000039243,0.1000000000004225,0.10000000000029868,0.10000000000087457,43.09999999996991,0.10000000000024947,0.1000000000005697,0.10000000000026085,0.10000000000036659
pour,9.054945688872149,10.082644094215986,0.10001800856707417,89.96104547348342,2.102980344681556,53.18480410323429,80.04794085786592,49.7282450122782,27.31164292470961,11.425733491737562
poverty,0.1000221769674207,150.84569879345452,0.9401045291476752,82.95917214815155,0.10002459593743121,0.1000016521752466,55.62758355429145,22.386884133584918,127.98675213830535,58.95375627765919
power,62.69492883843021,306.2508419046997,224.4034712593757,533.194395922534,553.4418611409764,0.10000006522616302,694.9880023287996,176.63276865633296,194.14611958547493,366.14761029781636
powerful,0.10001160680002014,70.06358758633084,14.542674724176718,69.14130189881743,8.815295978553014,0.10000005517469403,147.1162127066106,75.844654279735,15.144296403894115,12.13196475958224
powerfully,1.7149185711772306,1.8745978880069927,2.7271561404778724,0.10004407852115353,4.678951163376718,0.10000003408752485,11.694792545294934,16.56405781521333,6.445460754555637,0.10002100891338683
powerless,1.2912594880781407,17.974735701138727,1.4644149056303255,0.10006588743680643,5.882676766340893,0.10000014858654278,8.886685735594249,0.10009683611948052,0.1000560714881722,0.10000845909848279
pp,65.03558326854444,4.54979034822896,0.10002394220903045,69.53844496695362,0.10000787616274051,6.240492174715423,0.10001339803224771,3.3948252715286062,117.74600627568398,16.194812477619713
practical,11.853198130790064,73.2177458431249,133.61896952809607,4.897459099213284,0.10002752871191686,0.10000006037943122,0.5945187673188063,9.135435674193582,89.57854394797042,3.9041014198618207
practically,0.10004662656214906,11.36450076402777,14.66808416713248,0.10002492063428138,0.10004542532536527,0.10000001809586045,29.15947517434561,0.10001734134503523,8.992262493796645,7.315543068389886
practice,254.7446278066186,110.35370798032942,177.79426995298724,46.54719691865781,54.326754956972124,0.10000004569132118,204.81593564615193,218.80153411888944,203.31235369129394,61.20361888207214
practise,0.10001028789191703,29.9273324110885,0.10002038574129551,29.941650740530665,0.10001489988225347,0.10000006198495505,0.10002196485176819,2.1643036977943293,26.151294011231993,12.31535153870587
praise,3.8793299986951304,44.74783499522517,18.046014685388013,17.762834841855184,12.69243094476238,0.10000005241638103,319.459556242036,249.98676305352706,32.57909103911194,49.74614414664744
praiseworthy,13.917595106434694,7.843044039078462,11.726433996184246,0.10002283076855298,3.9260374759545225,0.10000070188491968,38.75876534891998,11.034227024362226,2.7702617641640424,24.823611711905958
pray,28.739018216403455,5.994421089364625,0.10001890511037294,116.4143047612517,0.10002117698866511,0.10000011874454483,299.83412934280574,181.34781876006377,107.08528278491926,4.284984844027552
prayer,104.44735173689429,2.963206346533174,0.10001960709255024,318.72930350761726,0.10001960109790466,0.10000005340368809,641.6440589353582,883.7115938868038,530.3097665659494,37.8946797589361
prayerful,0.10024068502672036,0.1000453421790375,0.10000538183142176,9.24724523876735,0.1000081768165469,0.10000003152175065,0.10001812150858794,12.077265665163988,18.97516353741292,0.10000781950128355
preach,0.10008909845025414,10.81289677988701,20.327750725091033,52.92632623075882,0.10003034506103986,0.10000005316489055,231.41844602378356,3.241220166108289,209.1828513413339,148.79038923602823
preacher,0.10002935767888996,4.12303852649012,0.10002924408093264,0.10004384068998491,0.10002230371405918,0.10000002123805452,105.06412510637163,7.505432515354157,32.80299101514437,41.004288068878765
preaching,0.1000135413562002,0.10002393289075048,22.859239706880068,42.21809308026099,0.10001680069038567,0.10000003016550457,89.2937021460574,8.771888286202513,97.40243159498625,24.054590880195985
precaution,0.13723958567321715,0.10001159203548485,9.076205064606908,0.1000022827791592,31.71149410557928,0.1000000015808188,0.10003291999875014,0.10001342161892872,0.10000251726860473,19.474998508640493
precede,33.40028644598913,8.85829676208611,27.057303750953217,30.498491586287777,0.10003006966671976,2.10157375401478,11.844903755627625,1.1858722323796795,14.498629803370541,28.454611839246716
precedente,0.10000000000070605,0.10000000000038455,0.10000000000041401,0.10000000000029269,0.10000000000085696,39.09999999996997,0.10000000000024446,0.10000000000055823,0.10000000000025562,0.10000000000035922
precept,26.44831982812867,0.10004961054116566,92.30109236707948,0.10002733793371725,90.41927686824832,0.10000019557162008,126.35978457111386,59.80087905582392,0.10001511014426435,73.27055505510816
precetto,0.10000000000036659,0.10000000000019965,0.10000000000021494,0.10000000000015195,0.10000000000044491,61.099999999972034,0.10000000000012692,0.10000000000028983,0.1000000000001327,0.1000000000001865
precious,2.896438025151012,19.13984365834269,10.38468735839844,37.916528222066475,1.7404988547321907,0.10000022976473233,84.53970636035181,73.06055899463269,85.01477103133325,11.206967264886623
precise,7.06111499509964,0.6284127345750193,25.3786075894091,26.793277256909914,1.4682956959858098,5.116732961174284,0.10002047830485519,0.10001666117423655,44.730343811003905,5.623177816018649
precisely,6.766071376723635,45.34454065200554,85.11550343777104,442.3590609155086,0.1000364676680345,0.10000004926258338,0.10002731978909288,0.10002715674878161,98.91820457752371,2.096528046657857
predecessor,102.66085587284772,44.86281530339419,41.97780242640086,0.1000247300056227,51.928596024090396,0.10000011249110598,546.9313338159878,135.5030185397023,4.547696372628457,215.3878568021249
predecessore,0.10000000000058804,0.10000000000032026,0.10000000000034481,0.10000000000024376,0.10000000000071374,70.09999999997078,0.10000000000020359,0.10000000000046494,0.10000000000021288,0.10000000000029918
predecessori,0.10000000000066703,0.10000000000036323,0.10000000000039107,0.10000000000027645,0.1000000000008095,72.0999999999703,0.10000000000023092,0.10000000000052729,0.10000000000024145,0.10000000000033932
predette,0.10000000000064378,0.10000000000035064,0.10000000000037751,0.10000000000026686,0.10000000000078141,35.099999999970294,0.1000000000002229,0.10000000000050902,0.10000000000023307,0.10000000000032755
predetti,0.10000000000085695,0.10000000000046673,0.10000000000050249,0.10000000000035524,0.10000000000104012,39.09999999996909,0.1000000000002967,0.10000000000067753,0.10000000000031024,0.10000000000043599
preface,21.22681440580498,0.1000095821603775,0.10001922906906577,7.251818050351318,0.10001626654692605,0.10000005859326667,0.9298775582303631,7.099421236299651,4.991988961641746,0.10003465098638527
prefect,74.88162455323818,0.1000110558217745,2.483877437111514,0.10008513725506361,0.10001754096975882,0.10000006421751485,0.10003648106201904,0.9420571845504758,0.10002336612532052,2.092267179231186
prefer,0.10003048993912889,8.097073504285346,40.02154572707556,1.4303522497953212,27.42324667371333,0.10000007961469802,31.843949716348245,0.1000227033419291,8.316236143853056,48.56754271168585
preference,0.10005069762450393,14.979503331745292,15.20771620942342,0.10011521205153634,0.10003442223661604,0.1000000128968273,0.10003672288874009,10.14163586763867,7.070892869025708,0.10001465410940683
preferential,0.10000230192188586,10.019477649616235,0.10000505752090666,0.10001111928017883,0.10000553016697056,0.10000004873582613,0.10000266604288251,0.10000170682194595,32.180493711162356,0.10000020860018326
preghiere,0.10000000000088101,0.10000000000047982,0.10000000000051659,0.10000000000036521,0.10000000000106933,85.09999999996911,0.10000000000030503,0.10000000000069656,0.10000000000031894,0.10000000000044823
prejudice,27.170443541018766,16.12919755991308,33.32331726680205,0.10002853904242608,0.10002379775052901,0.10000010081711724,32.632958812310285,5.474452422334997,26.023670020016162,43.94590793965735
prelate,20.36775606855101,0.10001101902282905,0.10003389470706425,0.10000685195790003,0.10002446377775469,0.10000015200427259,0.10003869292111732,0.10003504332807625,0.1000196573636713,421.83207415608905
prelati,0.10000000000073421,0.10000000000039987,0.10000000000043051,0.10000000000030435,0.1000000000008911,38.099999999969796,0.10000000000025419,0.10000000000058047,0.10000000000026579,0.10000000000037354
premise,6.762089947432544,10.776451093303804,16.291131463531343,5.0885629429055665,0.10002001757685881,0.10000009710952668,0.10001167367908924,0.10001744972612649,9.837087065889941,7.844628248549001
preoccupation,0.10000602268183528,5.2817306193874645,17.134601541333318,4.941927507013941,0.10001762861834178,0.10000000000361733,3.9045404056211592,0.10002954037705973,2.52713837718919,2.8100083574342993
preparation,36.50473945477225,2.220896669204913,19.049292275975137,27.49574352867591,18.90964509395594,0.10000004121767783,20.788006930486254,4.33733099495678,199.4943027961919,0.1000422142014614
prepare,58.169916288152066,24.344326079866754,32.0905067040183,98.53481654962752,12.92450765598397,0.10000004715029107,133.94374118074822,30.042168858927617,223.90377772730287,20.946238907883856
prepared,0.10002408562149795,1.1620489060504267,0.7403269167768964,8.631309307615195,10.670245231557937,0.10000005568053025,29.13728663385017,0.10002551652169707,23.547884056916942,6.810849289060038
prerogative,7.365974099261579,0.10002190718986392,19.089782807057578,0.1000281218902532,11.028578850222608,2.100113564619304,0.10004678492418918,18.009831460710057,0.10000866534054309,9.005613738431146
presbyterate,0.10326705495453736,0.1000011391204994,0.10000346297849913,0.10000443741996545,0.10000008860465603,0.10000000000110311,0.10000330247613583,0.10000332897974136,62.09671710146156,0.10000008390394148
presbyterorum,8.18351446194106,0.10000093714323265,0.10000574021552658,0.10000830835116119,0.1000021567123661,1.0999999340292201,0.10000076328647443,0.10000048908130085,43.01646578738585,0.10000142171086863
prescribe,87.57496472844852,0.1000082911490226,9.314194017397678,0.10001712930218465,16.247191996754093,0.10000006829788595,15.928823672118025,14.170985100805744,0.10002507657348324,58.36378991886746
prescribed,25.621283074242744,0.10000068403367304,0.10004075347121917,0.10000240459149311,0.10000812253604403,0.10000001710947146,0.13381800632415128,11.999370112139523,1.1419578070050858,11.603519018260611
prescription,132.4513059094536,0.10002280448656105,16.205260168787074,0.10003077981114264,0.10004233063284713,0.10000004910308545,17.247337035090066,0.1000360360395797,0.1000855236596954,11.495879362488447
prescritto,0.10000000000070836,0.10000000000038577,0.10000000000041533,0.1000000000002936,0.10000000000085968,40.09999999996997,0.10000000000024524,0.10000000000055999,0.10000000000025643,0.10000000000036037
presence,50.701643656491484,38.90710329416958,21.121852564762793,267.1697975903407,0.10002682993986131,0.10000003881490788,2.5212069551018095,35.54410825920494,288.305450060751,126.52881075007842
present,222.4724235373391,371.34499273558913,266.9425116430206,530.5794184096693,35.40080945655369,0.10000012223232774,254.77838341353905,217.2768596000091,677.2236205447351,502.8809805369763
presentation,0.10003315283344948,5.2832885212705865,9.352962945502735,16.257055686439312,0.5001649267377648,0.10000001684795538,0.10001646149060124,0.4653745575488677,75.08050640707602,9.760597323928774
presente,0.10000521508801598,0.10000000000294806,0.10000000000317638,0.10000000000224633,0.10000317717285245,155.10001815796616,1.0999691596112804,0.10000000000428284,0.10000000000196052,0.10000429002111459
presenti,0.10000002332001241,0.10000000000043609,0.1000000000004695,0.10000000000033195,0.10000000000097194,51.099999976650246,0.10000000000027727,0.1000000000006332,0.10000000000028991,0.10000000000040739
preservation,11.836199473385488,11.098393518284457,2.6548094024593873,0.10001501996531832,28.51123388018644,0.10000006912330014,37.591121974518764,0.10001707635112905,0.10002734080959846,13.908182244614567
preserve,113.44743080934012,39.8204427568798,74.57326002967893,49.03852493867842,61.68566521926032,0.10000007580430857,319.3900400835883,59.74792986513652,54.03546168236658,65.16124453892913
preside,24.789644537212848,0.10002330441171706,0.29234574952660375,4.402069852775603,0.10002836238254362,0.10000006659488797,15.531805724086242,0.1000319004173448,28.302379443012164,56.28167105923796
president,31.115743966272472,5.931829188434964,0.10002441391964331,0.10001435248886648,0.10002277152326024,0.10000001062197539,0.10002600492483851,0.10000794465781633,0.10001113287186474,31.252320214041266
press,7.847402272434212,17.744653249715366,21.614968548862894,12.617609514034761,0.10002930833166901,0.10000007477784942,121.14681027504712,0.10003168372457057,38.88956443914265,20.838930633586262
pressing,0.10001008225655476,0.10002557312354074,18.420737161643128,0.10002936181752481,0.10001867704228742,0.10000001296674903,0.1000328371603639,0.4603894120899624,15.642276001176661,1.8764808803811066
presso,0.10000000000081868,0.10000000000044583,0.10000000000048001,0.10000000000033933,0.10000000000099357,139.09999999996955,0.10000000000028342,0.1000000000006472,0.10000000000029635,0.10000000000041648
pressure,0.10003366116866934,45.34744711016081,16.817680315912284,13.165499926201385,0.10002336423129343,0.1000000614019298,0.10003077209752571,0.10002764132020055,11.47609215039647,21.693164996769493
presume,6.460527114381279,25.116500314691738,0.10003065435730275,17.007236290841345,1.7137333631374796,5.103032425586571,0.10002141222403224,4.435542682014734,2.8770825276323007,172.0862932147666
presumption,0.10002609177643014,1.7829275252361587,16.09666309964066,0.10002107699851548,0.1000610108523911,0.1000000013919099,0.10001974707847076,0.10001244018007972,0.6965109827054738,21.823758023812076
presuppose,0.14623176262285645,25.856461834202513,6.657447252115357,27.30443474088064,0.10000769541963128,0.10000004789193828,0.10001131810768904,0.1000394539319453,22.53532634573409,0.10003954877472303
pretend,0.10001303045728381,7.380066861771476,20.597264959060627,0.10002100149207561,0.10005273332803631,0.10000004441423432,12.236650734859337,0.725479112026897,0.10003467592625508,22.560416846318944
pretext,17.26778878577902,6.739223447937546,40.35323622802299,0.1000153595082021,10.831443675432592,0.10000005310449385,0.10003788222849733,0.10003549398717003,2.216816242684632,97.19140283097222
prevail,14.26501069921039,26.705505451488403,14.185896991848558,4.949952183341312,0.10003670341339543,0.10000003290874866,92.5922431122002,4.253866818630477,0.10002796246512281,17.747460044148763
prevent,40.046218643644025,70.75278639814393,40.487937061826585,15.20454736513229,50.085603663557734,0.10000004510834765,77.53630314569618,1.2042648742173012,6.257684726131221,107.32465407620042
previous,44.38306425043969,6.607454570258476,22.41676836083843,7.999317228487025,0.10003523816828756,0.10000004276908395,0.10003861018464362,0.10002377964298188,7.554870241041003,56.6384276778116
previously,33.06206915514531,7.19153481113951,16.887404736441276,17.105130225942627,0.10004219081245562,0.10000066239650508,0.10003042686686536,1.302431799555635,1.6778949618252006,67.4734610295146
prey,0.1000112748459605,19.04446572353415,10.706189199763559,6.075133734660209,2.5423233215557937,0.10000004811533994,0.10006784549610195,0.10004805423035425,0.1000365965971764,4.131724200763903
price,0.10001611713181734,41.583539435945966,0.10002617204539474,51.25405822642327,10.814496266118983,0.10000005136687148,6.260613048032729,29.920953583342826,0.10002860382883282,8.766268495441503
pride,0.100008757034205,5.500481777532688,53.32243516052825,8.983564002457399,14.686919088703023,0.10000006588574305,63.68648581312151,0.10002623097436318,6.41663971275669,13.103439390677865
priest,708.0136493988497,1.3179690021611625,9.252067087299666,18.63607845438289,0.10002576910655554,0.10000004106565506,995.1753422371117,59.73061763440113,1088.2458892152677,243.42836116001254
priesthood,47.35992805300487,0.1000068426801099,0.9763186169892573,5.573578072050432,0.10002358498580848,0.10000004598470347,232.79439373009382,0.10003877877909854,369.1502727750332,27.74543950008719
priestly,43.388519619252314,0.10000983871502539,0.10003926791112333,10.140174768605375,0.10001981839807599,0.10000002120341542,142.19751087943314,0.10003410384904671,356.6830807712555,17.090610911068254
priests,3.1249681132549334,0.10000682449255076,0.10001926173226083,0.1000206611642595,0.10001939577746004,0.1000000304528834,14.786464560184719,0.10003388419650008,22.055174963188122,2.4332923052659083
prima,0.10005915878844426,0.10000429815777999,3.994320281148178,0.1000151394397383,0.10000924962525369,208.17209790217476,0.10003159796251027,5.133393683363156,0.1000069663282808,0.10006172268864238
primacy,9.428084431800093,11.072296020948253,15.613866174903473,24.322696454377787,4.062312371223609,0.10000008660608298,0.10003903372924454,14.69505413644276,56.34356483634259,35.26208645326417
primarily,6.965907126218411,43.66279706308112,26.047890409441262,40.88096345107537,8.736528349770253,0.10000009576858353,0.10003611057649962,0.10002692264758269,32.395930453596065,1.0099200174612333
primary,0.1000471274715888,51.67161991625004,44.95895599721117,0.10002474653285895,40.20545404753306,0.10000146351164686,0.10003131086375686,9.23326704029836,114.49622214084225,6.034376209137391
primate,0.10001267008722553,0.10000691288775616,0.10001473715650434,0.10000573391936453,2.711415675969605,4.104278583103725,157.44111388508423,6.478432049112802,0.10000489516229968,11.764714857294035
prime,0.10001742156133614,3.742892967645192,17.002180234762047,0.10001333219396413,0.10001866910998593,10.100000951207791,0.10002173851783529,11.78673347188233,19.868072371966004,0.10004884081620492
primitive,0.10005485423680602,5.147988035190879,28.57710933082774,0.10000987534828469,0.10002811783172413,1.1305283955692624,0.10003214977628774,10.001168340118221,0.1000255388669424,4.643055361872634
primo,0.10000010120961873,0.10000000000048466,0.10000001457101217,0.10000008352145306,0.10000000000107992,101.09999895783366,0.10000008059906974,0.10000060892392179,0.10000000000032225,0.10000015331244969
primordial,0.10000618639644543,0.10002421742570977,6.658751707173459,41.401200407959756,0.10000792300910435,0.10000003831353749,0.10000169500393521,0.10000795107415492,6.239999779072442,0.10000009437847054
prince,0.10001692562019446,0.10000941577893065,0.10001607853378541,6.2655106473340325,0.10003267851888947,0.1000000482552765,265.3760496299776,7.94569780653512,0.1000254420035152,248.81264132715947
principal,29.29059961559775,48.46963645538787,36.68098443083304,7.842458128119426,8.463110980454394,0.10000005701057675,66.25028855214131,24.488097106161238,79.9698728619687,35.44495181198474
principally,4.329135237631951,8.175301348127178,30.127947684818267,4.225090004665276,0.10003012822580239,0.10000007253512568,28.058311676665028,3.609481291913182,16.71597328974932,7.558729265319141
principe,0.10000005798331482,0.10000000000043643,0.10000004193961667,0.10000005024661614,0.10000000000097262,47.099999844400365,0.10000000000027746,0.10000000000063357,0.10000000000029009,0.10000000540138534
principi,0.10000000000148604,0.10000334911030372,0.10000000000087152,0.10002277911332841,0.10000000000180385,71.23306381694697,0.10000000000051461,0.9668981722567256,0.10001188243650229,0.10000000000075603
principle,44.93216140040353,353.3318537021705,671.1082909163163,21.292737362203166,155.9773808456799,0.10000007752684609,36.83811936835904,14.92765455360236,130.4510317213357,59.040770052066954
print,26.67571232909003,0.10001611521199379,0.10003703645410485,0.10001316862843766,0.1000181054415547,0.10000013530876271,0.1000495636110782,0.10004014355832336,1.1439851293191834,51.48012827300682
prior,10.552081171842717,28.289416299002134,6.804885475638116,8.18141819743352,0.10002713806810444,1.1009000785788938,0.10001540085817785,2.9925044728557824,15.646533984078063,74.23221778128757
priority,0.1000071161172542,32.95956046135898,7.623085813227096,0.10001478661711218,0.10001484530859664,0.10000010550592112,0.10001456873271311,0.10000362106048209,57.717250185013405,0.10004849679509645
prison,0.1000214966487574,0.1000318263349727,0.10002296635017015,23.36927195127737,0.1000169162049781,0.10000010055905956,49.74531792770584,0.10002870696964644,0.10003712231546798,14.185250985306869
prisoner,12.908575156621131,11.638799297165011,3.9719262819167147,12.598540899046457,0.10001838956580218,0.1000000343899858,0.10003208998463008,0.10003660251761441,10.476225735031841,5.00584551340783
private,30.612939659514286,175.37980198721854,33.052198635291845,0.1000176855186924,94.1007876788861,17.120834251665173,194.05107591560463,57.261283269210075,1.8401459934399471,39.48091492330456
privately,4.757793298049867,2.3416948592910707,0.100050655210555,0.10000456213261114,0.10009830558510502,0.10000000998529966,2.998601360841092,11.996321912667968,1.571352376158036,14.93408265968055
privati,0.10000000000029426,0.10000000000016027,0.10000000000017253,0.10000000000012196,0.10000000000035712,38.09999999997235,0.10000000000010187,0.10000000000023263,0.10000000000010652,0.1000000000001497
privilege,22.108265300648476,18.376189203298573,22.031833816077626,0.10002557273504319,0.10004547157915816,0.10000026924110143,0.10003222394697989,78.81383300212195,14.669077632621496,205.60069750738364
privileged,0.10001083935052361,13.744507786347434,0.10003183333104554,13.341531023448129,0.10000875444568325,0.1000000462468206,0.1000196167881724,4.048819471612809,50.9676312340793,3.3974393940448273
privilegio,0.1000000000003777,0.10000000000020558,0.10000000000022152,0.10000000000015646,0.10000000000045844,43.099999999971885,0.10000000000013068,0.10000000000029892,0.10000000000013666,0.10000000000019213
pro,28.865775162136515,2.9523865768815307,0.10005160154082136,0.10066654876115658,0.10001111102137245,54.142315038595065,0.10001220347165976,9.080238088739797,13.458513537449553,0.10003013103507652
probably,7.884060815815947,10.128900222023384,0.10001271317023826,3.0802607647140468,0.100030715498263,0.10000000550331258,0.10002586321327388,0.10002022200486953,0.10001891985151842,14.30666975791381
problem,25.671281696933498,457.3501256945696,119.99471274954962,28.4731463449538,0.10009040365987187,0.10000004383030792,6.293538226028508,0.10002057975945751,244.71747295794447,6.199611302442143
procedure,50.92221338730053,27.873184560874662,29.789920101811024,0.10001074335227313,0.10002295638828132,4.101819662905911,0.10001605454956387,0.10002536934015921,0.10002317162430832,17.812763991565202
proceed,23.466640249732485,5.206416140209005,63.1388916416116,8.806997559819706,17.934996274740783,0.10000029500950458,0.10002697588272015,28.841533498057498,16.317874396323376,145.08662296827615
proceeding,0.10001110075605842,0.10002763212843375,8.34969222384352,0.10000599197243354,0.10001676712440467,0.1000000042537115,0.10002040742975926,0.10000743998143753,2.059810531921268,41.890407900336676
proceeds,0.1000227853883113,4.105557459864154,13.729969363694646,0.10006277577620855,0.10003417155929736,0.10000002246275627,0.10003158737686865,9.255281514309441,0.10003358709619405,30.30900673211312
process,22.77728196706825,250.06918293239636,31.356867478433113,60.49684192423845,0.10002003687384932,0.10000058094673027,0.1000083356616792,0.10001537954100896,235.52685269029016,70.37292867427203
procession,17.65510303224501,0.1000058774116665,0.10001909104750155,0.10000721919856356,0.10000934927616498,0.10000007071017594,6.824778319996911,28.266761108923088,0.10000378183067458,12.6533121491597
proclaim,9.68331295096295,63.67116773413643,63.423328217443,248.90276940986763,27.296650558394735,0.10000006122961007,127.91885176371386,63.72683620870926,466.27260891271936,59.004474182485225
proclaims,0.10001241984631044,5.578261548889919,0.1000326411861942,9.665068174376048,0.1000333271430063,0.10000001518085412,0.10006100499731099,3.792813995267997,16.280935377208966,5.182781495500639
proclamation,1.7031649395602495,12.374386002584417,0.10002845020308841,51.5435005438304,0.10002339151714665,0.10000004294532512,0.10003651512842272,3.5631419920892524,355.37573139997875,13.039986721810408
procreation,0.10000250429502375,43.75720662977598,0.10001326834062212,0.10001427944274495,35.43648954611108,0.10000000000066141,0.10000203525672548,0.1000071890505264,0.10001230991482733,1.1062522376238044
procurator,2.4355720719987346,0.10000375886425336,0.10000578603352153,0.10001697697873713,0.10001038267132542,0.10000000171955944,0.10000375960689656,0.10000530953677575,0.10000677432886958,52.76437517812774
procure,0.1001150013914577,11.526584694391067,1.4586281021815968,0.10001846030045843,32.64571343133258,0.10000001718989335,16.313931146918367,3.340321339989325,0.1000236575956447,17.314664148335176
prodigal,0.10016164765379594,0.10001023201882644,0.10020172620041665,49.37825162936331,0.10007701232782,0.10000003135185573,0.10014048581578368,0.10085412290570403,0.10002080260190599,4.820282308292351
produce,14.060538915876363,165.46357178709408,121.31578589439506,0.10011747039284323,18.066921316227265,1.1075192733398924,79.72840453159046,24.33132312517791,10.363462475234371,66.46235521029953
product,0.10005971656916443,71.5079618515378,15.84789457821634,0.10002304067771253,1.6146605619256722,0.1000000016284961,0.10001903556617626,0.10001278283431898,1.2394353218412562,1.2899331088575723
production,0.10002679923123085,212.22159353918434,0.10002726308858931,0.1000244447246682,6.409024213871361,0.10000000778170703,3.8841372876731723,0.10002923594889966,7.2062144101445105,3.778922798013596
productive,0.10000689318906192,59.11192746308678,0.10001654079570722,0.10001763763883771,0.10006417699307361,0.10000014050193534,10.019251025205595,2.4565244790248264,0.10000866982967296,0.812182973432134
profane,0.10005409198393467,0.10001198601029242,44.78876460011998,0.10000814568459378,26.06270428318935,3.1094586141952814,0.1000663063306538,6.5176797065479075,0.10000300396951259,21.021249261618284
profess,11.655093587861462,0.582235956665281,38.9881214639889,79.07001929111978,40.17839824000949,0.10000009126018776,53.666515071295436,40.75753079394991,42.623503912579565,86.37858159093084
profession,54.909265365169176,7.027734214648655,85.91540480834261,73.65287884978007,55.29258679516471,0.10000003131381006,46.20013184655883,1.9047677938071776,98.68702112667192,84.31020916820749
professional,1.930808258036462,95.7302531291129,10.619395954994538,0.10002327437831139,0.10002243693807827,0.10000007464140247,0.1000172750020108,0.10001371523718187,44.11944501463693,0.10002086674465606
professor,15.46654527857627,0.1000090736378377,35.08881644167657,0.10001524371201571,28.637252568154622,0.10000016892300932,0.10003261711051291,0.100033251083176,2.487770134155312,8.819525222663339
profit,0.10002413607274023,89.6633567175774,30.677208364707433,0.10003155698594038,3.7257047153253646,0.10000004711315923,103.28954280970947,4.21305511435096,0.10002270114459946,37.031053836688415
profitable,1.7831589346418695,5.098717224641752,3.8101114403028316,0.10002047853373189,14.685340136408794,0.1000000392734863,21.698975085769582,0.10003122277986415,1.9615029205762193,9.66214251672061
profound,0.10002022836927375,50.42647553492534,69.88144522610183,207.82051693690576,0.875558018020099,0.10000005478738495,5.517430985060009,18.646455153797508,232.53208833666488,0.1000095250646414
profoundly,4.405874162884771,25.74088820941041,33.9000403482134,66.61590798121127,0.10002454219257337,0.10000005581228387,0.10003051923569885,12.450486628298833,52.4867238662079,0.10002368620297407
program,12.200250502276486,11.883250537289442,127.63580582634454,4.086029160207739,0.10002047344374161,0.10000001137757747,0.10002409391040007,0.10000479941713533,59.694610620152375,0.100003975314386
programme,0.10001050976736768,51.09629423058264,1.6553110043771009,34.54503088372356,0.1000044013068718,0.10000014866312788,0.10002617869730243,0.10001989283381892,134.1032391004004,0.10006364930359408
progress,20.535746097769024,268.3516030755862,259.4683912156974,31.42058893507608,17.461919856740888,0.10000004879941399,103.37846635765453,19.24660147383793,46.6751310551709,17.36155188333153
progressio,0.10000628322383015,74.63126138119729,0.10001511547445595,0.10001509315967648,0.1000038092492203,0.10000001403769787,0.100000649777093,0.10000985206964988,4.568687757949841,0.1000000437055569
progressive,0.10001244925151712,16.824388618292666,12.2044771530413,5.075091827422036,2.5031607017837882,0.1000000224380358,0.1000332556681254,1.1539225729501585,16.838911567005873,0.10000183183064547
progressively,0.1000125230668731,25.040264756484714,1.4872396216975905,0.10004916409335816,0.10000783941213356,0.10000002686374823,0.10001859375105382,0.100006496279461,22.772397711479506,0.10000326659922368
prohibit,20.123491973787022,12.297932402381445,17.532018793518898,0.1000233341392912,0.10002631621378548,0.10000004662144814,0.10002394794984922,0.10002798367708007,0.10002071197841522,75.4464344894363
prohibition,17.15237027760142,9.718072346676852,3.5704201204951787,16.05700442252545,0.10001407426066508,0.10000007887155682,0.10001355604336237,0.10001365907327976,0.10001151188842762,67.00207995231037
project,5.898354886905419,66.38515411812419,0.10002490516697543,2.615650631209308,0.10002272067353202,0.10000004236636832,39.94609606600826,0.10003450923298067,44.39960685743837,7.355055262533178
prolong,2.161533270197849,2.778589971785802,0.7721957055645132,5.2215330291103115,0.10002465511646173,0.10000002810572156,7.809970298497523,7.298391095288278,8.991219662596647,4.766542283367776
promise,19.840034989141166,22.58003141337959,54.24228611675539,213.82903305094965,0.10002944387452875,2.1022736634257897,175.4023077922633,23.0809744419613,35.86463303070291,167.9583960571782
promote,106.71034588234794,247.69906266099204,50.72122284754927,0.1000218781408732,50.452704996907855,0.10000007506292162,215.0498890224033,39.35813547538145,341.43043858552033,41.37817857537024
promoter,1.9148649686205435,1.2071427136273791,0.6470766878985982,4.422400072134374,0.1000219775177285,0.10000003686621681,25.67333103392346,0.1000286491328236,12.830436842669222,18.004697017258028
promotion,19.20438143111893,58.472467382041444,0.1000233211821011,2.7946969280046137,0.10002967858784774,0.10000008213367588,17.840467325149724,0.10002888486252301,119.13075900946988,20.157145957115205
prompt,0.10002422247914702,17.135801902701598,33.68141766194824,5.192360961095682,0.10003828849240386,0.10000015189198339,23.134168683422505,16.088931508699726,36.07218294843829,8.39507367048548
prompting,1.5866800031267763,0.10001763936576813,3.944016506092309,9.311722405077766,0.10005764934299125,0.10000006125324742,0.10005262216878032,5.281482271391567,16.009930011585716,2.466040830191176
promulgate,59.28142056668229,0.1000479626136845,0.1000426422380626,3.9570543808864675,15.190760389031798,4.108089688873224,0.10002192536282793,8.884409023304473,10.971762357825755,103.30639106278552
promulgation,20.347803550153234,3.2979136416648562,0.10003971222544923,0.10000999934793811,0.10003380295004097,0.10000031060498739,0.10004906663081602,0.10004529148274385,0.10003669848939731,16.654067926063124
pronounce,14.752656563753616,0.10003335237305344,23.526084812388927,4.7778121545568455,1.8762551392966493,0.10000007331870633,0.10002685056288048,19.30367206394492,0.10000707305617024,57.36345191644544
pronouncement,0.10003420346422831,0.10002877647453387,21.427247779355056,0.10002847952754738,8.362368879231742,0.1000000178492456,0.10004092202322554,6.157276580351556,0.7922651879202359,15.760709173431724
proof,16.175081745901064,6.93863072849285,79.63130624860499,19.68890176185267,8.655137351122443,0.10000003809166506,119.37245226086505,28.74534050118481,0.10002736290328457,38.59312200064632
propaganda,0.1000170154525435,12.612888915901193,1.4781726132315536,0.10001648946367343,0.10003104975427912,2.1002613635965703,32.208574652066254,0.10000425770875675,0.1000278827240186,0.1000057598130067
propagate,0.10001249553205065,0.10000978479328498,9.81029223270903,0.10001416223448972,17.193054335490014,0.10000008259893003,59.62565474241068,9.418400347569337,0.10001746066464527,7.452544355743111
propagation,50.3830068601709,0.10001128609588565,0.10001593604558409,0.10000741015365426,6.598590550686643,0.10000001372743168,74.86041741842966,0.10000959447002304,0.10002342932033136,0.5579175006634621
proper,178.1612178038691,114.54256650410474,122.59414736439999,98.68534137761385,138.14334470444618,0.10000005567753864,41.12183845016337,57.83280270386414,255.67526656258408,62.143474472941065
properly,53.63694075801451,37.05705390996406,47.98783687837039,27.01678675803917,15.964920379447971,0.10000006047138846,54.69434677726698,28.325351989764055,53.97226691735762,16.24449557096407
property,0.10002427547792042,131.26764324048673,47.8734572555049,7.554583911732186,71.46824765651158,0.10000030462012882,0.10003553566315418,0.10003301841453816,0.10001948683954355,248.33595531441995
prophecy,0.10001087277372275,0.10002737995924077,6.913319713720256,32.15975800908745,10.133205205770178,0.10000007069298168,0.10003171848901808,11.496561249868323,7.862470655375304,4.0346151239288055
prophet,0.10001050181363429,0.10002398765949391,11.982147854556125,161.8293756508206,4.636997244162905,0.10000003132314444,20.581672931276433,47.277677577273586,40.140845198515585,53.25124902227924
prophetic,1.2367024323218052,6.384362082436624,0.10002273036983468,53.77193141411605,0.10000863353744698,0.10000004314151065,0.10001801190057612,0.10003748644510792,91.00690191994777,0.10001524549138498
proportion,0.10003747364837152,14.108231382843524,45.44486754994437,0.10002310260420672,34.08675516836579,0.10000007775942919,11.247130497739393,0.10004381529480112,8.586404660997822,24.12650627045945
proposal,10.221560308354386,43.56714951260455,0.10002197966900525,1.6511419195188144,3.454603356540323,0.10000002510572557,0.1000439043918692,0.10003008012899742,38.65280912406572,26.05263978925392
propose,58.484374581834004,77.1816772460629,119.397273731316,4.349464621591995,22.12679983811545,1.1017234692997078,31.24629275198474,73.56957625350083,124.84836408584782,61.69445342007106
propositio,0.10000122802122188,0.10001138831880495,0.1000000042021335,0.10000255708979991,0.1000015511751941,0.10000000000019446,0.1000011426888111,0.10000054872262207,40.099981556508155,0.10000002319402762
proposition,0.10003174803520634,0.44834736797918917,24.541027459955973,0.10001923676381606,0.10001171733979321,27.68088998200206,0.10002166829933037,0.1000187122463947,79.11128806856918,39.71834403846405
proposito,0.10005086552762867,0.10000000000090033,0.10000000000096945,0.10000000000068524,0.10000340398816251,57.09994103645805,0.10000156419406334,0.10000169744115472,0.10000143231815857,0.10000000000084121
propri,0.10000000000060832,0.10000000000033131,0.1000000000003567,0.10000000000025219,0.1000000000007384,40.099999999970535,0.10000000000021064,0.10000000000048098,0.10000000000022023,0.10000000000030951
propria,0.10008094281130235,0.10000094241915673,0.1000200850731059,0.10004608778920462,0.10002779049705979,92.10000858139804,0.10000008851945236,0.10000066875910266,1.0998131259216852,0.10000168652839918
proprio,66.67505967467753,1.3388366891227854,0.10005028263606924,0.10004265030520836,0.1000352950272799,89.26456776074446,0.10004131973335523,0.44068653685274817,2.1932852173066593,1.6873945731180424
prospect,0.10002825402115365,16.40729755297759,0.16601053728066106,28.5626256314956,0.10001460450210772,0.1000000284475982,16.25285039084644,0.10002768741437479,12.111116971486782,0.10002834120014739
prosper,1.6090512096434242,0.10003480883498118,6.789563545110868,0.1000838783113716,0.10003877665181657,0.10000008457133427,25.537662116349484,0.10002740711519882,3.30666163590933,2.2568765370468946
prosperity,0.10000636788784416,25.55746812073061,0.10003350706994814,0.10000677178962722,24.764997441281057,0.10000005149751866,197.6016559550831,0.10001201807971624,1.4758150555814682,0.10000471075196724
prosperous,0.10001095008633966,13.975332218646832,0.10002088030966474,0.10001928311320853,0.10002956946654207,0.10000012841318563,17.088646788307823,0.10000799796418526,0.10002583436976034,3.235906349045521
protect,13.153760072673514,163.55479184847337,29.281180137775603,0.10002566581839527,41.75769755489636,0.10000004253583943,150.23753628921838,7.337476929136945,6.6627182139723775,47.81481324516602
protection,10.087102128789441,66.64432050993803,1.2203300695420294,0.10003015713458188,34.041960797408585,0.10000005657887893,140.39217367690995,39.634351384135755,6.733275158682035,19.046456060541463
protector,0.10000981244965695,0.5940970126925901,0.1000124682426308,0.10001448790805982,0.10003950769416649,0.10000022298631524,24.43334757374079,13.062676268163687,0.10003055687144827,11.309772088942367
protest,0.10005155429162801,8.421590553844835,18.9514509548501,0.1000247940540698,0.10003254276215982,0.10000009780673515,50.65656926026441,0.10003468227773013,0.10001232160284639,17.3702332379336
proud,0.10000911799090724,0.10002129638432239,15.14882099996344,0.10003551492499646,0.10001935703070873,0.10000009985079839,57.794047181102755,0.10001885983424426,0.10002877447375953,3.356998798134932
prove,10.835392597453769,74.76978673075284,79.85597148099514,36.47581800402665,76.56685778193724,12.126641339134975,114.32816099650485,23.454931349507355,38.87459244934405,92.71184726997777
proven,7.88549863046566,1.0852944484208584,7.100447529910153,0.10001536338735117,0.10002719175125827,0.10000005663178022,0.10004957587746773,4.197980070908214,0.10004678764615559,16.230640344592178
provide,175.81769616664218,175.48826327837781,99.06469583650438,27.973098853628272,122.31722301336266,0.10000449038822701,155.41935016483066,12.783607707817351,232.0844772530912,254.95158323501644
providence,2.997670347447224,7.476993821492618,55.93105384902266,4.141459693273542,27.452071826909197,0.10002729350684766,152.19466709897094,52.19506998547063,12.541194683185237,22.96979140035525
provident,0.10001089694619474,3.2621605028344187,8.533896671175702,0.10003571981637875,0.1000516916950401,0.10000000594222631,15.95801151143972,4.928271474937691,2.2460236461855927,1.6715378786522148
providential,1.3412289792215009,8.253777258824968,1.3403587253324047,13.254850986283314,0.10001603656260499,0.10000006339522606,15.297109972041776,0.10003429591684547,24.11259999685442,0.10002368522684132
province,11.214269420365678,0.1000099351169606,0.10001478590270312,0.10001496900383156,0.10002321857598985,28.189940984713395,60.28624827400094,0.10002069030308257,1.166824089707122,175.64263363201158
provincial,20.55620819685294,0.10001223995355585,0.10004023942756661,0.1000200232358135,0.10001526310498797,0.10000006918917505,0.1000439221217765,0.10000760703639625,3.384531261270939,101.35912117748725
provision,97.50076860120927,6.14616748569174,0.10002637758439961,0.10003902681479966,32.127349954628194,0.1000000626979217,24.38896487717224,2.7001287308624713,12.855951837122795,86.98060304586043
provoke,0.10001432769358255,22.90097634771835,22.633562458151168,2.063626159537936,0.10002627529157007,0.10000028476142149,18.2880072979592,2.236744200326261,4.754668636387665,8.822374011829906
prudence,11.835552951942303,2.6808245401634285,56.110604971166794,0.10002039859600581,12.442454594533153,0.1000000315253632,139.75466694004402,8.275617463592116,0.19663165836836377,8.503626449739466
prudent,20.289244263759006,2.7618830729652926,8.266476373460565,0.10001855016024822,8.504852733221524,0.10000007939463758,64.46591520502787,0.10003127648677229,8.261639595802045,31.149938849390804
prudently,16.798682001195946,1.7508693479790933,9.714644925520073,0.10000927335237271,0.1000355662390524,0.10000149600212935,20.157578637866674,2.7658338341526685,3.1611533446385254,10.351191572722575
psalm,0.10003079996588206,0.10001692152671614,13.462615864403945,25.20368024688901,0.10002052897155987,0.10000004968763168,11.419644233373793,56.753300494381506,0.10003533432215252,6.660655526150761
psalmist,0.10001122722778641,8.216696189996387,2.2133983842670824,27.968867821762675,0.10004015416993811,0.10000000230368257,0.21492896315585336,10.886005690844396,0.10003310929056526,0.10001845664572155
psychic,0.1000178103225017,0.10001026339755101,64.3169977514853,2.882899717700191,0.10001851893531383,0.10000005905656019,0.10000546066924945,0.10000730847062253,0.10004230355014496,0.10000080618900492
psychological,0.10002000167910544,15.520457085585116,62.08669164249258,16.342642342921014,0.10001916916125517,0.10000001946136933,0.10000438738474887,0.10000702453096016,40.4501553804343,0.10000294612884368
psychologist,0.10000119125542017,0.10008063747703269,48.09932584644924,0.10014328265922226,0.1003111591882203,0.10000000000246953,0.10000086370061877,0.10000238506687051,0.10013446479627235,0.1000001686180486
psychology,0.10000544050406579,0.10001402996123371,77.99770581727016,4.68131849666617,0.10001668970755849,0.10000005808536934,0.10000333667048401,0.10001444609676591,14.620921551893247,0.10000013295237276
pt,19.194582189899595,0.10003341415013026,0.10001056286775278,30.34891495477543,0.10001544644525295,0.10000008586420714,0.10003756232003949,0.10000849766010991,13.739372595142578,0.11702469057145969
pubblica,0.10000000000070562,0.10000000000038427,0.10000000000041373,0.10000000000029248,0.10000000000085639,45.09999999997001,0.1000000000002443,0.10000000000055784,0.10000000000025543,0.10000000000035897
pubbliche,0.1000000000007643,0.10000000000041628,0.10000000000044817,0.10000000000031685,0.10000000000092774,36.099999999969604,0.10000000000026463,0.10000000000060429,0.1000000000002767,0.10000000000038888
pubblico,0.10000000000108215,0.10000000000058941,0.10000000000063457,0.10000000000044859,0.1000000000013135,37.09999999996778,0.10000000000037468,0.1000000000008556,0.10000000000039176,0.10000000000055059
public,27.09753685866392,233.3911002991716,140.10645108122907,3.732432540740246,276.01716230968236,0.10000020879086147,558.5685430821047,70.35241938228201,27.366966510437585,239.26738772656157
publication,52.11420322113207,29.462210551602862,49.976569579695024,0.10001542457699752,0.1845916292436886,0.10002938412076454,0.10003695899220273,0.9564002644333089,18.083259553378284,37.92268343247283
publicly,1.54614079526264,1.3752795701418055,6.204449867155289,0.6833566673124362,39.03257563961893,0.1000000349277359,44.7339733590204,10.069072730164057,1.4497467200986673,120.80540461590212
publish,129.8518946932198,6.623347465302502,34.56448553294189,2.83299275760232,22.812776550529605,0.1000001153054013,45.21591303622785,1.6149782461780129,9.447426544655494,182.93618505769194
punish,0.10000752044602582,2.681253739123007,3.2777444098722968,7.67136369778193,13.08720547987943,0.1000000447827629,0.10003559466802835,0.10002137098872672,0.10002564285488194,156.7823424992775
punishment,0.10001780063161471,11.141799638548012,3.280274838713599,42.11938630317541,32.02542750918888,0.10000003127508454,8.44155813738632,36.54180148262595,0.10006478442596223,187.1496694736353
punto,0.10000000000062027,0.10000000000033779,0.10000000000036369,0.10000000000025709,0.10000000000075278,66.09999999997056,0.10000000000021474,0.10000000000049035,0.10000000000022453,0.10000000000031554
pupil,0.10001573957451854,0.10000634234096213,29.879252042578116,0.10001111977117495,0.10002411202551217,0.10000017149246583,5.732773611006559,0.10002774388738592,12.900687516540065,5.887201600514044
purchase,0.10005044602196309,7.449688042049883,0.10001903004861813,2.2783475598921656,17.634520188441275,0.10000001083558159,0.10004550120308531,13.834057563250672,0.10003965492105138,6.303232002933713
purché,0.10000000000061188,0.10000000000033325,0.10000000000035879,0.10000000000025364,0.10000000000074268,61.0999999999706,0.10000000000021185,0.10000000000048379,0.10000000000022151,0.10000000000031131
pure,0.10001394344147996,8.816108837138291,34.22497507622891,51.01564158317221,3.801348200990076,80.21888599962008,61.597432555053075,56.00776672947489,10.03102067906529,18.186806395460014
purely,7.596752572953715,68.1049924115446,70.29728963230237,2.9855795020499865,8.743586188463816,0.10000005452404846,0.10002208869775453,0.10001541020512258,28.84888188415026,2.1228802547838383
purification,0.10003885052208514,0.10003354685320846,0.10002704317339974,39.83659578110844,0.10000908887023374,0.10000000422140026,0.10001673056623216,24.591166509638395,17.872081952095133,0.1000304926420474
purify,6.5561529721404685,7.457261946573087,8.297126774688614,43.20720753232281,0.10001627360583584,0.100000009425978,9.730796587275783,29.84349667626044,31.60792698726961,0.1000142401223802
purity,0.10001787960474548,0.10001028972091106,42.750941130556456,4.133799612049975,12.561385721682866,0.10000002953864827,36.28405045330491,38.646412867321246,11.344538524754414,42.97884349115492
purpose,104.097883752825,110.81479795842445,138.31732852814508,38.17749224124347,131.84688072788387,0.10000003444310647,198.1363730595672,18.910368984624412,159.4367411719107,162.1621335405956
pursue,0.10002926704587109,61.51201121548003,68.72226498934644,0.10001716977867395,0.10002846893063842,0.10000002015296638,43.48201387003532,0.10002571661013003,35.981376398263215,30.80223288404361
pursuit,2.074841621350656,40.448678290935064,26.21182223573117,0.1000220703431479,0.10004060423306348,0.1000000631969082,50.91899503867251,0.10001312661947472,10.80876212816845,3.1368248204218716
put,21.94051741286558,112.30221755859347,153.0058957595174,208.18946037057523,97.07203615103384,0.10000018639834747,253.01714105821915,40.539108697381955,134.93453432006785,133.89908848500977
può,0.10000000000047592,0.10000000000025917,0.10000000000027905,0.10000000000019726,0.1000000000005776,221.09999999997146,0.10000000000016476,0.10000000000037623,0.10000000000017227,0.10000000000024212
quae,5.940796053394599,0.10001049404469223,0.10001964119043455,2.719088215344307,0.10001671592297508,31.076077515381773,0.10002264608671835,0.10002355217279672,6.663931251659629,0.10001391451000038
qualche,0.10000000000064707,0.1000000000003524,0.10000000000037941,0.10000000000026822,0.10000000000078535,182.0999999999705,0.10000000000022402,0.10000000000051157,0.10000000000023425,0.1000000000003292
qualcuno,0.1000000000006361,0.10000000000034644,0.10000000000037298,0.10000000000026367,0.10000000000077204,45.09999999997041,0.10000000000022023,0.10000000000050291,0.10000000000023027,0.10000000000032362
quale,0.10000000000055541,0.10000000000030249,0.10000000000032568,0.10000000000023022,0.1000000000006741,418.0999999999712,0.1000000000001923,0.10000000000043911,0.10000000000020107,0.10000000000028257
quali,0.10000000000053957,0.10000000000029385,0.10000000000031639,0.10000000000022367,0.1000000000006549,355.09999999997126,0.1000000000001868,0.1000000000004266,0.10000000000019534,0.10000000000027451
qualify,15.656736901180071,0.10419136454486576,17.504213242547443,0.1000165938938048,0.1000359718369474,0.10000000884157613,0.1000266248808355,0.10002622625215615,4.344218812780301,4.890534252917502
quality,44.910572175569804,80.3763420899227,24.026332681001243,18.227681333516564,0.10002530575678356,0.10000005899206876,37.20160216915134,0.10002980372851052,76.07381336712804,17.8836010148954
qualsiasi,0.10000000000099483,0.10000000000054175,0.10000000000058329,0.10000000000041234,0.10000000000120732,110.09999999996846,0.1000000000003444,0.10000000000078645,0.1000000000003601,0.10000000000050609
qualunque,0.10000000000081155,0.100000000000442,0.10000000000047587,0.10000000000033642,0.10000000000098505,135.09999999996953,0.10000000000028099,0.10000000000064163,0.1000000000002938,0.1000000000004129
quam,0.10003040632161761,0.10000887970117538,7.329059430882178,0.10003606554263013,0.10001530257765884,46.195890568278145,0.10001364017921474,2.7749240562529565,0.10001699049973611,0.10000465950930065
quando,0.1000243540224309,0.10000000000255058,0.10000002191302265,0.10000002625210379,1.0999001676421585,268.10002941242135,0.10000387602815645,0.10000000000370167,0.1000000000016952,0.10004214158149521
quanto,0.10001145107091552,0.10000000000100927,0.10001064994965866,0.10000000000076789,0.10002955476443581,375.0999419034588,0.1000021114504084,0.10000000000146438,0.10000000000067084,0.10000432922958993
quaresima,0.10003725097256513,0.1000012084758511,0.10001022592854622,0.10001255876058175,0.100000000004815,36.100003130290325,0.10000000000137334,1.099927433107301,0.10000757081663306,0.10000062150282503
quarrel,0.10001101485823606,1.2256953841262888,10.50748304122602,0.1000201579333007,7.479054503691013,0.10000004414717502,0.10006790418496729,0.10003536701508245,0.10001595397406964,26.187616628463196
quarter,0.1000461134180093,8.554842407287378,8.748011429016792,0.15676221651269853,0.10003868496770253,0.10000009967947915,19.838498666104794,0.8003256121877337,0.10005047637992324,7.50142429401952
quasi,0.10004588907099522,0.10000000000166034,0.10001744309980959,0.10000769711648097,0.10001063605398446,99.0793227315814,0.10000367576992349,0.10001360712326673,1.0999848371722851,1.120593482750681
quattro,0.10000000000066257,0.10000000000036086,0.10000000000038851,0.10000000000027465,0.10000000000080422,40.09999999997023,0.1000000000002294,0.10000000000052384,0.10000000000023986,0.10000000000033711
que,0.10000065504334894,0.10000000000043666,0.10000047378872677,0.10000056764021638,0.10000000000097292,119.0999982424841,0.10000000000027764,0.10000000000063411,0.10000000000029033,0.10000006101319676
queen,0.1000142021628096,1.4785240720929298,0.10003047258684494,0.10001162123597789,0.10001730018013406,0.10000002096535451,48.86226134906994,134.80784615964822,2.2512679518715175,0.10002684988362963
quegli,0.10000000000074917,0.10000000000040803,0.10000000000043929,0.10000000000031058,0.10000000000090939,48.09999999996976,0.10000000000025941,0.10000000000059234,0.10000000000027122,0.10000000000038116
quei,0.10000000000059933,0.10000000000032641,0.10000000000035143,0.10000000000024843,0.10000000000072745,104.09999999997075,0.10000000000020752,0.10000000000047385,0.10000000000021697,0.10000000000030491
quel,0.10000001666588079,0.10000000000025776,0.10000001205449519,0.10000001444205492,0.10000000000057448,122.09999995525762,0.10000000000016387,0.1000000000003742,0.10000000000017134,0.10000000155260257
quell,0.10000000000222667,1.0014696618224548,0.10000077991259841,0.10000507406663142,0.10000947548719431,37.18718312765411,0.10001413001646227,1.1011049617136823,0.10000000000080618,1.1102127890972813
quella,0.1000000000005978,0.10000000000032558,0.10000000000035054,0.10000000000024781,0.10000000000072559,226.0999999999708,0.10000000000020698,0.10000000000047264,0.10000000000021642,0.10000000000030414
quelle,0.1000000079665471,0.10000000000037475,0.1000000057621722,0.10000000690331623,0.10000000000083516,170.09999997859757,0.10000000000023823,0.100000000000544,0.10000000000024908,0.10000000074236043
quelli,0.10000000000048065,0.10000000000026178,0.10000000000028184,0.10000000000019925,0.1000000000005834,110.09999999997142,0.10000000000016641,0.10000000000038002,0.100000000000174,0.10000000000024455
quello,0.10000000000046223,0.10000000000025176,0.10000000000027105,0.10000000000019162,0.10000000000056104,103.09999999997152,0.10000000000016004,0.10000000000036546,0.10000000000016734,0.10000000000023518
quest,21.043321145276362,10.428398326017394,0.10003116064958252,17.165304989056647,0.1000070763024942,47.202337108089125,2.403506950128939,0.10003502634185149,30.357039099322826,0.10001911846267579
questa,0.10000000000065423,0.1000000000003563,0.10000000000038362,0.10000000000027119,0.10000000000079405,458.09999999997035,0.1000000000002265,0.10000000000051724,0.10000000000023684,0.10000000000033285
queste,0.10000000000055588,0.10000000000030274,0.10000000000032594,0.1000000000002304,0.10000000000067466,161.09999999997106,0.10000000000019245,0.10000000000043946,0.10000000000020122,0.10000000000028281
questi,0.10000000000066256,0.10000000000036083,0.10000000000038849,0.10000000000027465,0.10000000000080414,177.09999999997038,0.10000000000022939,0.10000000000052382,0.10000000000023984,0.10000000000033707
question,181.67804862417913,309.3758721088134,577.4483070727306,316.15298971760353,48.912850216875256,0.1000015614092609,0.10002490608212097,4.990644934459777,209.4131028028216,110.82815805469981
questione,0.10000000000033578,0.10000000000018287,0.10000000000019688,0.10000000000013917,0.10000000000040751,40.09999999997211,0.10000000000011625,0.10000000000026545,0.10000000000012155,0.10000000000017084
questioni,0.10000000000053558,0.1000000000002917,0.10000000000031405,0.10000000000022201,0.10000000000065008,43.09999999997096,0.10000000000018543,0.10000000000042343,0.1000000000001939,0.1000000000002725
questo,0.10000000000060139,0.10000000000032752,0.10000000000035263,0.10000000000024928,0.10000000000072992,443.0999999999708,0.10000000000020821,0.10000000000047547,0.1000000000002177,0.10000000000030596
qui,9.57569976752623,0.1000091307013717,0.10002217862214144,8.911974555109472,0.10005298060821548,201.43884980243635,0.10002399286841988,0.4797230020140383,6.09363231556956,0.10001227421925284
quick,1.9181702595341255,16.33457996714702,3.9304018899802813,0.10003471311517143,0.10002143826436465,0.10000365158274205,17.50401265111758,1.9077936312218307,3.494496866568532,0.6104849310804985
quickly,0.10002422661528669,18.72612231279913,4.430914397080371,0.10003253910220142,0.10003345046539366,0.10000006283742646,60.36959386847445,0.10001545734458951,7.117438809757839,34.85582487519161
quiet,0.10001149776886861,5.053983384865744,0.22743762462447623,14.410310540545701,0.100046776845361,0.10000005270229168,27.336955070420718,5.481613050457748,0.10001760754642423,11.089624393906755
quite,19.436964536958563,56.993264796941396,108.2458061930653,0.10002576088393447,27.811230970427175,0.10000004965119062,20.64420936171763,48.847991674644526,14.021918774658724,22.79858788072024
quod,11.39605412724917,1.3497275783047293,5.674284043212252,11.167480410716198,0.10003496625531497,61.31518779241096,0.1000576008970376,2.6971393474726177,0.10002377313325195,0.10001035994695062
quote,27.089248146119914,0.16655889912410463,38.04284577984551,65.49574243270288,3.9562751969676864,0.10000015731855887,0.10003049206977323,11.756964178848037,0.11940288478155855,10.172931831880618
race,0.10001106424997652,69.06784803296284,12.979336085409525,55.55596038584856,86.5135234067011,0.1000000335537377,182.19805285098448,114.49696793156961,34.94509724014716,19.043202968249965
radiant,0.10001202635257256,3.9906374426107027,0.10002389404641263,9.994305465139938,0.10000764843045046,0.10000000321569456,0.10144984185514443,13.984525672214788,14.429032927704245,0.10000507813896535
radiate,0.10001997285917508,8.290974512236483,0.10002658663692193,24.602066082531895,2.575834659876367,0.10000546535543806,0.1000409388768667,0.207888932420615,16.82313697764353,0.10000587122659162
radical,0.10000802374991322,28.227277346962676,9.323535446654304,83.33468836192347,0.10001074945988911,0.10000002725993726,0.10001021377567927,0.10000817495150932,50.51446100559088,0.10000064945516651
radically,0.10000677541145396,17.27721586615412,18.223509270752256,27.449201671834384,0.10001733959394175,0.10000000555380471,0.1000124497723712,0.10000929389843552,9.450024049452537,0.10000327734617441
radio,7.337738923668942,2.128699808043349,83.3718197859004,1.9228051661133176,0.10003932882394935,0.1000023786886134,0.10002815143781567,11.660576290507755,9.178285448532934,0.1000047179603862
rag,0.10000603785310043,0.10001220255290331,0.827127260457062,0.10002126357238339,0.10002493122545329,0.10000012561242454,38.372758358470385,0.10003347596516228,0.10000038239692727,0.1000159616733406
ragione,0.10000000000043567,0.10000000000023729,0.10000000000025548,0.1000000000001806,0.10000000000052882,70.09999999997166,0.10000000000015086,0.10000000000034447,0.10000000000015773,0.10000000000022166
raise,23.580739353713174,64.12792445398047,53.572833991547526,126.70893146761097,41.54905594403163,0.10000019121501263,250.65410696099204,67.28728408761027,46.369286435752464,30.049837113209723
range,0.10001176780200191,30.915823551065277,29.00498784182055,15.750229431325657,2.5327883281643966,0.10000004489938678,0.10002788513786627,2.248271448221781,6.087338504384983,1.1605211968269389
rank,22.775306146850383,0.10001962341184059,2.656087854363405,0.10001641419823505,0.10002887861097656,0.1000000648468446,166.59470939949009,10.389695492273173,0.10002929625764764,136.08410682939785
ransom,2.659752267800336,0.10002287980609353,0.10001637391554148,28.993484909450398,0.10002806396054968,0.100000014079634,0.10005547557630484,3.5816538248213012,4.164961869360661,0.1000243208642813
rapid,0.1000124825383354,22.14013844789147,16.759477323931485,1.9163262816732933,3.42337777469685,0.10000006790804726,0.10006220562161804,0.10003502044904365,28.260557238221832,0.10001315668438325
rapidly,1.7939452899364368,20.7075770800694,0.1000402590629305,0.10003435149511516,0.10003475903673731,0.10000006566290237,29.79824311923472,0.1000415482293229,0.10004064872387286,0.10004287814751264
rash,0.10001393607314103,0.10000850169792186,5.4661376019381755,0.10002074845729828,14.181175498347224,0.10000004089419237,0.1000450311617123,4.212590387460824,0.10003601706409414,52.53997223657418
rashly,0.10003587919283768,0.10000160605659902,0.10002118823129509,0.10000347317216736,10.280734936362503,0.10000002386981609,22.170892411837254,0.10002806423712078,0.10000152445076732,45.848280892389
rate,0.10001306329057069,32.583210394023126,12.553857343039333,3.58602030198845,0.10004435997269993,0.1000000057975552,0.10003581963040549,0.10001197006956775,1.9160450936196967,6.860761648220731
rather,13.517200701461467,198.01177899869117,212.13775798434608,141.4284951439915,102.60467298614276,0.10000008868511813,169.51067931724083,99.38960235447668,119.21754081613301,242.08227160849438
ratify,10.221398971830551,0.10000717789440364,0.10001779047485422,2.962155524553942,6.369037623709882,0.10000020769966016,12.055127576752895,12.050652355737716,0.10002134462104424,22.94158142643525
ratio,3.302779490109306,2.356717164619772,6.271369783384654,0.10004968995159899,0.1000075068937943,2.389835560940638,0.10002703113008767,0.1000173558632325,21.179188073754684,0.10000834299685424
rational,0.10001117353610517,10.39019952499876,82.44769994229478,13.940584663884282,4.015935145199979,0.10000004766500266,0.10001157733762002,0.10001799228574822,0.10002115029370373,13.705518782237263
rationalism,0.1000088359348455,2.8114987247587795,8.329112254132607,6.228624747621831,17.994712443566776,0.10000006954793639,3.285666469325063,1.2684887348594691,0.7818807930507062,0.10000692686770524
ray,0.10003201648233981,6.381030396697725,7.831776987771913,17.205825035849806,0.10001312808135422,0.10000258075256421,0.10007020621628498,14.942280507343646,0.10002833405692296,4.138940806331372
reach,24.52257200783507,73.75888105212309,115.29274374860437,196.50317972039898,0.100026904534068,0.10000003680794112,131.37113516568795,18.959244331347683,96.22403335071027,56.168183681614565
reaction,0.10001892878462113,22.890114960263872,5.866057180182903,7.382352481795026,0.10001686819991781,0.10000004504133976,0.1000272918356036,0.10001860012365793,10.261320254253985,0.10007338914630909
read,51.65341014615851,19.63857114920519,28.100117289483954,169.62921056848882,43.44069896790611,0.10000007425411876,2.7049884994595454,29.629050877251668,50.16172937416952,163.94222305328108
reader,0.1000366534188337,0.4383387387084088,15.740218195853068,5.505551031784233,0.10002229209699387,0.10000185018840753,0.10003354048321698,4.7580833979646,0.10003748856783423,18.057676810554565
readily,16.059397592273633,14.842262641163439,13.551048731239089,0.1000300612613238,6.052309721866696,0.10000004776838776,79.58209736915478,16.494712860539664,19.545273351129847,23.67286762326085
readiness,0.10001914289678918,16.586054943327543,7.098678540551918,38.78303290811554,0.10005894521077208,0.10000001688314074,0.10005084732755806,3.6050245276868798,22.89404933284361,7.633030794761284
reading,17.878050200445863,4.804709074657903,13.025943044596566,28.530054208048202,16.431936890745625,0.10000010644101819,16.983284182535847,27.621505539146806,42.29404045713589,42.330476295902635
ready,17.033006450773403,20.237009592533067,23.46146758567845,33.26175948972654,37.338151816992394,0.10000005163014737,145.10303891562333,0.10046983359717894,57.335682625521926,28.029413637585566
reaffirm,2.187311389673399,18.34523128163002,13.026359518092384,36.2869902961283,0.10001718865916168,0.1000000044176315,0.10003505033511548,0.10003793536035904,50.65400572661099,0.10001160876621634
real,32.57090601315497,160.256028957887,164.5235849981515,62.270317442311466,36.857241618419806,0.10000007170246596,28.864242385798963,14.072375853115405,101.0696174159186,10.415685243199004
reality,0.1000253694889378,243.52345252548002,144.15230737385548,299.5160898114086,0.10002456989346803,0.1000000529021924,0.10001934236337555,3.1738328165228813,216.00302189406034,19.23122624371306
realization,0.10001474654923521,39.240767134314616,27.29137555149504,45.07031218060944,0.10002672928052278,0.10000003896925262,11.178314992270314,0.10003490600574644,48.71915083333989,0.10000288686978319
realize,11.32876223153867,119.70445010357503,25.514991992354283,126.99415366187947,12.149766633392172,0.10000004624905776,138.02122972039166,6.570387606142963,90.45943552001351,2.1568224841222614
really,2.281504400399492,41.83662518748827,113.85575696594033,53.06725686186348,38.99945675260924,0.10000008362455295,21.82346134575702,63.380072597517255,28.979995155820674,14.675870648643329
realm,0.10003534839687124,21.855886813459765,23.403902864157914,0.10003172466848116,0.10002582418081345,0.10000009067503095,9.269751253177672,0.10001805850697043,0.1000408670067253,24.87030715541343
reap,0.10006158506849375,18.94610798486749,0.10002728247572858,0.10006088906369297,2.9205367610803314,0.1000000292054078,21.883917437768712,0.10003522213274382,0.1000278589044761,5.649224949020188
reason,202.2653552569788,237.70964290666757,1001.4933195283196,203.37058953533108,419.5651302250272,0.10000010569948962,278.0775833141559,222.15240902687148,249.35181575206673,356.9141543485462
reasonable,0.10003426189705752,23.729447727594263,33.94178416044364,0.100028701260528,8.827255062518262,0.10000010269547262,0.10002581548039274,2.690872672782876,0.2987928731092017,80.11175862185259
reasoning,2.2591344661880695,5.854552665863416,29.36861794124043,0.10002097658948012,0.1000282286942357,0.1000000113745514,0.10003376864017018,15.254627738656854,0.1000219141941549,0.762962288222117
rebel,0.10001326173527182,0.5180342742925621,12.228649918904193,0.1000530350597202,4.836296520620037,0.10000004582990375,0.1000408016420144,5.938258893980749,0.10001590956234538,14.978637337990113
rebellion,0.1000030132059906,3.0033838040859138,0.10002533460527968,8.951145580659782,0.8712980728051969,0.10000003968029389,42.812081342287684,0.10001528523734507,0.1000253953228536,3.862022131801377
rebuke,0.10003548873310836,0.10003131382711239,15.127354815954265,6.793783878271577,1.1345372714608006,0.10000003103113397,19.83299935898235,0.10003126004995726,0.10002507833885059,18.61120150300497
recall,47.78272719917401,36.59583963156894,57.60141615527918,119.33392286526133,7.368170671336313,0.10000004747921111,295.8993593106844,110.41791126091852,147.52548349478928,14.375169363172724
receive,307.933594182309,96.23731791606271,52.0008912758614,388.8751630649005,65.97396055081833,0.10000013020371563,384.8744489099535,250.41959682785168,549.4068862573248,573.1781408843789
recent,40.17509688974767,83.38840245649713,53.05739377779939,41.33673061819176,7.766053859743894,0.10000005876970273,118.66873131352868,16.760917353547622,97.24371768720384,9.502955984633136
recently,31.72109006845399,33.52158607604276,0.10003539030183241,5.530314115126185,2.42781520875519,0.10000008635883416,101.35856834669775,1.0927151879913564,27.058731037844836,58.08914448208271
reception,36.11611410673888,0.10002217560664495,5.181556791476426,0.10002976663316382,0.1000162421204156,0.10000006539541992,0.10002244611329975,24.49705726250949,41.34448434223767,34.3606968008586
reciprocal,1.2591977832477765,14.51156127561376,6.9140602985813375,11.389318467969407,22.435805706422144,0.10000006281973406,0.10003468898042356,0.10002092250199075,17.089984999066907,0.10001579446239675
recitation,0.100021101225967,0.10000895524281134,0.10000414587749192,0.10001452907114154,0.10003872642950583,0.10000001155718524,0.1000084901451096,63.90676645807841,3.293126234334435,0.10001134784312972
recite,17.73272863659867,0.10000857507003018,0.10002170343265951,2.855098594608312,0.10001941739562488,0.10000002858698682,0.10004959910622982,99.8569829930314,3.7407636685028174,12.314326783377277
reckon,0.10001808681171225,0.10000972860651937,4.978894485517633,0.10002471961689606,11.061888105016305,0.10000005070150779,22.493141547600633,0.10003087931055132,0.1000066251327876,30.86598577142802
recognition,7.078940128503618,111.5189548737466,5.800467070001009,7.783109772520694,7.333763513363554,0.10000004249110818,14.915453920696791,0.10003325494916779,41.569762671359875,2.799514752015897
recognize,27.79801487904711,259.83583471881894,156.58748286754633,143.40622414576507,24.505116235949547,0.10000007797758505,117.82667153616023,64.0343218041293,189.4559112516405,32.450422482627545
recollection,0.10002584989364294,0.10003995093703687,0.10002169061255453,0.10001439510613103,0.1000216084788282,0.10000000376172391,23.312551202445718,17.226589295545462,8.017355213844713,0.8433807890435264
recommend,41.65177540066503,0.10004026724732404,0.1000265352162234,0.1000400838894451,0.6664964388294278,0.10000003414942651,143.69399050260148,55.988931673285244,47.083808394752104,5.514890668996923
recommendation,7.801166303050437,0.12623593401712882,2.6425414956793882,1.937766514036567,0.10002196523469761,0.10000006262286867,42.81449727138686,0.10003089048423473,24.109222162731964,4.2685174003898805
reconcile,29.537581788816993,8.180445579038695,43.75335157210891,64.86247296134522,0.6577755601635049,0.10000002553912771,18.041822430097724,18.817675780986207,42.08334465725767,6.965529644303365
reconciliation,27.64257464633043,30.215646658514487,0.1000169673156116,272.11978091215315,0.10001832115737413,0.1000000204551302,21.78089205375754,0.10002853122544313,177.7410156271809,0.10002626159962814
record,19.872546749400414,0.10001372864133164,0.1156009005083367,12.56611775543548,10.519423494991216,0.1000000848902804,45.780988866483156,7.714365037039515,4.448622945239327,130.78232043704637
recount,6.016411202131164,0.10001286544555381,0.10001361050657516,18.843869203690762,0.10005031793620471,0.10000011900470777,0.10003967039605138,0.10004512788808502,7.928300747968451,10.61125713469152
recourse,14.237270462146542,20.728532432166194,17.934161554640042,18.735875823460688,31.07176753070719,0.10000004747443529,44.95843751694895,24.369188675242103,18.582700621648993,37.28206533522342
recover,0.10004274318762198,26.021574966814395,13.248171045075189,5.957144146993994,0.10002147612542268,0.10000185998869235,6.550950378581313,4.482842888842547,0.10002927115374037,10.339221222882927
rector,23.27428447261498,0.10000442130100023,0.10001767012021859,0.10000703140410988,0.10000648416358676,1.1057721679169334,0.10002160816236938,0.10000908673393913,8.497802091704862,29.52207496562811
redeem,0.10000957411812463,3.8241489212823483,9.49636964926902,115.43789681545003,0.10004337210336585,0.10000001719490408,46.71018018700056,36.19557893910623,5.855405284287427,13.180367239853512
redeemer,0.10001758308871768,1.2915290954394423,12.176670354944243,182.80870605752293,2.690527504757925,0.10000003260210061,156.2370597877817,260.244270707969,0.10003180146314847,10.251187074104644
redemption,0.10001487603540449,12.74546735424016,0.5112792231753012,342.6286863780483,0.10003231484854604,0.10000003941489201,35.77535785030268,89.42202452581614,11.472440846648263,0.1446965911311579
redemptive,0.10000768467799641,4.264115230196285,0.10001353626014065,77.36749810947661,0.10000949879640497,0.10000000728365695,0.10000452850590785,0.10001820241502209,7.668332748722285,0.1000004534658793
redintegratio,0.1000186065532237,0.10000682431582836,0.10000628012312526,6.7563703185466775,0.10000030164426368,0.10000037911248176,0.1000022253069019,0.10001411513985667,33.44358082215576,0.10000012694863827
rediscover,0.1000119298200044,13.829518117806611,0.10001202110059011,49.68011885362293,0.1000065513449898,0.10000005088641818,0.10000335911273185,0.10001690720953371,27.79031168882448,0.10000052008059286
redound,0.10002183703440012,1.7319877673478206,0.10002119682272866,0.100024602153933,0.1000157774929981,0.1000000501647622,12.364630108955348,20.36914326999504,0.10002579935136952,1.9341295903633726
reduce,8.90469424424262,123.78748965698112,86.62260540692645,6.087234771976688,7.628260984267104,0.10000004912769489,44.90651797917262,13.035119025587576,33.56875757498243,24.359320306394576
refer,49.181585233294044,15.073016205597053,128.50808086003957,129.24179426059354,15.172160641086606,0.10000037035981553,30.853133676326063,10.57104792352274,43.13816226697382,60.16101856186813
reference,29.877946582451433,27.662916425120702,53.613288869639085,111.98121784039701,26.101574441401347,0.10000016006729302,29.991738802337252,10.852776195793961,140.20320701219197,5.615333670258967
refers,4.946525054204739,12.706444360047195,0.1000230122814144,29.16033204012962,0.10001635134600396,0.10000001670860549,0.10000720575020258,2.4292840123866357,13.870294925739195,4.487073021115291
reflect,3.6656489508253753,59.41401751769079,36.602190977843904,133.6922818456997,0.10002212255668942,0.10000015967432987,57.01984752413961,24.140868170415022,93.57675460435418,14.688368126464505
reflection,10.312787002402679,85.57109513682093,47.46211779716644,158.17819274792487,0.10002110649932477,0.10000008046090356,0.10001769669394563,8.021384612058894,124.53356182842569,0.6208219912218914
reform,31.720543493242335,53.60830109204002,33.451725471646476,0.10002372050295112,0.10002367743083253,2.1170798825414123,22.310187736385394,16.96603768340535,18.223253896336175,128.40282334611004
reformation,1.7127188033190022,0.10001106659718949,3.66999983528451,0.10003090465432363,0.10001811479143002,0.10000037266540347,10.877863569614343,1.566082614752316,7.035036663224162,25.738238054770783
reformer,0.10000723941009326,0.1000059262495049,31.99139502191722,0.100013735106794,2.413610771957404,0.10000004745626687,0.10005403476839941,4.449230269752502,0.10000041748971744,3.545682535626292
refrain,17.267514939103766,0.627188744519236,24.621851452730873,0.1000336080766588,6.080687177426683,0.10000012632345337,27.96681980946456,0.10003823013225208,0.1000299236680237,14.03583598819387
refresh,0.10001442869402538,2.734344314522918,0.10001288000348227,0.10001511430604089,0.10002282172924712,0.10000003316735634,20.82515379384747,12.19127791056836,1.7811857310562242,4.9679729718002115
refuge,0.10000959391684597,10.087725781589993,0.10002468018718216,9.134076901619236,0.1000164682459718,0.10000007553886603,44.81400568036644,14.814604117792756,0.10002077617371895,4.649515924269788
refugee,30.156774772029543,36.81480248383041,0.10000614427087284,0.10000825103514487,0.10000397883373843,0.10000000844715033,0.10002208564675759,0.10000289504204468,17.328375791575397,0.10000358910043959
refusal,5.576730932435066,0.10004692525923194,7.8992973724028035,21.686048815597147,3.0290106214606936,0.10000003059922312,0.10002972205267516,0.10001360899837755,4.667715632505591,8.741106338333665
refuse,9.695568823016664,36.498013429067974,74.43808137524714,9.035024710344034,29.664833929084597,0.10000004519666936,87.41503062174185,0.1000397293533039,0.12460844419642216,111.92879889241209
refute,0.10003853040253069,0.10001856345441361,34.814943444646616,0.10002274532958784,20.076205179021223,0.10000003496953087,0.10006013966950408,0.10002988178617758,1.9710052261950066,33.53767625413768
regain,1.2588919362324742,6.750660156346843,0.10001876197727663,16.248564803074796,0.10001345039408488,0.10000001582737782,15.850565590139267,0.10003300873110807,0.10001547384815801,2.391236803119283
regard,264.6704817205903,178.3081193111523,349.5505761135954,152.8001513682055,225.3461419398595,0.1000000476179377,40.32205170357038,48.136013078664554,378.32379261965946,378.4426720967496
regime,0.10001221484481743,34.44395666337313,19.37808402065997,0.10002534214985573,0.10001708023135965,8.10462961252326,0.10002128213510839,0.10000634736331167,9.47323333846332,0.10001409797362455
region,50.203469184713434,54.25367976477894,0.1000336232484514,0.10003119813872911,0.1000193727105642,0.10000005261957683,143.65795771719772,3.4829886578966076,93.57022654320174,85.43159388515525
regional,3.6877143305611297,22.260788514051967,0.10003462451256709,0.10001649029390547,0.10000956695182693,0.10000001236451449,0.10003757685301809,0.100020642465276,39.70771042817636,1.7436678134395194
register,1.9586753656684721,1.315089108965692,0.10002851711472886,4.308599977890936,0.10002827019469802,0.10000000511614632,0.10003082415245958,5.566906174183239,0.10002061013586085,22.3506211462298
regno,0.10000005126658813,0.10000000000072799,0.1000000107865776,0.10000001292274548,0.1000000000016227,91.09999992360414,0.10000000000046277,0.10000000000105684,0.10000000000048392,0.10000000138969238
regola,0.10000000000043888,0.10000000000023902,0.10000000000025734,0.10000000000018193,0.10000000000053268,39.099999999971516,0.10000000000015194,0.10000000000034699,0.10000000000015888,0.10000000000022329
regolari,0.10000000000045722,0.10000000000024901,0.1000000000002681,0.10000000000018953,0.10000000000055494,119.09999999997156,0.1000000000001583,0.1000000000003615,0.10000000000016553,0.10000000000023261
regret,0.10001958239878637,3.6209287589216324,0.10002695554680235,0.100026664867502,7.36103286729784,0.10000011318020631,32.47924982547205,0.10002126672623521,8.938676062857109,0.1000179024254899
regular,19.79939055931152,5.803779236515184,0.10002663820672322,0.10002838546169583,0.10004026972664208,0.10000006555549261,46.305768757351984,4.428837863984726,19.90671819944931,87.35541002409498
regulate,28.05478243802427,50.4323890403553,48.98225982247209,0.10003193854667361,25.03545501918356,0.10000007755112046,3.8420080527511327,0.14791754053533723,5.646081985531083,7.659074084693206
regulation,47.20808162060845,19.1504626796936,16.964329071785407,0.10001398256019037,14.300376451696522,0.10000005817199374,29.015958719694513,0.10002715769688068,0.10002549398749351,54.96072476380109
rei,0.10003543307527377,38.44697930373971,0.10001763318221664,0.10002163004568833,0.10000855721036521,22.12399084831945,0.10000203572254852,6.61374744945009,16.21517771841541,0.10001939057700546
reign,0.10001384239165984,6.33498141638864,5.795177916061003,7.877694797920002,14.15298564315062,0.10000008773422267,67.84311155410202,53.995161684479335,0.10004900359891568,5.700824053806904
reinforce,6.382388348163104,10.345215515010427,7.968297313131535,0.10006290533216289,0.10002977905657867,0.10000002918432299,0.10003377501002829,0.1000315029701889,14.891792211090339,3.9121486206424834
reiterate,0.10003225285488115,11.136211821985087,0.1000262526346749,17.3680477745978,0.1000166188500313,0.10000003910400031,5.082366908149996,0.10003281766706876,0.10003592243303398,3.813229591371441
reject,3.602384444620971,54.23946060315691,107.2139893145577,73.6311545804566,30.39583076550591,0.10000003030972474,81.83120210498896,0.10004004527110925,20.515764200880664,138.37017390991204
rejection,0.10003212599825696,23.02302334733689,17.866863386852067,53.9208061555445,0.10002531764851291,0.10000002159227382,0.10001913353479733,0.10001751850878669,10.870833609863768,9.818379382812164
rejoice,0.10001082008669479,6.551208070076823,0.10001805226849654,76.80514699405623,0.10002259940772087,0.10000041255791524,153.16420270327245,53.00880250546025,19.931900857983432,8.138686984522206
relate,58.5102259372602,50.08916383834664,30.793320732890862,15.860349042132492,6.769653005319855,0.10000006149968116,0.10002830210063811,20.009487927951124,56.738684950939366,28.02908620122156
relation,13.427666961198003,158.94003797704056,148.77187882969415,44.81657928283215,39.73492264907905,0.10000006651303932,33.766628545324146,0.1000279959850069,180.79929273045258,18.542964961543202
relationship,5.543662637482941,260.57914800399,22.424790144039644,345.3987097903314,0.10004426775363032,0.10000003579571615,0.1000149350247182,0.10002695968902327,290.21411208239346,2.4394911431876953
relative,11.672540174558948,8.524082101500593,22.28467603005944,0.10002534754288016,6.878703941050664,3.207320048025787,0.10002151514570348,6.436322009918393,7.576272863873183,17.220035967972958
relativism,0.10000433442404404,30.39386650077259,13.173957380136848,0.10003603297766978,0.10000481405026498,0.10000002267326487,0.10000300480288317,0.10000198001020885,13.732125447672352,0.10000048227745535
release,0.10001577359007384,11.596695396096225,4.7002484664048225,6.861013731508747,0.10004009702765652,0.10000298029761676,0.10003882639168717,0.10002609643741961,8.637791677818711,17.704126954066727
relevance,0.972231978175079,7.650469915105775,0.7280738382954334,22.323259016229695,0.10000820095872738,0.10000003629742878,0.10000650638782074,0.10000937856882719,16.82593346183315,0.10000766789614153
relevant,20.882447740363837,5.582653605619516,0.10003603903820645,19.28790695863828,0.27327079515459846,0.10000004351308786,0.10004025289078293,0.10002750920532956,21.734519889091533,10.839097166115808
relic,6.624246790118006,0.10000559443337985,9.251819934296549,0.10002218380114643,0.10001252469820324,0.10000008695076307,0.10002746806375364,9.244657559284413,0.10001351267595705,18.279194345423686
relief,0.10001405749853264,8.545853102070023,1.4078402993381007,3.457190779309962,0.10003420942617404,0.10000001655504008,67.34062937030852,0.10004387263784377,2.5762856114491814,2.2721086810430866
relieve,2.288492629829125,6.940058168691401,4.878761624629029,0.10002308640752683,0.10004278691957273,0.10000008933392474,55.433215259798075,0.10001552016847257,0.10002143991164103,10.959369393996338
religion,0.10002500371451145,77.47531537167416,310.91252394056806,13.825268423932005,125.24198454815118,0.1000270329272258,1210.2660943469834,0.40134927243033724,218.27942462473615,82.39798743453464
religione,0.10000006104440666,0.10000000000195768,0.10003224450179632,0.10001022067282074,1.0999059829079185,134.10000887551254,0.10002690680917013,0.10001559420408544,0.10000000000130065,0.10000011417271162
religious,365.4642951445045,126.56096898416565,635.6767582262895,37.37154946066184,43.94044614778266,0.10000014337979626,395.46450288338906,21.005374973003757,840.48564168033,257.93046235615793
religiously,13.430190540929955,1.490803610317363,0.10003366226721787,0.1000171062779835,12.917183362093512,0.10000009731891547,47.72474775491228,2.122756101697469,0.10002285458485563,0.9142449092718009
rely,0.10004323956732916,7.506665862026725,12.232589409908748,4.346670638030163,9.748349713084487,0.10000000487240195,52.98147657252787,0.10003032047390208,4.333468405299111,20.550705833850856
remain,114.4167867273713,160.73668433709813,218.10250636260648,343.9784396575329,52.108698007246325,0.10000013596294312,179.43020873573906,62.887885613894596,187.5636663616986,215.67512406051227
remark,20.346173358270857,2.5523659563018453,23.781546135092462,0.10001557049210295,8.49333956737852,0.10000002832004339,16.579602418421608,22.85016306953007,7.034138316558214,0.1626555793070753
remarkable,5.146062037513948,10.295203601286257,9.94284823643612,2.616025618607698,0.10283280199728197,0.10000007001978067,94.89106362620905,14.074093377292467,18.64817532372516,0.18369530656299132
remedy,0.10002760546744918,26.569052786079887,26.58188017757512,0.10002392503859087,31.83169466702424,0.10000033230559907,142.04567235277696,8.768289083539019,0.10002441221563846,70.80333465766049
remember,8.655392710448426,44.1232349629207,6.4673262645494525,53.36010813646811,0.10002805354363013,0.10000004002118512,169.98477989491343,25.955654343377333,54.600370594933175,23.65310499848673
remembrance,7.914845974498699,0.10001816941397719,0.1408355796149412,50.35604583418279,0.10005144068597667,0.10000005116102105,6.939736969663776,40.87263718401077,0.1000265319209363,5.3758022645136005
remind,11.488505377722966,21.283612940675805,17.220162683811505,89.2458269767435,18.103339535204537,0.10000005619441069,73.6106574795695,0.10003016692483759,91.7478441368716,0.10002064595470123
remission,0.10001903464813,0.1000056694089107,0.1000065740114059,10.027341119101479,0.10000253789443574,0.10000000831143732,0.10001541104902813,42.169682137006376,0.10001552330708213,46.10291198505783
remote,0.10006428688944273,5.924415450921769,8.355054727695968,0.10002971184975012,6.195984105335449,1.130054722110482,34.441915939329384,5.530581757006869,5.446003972708647,5.775895325740739
remove,36.4354563760061,15.40927682646661,38.41915259136621,22.103508161620383,37.87049868756891,0.10000005540521069,115.84699983448479,7.672911017593861,2.9996126884333862,195.14258376071427
remuneration,28.665279210104224,16.136293131272136,0.10000544176137344,0.10000202457512607,0.10001648989021998,0.10000002661637614,0.10000310123703672,0.10000010690880716,0.10000344745887207,0.4983970200567611
render,9.654925049417436,21.209896697548828,73.38105964769596,9.219891060778389,43.494855134690084,3.1063971508075277,167.52234361420548,60.36308176681548,33.84449321267448,50.203056664997916
renew,25.19399301931491,58.002778764964184,10.314800841653236,136.36040002576092,0.10003108973971594,0.10000006719287975,102.28509768594648,69.75328412411518,214.12939302452997,84.76022135644558
renewal,13.144698977321578,35.422291518002325,3.845324804197304,47.8645304474796,0.10003527009637388,0.10000011437369048,25.378627850277205,18.80391735589839,196.24053984645604,0.10003381555099243
renounce,0.10003118726188416,21.379853275427806,32.80335399658076,17.877481791133224,0.1000373577012318,0.10000004382697766,16.764018223922196,1.5521698438203748,10.644760648028683,17.678293631943333
renowned,7.379436962672332,0.10000160474952997,0.1000152671540278,0.10001506355228,0.10002716705341506,0.1000000120609339,33.44310737353273,0.9711907597745824,0.10225526022299562,8.603950528909873
renunciation,0.3980889255073726,0.10001764114349627,19.805199604523526,18.37928185881358,0.10003946396449087,0.10000002263053374,0.10002167774643564,0.10002019497824664,12.649078572491915,18.26825203788225
repair,0.10003005478725718,8.89401842875335,9.27505961126549,0.9077815852618931,0.10002786255864066,0.10000012081114978,0.10005119163772147,8.084517617380024,0.10000912568984494,14.338504401504535
reparation,0.10001782038469348,0.10002822064652094,0.10001968215365499,23.701419436787486,0.10003461146534773,0.10000030243173659,15.810507444689371,44.055497509065205,0.10000669322416493,3.832468278875945
repay,0.100015781452247,3.9710182769458395,0.1000097625777323,4.802387116496871,0.10003976537719797,0.1000033874142938,17.739799103457727,0.10004240695331776,1.341671292572994,6.645013106396307
repeat,18.15279963222336,42.8177918483984,23.413463752148022,84.70778989196357,1.972918972466722,0.10000011148683592,158.98131877184787,64.79803367332521,50.58109433936339,18.47478900643783
repeatedly,6.674950001502143,7.167497170962768,12.069583917497223,3.0618434631578046,2.488664409720988,0.10000019274462667,44.16451086902918,8.64866053838072,12.63836200816607,12.985927428487319
repel,0.1000085322569012,0.10000136296372618,0.10002567368161157,0.10000850316781437,4.094247817336271,0.10000000000409759,28.112506333451424,0.10003938709179824,0.10000076160598141,3.0931616282323566
repent,0.10002384093186364,0.10003192468118963,0.10002535506730625,17.570534398686977,0.10002455543532723,0.10000005406798808,2.0963867005718857,12.615897258699308,10.969688619763259,34.24738729176107
repentance,0.10003479799076936,0.10003269889297556,0.10002619634211407,54.26795887662253,0.10001165455272609,0.10000003213232993,15.47915491145126,0.10006230557865879,3.82778479021445,13.824933735857313
repercussion,0.10000866292073139,14.575403249097434,3.001609939918199,0.10002604602118327,0.10000296484944554,0.1000000031511145,0.10001431377160355,0.10000781180837559,16.722924964057356,0.1000020441826978
repetition,6.397559911051351,0.10005204378843278,5.927554441342789,7.182837269176149,0.10002076739365845,0.1000000631253922,0.10001253833449664,17.891899053776392,0.10003525211071465,0.10002865956049871
replace,20.982576695358865,45.813593115822165,4.4730245940630455,7.03954902526166,0.10001057992170041,0.10000005219084167,18.657716089950295,0.100037139075628,20.471387369164482,3.26210533884691
reply,13.505781619153655,2.970323419829584,30.513478650371205,80.64656455828471,6.659743608154248,0.10000006166374288,0.10002776454225415,13.774798790632776,8.956491457880116,45.77279006914894
report,33.190918482267826,0.10005347449130488,26.848340689680203,16.769098516452736,0.10002588109630513,0.10000056819893256,0.10003954061768854,0.10002143154689572,10.834519619675522,87.85698179559292
repose,0.9120938583315462,0.10002346898179663,0.17883993325081948,0.10002943896944506,6.064803301398037,0.10000006296504553,22.068214336389453,6.037554222931005,0.10000961218327849,2.338431764291188
represent,9.225090605495359,66.57124833514996,41.936689928488214,56.21116310671028,0.10003328163123452,0.10000002776002843,0.6790480724173974,40.491302742112744,120.36771392247239,50.317709977427256
representation,0.10001416503853876,0.29793000975030803,11.333545464500668,7.123604239795331,0.10004271652991195,0.10000011706310906,0.10002197164301703,8.094591487844005,7.409285521649209,3.3409643058242264
representative,22.96148251418144,15.503046486604395,24.260792342061702,9.364301205857878,0.10001321573732619,0.10000007980344805,53.776025493962045,0.5757030534476582,29.744091326421547,31.61454428158761
repress,0.10001708964827369,0.10000689319226985,2.1919093330797197,0.10001396258227299,7.865203087432504,0.10000001372388258,18.95825971463457,0.10002206345638655,0.10001769312107234,8.384550148874851
reproach,0.10002070947461912,0.10002093252158466,7.5795201099559115,2.930418641411314,13.388756636208337,0.1000000176064545,25.97753987199399,0.10002518543616934,1.1179414660903555,7.605756428959153
reproduce,3.846982252600989,3.38908459119618,0.10001482146631498,0.10001808548546282,0.1000067636166164,0.10000011288286487,7.123183918337694,23.453067665986477,2.6875891215697183,0.10005266652344777
reprove,0.10004642269995068,0.10000539948570754,14.40877159080769,4.508683811631669,16.270605722591068,0.10000015587337233,0.10005518989280365,1.7532530581968924,0.10002580988580902,10.558552838563461
republic,0.10003135933809089,1.2881333968972661,0.10006650797796221,0.10001624294518967,0.10004881859670843,0.10000010126327584,0.10008703215644106,0.10001400308735267,2.6769361253180324,79.33466641192487
repudiate,0.10002339694556808,0.10002286226268363,17.075716732731625,0.10002876052295998,24.118825734442332,0.10000005213844498,0.1000539403567028,6.6473937484342445,0.10000395795170977,17.557930813891
reputation,3.925706035609363,2.1997116624520845,16.490331781870513,0.10002077333127764,0.10004210026959279,0.1000000009271695,0.10003600930389663,0.10001854987843493,0.10003881291072911,31.784094273088627
request,105.31171446871615,11.33884766740162,3.558666418072945,14.93000760498693,0.10005473609443165,0.10000009956098412,31.292335555590952,9.152056838278533,26.55881954999579,90.65749706095204
require,167.0438201828858,158.8353013965015,153.7085396800324,5.679182125342432,85.4067221145799,0.10000023768022238,81.21811970722545,26.07635967459975,215.97998621354512,93.95196866727083
requirement,44.412269459599024,53.8878629065329,45.652464332864724,8.30008050530577,13.51087784817805,0.1000000382027402,0.10006080661792247,0.1000558348309823,63.19505695377344,3.741271313666204
requisite,11.667544445154903,3.452531888027599,4.157836246822329,0.10001357185491297,0.10004838252494566,0.10000001392760809,2.330978804410504,6.996289107608592,8.86997262046226,3.2247849188623987
rerum,9.447715778863843,33.29120507340878,0.10002565875810981,0.10000963326669327,0.10001897632001348,3.5609265281589355,0.10005723491934172,0.10001721855317698,0.10001556326044428,0.10000833418052119
research,22.595099034610975,58.05348667401251,161.98195265017148,0.10001522041893668,0.10001878665068112,0.10000005132694557,0.100010363853803,2.1657619344826773,55.70364860720768,0.10000667702437208
reservation,0.1000156339834942,2.5901113730806116,13.892827555196616,0.10002085860039278,0.10001535718915534,0.10000004132832324,0.10001791063151153,4.611849339577319,0.10003817476957053,17.305103755335853
reserve,45.010507705605036,10.88610800721954,26.61835389493064,14.648304350582679,0.1000404289642551,0.10000008966570481,0.10505335077994808,20.287019548340183,18.434115851257705,56.810496772297995
reside,8.45282156043138,3.750826932442085,7.3606922806508495,0.10001656362389726,0.10009902324641791,0.10000014337733446,0.414999760909197,0.10004990816016585,0.10004538107009643,36.520448445659525
resign,3.2423946628471536,2.5001618744930814,7.449785471000714,0.10002143075453823,0.1000175959279204,0.10000000425859805,0.10004283314738557,0.10006255029118788,2.9874557788231724,25.320057798066333
resignation,9.983138116507767,5.321361968126181,4.1251752799944095,0.10002731567095068,0.10000699862864944,0.1000000149262822,0.10002443427876859,0.1000419047759355,0.10000986663004788,14.970214100169795
resist,0.10004327414955605,4.178153207682015,0.10742262830923831,14.11151417618632,14.957451671445803,0.10000090007863104,104.99478983577454,0.10003037580159975,0.1000298060536036,14.250564124177135
resistance,0.10003137446899538,6.463726009620197,27.107403758637023,15.967461959673283,0.10003272752355379,0.1000000241649009,0.10007641151437874,0.10005121999498025,0.10002572519537262,6.861190788760817
resolutely,0.10000968841467078,10.850822001361575,4.716491414358757,0.1000249763781688,0.10003677157135737,0.10000001648557452,16.175472613803933,0.10003609341354376,8.65707412259178,0.10003230128499781
resolution,4.434665551140801,21.750264933542915,1.0676746321501542,0.10003173660740826,2.9502949591211842,0.10000001958282947,49.44178852673388,0.10003188841059031,0.10002295086332896,10.955224801513003
resolve,17.976217765916484,70.11899700190037,4.8003778866754905,26.167193477450734,0.10003065309526284,0.10000008254209722,69.34058098361218,1.7006276988186437,10.919076183120135,12.776898266524599
resound,0.10001903878278097,0.10003384953251192,2.1553222529423635,20.153331219866306,0.1000221409626542,0.10000000764071443,9.550130508985088,0.11792379728496148,17.523198059776046,0.1000191238926416
resource,1.4499330343202463,246.08255090914005,6.905109212502368,6.872242530297575,3.65798393007259,0.10000004751954443,62.37226800378939,0.10001895338988184,87.90195143534666,22.557941943289332
respect,46.832183603771206,471.35895146867097,221.62778786561552,44.15886109777893,83.3559360229385,0.10002569657974851,122.28927681278647,3.5962529441091875,329.96017473936706,82.72054974802447
respectful,1.4844517344970471,14.99247819025423,3.560408816640928,0.10004850987405883,0.10001121367800775,0.10000003331827707,14.409347409973167,0.1000289086282254,16.956017814056576,2.197207368704455
respective,23.748504882997377,20.52201324825904,10.69862167463791,0.10002793127755122,18.276067867942448,2.6061877475323114,11.77405024448063,4.475190290040149,29.49834766051847,3.300988451939454
resplendent,0.10003284005798739,0.103286572588145,0.1000627922197394,0.100045974864803,0.1000136503426658,0.10000071404408478,15.58602771104145,23.197223964357395,5.4605359173259895,2.1527698626937766
respond,23.12381588767136,42.30148627858796,15.401979133719859,84.73239144077257,0.10001413899252388,0.10000008061438581,37.176192498601154,0.10051935269350373,167.2510801524944,9.712521035517772
response,17.831763344495062,76.63307511863003,6.492330614901738,123.2946107356063,0.10001598298841326,0.10000027263437812,5.978709854916416,1.1313296001683155,170.7837182937021,3.654446181616503
responsibility,18.311342452787073,373.01187943928136,86.68235241646155,54.06188749224585,0.10002867787298984,0.10000005973338588,3.0973075598792197,0.1000176139368969,527.3690707718549,20.16611351561856
responsible,12.098622125091518,117.27398320877755,38.58136045480824,36.989604919885515,11.891515472145754,0.10000003600662559,0.10002307344172834,0.10002981549452611,150.67541153024624,19.189449363776465
rest,12.55633606520432,87.33024092676855,92.4300564707523,30.09053055692373,37.923000550165085,0.10000025709929766,137.8265671772137,184.08189633641354,21.512355046743956,62.14901661237934
restitution,0.100010720598864,0.10001848503561267,0.1000055990998142,0.10000471859636008,0.10001401098260368,0.10000016615530984,0.10004814961280095,0.10000367246954653,1.0608030133081119,36.13909146386629
restoration,0.10002824807366943,0.10001542745907913,1.6366805552689974,0.10003046277606482,11.377281733703777,0.10000003782155172,63.086711487881935,17.631107785801014,13.969933165582171,14.898211095310112
restore,41.724746662914775,29.07119285593439,2.962795764988824,60.547268147046886,24.073592775179304,0.10000038089676627,232.28133416458778,33.29388129060051,18.73556959613948,89.20961836137559
restrain,0.10001515381706078,2.232561281010254,1.9822765493230574,0.10001371644993172,0.10007680446355054,0.1000000179913372,64.49204211329062,0.10002336777368018,0.1000047822258496,50.69298621336709
restraint,1.3062578223556336,3.546682540613852,15.141613349799409,0.10001630309715047,37.9793587110515,0.10000002096369522,0.10003144240007347,3.360870204827581,0.10003791188864901,12.265131692656508
restrict,7.679092592182729,21.699479444328066,40.69834412866229,0.9355746639098239,11.436628322874855,0.10000261499333847,0.10002646947546247,2.832403534321946,12.707333113875547,9.811115115027304
result,52.30408478376077,297.71508636197467,176.33204235162376,93.35257255961712,44.51165320027264,0.10000021552041194,250.44709200931902,21.67442989974956,196.1902209774103,76.37281764041447
resume,0.6211144481715136,0.10004791032691648,0.10002844389424534,4.373550407479232,0.10001656370641862,0.1000000179789459,8.220964008256956,0.10001507994094025,6.538094304315019,18.746168815573714
resurrection,0.10001955778169022,6.108573772478765,13.796671648332277,299.0994493781783,0.10002021379858915,0.10000005966626972,0.10001822438903223,31.22127361566163,89.1101852559256,4.2637882734791805
retain,32.77803160373913,5.201235693689472,26.997494737037883,19.183722438211234,13.816837765915999,0.1000000605284673,16.738914582975067,8.98279752904383,15.774731588531969,47.42623399997937
retreat,6.544928098506459,2.5396059960306823,0.10001740325851864,0.10000990245823291,0.10001227276853719,0.10000002626355474,42.77106024614598,4.401813082663598,7.242515422814434,0.10003754878637618
return,52.9852949740735,57.53858936844079,12.227907222860454,177.33905050181764,0.10002460188247879,0.10000013966600466,210.83983996268557,88.84586297581856,22.781207897116843,182.24222235530405
rev,2.9541556548805787,3.3027501714061267,0.1000284424111117,28.22056384818082,0.10001220452731562,0.10000000784940351,0.10003566512604217,0.10003854366824397,1.9224133126133631,0.10000214900700342
reveal,8.818911583827072,7.351807865163151,151.83739370497162,497.99552961449183,1.2670755607509967,0.10000006412331798,13.985880581627878,26.720485266098105,144.9361818652737,23.986733893337288
revealed,0.10001894164831097,0.7537269802051114,59.276849625442644,18.73753701491643,0.10002368999187128,0.10000006260254235,0.10002445021160355,9.292936139049262,14.438856964703207,0.10002613091795352
reveals,0.10000637880204986,4.054117748133379,19.247499038369238,35.3863897534932,0.10002415942674038,0.10000000817218449,0.10003361176371194,0.10002788313641607,14.711881180867596,0.10002023751963968
revelation,0.10002187830489391,0.1000192712912505,304.8908311478962,263.54728633639036,9.746830423325097,0.10000004444238021,0.1000204909944749,10.778974335402246,134.44429267857055,0.1917233930745435
revenue,0.10001535922494355,1.1114693205528678,0.10001147958905847,0.10000104622584562,0.10000735445833699,0.10000008989485382,0.10001551490656266,0.10000541724227394,0.10000119332976289,91.08847322441251
revere,0.1000238677351204,0.10001980489569826,6.490696932980088,0.10002352930095386,10.273111281690428,0.10000008289524172,0.10004558690241558,15.00720967530135,2.512733185087761,8.216136052857006
reverence,36.09800419485487,6.511921815052681,0.1001152424804833,11.45497414117453,59.9609397834854,0.10000039630683197,83.81820515748666,47.584387020533136,0.10003914474693193,70.27141310354085
reverend,4.530757906856045,1.046674449257885,0.10000719896288304,0.10003312362750437,0.10000660946157393,0.10000018426633926,0.10000836570631377,2.587009155027306,0.10000843306576483,48.23549457352026
review,26.418045226167347,19.805532789565394,17.655265919871564,0.10001459421834073,0.1000147818123507,0.10000175696686212,11.640446289057014,3.335699742468853,8.269362580394812,2.575616319158516
revise,38.128300744807085,2.8245109060686335,0.100040309886549,0.10002076002964988,0.10000769677161017,0.10000005616308767,0.10001391560323677,4.939633794754875,16.5074674670407,0.10000434860870351
revision,32.74865014972957,4.441661093933046,15.884406523523715,0.10001782269027176,0.10000955574757697,0.10000002586131501,0.1000046535963041,1.3176781592731552,6.001261995376895,1.206310019983398
revive,0.1000205478536351,4.677324406250313,7.259130155017734,2.846197759887945,0.10002817670029507,0.10000005451504344,41.36816424008176,13.353659397324774,0.10003592686056838,5.095439335151119
revoke,6.295845671273114,1.0071885663402675,1.949830640280091,0.10003322930281183,0.10001627226017826,0.10000002077576757,0.1000287331908326,0.10001578534164168,0.10003032726822392,47.14701075361551
revolt,0.10004256898345079,0.10010006615402536,1.803038013342644,0.10007034110427933,0.10005648036721762,0.10000001376817995,29.04006912155344,0.1000211592976248,0.1000013217962816,4.456600913171446
revolution,0.10000575803466477,25.760842409387056,20.410636774058872,0.10002433230229171,0.1000185885338381,0.10000007048515082,26.128447359836834,0.1000076737929272,0.10000855819595221,0.10000847515206533
reward,0.1000262552204938,3.3059898257788976,21.357007236675138,4.576331407317675,15.117668154758487,0.10000048605300943,115.26888520317983,4.152974161617348,0.10014976216686865,49.9209675068781
rhythm,0.10001338722625888,6.701143765251572,0.10002390900769,14.8739021127604,1.8134317742476702,0.1000000657936171,0.10000876050900767,21.808768545924487,6.302705022721332,0.10000265630640942
rich,0.10002372703763163,167.95101128240944,26.382027122905246,148.6795248778839,38.92663704620478,0.10000019239442519,202.66572799802208,61.786521297940766,200.37540472842298,1.033121726449093
richness,7.386734463127476,10.47496924935525,0.10002592050282456,56.523586439406074,0.10001980588414343,0.10000005373548725,0.10002909744055387,0.1000374649523536,90.01459153493342,0.10000597036012089
rid,0.10000495051471364,2.764171449173648,8.143013070323178,2.069622476194937,7.528169436818827,0.10000011714690754,0.10003965303433231,4.335818380464112,0.10001087294509801,11.759149593061379
right,154.6934986348425,1004.3623898464431,578.6226768416024,2.181712526978569,684.8020481010309,0.10000012337704181,491.5135770202871,36.77849998419314,112.90014572927839,379.04545119163566
righteousness,0.10000768887152214,0.10001472780347348,6.722171854495531,67.42362065413923,0.1000362280352867,0.10000011965405801,0.10005233511698032,0.10002451068887912,5.070351690443404,8.183720190399765
rightful,0.10004408197819245,17.75503236177304,7.483763285906536,4.47230874536787,9.749563644696094,0.10000041291376605,12.787190452600209,0.10003512174074479,7.176022115258349,3.2760397773969294
rightly,25.364988712156403,23.173337646825217,97.21085103975382,14.907804152446879,57.936278133796286,0.10000004650531838,83.57390465445873,67.06638482460424,41.2618460483712,47.40460474074348
rigorous,2.9407603868782397,10.844343696031709,18.356130916779335,0.10003763037507034,0.10000485910335202,0.10000023660347113,4.708006868104736,0.10005118881853099,0.9777314527205144,0.7729327641828836
riguarda,0.10000000000038586,0.10000000000021014,0.10000000000022626,0.10000000000015996,0.10000000000046834,38.09999999997181,0.1000000000001336,0.1000000000003051,0.10000000000013969,0.10000000000019632
ring,8.135081300263042,0.10005805312418271,2.3379633256941172,12.930839867703435,0.10006901588092769,0.10000002275557335,0.10003486709171307,2.130276988404017,5.551357161423006,15.51431939723625
rise,2.7713152795854836,135.8795375262113,71.88879467517062,147.84257431373499,1.0696334570821793,0.10000020398792392,84.08375458728678,68.78709405460606,101.58562077048305,52.99167513151452
risen,0.10000968805129574,4.641175255582988,0.10000980938999506,153.77102596659816,0.1000111533441922,0.10000003206115736,0.10001689044438151,0.6367346377146926,81.35101437706707,0.10000218951790513
riservati,0.10000000000024382,0.10000000000013279,0.10000000000014297,0.10000000000010108,0.10000000000029594,45.099999999972674,0.10000000000008441,0.10000000000019277,0.10000000000008827,0.10000000000012405
risk,1.6589987641656512,145.07448982317834,32.677700576447755,10.012928691773666,13.010074534087892,0.10000002744832634,0.10002927561465669,0.10002344094471896,76.19201703695884,12.073737829041
rite,736.4631159648882,0.10003015777478882,0.10001710614556499,17.703857193437706,16.176461597719854,0.10000106584886662,6.3372467196815,72.21085681315536,31.371628212687863,35.43678516833719
ritenuto,0.10000000000064294,0.10000000000035013,0.10000000000037697,0.10000000000026649,0.10000000000078033,37.099999999970315,0.10000000000022259,0.10000000000050827,0.10000000000023274,0.10000000000032708
rito,0.1000000000004786,0.10000000000026066,0.10000000000028063,0.10000000000019839,0.10000000000058087,40.09999999997129,0.10000000000016569,0.10000000000037838,0.10000000000017326,0.1000000000002435
ritual,50.474551478441875,0.1000076145700661,0.10002736663584541,0.10001708513054432,0.10004666476524084,0.10000007414910847,0.1000210110467036,9.075636308485489,10.749669422428319,0.10002297407401804
rivalry,0.10001322166261759,3.4096266859381457,0.10002350594048458,0.10002566571478859,0.1000198870480033,0.10000002655311993,61.026753658029676,0.10002834676652265,3.97892213373879,2.9845868682888215
river,0.10002300458623788,8.939005892283326,0.10001610753211704,26.35619414716901,0.3146548774229332,0.1000000963811018,12.595661481321319,10.657674973123806,0.10002113894152323,2.736748280917975
rm,0.1000088820833195,0.10001478283650223,0.10000679096964409,0.10001853375582238,0.10000882847338101,1.1018704351809565,0.10000062676829406,0.1000148339936961,72.08914558925306,12.108910696467662
road,0.10001269494740417,22.157061597428214,28.518874048636338,50.87478652337802,0.10002724385864147,0.10000005291207538,82.11773112902222,0.10002583200443865,6.571852219628917,6.359628657860213
rob,0.10001612087883066,15.232209769335709,0.1000272313046704,3.8550468960353053,0.10001382141247339,0.10000002729419091,16.503399940038097,0.10003212402516422,0.10002343736120702,11.809230632000453
rock,0.10001851703134625,0.1000222743726299,0.47768452818564855,18.244540236087964,0.11951128540619613,0.10000611933814688,71.78285477084506,16.16463754859648,2.2487523216840524,11.661972398110551
role,6.530440395170307,94.0715923059047,19.007866961102735,79.08196781532436,0.10003579680842163,0.10000002639972097,0.10003194657192313,1.8488535620429163,312.57766812880004,5.581543061524377
rom,0.10002409212627397,0.10001803890283836,17.700669681770943,205.41026212300062,0.10001792287178148,196.54230724023773,3.364919866510247,0.100031106177224,11.481738340058907,0.1000115880300213
roman,531.644949764203,2.4694508802719217,7.5903113016117025,41.60778263424879,21.360907863292518,0.10000009164867404,241.2285469583604,99.72580937681887,25.315803245427297,770.9564378837763
romana,11.142888720451644,0.10000000000072527,0.10000829566353973,0.1000012079358454,0.10000333620692131,75.16555801712006,0.10000229621185684,0.10000240478464245,0.10000116147353935,2.9915345600367607
romani,8.889226467534645,0.10000055481505868,0.10003222723158138,0.10001153041629075,0.10000194574223055,58.19917781273783,0.10001145687608963,3.174753079751943,0.10006674661196124,1.1367181779422508
romano,0.10002425524640904,78.27448565923035,0.10000895516519641,44.20198015722855,0.10000409882122488,69.42808981747393,0.10001634797978307,0.10002470085733428,56.49536348848577,0.10000251925786348
rome,265.4482422171853,5.455521465141466,0.6384083681192546,86.6755158046709,0.7217844859471801,0.1000112244448784,492.5211981650812,18.043364750130234,64.10080042940439,153.2951530895338
room,15.073021792841367,31.634147694063593,11.021101537376405,126.35963072288675,0.10004954711531636,0.10000005848090258,0.10003860789416576,0.10002296238202561,0.10002608034589285,8.41196099625819
root,0.1000294351346297,82.70896815671047,44.160253137564915,168.17464821028705,0.10002882361294532,0.10000003789945362,88.70198717823325,5.537352223320282,135.6811343863491,29.735598410550633
rosary,0.10000770948440524,0.10001096036834883,0.100015586452399,0.10001319571791237,0.10004032999698795,0.10000001319905084,3.7135865434665334,423.27361870882044,0.312699920217774,0.10000703204336772
round,2.2806516316415117,1.106200420738701,14.06982337915461,0.10002537076685775,0.10002432520129989,0.10000098356339875,10.568348091534407,13.07646136470766,0.6109619143034953,7.987502518011952
rouse,0.1000047890100239,0.10004231035918858,2.936788493058951,0.10000551101247582,0.10002018204077855,0.10000002227175014,28.781531944341555,6.22964282122701,0.10000144964541394,15.451962476789253
royal,0.10001691486638717,0.10001781380329813,0.45196303379711067,14.645301294701099,0.10003392016687115,0.1000848139786464,23.54872389434608,32.679921574393205,13.768220802190438,35.50571593736618
ruin,0.10000535608278889,2.5608182174580922,3.8639904712665913,0.10003944394421314,34.386788952024446,0.10000005651115125,150.49492443849167,9.14060889691603,0.10001039003349908,8.152813776970708
rule,52.53554621893726,65.02595765710122,152.60116459455074,1.1342811010846763,155.5797234047961,0.10000030002057501,307.97033337656666,52.698376165715004,10.146450890580553,399.2081662903156
ruler,0.10000990575412559,1.5340724287140608,5.847473915625002,3.262346112196572,127.21883688577924,0.1000000995593366,128.54407650334898,0.1673630571921394,0.10004378995145105,87.12577730151591
ruling,0.10005449368740756,0.10002627054621144,3.801948684879327,0.10001645657224381,26.567044855943003,0.10000009124598391,0.10004771910809382,4.610686970901202,0.10001647019168744,9.420157986582705
run,0.1000115046854967,42.67694626145907,29.932487032199745,18.505429561440863,4.517481947037896,0.10000141344153024,30.24612760385152,23.27507875709428,15.196343682699066,13.450092235759177
rural,0.10000997147957749,34.198154155016184,0.10001917342675848,0.10000916626518207,0.10001201868023486,0.1000000233760257,4.489484979560003,0.10001215655218348,4.439232430124605,2.273065925248161
ruthenian,78.09996717626922,0.10000100732247781,0.10000095670496705,0.10000028870997345,0.10000000000142321,0.10000000173533354,0.10002190429904445,0.10000182488953849,0.10000005542813498,0.10000678456320636
ruthenians,48.09997849298174,0.10000017826308952,0.1000005890255677,0.10000009516650665,0.10000005953093087,0.10000000000079312,0.10001503247903433,0.10000012089252185,0.10000000000036677,0.10000543160123448
sa,0.10000058678903191,0.10000049660993691,0.10000192824360547,0.10000047002867403,0.10000000000073214,34.12479920946644,0.10000275646264623,0.10000011606133194,0.1000000000002184,1.075194436240634
sabbath,0.1000170958871099,3.055412216493319,0.1000100015621565,0.10001620536668063,0.10002761015134361,0.10000001269421613,0.10001021913740991,78.905948156926,2.3385459750981896,0.1000125064497904
sacerdotal,0.10003805516639164,0.1000022446248974,3.908306909576314,0.10000370366741348,0.10001834651817239,0.10000006482524432,34.7006977342847,5.063170130503494,0.10000197788562373,6.727760832734165
sacerdote,0.10006836457118146,0.10000000000378062,0.10000489258963922,0.10000000000287933,0.10000000000843016,88.09989869990967,0.10000000000240379,0.10001869882724138,0.10000000000251473,0.10000934397590289
sacerdoti,0.10000000000058813,0.10000000000032032,0.10000000000034487,0.10000000000024381,0.10000000000071385,66.09999999997076,0.10000000000020362,0.10000000000046501,0.10000000000021292,0.10000000000029922
sacrament,465.70439890736526,0.10001914282666868,0.27173382605121893,215.02995820163966,168.2415845929074,0.10000003658968826,21.24780726348421,250.51323730711923,635.9409329119512,136.8503278097484
sacramental,83.55101002817231,0.10002277477256574,0.10001934589345887,71.16521834183864,13.733175646128256,0.10000002691602809,0.10001811317785397,12.802780047671796,121.24773956696177,0.10001610819005093
sacramento,20.07481974506521,0.10000334894338256,0.10000754984351,0.10002211904555842,0.10000022534411347,49.12512313049463,0.10000155004662444,0.10000698726209982,0.10001176090871193,0.10000358291471392
sacre,0.10000000000060665,0.10000000000033037,0.1000000000003557,0.10000000000025146,0.10000000000073624,46.099999999970585,0.10000000000021002,0.10000000000047961,0.1000000000002196,0.10000000000030862
sacred,699.0480711405323,4.766009747352489,244.27714936704874,77.4997141588813,220.15594166703232,0.10000012447530697,593.6327989940788,587.295976703697,180.8309489404028,573.3933891561679
sacri,0.10005118584301297,0.10000000000163078,0.10001276088837968,0.10000053888444066,0.10001342124081254,100.10000558962656,0.10000718450162742,0.10001160706405375,0.10000000000108415,2.0998977117920297
sacrifice,69.39499676254152,58.78120340993491,77.15988808199425,146.04837429039537,0.10002397446998433,0.1000153540772465,69.29871996039407,496.726416322032,114.23923992758424,5.151121916231726
sacrificio,5.124197386294654,0.10000019844058254,0.10000000877544869,0.10001050274215381,0.1000000000013461,56.07574414179356,0.10000016864270105,0.10002592138691342,0.10001795386858152,0.1000037179278347
sacrilegious,0.1000133734861625,0.10000168234592122,0.10003787966231119,0.10001058255098819,0.10001787499972553,0.10000004567891183,0.1000512946948326,3.675150148563412,0.10000000000176298,43.524717117764844
sacro,0.10000159897504687,0.10001514450855142,0.1000014011864845,0.10007377808731881,0.10000000000148987,57.099866082706384,0.100007950607117,0.10003341471152695,0.10000062900288909,0.10000000000062466
sacrum,9.153580194292463,0.10000744869061302,0.10001744415866742,7.771978809232583,0.10000981956064567,61.28917333212607,0.10004221064210696,0.10010203774039457,0.10000820193306278,3.1850805012603027
sad,0.1000270280312807,18.129536027039805,4.815572190443941,7.868044173662159,0.10487298432432268,0.10000005846035473,123.2170707741875,0.7536336728391463,6.447849502324599,5.4633935883399545
sadly,1.7916255336022022,14.160025140372749,9.835920596669888,6.980612937566838,0.1000555547687022,0.10000005476789124,0.10009928421845381,0.1000834811090923,0.10004255692628322,5.731534859430643
sadness,0.10001481157806778,2.0260457121386914,0.10002706144187948,14.15252843553189,0.10002848956982523,0.10000011063679971,41.35704391537762,0.10001695227501285,3.8642627690046503,0.10003174211658525
safe,0.1000171490422041,6.156677832543207,2.591667668203689,0.10002034628225215,19.469201865620274,0.10000003580189089,68.49402359171101,3.667680291901407,0.10001351845398221,48.22069770015312
safeguard,31.659245212077188,53.776607835336584,32.284927172086626,0.10003289602077307,67.6864197641418,0.10000004090328649,66.45100642877388,4.490165762272984,47.9105636008318,7.541031287209314
safely,0.10003771157387482,1.4615504670926915,4.588645526195254,0.1000323035021961,11.29770367189557,0.10000000080999254,0.10007464808140885,6.444036412529202,0.10002714518901416,18.707892112683464
safety,0.10000947785262036,9.146902647669021,1.7567986656177956,0.10001729754750864,22.680984173446934,0.10000002725664703,96.2098753210298,4.256054680394969,0.10002343048358678,22.549334278397836
saint,46.41627092100321,148.80550393370325,55.98582277847159,904.7126603630743,0.10002258840481226,0.10002994635772038,84.64732329431672,382.07362007810116,178.9324769680484,88.2262691281634
saintly,0.1000138856797702,0.10000912974969979,1.682491742602057,0.10002960374029125,0.10002189761643811,0.10000006630948817,40.79402648062002,14.382730024824738,4.5218768253486825,4.118800343193477
sake,0.10002813637345513,42.59401841523476,3.848910537434928,161.43058689666813,64.03829354528735,0.10000004781383195,66.276417896159,6.089554895208295,25.823694004387782,69.69849562510002
sale,0.10001398460974356,7.092889916913621,0.10004343834123065,1.905450144090323,0.10005197682653441,2.1214543901311105,4.705969187549216,17.014798497209128,5.366902929337464,24.49242553459502
salt,0.10000592857041929,0.3609711212770351,0.10002189672594843,0.10001198184643917,0.10000424429608262,0.10000005879086091,28.404540244777024,0.10001200359345583,39.53440308419197,0.10002943566229625
salutary,0.1000155557937141,0.10000670904081373,0.10002279580491061,1.6571024703243171,6.904396195413558,0.10000015972462802,174.71876669155697,64.20155920069362,0.10001645722780447,71.01811376414979
salute,0.10001093668978529,0.10001581832079494,0.10000713625348981,0.10002455969612874,0.1000158469351961,80.10001232745358,7.322988363493112,16.199868874492708,8.777037587352032,0.10001854903226515
salvation,4.981016118694706,4.095539651747379,59.066616703559426,411.7143809542718,16.443150062219896,0.10000009545075554,621.1572352658246,229.15482448620872,512.7808111482343,133.5064255134565
salvezza,0.10000000000065556,0.10000000000035704,0.10000000000038439,0.10000000000027175,0.10000000000079569,46.099999999970294,0.10000000000022698,0.10000000000051834,0.10000000000023732,0.10000000000033353
salvific,1.8591978178929138,0.10001740119638576,0.10001321398845388,181.0853583960038,0.10000313464182076,0.10000000966132894,0.10000977071482574,0.10003161035205105,35.355364851294084,0.10000379403409597
samaritan,0.10000352247945708,39.32833303044573,0.10001294823452941,56.67108925183622,0.10000791762840165,0.10000006331370356,0.10001705301243519,0.1000173633183482,1.300443381769644,0.10007546764721408
san,0.10003753230434753,4.439728765598396,0.1000235836586829,0.1000238366371394,0.10000332604614162,179.54153651394515,0.10004455900710242,0.10002252625353557,0.10003831962637623,3.3185410365403167
sanctification,4.404969330432971,0.10002776745768785,0.1000354781453674,0.589638923420382,0.10003493745345951,0.10000008216742404,30.28587514781876,56.73035766348092,78.48904790728942,0.10001276202022076
sanctify,2.2940539669790225,0.10051820476048315,0.10002456976379016,29.707191326068894,10.973108373759324,0.10000002664125397,15.228184562174064,74.46738037152878,40.17182276849622,3.857715829480496
sanction,0.10002652265758463,6.096824003774245,14.658553161673645,0.10001908834436651,73.02394050650516,0.10000005495565631,0.10003690140677834,11.350765619813595,0.1000201332455984,128.36981400730957
sanctity,0.1000315081490066,0.10000564542076992,0.1000233211182298,0.10002693893253642,20.328896935665533,0.10000038047323767,132.71345592663815,129.17389676952084,0.10002100081764473,8.183641572984083
sanctuary,8.96127177821092,0.20405626955088185,6.8395190736621885,26.476975926502252,0.10015919451638841,0.10000003189494522,28.58611523579581,8.680157283610894,7.951715036054905,0.10003016983908633
sant,0.10000004418644941,0.9853576086606204,0.10000152896374387,0.10000370341898274,0.10000000000101777,48.24977607825805,0.10000413560074807,0.10000011554435087,0.10000000000030357,1.0648567852025355
santa,0.10000008865169033,1.1391840989303987,0.10000814258231765,0.10000707626464454,0.10000266248764984,228.1427354564258,0.1000408230419276,0.10004129884795618,0.10000020831720513,3.017980144185268
santi,0.10000000000056929,0.10000000000031006,0.10000000000033382,0.100000000000236,0.10000000000069097,59.099999999970834,0.1000000000001971,0.1000000000004501,0.10000000000020609,0.10000000000028963
santità,0.10000000000086767,0.10000000000047259,0.10000000000050883,0.1000000000003597,0.10000000000105352,35.09999999996899,0.10000000000030056,0.10000000000068611,0.10000000000031414,0.10000000000044147
santo,0.10001607111768933,0.10001998922794925,0.10000873394142668,0.10001619746599932,0.10000127746605132,227.16390324448696,0.10000328101753435,0.10000134182945045,8.036029788668774,0.10000007461305775
sappiamo,0.10000000000061923,0.10000000000033725,0.10000000000036309,0.1000000000002567,0.10000000000075158,35.099999999970436,0.10000000000021439,0.10000000000048961,0.10000000000022417,0.10000000000031506
saracen,0.1000242171742624,0.10006505295699096,0.10000153752788928,0.10000831365942785,0.10000163868033511,0.10000009277540393,0.10001235758480433,0.1000017973660711,0.10000349866976038,45.09988149341951
saranno,0.10000000000063781,0.10000000000034735,0.10000000000037396,0.10000000000026436,0.10000000000077408,56.09999999997044,0.1000000000002208,0.10000000000050424,0.10000000000023088,0.10000000000032448
sarebbe,0.10000000000055988,0.10000000000030493,0.10000000000032831,0.10000000000023208,0.10000000000067957,69.0999999999709,0.10000000000019385,0.10000000000044267,0.10000000000020269,0.10000000000028485
sarà,0.10000000000101214,0.1000000000005512,0.10000000000059345,0.10000000000041953,0.10000000000122838,113.09999999996835,0.1000000000003504,0.10000000000080017,0.10000000000036638,0.10000000000051491
satan,0.10000489288321351,0.10001386775398535,13.166394320630033,12.496354681710267,0.10006481093086293,0.10000008797555515,0.100055565277889,9.446155021690489,0.10000358822220282,10.290953162600045
satisfaction,7.1725199878628985,28.159800239158415,12.225646432911518,12.085820851150974,0.10003163628158004,0.10000003819081936,19.30305801468182,39.26653836887956,0.10001743296888783,112.48656699759552
satisfy,20.823055350330627,66.06884029757506,40.67486318610128,13.245064148014842,11.731324308419715,0.10000005661867507,21.840298389733913,28.159292459678575,10.22823944200904,24.129022361176773
save,0.10001842543756867,31.434124000253238,53.961901423663214,244.87103492868673,34.69655774925424,0.1000000614409267,113.70438107122345,36.57632775169502,94.03327600168213,56.52237858633381
saving,0.10000798800653557,8.342274680279669,8.498497071741893,10.048079720115792,0.10004497232880484,0.10000003315011786,12.242279467198196,2.1113351406796084,18.357447398875664,0.10003352727494992
savior,0.10001455472664804,0.10002266206295453,7.805059535107144,31.57689531220689,27.706063802188613,0.10000002911513309,61.70106856479083,153.68407237947702,26.126783605506997,0.1000195545135888
saviour,0.10000765706841043,6.013073780181629,6.744316498270533,56.33848314350001,0.10002155321141366,0.10000004674411471,6.824809563049498,12.74739673336224,67.3257155356324,44.706175488653024
saw,0.10008016633004405,16.091060880721656,0.1011402739301281,80.56967014380112,0.10002326188752597,0.10000010464330987,52.237428309791085,25.337338249158115,19.862598464755774,13.500660144646133
say,29.238950600499752,225.53506641768544,602.6622331000935,1072.2269585886215,262.9761097276509,0.10000009116932132,328.9027754093366,542.0960116006353,240.70839999198907,1501.5534944719834
saying,3.052920340573651,3.764331802256563,16.831403450081734,9.639759781399817,0.10002839479468043,0.10000005602126988,8.342394091760891,10.844721699790583,0.10003211952749615,14.224408263440402
scale,0.1000101828769007,43.6552041709281,8.299442280430066,11.750488082107466,0.10002933345697028,0.10000002133637886,2.892612272571784,0.10002628819589032,0.10002416260579698,5.902163205166967
scandal,13.108465507020675,17.637463604411273,12.309008730454424,10.842319013060852,0.10002392980933675,0.10000007055449714,14.979957723598929,0.10002381116614042,4.69530564292549,115.12743196665531
scandalous,0.10001471686910854,6.666983623739534,0.10000477174187355,0.10005065558321294,0.10000721764823618,0.1000000340780302,0.10001785464479797,0.10000540168119164,0.10003386574612674,33.532881857983526
scarcely,0.10004425737121982,2.541240376790037,2.3277335417079197,0.10002864956662956,18.077921726950994,0.10000002395081296,55.94646500536779,6.069469489180599,0.1000384470723846,2.6370584816630895
scatter,0.10001658064189904,0.10001767222113628,2.648084490044891,10.567629803653725,0.10003023463059608,0.10000001421951402,70.40283969758866,0.10003100244293296,12.846676309796461,7.03467419443983
scattered,0.1000291287989047,3.608093407566078,2.7152938393991137,6.562495543632637,0.1000197513605137,0.10000003021219869,9.744539978604546,0.10002941230665184,11.718431165738199,2.2510677420259237
scene,0.10001008533416313,19.726789048887976,0.10002343635429961,11.98233594237804,0.8962382791763812,0.10000010021930207,2.251639082696136,10.872913628932128,0.10003273155516874,1.8700176641120942
schism,19.275402684624286,0.10000144661569894,0.10001452395943383,0.10001006384564429,0.10001716847415,0.10000000968042859,0.10003587126042957,7.403740459321203,0.10000883936566787,158.62076893263358
schismatic,13.363309784559961,0.10000030250245108,0.10000254507993883,0.10000163083153792,0.1000062609763611,0.10000001239317997,0.10001841999839266,0.10000929887860953,0.10000070979304139,26.83665103487054
schismatics,16.885066020386247,0.10000009743228115,0.10000945652319455,0.10000231074360316,0.10000213727647281,0.10000000536879076,0.10005201368658881,0.10002312140317937,0.10000152678455222,46.31484331019397
scholar,21.467999656399726,2.92424928825823,22.90588511253148,0.10002048177972182,8.792559146714323,0.10000003773926514,0.10002261243725198,0.10002574872495724,0.1000192123140311,11.409218702811406
scholastic,0.1000146694711319,0.10000954172934752,57.075372954699475,0.1000028933129781,3.519888661788681,0.1000000514549142,0.10001840645623891,13.730261190261157,0.10001537252240279,5.074416258094571
school,21.75245907655961,2.4452940633427582,207.50907620493268,0.10001877290273528,49.10057020936507,0.10000006843660716,195.49526657392713,0.10002102634316427,257.372746156844,6.024547847033856
science,22.371226650544074,86.76247896590962,495.17038789091134,0.1752955547809165,75.29791579272886,0.10000355956890962,0.10002844503389244,11.218515431623537,46.70413834227311,0.10000936631924784
scientific,28.83520994389207,103.40017798696397,148.31991576844814,0.42951266568734137,2.602812628310899,0.10000004322343002,0.10001163432133711,0.100008445334246,22.012348829418368,0.10000205413581519
scientist,0.10000566571843107,15.413274631781977,15.984280707092879,0.10001451548931008,0.10000644030564916,0.10000001299268368,0.1000024074918706,0.10000237139618202,3.902413118717971,0.1000001288423574
scomunica,0.1000000000005657,0.10000000000030812,0.10000000000033173,0.1000000000002345,0.10000000000068665,40.09999999997079,0.10000000000019586,0.10000000000044727,0.1000000000002048,0.10000000000028782
scope,0.9361481324565198,33.52567998460396,32.00856170614956,0.10003050965480827,4.6823215198067745,0.10000006832944648,15.492543400352282,0.1000299084402894,6.948734750664431,1.1059500191669838
scopo,0.10000000000068987,0.10000000000037568,0.10000000000040447,0.10000000000028593,0.10000000000083722,37.099999999970045,0.10000000000023883,0.10000000000054536,0.10000000000024972,0.10000000000035095
scorn,0.10001098234042614,5.162168031796396,4.854707265149409,1.062016211240153,4.18299326838954,0.10000019113822867,19.693719741410675,1.5898770299280365,0.10000945747050638,3.154497820809698
scorso,0.10000000000082561,0.10000000000044966,0.10000000000048413,0.10000000000034227,0.10000000000100218,36.09999999996925,0.10000000000028589,0.10000000000065279,0.1000000000002989,0.10000000000042006
scourge,0.1000348577843409,12.583118104708113,0.10002785165397284,6.214176742018743,0.10004287679275266,0.10000031470509417,32.200332890436506,3.39266206826574,0.10003472302507077,0.1095695702379764
scripture,0.35334632465188665,1.7016513914499771,102.15588674060453,90.81843478173931,289.7610698866001,0.10000008054541226,3.170017970759052,112.37121080631297,161.940741264029,87.62764075297582
scritto,0.10000000000055131,0.10000000000030028,0.10000000000032329,0.10000000000022854,0.10000000000066919,50.09999999997092,0.10000000000019088,0.10000000000043589,0.1000000000001996,0.1000000000002805
se,0.10000757732672501,4.300382072140478,4.926481290628977,3.564601512456403,0.10002886607522309,951.8107796899114,0.10000984018302274,0.10000757648529111,4.8976811415651476,0.10002043293409961
sea,0.10001475128989805,21.552854086587306,4.649629620958266,10.849630962057722,0.10001984757728385,1.1005954756340346,50.78442980350586,13.841844697567849,0.10073818507498952,51.92024256932792
seal,10.94264847559619,0.1000149505947274,0.10002248968368188,40.46410628735788,0.10003108072217007,0.10000002836997199,22.471422916105443,11.29516670192376,8.710626066602778,72.71596100272848
search,14.702909442205518,45.528407529558486,130.62742333384725,86.64130185465818,0.10002612381608858,0.10000005898915332,18.70278145704367,0.1000182994098579,123.61712089648462,2.8800110036587916
season,3.6737318592003207,1.1427785533824795,0.3277169398170364,18.688882633412902,16.540146802637093,0.1000000677444076,16.900523922488645,20.04938032925611,21.04434016966655,10.53249872204354
seat,0.10002491015590127,0.10002327408484611,12.34747033321626,6.600883615246782,0.10001996145031496,0.10000004079014618,32.00934350507278,21.91967435508314,0.293865643263787,18.428694361301012
sebbene,0.10000000000045957,0.1000000000002503,0.10000000000026948,0.1000000000001905,0.10000000000055781,51.09999999997145,0.10000000000015911,0.10000000000036335,0.10000000000016639,0.10000000000023382
secolare,0.1000000000007951,0.10000000000043303,0.10000000000046622,0.10000000000032959,0.10000000000096505,59.09999999996955,0.10000000000027527,0.10000000000062861,0.10000000000028783,0.10000000000040452
secolari,0.10000000000058691,0.10000000000031965,0.10000000000034415,0.1000000000002433,0.10000000000071238,57.09999999997074,0.1000000000002032,0.10000000000046404,0.10000000000021247,0.10000000000029861
second,186.07037096627752,80.5992281868257,61.47810343179809,566.7755686283485,4.672140731905621,0.10000015641112579,1.66166967162397,66.61554821892527,719.121226742168,106.90614326538447
secondary,4.45835163237585,11.894687458042652,27.41282227043719,0.10003398452028617,5.480100656188349,0.10000010689879077,0.10003656244996569,0.10007100122927731,8.253868664369401,0.1000276630936797
secondly,2.373026708865384,9.033120369172353,16.749221144177863,0.10001961857312876,9.191881105980498,0.10000010608173247,5.351882893038028,2.8299257613814928,7.17161084372342,8.099311448667233
secondo,0.1000000000006586,0.10000000000035868,0.10000000000038617,0.100000000000273,0.10000000000079934,212.0999999999705,0.10000000000022802,0.10000000000052069,0.10000000000023841,0.10000000000033507
secrecy,36.99202843561942,0.10000192055708614,1.6154643699842304,0.10000167640505775,0.10004045491778707,0.10000000160112343,0.10003600041831462,0.10001666774548926,0.10000223250880202,3.6924082400159413
secret,16.724511845932835,4.478757834982875,60.54657569582166,45.680968543593174,16.760150898339923,0.100013080974024,43.11624544303882,37.05531798194997,5.170093103631009,43.36736557138179
secretary,67.21041373002976,0.10001244323649898,0.10003850996194176,0.10002367992302716,0.10007809410846909,0.10000004644993707,0.10007322193901536,0.10004122386254978,1.3242227777441857,5.765096272282983
secretly,0.1000394887213089,5.272988312237567,4.1708396342627445,0.10007854612516148,4.840279594388838,0.10000003918845994,0.1000712043217277,0.10002487310888261,0.9477311356907704,32.26794717142267
sect,49.137095859482834,0.1000092733565446,0.1000174561203234,0.10000464169948574,0.10003771720883364,8.12435602173675,149.18739234406775,0.10000597174186797,20.46891088016078,73.58216983415754
section,65.31098438506268,14.661744069566351,22.958697929047688,0.10001597296182631,0.1000411791802329,0.10000000490515658,0.10003544784164527,0.10001953838140759,9.845073328039861,5.723388144684984
sector,1.1992452637621254,106.8444002998186,0.10001510539921674,0.10001448763698026,0.10001044345153805,0.10000002261585596,0.10000198478331747,0.10000172386719018,39.25631046777171,0.10000020072177343
secular,22.15697366524537,3.6190270307926835,29.595010648894768,0.10002814134041313,17.643280249492797,0.10000009892772561,8.383054279766943,0.32540254301516536,72.8118671661612,258.26535617601246
secure,0.10003257241051418,28.417864171113564,27.031948547790154,0.10002272216283492,43.295220456167456,0.10000002768851257,80.69997271181079,0.10003925469715455,5.273592533525054,16.881307002294466
security,4.5306540713636245,71.46189968983767,23.747279072410215,7.8531776249942356,26.025371402158655,0.10000005974750234,3.7742134868740562,0.1000222145976515,0.10002831240725879,50.307354065267006
sede,4.6844986349661095,0.10000015634122517,0.1000043633272245,0.10000005691427868,0.10000000000247918,387.28160593286015,0.10001355565881544,0.10000154721249983,0.10000000000073943,2.3338757525879967
seduce,0.10001854252385174,0.10001030147820963,0.1000222876724838,0.10001644051796885,0.10001460927185513,0.10000006794109559,27.72406326291718,0.10001554952660935,3.043396311655159,11.53244262623214
see,642.1114444672005,344.26264025739385,272.93571135059744,763.9221875915739,76.41996672017,0.10000024675007546,1559.8535743523562,104.92919757057653,256.13265943063806,813.3326180124062
seed,0.10001404291914874,23.108490564064535,0.638673187543504,47.802405311661175,18.74149053003045,0.10000003415901389,107.69641511947566,0.48744709589112956,85.32646193372635,24.99860218020177
seek,6.426317116937724,208.12550688619876,203.18652185076377,261.14897281077896,56.636727977733486,0.1000001826623277,421.82895863001056,11.944322976353229,283.71012084926787,101.89255071895745
seem,30.01831560105423,97.33943552415255,173.76177364292914,196.54308281901882,46.6235520234389,0.10000006228101532,289.5652017591875,75.93432416804814,7.611132205131399,239.5031821944255
seguito,0.10000000000048707,0.10000000000026527,0.10000000000028561,0.1000000000002019,0.10000000000059121,57.099999999971324,0.10000000000016865,0.10000000000038509,0.10000000000017634,0.10000000000024781
seize,0.1000065298559691,7.049186870475086,0.10001850931411002,0.10002481388258368,0.10003075101578608,0.10000004641123876,34.809827272157925,0.3822695151667348,0.7156820224155798,45.54295366897169
select,18.009603713509925,1.2802995537450728,20.721844778522517,0.10002381661788388,5.700176464194335,0.10000006459766612,40.82246505823719,6.872769136041726,20.32926026411805,11.063557150077502
selection,34.61818795443492,8.523391303143041,0.10004280236796931,0.10000944879536881,0.10003250550666895,0.10000005509114832,0.10005263577080938,0.10002948705171766,10.834342077235608,1.4239117302388424
self,0.10004200325997793,22.96415296347522,18.467354254101558,119.96121076267247,0.1000380804705011,0.10000003340787383,16.42436833731296,0.10002609158691692,78.06108023059517,4.72172724276466
selfish,0.10000603522581646,39.25502125398703,1.7968697823352509,8.622392934610488,0.10002747107135807,0.1000000883754927,8.094631724272961,0.10001135581186814,4.731036526771766,0.1000028272592786
selfishness,0.10000537707892139,46.940972283492584,3.5599457319675913,22.504815251491333,0.10003485291123772,0.1000000574171684,0.10003031792360789,0.10003036514049003,3.3941630335407744,0.10000272874342317
sell,0.10000790551123301,20.819818996664594,0.10017359981332684,19.49669694695576,0.10004296570337015,0.10000001561238644,17.870325459587203,0.10001713276619333,0.10001214578899627,37.21290483131481
seminarian,17.368913431157157,0.10000945980080676,0.10002208759278983,0.10000536827833514,0.10001698581437109,0.10000000000255506,25.2545915539266,0.10002579349419703,31.676411510393045,0.10000380932110838
seminary,81.59360399776261,0.11519201498727778,22.615098416694288,0.1000123625346113,0.3539383492146694,0.10000003842363489,149.19670010433293,0.10001437775607197,115.7254337036422,0.10000663436937203
sempre,0.10000000000072881,0.10000000000039691,0.10000000000042733,0.1000000000003021,0.10000000000088456,157.09999999996995,0.10000000000025233,0.10000000000057618,0.10000000000026382,0.10000000000037078
send,48.18369042165534,0.10002279747450042,1.6378140193120612,191.89567877195356,0.10002203503168794,0.10000005324989254,282.2464083218218,37.45658268493734,244.45531919936616,225.82446169487602
senior,32.23415547482454,0.10000087394479866,0.10001900184740901,0.10000046269258213,0.10000223513735533,0.10000005069708658,0.1000214211235713,0.1000053236391915,0.10000301389123163,5.965792142062808
sens,0.10002368580258156,0.1000297305575868,33.116493392008884,3.8034660509030846,14.37052213120048,3.425999776065565,1.7733217560176473,44.13912621765853,1.325777294023593,3.8452399653743736
sense,17.472400221138884,243.13163172322476,339.4463312450964,497.53903260415916,74.8157154143385,0.10000034993219147,0.10002271197821219,38.21220648578973,297.20044994588,17.982209298139143
sensible,0.10003545144052443,0.9676452285021931,18.625860331716506,0.10002169932021027,5.86356215004216,0.10000012247969421,5.3537664042406785,9.689054142978186,0.1000434466192697,0.10001102230958317
sensitive,0.10002443916349466,7.105643472350305,11.650666283574866,26.858322702933187,0.10002855945351488,0.10000006734396019,0.10004287311373239,0.10003304854241889,26.78518711062959,0.10005144250142188
sensitivity,0.10002349381787326,15.352086198676643,0.10002058442119048,33.45529263691826,0.10001027917225187,0.1000000601917007,0.10000557898757176,0.10000863186722421,28.492551761111695,0.10000077462708958
sent,0.10002497083612098,0.1000076931301215,0.10001366624344345,4.807269109822258,0.10000899702712263,0.10000001813276106,8.821467468294676,6.62104029254208,19.150145325382717,0.10002245831342399
sentence,0.10003030042527217,0.10003040220833401,11.87095988929436,12.468314808688087,0.10004592755909053,0.1000308050362036,0.10003865390423082,2.2153769885377543,0.10002511738549437,259.845147106574
sentenza,0.1000000000004348,0.1000000000002368,0.10000000000025495,0.10000000000018025,0.10000000000052775,35.0999999999715,0.10000000000015054,0.10000000000034377,0.1000000000001574,0.10000000000022122
sentiment,0.10004066439320977,8.621987033187576,59.08346095963856,15.821737263243483,0.10003171685253553,0.10004676567728675,59.575396441999246,37.73627529657322,11.099015784919649,3.762008073121272
senza,0.1000000000006331,0.1000000000003448,0.10000000000037122,0.10000000000026243,0.10000000000076842,308.09999999997063,0.10000000000021919,0.10000000000050054,0.10000000000022918,0.1000000000003221
separate,27.21419663682279,39.81505945296391,70.20799006054493,49.626930780843885,26.424914060086284,3.114832789036712,139.3907571089927,31.54767980844678,45.114834570187696,51.542804731706475
separated,6.509532545284599,0.10000535352795972,0.10002873782604982,0.10001933147185618,0.10001063016318158,0.10000017580211693,24.70982399336062,0.100042938943503,18.080517192473593,0.10001910086919363
separately,9.757555370675755,4.4303641949670505,6.689029798231902,3.071589680030402,0.10006325068762845,0.10000012433719153,0.10003613601984092,0.10005040746920155,4.417435239758024,13.23387579741853
separation,5.624461119366181,5.87143703324737,63.4566481987883,16.58527386224097,40.40712911254828,0.10000010686812903,0.10005024006936557,0.10003873701247853,10.966972381821746,15.787989207647383
september,84.76471617100506,88.52895291726368,13.519773799032459,0.10002771917592546,0.10001507623188638,0.10000010554293144,15.948063983217965,45.56785575914008,25.869770106700418,31.50082436236141
serene,0.10001207899316646,17.05436888915989,0.1000270010197392,0.10002377646543488,0.10001568663936693,0.10000018636326753,15.039590203087167,0.10003061564593639,15.943592051132049,23.362339511185297
series,4.524699301910927,21.750239200452068,7.8472088349332765,0.10003002622827405,0.9972218998194754,0.10000015961218219,17.340640067509135,10.42974967610307,35.81017933391884,0.10003149916177638
serious,118.33074761647462,155.69214379742283,104.90676415204935,3.8831874047318644,19.842956825860675,0.1000000250303387,201.84292513818693,0.10002527335412965,104.96241729194026,76.33883247461398
seriously,12.144213369147444,26.570328894319868,22.549507057649567,3.5148731440271854,7.0580758614667625,0.1000000577664847,61.816380743527034,0.10003324285537045,7.681196969759111,13.465390659131169
seriousness,0.10004730911968547,16.64848080699525,22.93893451092632,0.10533059668802576,0.10002265710429008,0.10000004958738333,12.681670347832146,0.10001229424375226,9.395069072238453,6.830432354922724
sermo,1.1241420623702627,0.10000619377535803,0.10001674280683986,42.59500951579911,0.10003045798689657,1.0796233189305202,0.10001352481598019,0.10003718715102279,1.6011039020862003,0.10001709397031673
sermon,0.10003562223227322,0.10000907379779429,7.051928628585775,32.35638542720966,0.10001952723312199,0.10000002978289511,44.54364827892306,28.53856558250162,5.265324607073886,40.84408322234408
serpent,0.10000002992355765,0.10002164206528484,0.10001687417520319,4.468684358579127,0.10001877697229931,0.10000000000382218,10.214447990430664,22.616776849300503,0.10001403944044436,0.10001943886035893
servant,8.92751812574937,1.8620499445362293,3.5876941589376083,111.32907758087359,0.1000345927574946,0.10000069286951616,37.27370211887771,25.4078385743438,82.05547411861659,206.3566100920949
serve,15.30505445999282,118.63745460527268,130.80952683283016,130.7445788739347,27.587446418127247,4.159950781787643,122.38082281035487,18.991714413135703,197.97443376300225,54.40901704119555
service,68.74787783498658,262.6589679371515,69.09506188838337,120.87028178463085,16.153461651922083,0.10000044975027861,111.38218974576237,42.78504995126335,677.1768775574109,114.03023119840037
servitude,0.10000702261083028,8.601951034909197,6.829112018255132,0.10000455598740368,0.10007904180842989,0.1000000479334209,0.10007732608914835,0.10002662883574999,0.10000493020351278,18.86873739301263
sess,2.0770365537733957,0.10000104482707918,9.956248459747233,0.10001251885945935,0.10003406619182373,51.203907790211254,0.10003923853631075,10.764005479031473,0.10000487413198293,3.498709974407281
session,23.675107108380008,1.8795568905038036,0.10001686641435178,12.716056083684428,0.10000974980754701,0.10000010694409217,0.10000824875575795,0.10002483812548259,40.27559135383714,358.95362875327487
set,77.38849451358189,127.67757933515945,250.52532927461192,152.7333061575191,109.170689375487,0.10000005761161972,174.9221513540376,100.35624524645102,152.24537666649758,156.88082801870576
setting,4.494459765051403,33.087529872339466,0.10187043085212076,31.421503604188736,0.10001667943334332,0.10000003304659241,0.10004573455641842,0.10001664676614797,31.39454041432475,0.10001681910574908
settle,8.421119427344978,7.787755127052936,0.10001794106108522,0.10003106541525858,0.10002917986109548,0.10000004867124018,47.154908309047904,0.1000346982896822,3.052471060556311,35.083633142359844
seven,14.658760402073819,6.573812728545647,0.10002420040735381,8.411198625956608,0.10002362314397849,0.10000004956843596,0.10003710601970306,37.04544189513731,14.267186879072101,33.64351448973558
seventh,2.6805230833933287,14.18875435623986,3.3582376107152996,0.10042986822918319,0.10003810230935196,0.10000013198429099,3.1881533304321374,38.590729132161655,7.606814746264472,25.08631963789897
several,58.44665795431929,18.038579633026238,42.992095170440706,14.253039582913795,0.10003450644548656,0.10000006513698638,64.5408288969241,14.97532012809817,16.594946505041985,88.95849755730968
severe,5.198209264315509,10.395909274852665,3.8446640247301125,0.10003210861526517,0.10003633553471009,3.222131990490371,35.13633772626769,6.809202968125119,0.10001635188413514,42.0934599548317
severely,0.10003761183259453,5.26275682158849,3.2878134565161665,3.180202572467875,0.1000317155701474,0.1000000400392297,8.000235701452404,0.10002507404909247,0.10002993930982014,39.768867066816235
severity,0.10002749059301443,0.10005663697530677,6.169559947548296,0.10002575352032175,0.3008741818401235,0.1000000511692744,41.12545574418835,2.716461871261704,0.10001277072691675,14.187525551832502
sex,3.8224622210949035,14.521287680187662,0.10001408743093469,0.10001539193911144,44.16932034161963,0.10000005838895579,24.28394252240139,3.025371462019105,0.10002331651038446,21.777562918119745
sexual,3.100853866773032,10.359047550638323,31.11056869939714,0.10002180280020243,17.87907833786481,0.10000002673776509,0.10000505355228624,0.10001013634503371,9.050410397743185,0.10000412791859252
sexuality,0.10001157632410972,26.141217373835055,0.8945246429435547,0.100020348709641,12.715016249673756,0.10000002037580386,0.10000117529460445,0.10000189973684244,23.64920622101875,0.10000049189262672
shadow,0.10001369904042237,7.087823937786731,8.36820814499999,32.19914524900736,0.10002550169368768,0.10000002004460487,23.202572093621942,9.995325624410363,0.10003469245940791,2.746851036598818
shake,0.100036421533008,0.10002791179507467,36.78117022742076,0.10003329386164107,20.47355641450881,0.1000000132860456,0.10006353790404411,7.206055101670749,3.372467253047169,18.666589824555622
shall,30.001879351273736,41.95328300552832,189.53290171819268,274.016241247165,77.2061042536551,0.10000004033208958,309.8692990105414,218.54053527364908,37.48973067691867,1148.2900254224069
shalt,0.10000233656208703,0.1000319449608504,2.551574395835925,0.10002528614419208,10.236818167583365,0.10000003097563895,24.51147507332523,0.10005570340540197,0.1000130165577989,0.10000404437356329
shame,0.10001589119235649,0.39090901118257604,0.10002257213876654,13.994306081509878,7.448944611572505,0.1000018762310468,21.500131418930184,0.10002736873824415,0.10001700011050313,15.165624168081122
shameful,0.10000525555871774,7.01486327792505,0.10002054289487053,0.10002344634188517,13.132525817852342,0.10000007226965398,23.494329515865726,0.10001644831062095,0.10005627684969556,8.758159345790586
shape,6.789836158221554,72.81547046856451,12.771426015352086,60.92511687032117,4.290373991131045,0.10000006252026201,0.10003650459899112,0.10002553189788131,46.75369372822831,0.3540206687831926
share,4.4163759333770765,241.40428919975432,32.10872168912115,415.2043556909633,0.10003207901543557,0.10000004982416336,143.2866971542001,51.966407433180784,339.47277234350145,33.94034842672585
sharer,0.10001088091576946,5.7201180787405,4.214353265586016,50.7056361455661,0.10005112434705725,0.1000000439686459,9.542949103049562,0.10291290554834291,22.37349785818945,4.040470593728357
sharing,0.10002115210624679,30.05746822840869,0.10002165102061682,71.89824445422012,7.330739846109941,0.10000007365754564,0.10002956671299326,0.10002010869237328,77.11344306968574,0.1000118490954289
shed,0.9941544085869165,20.562632157334104,2.316130882927552,49.21236817166829,0.10003657093837308,0.10000004328820633,44.344877420720834,33.27779015545745,24.997682774816404,2.094327413911886
shedding,0.10002639901380965,1.9328350052508605,0.10001444640905126,0.10002747401405934,0.10000993447058126,0.10000004902745749,9.129750684256702,15.985685599583967,5.057442815264484,12.394207592390517
sheep,0.10002504764108111,0.4097562899534125,0.10001994970262537,22.072753512632396,0.10002337923257333,0.10000004709359249,120.83731382746036,0.1000267347838347,34.1509086563401,37.0291725548274
shelter,0.1000214648173285,9.299364366034565,3.032775509884744,1.068634157759025,0.10002033265323049,0.10000005357730832,20.825456022913762,0.10004523295270037,1.9057308515624987,2.467952007459507
shepherd,10.028585742264383,0.10001173968503953,0.10002090824654321,22.70812607761325,0.10002528905660447,0.1000000263963323,169.30757580197877,14.882969632017382,208.64379727475287,27.028887507685702
shield,0.1000086293284724,7.082463114369199,0.10001659392867901,0.10001090315256946,0.10003189318932283,0.10000003291445503,21.690000040964804,0.7430052017082355,1.861801990139273,3.122661599998893
shin,2.4475942753875684,3.161429929575738,4.127442349882819,10.671277154187784,0.10002762506114568,0.10000119043280356,40.73585097918533,44.02505561260302,13.268250846332517,0.3630700369923531
shine,0.10002557829021677,0.10198332321011712,25.73680884605265,55.515758252092425,0.6515748976271112,0.10000072432525052,104.78726180727668,63.501063950308094,28.84570380133592,3.6598188191356047
ship,0.10001188947008868,1.1320905456342127,0.10001222033427078,0.10000779206157946,0.10001377037970269,0.10000007839405137,11.990612509217826,0.10001497409785179,0.10001063623841377,25.177225583939922
shone,0.1000072711087377,0.10000421119518564,0.10012785261803529,0.10009495677475538,0.10002128501502587,0.10000000258434999,24.96909530720169,14.230594437001415,0.10002843043977588,0.10002624567749756
short,13.028316558339654,13.886200134323982,63.698580104233336,0.10002434886450946,0.4838841832028513,0.10000007290439383,62.83359598009277,6.610477603680773,5.0720904827701805,29.186830531253072
shortage,7.81125584076069,14.433059998107394,0.10001696307925831,0.10002645286618192,0.10001889740613067,0.10000000436392668,0.1000379906924574,0.10001915077785979,19.0555594889379,0.10000521272092183
shortly,9.978057649645788,2.7205667650223138,1.2191380020471831,9.387191748132302,0.10002033656438263,0.10000006702198552,24.282224354642942,0.10004328701778632,0.10001879109854873,9.0127389984609
shoulder,5.804585829645651,9.36681973386728,0.10001760845954531,0.10003355343554766,0.10001203330899264,0.10000007773935687,10.085108710656021,4.647621819519502,0.1000257253851505,7.595774907662244
show,85.22858347518118,205.16860372542243,211.12489286724602,359.7016362159673,109.05162803523021,0.10000006317301421,416.9618258136959,125.11234627302957,240.68442716156665,146.866056369151
shrine,0.10003099478265387,0.10002386496270851,0.1000019226536757,11.94143080686709,0.10001612628612187,0.10000024871013113,0.10001470033222859,41.37678887799481,3.981657407839013,0.10003504929699965
shrink,0.10000952108309133,5.561953048344659,12.935345757010772,0.10002279318373289,16.79901267307583,0.10000007310514578,0.10004750789786296,1.9905238203763198,0.10000423266471467,12.213080572953455
shun,0.10000819159343699,0.10002598488467429,18.611912549725528,1.503338195654638,11.062422652150486,0.10000000111219129,0.1000482867998379,0.1000289669405366,0.100014848283554,13.222200322515942
shut,0.10000578387042733,0.10003641976192441,2.355408890055737,9.222569514066018,5.03209074315056,0.10000006839484575,12.892142391325061,0.46356328293732374,0.10005271144027943,8.634130194605852
si,2.4242198951364013,26.46910179834924,0.10000422760860476,0.10001996256057641,0.10000287730479347,1945.4066048511932,0.10000470066334906,0.10000826316620144,0.1000041132121785,0.10002931061635509
sia,0.10000000000067671,0.10000000000036856,0.1000000000003968,0.10000000000028052,0.10000000000082133,686.0999999999702,0.10000000000023429,0.10000000000053501,0.10000000000024498,0.10000000000034429
siamo,0.10000000000079197,0.10000000000043134,0.10000000000046438,0.10000000000032831,0.10000000000096125,101.09999999996964,0.10000000000027419,0.10000000000062617,0.1000000000002867,0.10000000000040295
siano,0.10000000000060934,0.10000000000033187,0.10000000000035729,0.1000000000002526,0.10000000000073958,248.09999999997075,0.10000000000021096,0.10000000000048176,0.10000000000022059,0.10000000000031002
sick,90.1549692087158,37.34315360063956,0.10001718524355922,39.257737741132274,0.10002166003375791,0.10000028728540356,27.954760699934397,37.593647087552384,73.45329694875115,19.94239558039215
sickness,8.024851182169668,24.203310399633526,0.10001722623221172,9.691266343985449,0.10002315370767356,0.10000002558880661,0.10007568765411455,11.960948713678677,4.362358626898483,3.3571486401213235
side,0.10002911207559503,56.47200016903922,47.88033037451006,126.68671913047454,8.673036344467027,0.10000035665627173,113.31628618466154,31.640553682373056,9.944649698028815,48.18639494737654
sight,1.098705737030844,25.403140892719026,32.8597657796728,54.299131789968506,0.10003228342094284,0.10000046512964061,65.20207316400958,15.620713068156961,11.21187877730368,27.10455804224184
sign,88.86362364969854,74.92002208085005,26.26579179920645,308.8662066037246,22.91658169050707,0.10000036063896908,46.59312999192636,92.57382939859369,426.74900271128496,59.1518117132318
signal,0.10016358130744528,3.8033008970803914,0.11131202440287423,0.10003989668089029,0.10003911487284681,1.0935749238261494,28.11130446547102,0.10004063146192378,0.10001058099177622,2.3802138834222206
significance,0.10001576984949506,29.179676462862407,1.202686327495716,89.6349087965952,3.8939107082356057,0.10000030928138805,0.100024422018276,8.426144386703317,47.12520343860235,2.2374293780267736
significant,0.10001980212579675,57.478197919029625,0.10002395422109098,108.74514630207224,0.10002336474422065,0.10000003363977007,0.10003940716115337,11.918956446027337,91.25757281560841,0.10001995504410756
signify,15.438228517781008,0.10004132182230842,10.377315411569564,17.72332498756971,0.10004084943654606,0.1000000469359188,2.0318678855441727,38.567986209558846,22.26552333087688,7.295671438528674
signore,0.10001293831944999,1.1208554349404483,0.10000000000086193,0.10002434098982307,0.10000000000178419,148.22602223337555,0.10000007164450857,0.9530718641859481,0.10001311634427586,0.10000000000074785
silence,0.10001986346432296,14.977149984646065,21.207814439926427,40.879810275114636,2.9365254058249493,0.1000003553400519,80.50776536075533,27.70891810933221,30.524782885700276,31.05721331956264
silent,0.10001364562083362,14.41661759860408,0.10002183142366597,12.704388888447571,0.10002658536893737,0.10000091003397307,39.89705623692812,10.492439654977954,17.997709396895296,7.09172525137764
similar,35.27217626633277,26.03965969573637,19.70774203542428,59.51970527767908,9.07271290323958,0.10000002356282289,85.49793269892356,33.84670499916672,19.41645699482583,88.52690910476953
similarly,14.823457813321282,16.691945929308982,5.120075848186184,16.295122613048356,0.10004041047515201,0.10000003356896635,8.877144790698734,18.63974782473652,15.310035592569559,40.042429143733266
simon,0.10005218688771438,0.10000240345266663,0.10002589538693961,7.7122576328046595,0.10002187344289994,0.10000001057352662,0.10002119763852825,0.10005557886634653,20.895331140716355,6.692232079911336
simple,10.081674827007745,25.04001371941718,91.21681063696595,66.67250325456367,0.1000232382889001,0.10000979757051418,2.480563209614381,22.894755197956552,65.49683529089859,35.91681082737198
simplicity,1.8141424207067807,8.03974678651184,27.00940739644756,18.37097036225249,0.10003627220996573,0.1000000315909323,0.10005148261877649,23.360557247013816,21.69071403175342,5.414373968528091
simply,6.189730262108698,141.29877952033195,65.54406201655499,115.97228310347309,14.169637776302054,0.10000006959062048,0.10002390128290539,0.10003018405865413,66.90065632101297,18.624796844956204
simultaneously,0.10004239620229312,8.73737730250079,0.10005825865142143,15.502080762825289,0.10003875684017681,0.10000000634272727,0.10009608617242964,0.10000549745353107,4.903848773915524,6.256452158595991
sin,59.31615329779065,7.568221666457374,62.66918881108095,1282.3582263727787,70.84731374987004,4.102580249430651,65.9641192135348,423.20724120332534,49.09955648674458,254.8673989486296
since,190.68912407668546,242.59109061171281,228.10023547931917,235.2888095817936,192.9948195227895,0.10000007669474205,483.3039615305617,299.6308572359985,207.3758383751408,675.9252635089676
sincere,2.8481328947861586,21.232706189100416,29.595028389256054,103.50468978754962,14.415662957584253,0.1000000230661079,77.20147969950762,11.130269130258887,44.719605355432904,8.252425573115364
sincerely,0.10003462222842373,1.7110788464872138,18.848906096965145,0.10003193871037208,12.338853008199367,0.1000001224477882,36.22362450372538,4.471758534539377,17.039209954509936,7.066502371828487
sincerity,0.10002277194303257,0.10005717620690986,21.87315444995082,5.019081921744324,0.10001334971957294,0.10000014910502789,7.788236961778999,0.49008463757251863,9.344472717843267,9.084875863757874
sinful,0.10003520164903966,0.10003014983105829,10.401902596663268,32.49913494985785,0.10001412890539946,0.10000001513417503,9.847151412547294,0.10003446894465008,0.10002337374700987,7.65167370238998
sing,29.924845473823396,1.3636315059130548,0.10002468349177214,18.49807397812605,0.10000402503544394,0.10002809232243326,5.0517580206219765,96.04903736018899,3.0048328197016954,10.807764040420507
single,16.32080857404628,77.42126977357051,49.28444270566614,60.372177007877404,13.053698672776374,0.1000000598650605,6.705009392265261,46.25947490952626,39.17783121824826,40.305287685821796
singoli,0.10000000000095126,0.1000000000005181,0.10000000000055781,0.10000000000039433,0.10000000000115461,50.09999999996861,0.10000000000032935,0.10000000000075211,0.10000000000034438,0.10000000000048398
singular,7.4054992269582955,0.10001262820092022,0.1000243873272029,26.54084161224925,0.10003379959894206,0.1000000840244157,61.905245378270145,56.855277307898504,15.655088650561893,17.23797692459616
sink,0.10000355192652058,7.8790059392296286,0.10230477159482851,2.802476487978947,8.587363374743832,0.10000008200741702,25.970550142364324,0.10030117408524387,2.023375999483518,1.3346184762325162
sinner,0.10001733668236215,0.10001135915829443,2.208976092560427,106.68822800850752,0.10002768685410503,0.10000003490370811,28.2901411557178,39.83137036494173,10.72258017618233,33.85864778418409
sinodo,0.10000000000042995,0.10000000000023415,0.10000000000025211,0.10000000000017822,0.10000000000052181,92.09999999997171,0.10000000000014884,0.1000000000003399,0.10000000000015563,0.10000000000021875
sister,1.4190146732299613,80.51099595006207,0.10001701353762661,224.9306641467171,0.10000959656600206,0.10000161373261578,0.10002080615426968,63.51060291811569,211.45932768467802,19.769345596909925
sit,2.8178459524874406,9.517432616599564,0.10001663737258158,1.3819679724777159,0.10002269178611256,8.027877153769904,10.159207102671546,35.543211810417276,9.334175343192204,13.018242718868168
situate,0.10000937420847085,10.833821967783306,0.10002298233488251,16.47555063238103,0.10000515569232304,1.100599638416341,0.10002591062054417,0.1000188301656004,15.675989787463823,12.413955720605479
situation,17.90215412276156,340.4555893686159,46.1030579863914,102.27506501420292,0.1000212897321136,0.10000931668600502,28.295459844578396,0.10002131544713581,519.6996368805137,23.968984860736505
six,9.281546105061814,5.256972078588333,0.10001739319313727,0.10002197569780913,0.10001652437842491,0.10000002127276578,0.10002670453051388,5.054946732459517,19.954186496335726,42.95226596817819
sixteenth,5.853132217908309,0.10001112125185208,0.10001935241472006,3.092939855743873,5.4066535990888624,0.10000053068987556,9.740536939808667,13.987298099301487,2.851461237911091,3.76794704555352
sixth,1.8102081945654886,0.9824589916954962,3.4581478809508295,8.412864958831596,7.9825660338574185,0.10000077279661226,15.231915812182462,9.831579444725227,13.92905467670139,29.261203233325165
sixtus,6.280995952136313,0.10000097280429454,0.10004129445610277,0.10000144807368101,0.10002348430868009,1.104503207683651,0.1000412332256682,27.516082833949113,0.10000340951302526,1.4983061635578678
skill,3.217654378178393,25.15986995169219,6.869476267489831,0.10003667201869924,20.268599105743338,0.10000015068171858,16.352937507920394,0.10002592877179996,9.377634401784967,10.45376563536268
slaughter,0.10000924906913795,0.10002569704974124,0.10002257684113808,3.2378164005224317,0.10005683984724131,0.10000000899194554,26.07125197908125,0.10003534746663588,0.10000147594085781,6.990780424904502
slav,89.73614463965612,0.10001275078474096,0.10001413206763386,0.1000192310212095,0.10000258367561037,0.10000000830004344,0.10005970968109353,0.10002349992925909,2.463710391022412,0.10001305355638619
slave,0.10001705450306932,19.98546740981332,8.223157714123564,40.03859792480161,98.60856147199212,0.10000002916638352,0.10004893934335662,0.10002714226305384,0.1000234310554119,22.64409888259021
slavery,0.10001245029845139,12.42238450861172,1.5721072427736107,32.4603101438696,43.156758671823205,0.1000000165792376,56.902611774768665,0.10002764768318574,8.707168253171755,0.47861929010395776
sleep,0.10000577606243817,0.10003463134554458,0.1000175019662037,0.10001897918621822,0.10004481085952019,0.10000003126871229,14.319690175852514,14.33870072501756,2.5483860742666153,6.19310129385859
slight,4.2144253770204765,1.2380960414141964,10.059203654629973,0.1000412751075975,9.701761633225205,0.1000001181900874,37.21593648219389,3.8865319749588534,0.10003601462056401,11.383967428248496
slow,0.10002677591232896,30.732449177090437,15.055199810986242,0.10002878686520128,0.10002360621107845,0.10000001023654191,0.10003639797419471,2.3086550443431366,8.303565312565597,0.1000150774853099
slowly,4.899740094606912,14.891130942586456,9.47957724125209,8.195446201223714,0.10009672006898922,0.10000005732609087,0.10005593051400448,0.161557662546857,0.10003560803332455,1.972359541376417
small,44.87902766495657,99.98869769554943,20.30690086103122,4.3688395676747716,36.41328731625827,0.10000038499984011,76.57717976915167,23.06935295855823,49.63043166689067,22.66628211458752
snare,0.10001347496407989,0.10000751801344124,0.10001411591557988,0.10002477108842961,5.6072734250860075,0.10000003038044815,59.87052306077812,4.011820308019575,0.10000869948965657,3.9103145960255197
snatch,0.10002532851347233,0.10001165474891938,3.6582067704201027,0.10004092286850753,0.10001914880355035,0.10000000568310347,25.784974387378636,0.10003143957318675,0.10001372464327239,8.856676617068155
social,0.10001837816675342,1629.8172645895513,255.2010891010783,35.364563871373534,19.835000851378567,0.10000004573352347,11.5583288841299,13.3522465033205,392.5714726713995,0.10001510356185658
socialis,0.10000395016304298,28.18905123703064,0.10001084366960933,0.10002042818004661,0.10000287336437294,0.1000000424494507,0.10000177871197713,0.10000674391611092,18.010901930497603,0.10000017186304322
socialism,0.1000108629854781,47.62760249177888,2.1644074981995747,0.1000007033041731,39.50791913620346,0.1000000061733961,0.10004856151545266,0.10000537586952889,0.10000178678636679,0.10000357697495518
socialist,0.10000061586534584,12.047956302770507,0.10001335655318061,0.10000035423408656,29.152011108085514,0.10000000000086974,0.10001529361918031,0.10000012263955604,0.10000058832071691,0.10000225780567513
society,31.080119943113377,1088.1170359863288,133.8740969688865,55.74283714232084,568.5138180195268,0.1000001767595647,657.1839160093738,2.1227252995135912,338.165426464441,0.1000239894231922
sodality,0.10003522403859304,0.10001380334646068,0.10001597827768655,0.1000099310462884,0.10004590215207756,0.10000003919593592,21.595829881229466,33.728203275683114,0.10004848745972422,1.975797477244245
soil,0.1000092814548287,35.897694174127295,0.10002273295281941,0.1000308610133648,2.9711691290913023,0.10000004517847781,18.41346633902927,0.10003492732377776,29.746083461783652,2.4714890477137663
sola,0.10000004996397702,0.10000002319594214,0.10000003613911025,0.10000004329720995,0.10000000000077548,68.09999984272167,0.10000000000022125,0.10000000000050532,0.10000000000023157,0.10000000465432068
solace,0.10000980325129027,2.6401516115449297,5.805907591219998,0.10003161150081856,0.10004930163396217,0.10000098529644366,15.93092352990131,14.022907652169682,0.10000687021893112,0.10001104298065948
soldier,0.10001516063797382,0.10002240895254254,0.10006049041868217,5.603520694799681,0.10003236022024903,0.10000004086194694,81.84697195537161,0.25487831694880525,0.10002285129523737,17.694475720190386
sole,9.389317135624514,17.529144762357884,47.6293007478897,12.88301100688849,0.10004744864562647,8.124468886633448,0.10004076775915356,12.787242523209066,6.919956316724927,1.5374704038600497
solely,25.435102786900107,37.208834439999954,36.98074957726252,0.10003201295065882,27.485567512054214,0.10000006987152553,27.886446124426033,0.10002821462127683,8.118628745531277,7.584610516039976
solemn,33.62026156269614,4.449593945836037,10.321168792306457,14.323412685851444,23.01687784735731,0.10000016802518764,120.9689955564183,115.00385907280896,24.76161971934414,36.434210649014595
solemnity,11.258974711912229,0.1001045103800003,0.10002426648297388,34.009561933003994,0.10003684697751827,0.10000014398117545,4.771722261875185,74.73686251861622,9.364888415300648,17.45782439110761
solemnly,13.723671612120745,1.7281775021434722,7.44734636388469,3.305143307945234,10.182381195218563,0.10000026149605556,62.888608292335704,58.83119632809053,5.841980920958688,36.95149421545159
solicitous,1.8304770855724692,1.2582727399650713,0.10003128631752847,0.10000548739532626,16.39509797913409,0.10000000880524926,25.049161753291145,12.97078565247089,2.4039337345744203,14.792234272140767
solicitude,13.630897067673407,0.1002038395162881,1.8634811279149348,19.234746320414445,41.60955615052973,0.10000008091702528,159.55668688451428,1.4845344256850206,29.305735439416253,8.114158663077045
solid,8.820900386758323,26.391069826990414,50.66229071906158,3.7735630021484443,4.4292342562500515,0.10000002933088332,98.63688031981508,28.80118707364161,52.28485670422954,0.10001768144569267
solidarity,0.10000879158405161,279.8143752800138,0.10001045011569544,5.2278657965083095,0.10000436179114021,0.100000027302044,0.10000588573232677,0.10001806412843907,138.25771061535374,0.10000072728207034
solitude,0.10000559479811491,0.1000404118464921,0.8519859463007888,21.52630230111624,0.10001620795992107,0.10000093651185898,9.27272930435417,13.343369811420978,11.505544832799137,0.10000465259624805
sollecitudine,0.1000000000010421,0.10000000000056758,0.10000000000061107,0.10000000000043198,0.10000000000126488,40.09999999996804,0.10000000000036081,0.10000000000082394,0.10000000000037726,0.1000000000005302
solo,0.10013337457529317,0.10000000000233171,0.10001119032716288,0.10001053245775243,0.10000772940107265,226.0851971136823,0.10002079384757773,0.10004330527645054,0.10000000000154943,1.1145759601410135
soltanto,0.10000000000072648,0.10000000000039563,0.10000000000042596,0.10000000000030111,0.10000000000088169,87.09999999997,0.10000000000025151,0.10000000000057431,0.10000000000026298,0.10000000000036958
solution,24.219249693357263,182.95008116713078,28.43003441634887,7.72110664331821,9.389431742829341,0.10000001877805094,3.375452831983299,0.10002484650446976,27.660319659860438,8.05429897954849
solve,7.723206243441909,53.09892953708195,10.27797884962046,0.10003115602322617,6.321092926686635,0.10000002660125064,11.34514210668054,0.10003938739165959,2.8335720293050137,0.10000773683334106
somehow,0.34111894883296673,6.5476107057774104,0.1000419787146822,24.53482032803925,0.10001195934329714,0.10000004644935265,0.10001948984671949,0.10003078009667689,0.10002997559124877,3.9763157869654204
someone,5.594034123367007,47.18732545098858,5.3401649273060885,36.3974922649603,0.10002342048435423,0.10000009530493874,0.10002976314257411,0.10002332816943009,0.10003064752304357,108.98087597842371
something,9.188477764894769,171.17581480004102,157.00361851701257,141.71562379486525,18.092802972285618,0.10000015551661529,14.701573818166189,93.5060150577965,18.920677909397288,70.59539520968791
sometimes,22.539060863396728,87.9059486552452,94.50438236531417,76.52654230821533,19.628941088869055,0.10000032822536971,54.829077480078624,13.552542723936646,69.5845969637943,82.82890722258578
somewhat,8.027510346559746,8.826179120601873,13.290994278791255,0.10002605897676219,14.255472257405472,0.10000008327418544,8.127532649390329,10.71553071414368,0.1000290621343615,10.45672542838131
sommo,0.10000000000113723,0.10000000000061933,0.10000000000066679,0.10000000000047138,0.10000000000138021,90.09999999996762,0.10000000000039372,0.10000000000089905,0.10000000000041166,0.10000000000057854
son,0.8571399791437513,33.755669535802916,16.066145778241182,1315.4815696459136,0.6204147387691493,5.608438055299036,435.5192289009583,462.6509222883367,261.63355891571786,350.80691216145976
song,2.7569599121345116,0.10002961257443525,0.10001798927043594,35.527737188184396,0.10001651509135508,0.10000000186745263,0.10002021398170922,43.76824065458188,14.346952264919898,0.1000256471012411
sono,0.10000000000053343,0.1000000000002905,0.10000000000031277,0.1000000000002211,0.1000000000006474,583.0999999999711,0.10000000000018468,0.10000000000042171,0.1000000000001931,0.10000000000027137
soon,60.20284124001727,7.385176693027862,17.083884253785612,14.565631966470722,4.254342730113302,0.10000029492637014,150.9607376322297,15.971906594076513,4.865403288940716,54.61007530606818
sopra,0.10000177543187956,0.10000000000173431,0.10000000000186807,0.10000000000132052,0.10000000000386634,155.10001092295772,0.10000812449913118,1.0999546166865877,0.10000000000115312,0.10002456030017744
soprattutto,0.10000000000073471,0.10000000000040006,0.10000000000043073,0.10000000000030448,0.10000000000089158,68.09999999996991,0.10000000000025433,0.10000000000058075,0.10000000000026593,0.10000000000037375
sorrow,0.10001296218385072,4.2996371290041,0.10370440332124937,55.977134043178516,13.51025607430735,0.10000004758106917,227.3316603554531,39.81413978585083,4.0529483305020895,17.710506868290626
sorrowful,0.10001846400680185,0.10001495110324192,0.10002375264527182,8.430438585076015,0.10002012009713038,0.10000008857970986,37.99987627091966,9.784302802776933,6.18527904450487,0.10002591999007893
sort,10.950913518441451,28.010671686434744,63.13521343010147,32.18298487864556,0.10002685230796571,0.10004987389065795,65.4049172644461,20.49391953271502,9.925319772515218,23.695983190124206
sospensione,0.10000000000037507,0.10000000000020427,0.10000000000021994,0.10000000000015548,0.10000000000045524,56.099999999971956,0.10000000000012986,0.10000000000029653,0.10000000000013579,0.10000000000019083
sotto,0.10000000000059392,0.10000000000032346,0.10000000000034825,0.10000000000024618,0.10000000000072083,178.09999999997083,0.10000000000020562,0.10000000000046955,0.100000000000215,0.10000000000030215
soul,36.52974869370052,28.379479344697305,277.8577922982438,148.6520799584512,91.48809387067885,0.10000010747424631,962.6327394196408,498.64388820878355,19.53646922847937,181.1797088695176
souls,0.1000434152969943,0.10003493236251469,12.08721126574304,4.001586908017783,0.10003678070079283,0.10000008893434144,39.80193592401989,15.893939495847109,4.138067307939213,26.677143880768995
sound,6.739383214614846,53.268903048077675,70.77727545352231,0.10002636212920858,26.11202574240005,0.10000036012227244,185.32407189921648,15.683588097740667,13.534132483502265,29.360593338340408
source,13.284073646383161,130.72325715764995,108.55013734516433,357.2917696869327,79.24173890011518,0.10001633016309036,149.57078262885568,58.10864450903107,259.2316379561133,26.89794183923984
south,0.10003159546291522,18.594956445394683,0.10000585311928355,0.10001968230927955,0.10000272109415094,0.10000000709729366,19.39584220990904,0.10000493179354868,12.28620588551744,3.1229306680364814
sovereign,18.847656728059967,1.9470564728088198,28.70970041664797,4.230186576092408,14.815649209945688,0.10000008621869962,63.35054694635907,36.239319665542155,0.10002442158687973,3.6598594764003596
sovereignty,0.10004836295348708,15.26042575965433,9.577507379423697,0.10003538979797788,9.685082108710706,0.10000001734387068,28.11642731672053,0.26313093366314905,0.10003450851105752,5.697308222839216
sow,0.10001704856550406,22.97038182952932,0.10002849670660471,6.429941230931417,0.11251151687197564,0.10000005441601933,61.385196326892256,0.10002559906963926,36.88957368078081,19.812324215905804
space,0.3156276911302628,48.18163087809535,7.947023297257283,47.41621846815004,0.1000221540574111,0.1000005291840236,10.677166609572181,24.679361283616846,17.63646512735841,5.9464839612231915
spain,8.811406718348962,0.10001447431454932,37.45370237390164,0.10002270042470947,0.10004004310115609,0.10000005466676017,0.10006153424365294,0.10000798773829893,0.10001210759703769,9.034732005338926
spar,0.10000972811108107,0.10002026926034346,0.5125369195581939,1.4752417782734808,0.10003645749733485,0.1000001037287376,45.47724061525596,0.1000286027820007,0.10004308548907077,4.934842439687648
spare,0.1000340539827758,0.1000298192120044,0.20914324929738323,8.50212397590114,0.3365216890946545,0.10000000000321166,47.79507843000603,0.1000239132710654,0.10002933234114172,5.6570155365423895
speak,6.112471054485703,122.20536073763807,191.88377292085215,618.313842139749,41.81045965103498,0.10000004759046124,218.79253986053195,118.15134019487543,102.48070618258357,47.14950721032194
speaking,0.10002226456165972,1.6632642516598368,13.193532350459037,44.89890854136462,24.08595752337176,0.10000005626829318,0.10004430858855541,24.404506206629478,14.077585485698096,0.3761790110317891
speaks,1.0241014413329652,6.4275114417982,11.640027208767437,89.67769712682761,0.10003012298832434,0.10000002556430725,6.232263258658526,0.10003561575290318,15.598297612277287,0.10003614566688131
special,276.3137352980631,55.790330395577364,36.39702064882368,277.8404483592135,36.332626747932984,0.1000000525340495,443.4411301963946,172.10332542626145,614.9141194753737,95.76726339949033
speciale,0.1000000000011145,0.10000000000060473,0.10000000000065133,0.10000000000046015,0.10000000000134798,35.099999999967594,0.10000000000038455,0.10000000000087785,0.10000000000040199,0.10000000000056532
specially,3.889281091795069,1.8483094465392333,0.71814888503571,0.10003884801658439,0.10003669824035058,0.10000004267735985,65.52112837583437,0.10004095296374207,4.97442236687581,29.648593291628956
specialmente,0.10000000000059604,0.1000000000003246,0.10000000000034948,0.10000000000024707,0.1000000000007234,47.09999999997064,0.10000000000020635,0.10000000000047125,0.10000000000021576,0.10000000000030322
specie,20.488197263096787,40.38631670937653,17.2237926588743,0.10001402204909286,4.5039639453788896,18.020160132471183,0.100024152819378,25.977481761501704,0.10002483773706351,0.10002451638297932
specific,22.174705344642728,114.57281088171919,62.985506638273144,53.93417280809841,0.1000227788345324,0.10000005537262846,0.10001004981558154,0.10000784127702794,378.5382546863447,6.394508915343912
specifically,24.704812123447077,23.268865956585596,12.681422701501312,21.963705168571295,0.10002069476865288,0.10000008218607798,0.10002452748798264,0.1000210188928817,61.53929281941678,13.441834906824576
specify,16.84381281821883,1.7709560345727833,13.730438603934719,6.150884486069428,3.5275921817803604,0.10000005365706456,0.10001427726685988,0.10002983109477383,6.503347422769982,11.172924290312919
spectacle,0.10001115315825373,9.924992458700347,5.541380835010458,0.10002239857886756,0.10002107298627852,0.10000000418327169,43.96981653415159,12.945557373750463,0.10000927496656416,0.11818889422993893
speculation,0.10000059339284408,11.497793675177174,21.064949328180177,0.10006137522360607,0.10004175795789079,0.10000053543240778,0.10004040806723122,0.10028970260826495,0.10002166880084404,2.736800954554949
speech,0.10010289946318027,0.10003749727138685,45.9952753751821,0.5548630354456394,17.391331963676993,0.100001082277373,34.09260525448379,17.556033781808484,14.654709240803736,33.455039869183324
speed,0.10010498109302873,6.5552981146369005,7.468187225530176,2.495326661531662,0.10003563584396141,0.1000000116636368,0.10009424237423709,0.10004333279097599,3.548849075040718,14.432060718946483
spend,8.93552749853359,24.40137523409423,0.6649538713461637,9.893873425486253,0.10003397213731205,0.1000000558506264,56.94676412515799,14.599619225237214,11.203134727490879,9.154717864319009
spes,0.10001179953215743,20.49715826146413,0.1000222164604603,103.38506053017106,0.10001378381090127,0.1000296394692894,0.10000149376283983,0.10000413107327179,105.41769784912215,0.10000029491761954
spesso,0.10000000000073224,0.1000000000003988,0.10000000000042936,0.10000000000030354,0.10000000000088875,39.099999999969825,0.10000000000025352,0.10000000000057895,0.10000000000026509,0.10000000000037255
sphere,2.121244755970638,117.33619110996447,62.233492239158466,40.80621431115344,17.022824910922633,0.1000000332737972,0.10002399774806946,0.10001834086242585,37.07998452648859,0.10000577417070228
spirit,43.140882330822144,85.23840901787038,138.51389378654954,2181.3486290582755,12.790516230813228,0.10000009660981948,562.5417260426159,354.81424766318906,1411.785468497711,244.72622727520923
spirito,0.100000000000547,0.10000000000029789,0.10000000000032072,0.10000000000022674,0.10000000000066388,61.09999999997098,0.10000000000018938,0.10000000000043247,0.10000000000019801,0.10000000000027828
spiritual,91.06043516661722,132.81176426252668,109.34948833288996,280.5001936677058,12.653941376646054,0.10000010637496744,369.5237969513241,236.84997099750626,761.1845053047421,80.965903833331
spirituality,0.10001045090385828,40.28080981587626,1.4009429755513525,50.911742405129246,0.10009662111942705,0.10000012179042096,0.10001141945331746,0.10001630930427173,176.16510047150143,0.7412694090165666
spiritually,0.10003499508509359,5.281456901592362,1.9125933728024145,28.079370381385143,0.10003434258820323,0.10000001288580562,0.10005600472983407,0.10004765948978593,13.84399974719491,13.382406581828889
spite,0.1000326771133452,21.068915611381918,38.529379017015366,36.75973835920259,2.1661167543875908,0.10000005967454911,28.14962931473767,0.7871294616713805,3.2282700116564453,7.1107887328096515
splendid,0.10002329430915274,2.512254917561131,6.518350282808849,0.10002954695549836,5.000907075882597,0.10000121139811861,49.568987005010584,19.782436491226623,13.679232167988056,0.637778006500621
splendor,0.1000511491501678,1.6924561914522942,15.485045029069676,0.10001963874872162,7.242472451722832,0.10000057753497048,83.76110940707521,48.62544665462,0.10002623884413378,1.7933726614342036
splendour,0.1000106119501497,1.1283562178330069,2.1930974728083865,55.927730665862704,0.10000747323048476,0.10000029097557481,0.10002348130424867,0.10005193237107285,15.502073356094725,5.748648497236744
spontaneous,4.322849252286213,0.10001819255072543,16.390450049141904,2.083174695618041,0.10001548271282198,0.10000014103935118,0.1335468611928219,9.623696077137064,11.473786547187203,4.672462700802364
spontaneously,16.064313306873668,10.598620319889502,17.199250189230984,0.10003164197413873,0.10002097463561797,0.10000005430178067,24.039706807507134,10.007850322294528,0.10112461891871316,4.689081764019171
spot,0.10000862621048379,0.10000849016674133,0.10001862672227363,23.981088975633543,0.10003437853356448,0.10000004955288662,12.218761977473177,0.10004089726677214,0.10002400916309438,0.10001396901210827
spotless,0.10004891372016217,0.10002194927029773,0.13781697901567447,0.10002381421531041,0.10003727198165306,0.10000001480374661,9.507780347247703,26.41595642194946,0.10001840506073471,4.33829588241428
spousal,0.10003300174620461,0.10001917697290066,0.10000864004355273,69.14238441324478,0.10002231697541422,0.10000000000197282,0.10000037902496776,0.10000204139454164,7.057529987272596,0.10000004314411785
spouse,0.1000189891511903,0.10003048231072394,0.10049021675274114,78.96122419810902,174.87510394251385,0.10000032070155986,21.77322681537664,81.43555230973142,38.86101899241643,14.693333732610832
spread,1.793086187829314,77.58670027374025,8.709762360567343,40.34970688615139,22.688388578972265,0.10000042829350206,374.5228665986304,32.46947791282683,102.52367397902637,43.256336793624676
spring,0.10002889456390424,19.29224804071407,37.73378153516498,42.03202221250335,13.599777341009032,0.10000007159874369,79.22205384176155,28.90603958854481,32.326057918824674,6.6879905549749346
spur,0.10436579073500453,7.205919677358787,5.861481607169901,0.10002767382955295,0.1000105143238245,0.10000003830774792,22.52611246616134,20.61453389743893,2.0888649421388528,2.2986833921860033
st,11.614311900120198,0.10001493917565428,0.10003383871604099,6.919471526880132,0.10003589098231747,0.100000303522068,8.357517917104683,0.10005885980146485,45.143099573937256,35.46545524940207
stabilito,0.10000000000056421,0.10000000000030729,0.10000000000033084,0.10000000000023387,0.10000000000068479,65.09999999997088,0.10000000000019534,0.10000000000044608,0.10000000000020426,0.10000000000028705
stability,0.10002186291633385,23.817851889744357,6.719276893649321,0.1000388191657102,29.75122369720504,0.10000004898420554,21.941086553669745,0.10002130247131705,7.343167958603309,7.027310973245418
stable,7.582045892204138,27.955624483834896,19.244911716511798,0.10232509309977336,4.221084448017911,0.10000102122420299,2.145111424799454,12.829810418404403,12.968841520459389,5.85024398107259
staff,18.85551421454294,6.817874700097556,3.0815094251912734,0.10003157801320636,0.10001541084983172,0.10000007804207862,0.1000229657730457,0.10002751961215706,5.280648963975059,12.464355143574819
stage,15.670590686494036,42.77853202258078,15.458053123291617,49.78994781155669,0.10002916806114952,0.10000013031234065,2.9972984125354647,0.10002546655726291,79.74854916572313,6.256974012541847
stain,0.10001346003614218,0.17343480142984477,7.960159018062625,0.10005370127008174,0.10003807916603846,0.10000002086681194,16.024310033072727,71.31608428012359,0.10001672015734492,31.025889885460224
stake,0.10002774215533322,27.727598721136935,19.5302673982263,0.10002652010144131,0.10004314617311807,0.10000004703631984,0.10006926720522917,0.10002243191728788,0.10004594453250946,3.041898781071116
stand,0.10002690665371751,66.57525486733071,49.7889369693408,88.37980014826022,20.30208996120387,0.10000061332904665,161.40158893105254,62.93526257309037,46.091869914566566,38.325169114836385
standard,1.753173976778737,26.667739925732207,63.56435349628106,1.8633348265717815,9.615259581976241,0.1000001078711554,54.251805430630654,0.10003084990399587,7.064847830856155,6.019453973042473
standpoint,0.10003458223737353,22.808772248334584,6.422709874588043,7.615181780432927,0.1000182121980969,0.10000029453232567,0.47562678137096015,0.10002668156177444,13.177624925431887,0.10000461897923807
star,0.10001401301497628,12.842469927274038,26.427199521974117,33.3048667959973,0.10001899637995097,0.10000001614466052,0.10003925260428516,31.82535709148195,0.1000199767994569,0.10001440802734618
start,20.23064409731819,28.603286316489186,1.7077138763073665,45.98931298994297,0.10001390819302118,0.10000104947761237,7.934950944978045,1.2273422873248576,45.36682416882641,31.73991036079757
stata,0.10000000000055596,0.10000000000030279,0.100000000000326,0.10000000000023046,0.1000000000006748,163.09999999997106,0.10000000000019249,0.10000000000043956,0.10000000000020126,0.10000000000028286
state,122.77582919933893,433.86478271531155,498.3882725531201,38.34603579261852,715.2233538911735,61.22955915319511,336.20690077734037,11.925522969976495,149.29918368617652,260.7405592613891
statement,29.8429725742315,23.82791485894506,41.554512474060346,58.47137026936349,0.10002325832172687,0.10000010587207105,0.10002564532825767,12.705805901404835,24.589229649389036,59.7081452627563
stati,0.1000000000006135,0.10000000000033413,0.10000000000035973,0.1000000000002543,0.10000000000074465,131.0999999999707,0.10000000000021242,0.10000000000048503,0.10000000000022209,0.10000000000031213
station,0.10004892137843147,0.10001538392273318,0.10002043170781583,0.10001963388976531,0.10002833207598745,0.10000008568231043,32.23440123036935,4.856300677803037,0.10002976021964854,9.209135542643129
stato,0.10000000000049945,0.10000000000027201,0.10000000000029287,0.10000000000020703,0.10000000000060622,324.09999999997143,0.10000000000017292,0.10000000000039487,0.1000000000001808,0.10000000000025411
status,9.810085900655816,34.14732547192209,8.43271399195476,5.557593449867534,0.1000247551761004,1.2808458984734794,0.10003263774742066,0.10001717938131888,0.12329912104607958,70.34806159339725
statute,99.36673122032194,0.10003648171083813,0.24252214551725648,0.10004813643094122,0.10002204009686635,0.10000001359394393,0.10001890140213268,0.10001215853882169,0.10005579722966036,101.69055310477503
stay,0.10003350282261401,3.178949901754862,6.94257380857775,8.610461516370616,0.10001852100458067,0.10000016524243535,0.10004106827564464,9.796712418183349,17.960707039608515,46.11050205779248
steadfast,0.10001638602286599,0.10004637414545318,0.10002275472290113,20.75808467345621,0.10003394575415736,0.10000005273607647,31.776403593307535,0.10002584897411758,2.4985202531404624,1.3668461173799895
steal,0.10000406117382422,5.728166511337355,9.781491951386894,0.10004231927882792,0.1000256417915711,0.10000012213321947,7.172129639399904,0.10002051863482278,0.10000595654325965,12.71811327802594
stem,3.999961180475722,40.17240174793388,12.055886634331397,2.538208498154302,0.1000403129093176,0.10000004388027105,0.10002243325851964,0.10005213406194045,4.733420860828944,0.10000615383844791
step,14.314291608540527,46.90906890525661,67.51269836276366,56.30351217839495,0.10002994877181151,0.10000087068205074,28.930952457259192,3.9656070210680814,31.702598507585613,13.161240139334181
sterile,0.10000806060393655,9.870124081629092,12.034927304042638,0.10002989632025745,0.9533775625680689,0.10000000637386286,6.0828709697965495,4.909548760199862,0.7491094132496728,0.10000394490225635
stessa,0.10000000000068207,0.10000000000037147,0.10000000000039995,0.10000000000028274,0.10000000000082786,196.09999999997032,0.10000000000023615,0.10000000000053925,0.10000000000024692,0.100000000000347
stesse,0.10000000000062652,0.10000000000034123,0.10000000000036739,0.10000000000025973,0.1000000000007605,59.09999999997052,0.10000000000021693,0.10000000000049537,0.10000000000022682,0.10000000000031876
stessi,0.10000000000064961,0.1000000000003538,0.10000000000038092,0.10000000000026929,0.10000000000078849,166.09999999997046,0.10000000000022492,0.10000000000051362,0.10000000000023518,0.10000000000033052
stesso,0.10000000000054882,0.10000000000029889,0.10000000000032182,0.10000000000022749,0.10000000000066614,315.0999999999711,0.10000000000019002,0.10000000000043391,0.10000000000019868,0.10000000000027921
steward,0.100007897640925,6.857342808678821,0.10001756779703912,6.14100925217771,0.10002219812061972,0.10000000000317832,6.2562825102878135,0.10002743919931666,12.384971271528267,4.860319054250616
still,99.58217300692193,205.95495655922346,246.45307148536907,150.0162726652237,15.03587364480835,0.10000019413861773,415.63563318433717,106.68916055600967,136.4519071403676,73.08095156326384
stimulate,0.10001683703327349,20.550039797534506,33.16878440870094,0.10003115073140857,0.318714781541205,0.10000004337081109,28.37350699584005,14.884780202787493,41.39072425401455,2.013401528106316
stimulus,0.1000076631330135,4.105170078688529,7.6338391391028795,1.945051023152993,0.1000249491590654,0.10000001390690604,15.402725893256687,0.10003385278448544,22.413141778264393,0.10000560824069012
stir,0.10001499051466467,0.10001853605345011,31.58911919471374,5.091484447086614,1.0098595374970434,0.10000002021728902,73.00712142559495,22.72514662871586,29.61087405486733,8.666361164418356
stone,2.602150548383749,3.064875286601495,7.587562738081668,23.606055521814834,0.10002719379023102,0.1000006959273377,10.457833067183254,15.383019073914614,5.6032076545701655,12.495268219378822
stop,0.10001099826046132,40.74760957156574,12.006278375534036,27.186672207198527,0.10002957221874978,0.10000006330514902,38.13726428288063,0.10002886368312852,3.9059343818131778,20.61617168321124
store,0.10002599265549388,0.10002628657264685,13.008623916897067,3.998111989833502,6.2355023991456,0.10000000623028583,0.10005793693193707,14.272479545710734,0.5180194108201305,12.567152514798494
storm,0.10000511905230701,0.135500169796038,0.10001493904692235,0.10001359297425712,0.10001630276955081,0.10000006845243638,79.71891842661489,0.10002786374527659,0.10000521941773532,10.445498297900285
story,0.10002537831877806,34.804500061822246,8.559940654237572,53.028480684524645,0.10002755976927938,0.10000003532413494,0.10003124155712027,1.2974642012332827,0.5983934883355706,4.311136694527214
straight,0.10000573586544159,0.10001634804151524,15.27610113801407,0.1000337880032129,0.10001740542071089,0.1000000855862016,17.099338791572723,6.9275889870003535,0.10000836363500296,6.09688935659142
strange,0.10005003171641809,1.5812980903301477,15.720685894602367,0.10003169771682176,0.10002003625763399,0.10000007500673677,20.080971082285373,0.10003011454913693,0.10000259910977587,8.01691037811522
stranger,0.10001976004768652,36.867599329840175,9.08830587182775,9.761472979002924,0.10002114620364692,0.10000007800868511,35.18960606385907,0.10003326363077668,0.10003400543336051,10.592907501806032
stray,0.10001475711556523,0.10001580354114047,10.84973054765915,0.10001830230263505,0.10001080810691179,0.10000000195671542,58.58294883022477,3.8010696820750547,0.10002043337572708,1.166170833366511
stream,0.10000561244782735,0.1000311790694461,10.712666754888348,12.441741659411381,0.10003016473989404,0.10000008676452335,18.154623880730718,26.09078436062561,0.10001320675049254,0.1001030942543954
strength,0.1000290160808155,45.38742924805065,31.197347706781823,128.34914412754986,42.588561845384476,0.10000008193588353,384.8327741705077,62.9056833786212,75.88724352354141,35.651786901211196
strengthen,4.825696464349944,27.069393787472205,7.356585114895813,50.70772627299196,43.216451627064124,0.1000000443648767,265.18159025784104,16.06503103334085,139.79743229223843,40.68009310510423
strenuously,0.10008397857766294,0.10396775106819323,0.10001789315718733,0.10000564861466686,3.1679855866993814,0.10000006834667546,47.88855171189528,0.10002367137382191,0.1000003165937164,3.2393633733914755
stress,1.4057057517087022,30.62932480598944,31.567720412922657,0.10002921210645248,3.179803970966607,0.10000005502682092,1.3845898311413098,10.702052147085773,87.83075971235961,0.10001410037259241
strict,3.7407780640141675,11.497286820631972,11.69459671907029,5.821878201303326,13.430053296071698,0.10000219247739624,31.51317546653734,6.355024560549852,0.10002270289653291,38.74718197611181
strictly,7.686923285478575,7.91783130458657,42.33184880975818,6.908337681193245,0.10004214120786344,0.10000007932342639,0.10002702520119881,2.9856530270334716,8.55591778127044,133.31341886460035
strife,0.10000250687018179,0.10001663188475829,1.750091223935494,0.7744253254612855,4.516185584350848,0.100000092108782,60.68720802683277,0.1000187298125796,0.10000345719710502,1.7720484212461771
strike,3.492895671142828,24.386380372920172,1.186374950679372,33.900914608433865,0.10003449846665333,0.10000005939818886,64.82008680043722,0.10002551146921076,0.1000180202894915,17.81326950644666
striking,0.10000719399510918,10.125795713517627,17.18755428060826,12.568073579522348,1.7214923978522827,0.10000012892802067,17.19770519711905,12.362488010896838,7.536872738387139,0.10001075886509746
strip,0.10002271961234149,8.449112081675677,17.551814589566085,6.1622333479867875,0.10003661333709157,0.10000005676937256,0.10004727408038265,0.1000194765780611,0.10003550822684931,25.23667833178953
strive,3.836253538262453,36.840800219181546,39.80635171811965,19.239870585116105,76.7040513539909,0.10000004015632064,362.90216628320974,51.879013733359095,82.14194706276804,73.54954546549816
strong,3.8719841624389026,59.06806353966002,48.60012981740376,81.87249636311603,20.592015230926474,0.10000038899866526,211.6315694412233,41.87659295622238,31.641457195733327,24.7456909039383
strongly,11.29919808734914,19.93085170257913,10.470803957938088,8.064313755400986,3.7779134587769128,0.10000071150860364,107.67657405684064,4.72130513540361,57.301297356141255,7.657741777715074
structure,2.487176740859878,173.63961920579047,67.64996778834269,62.90667169900931,0.10002704170551124,0.10000010396996731,0.10001902024827883,0.10003070083890955,237.31909964959422,1.5973880493106234
struggle,0.10001161551819668,118.52777859698149,10.237302198553571,55.16414964279123,0.10002928793711029,0.10000009200258325,109.41728751291349,3.422449533912936,10.095837213442888,3.8351543056172805
student,153.23710557048184,0.690340182362394,37.24375618474037,0.10000993762039105,22.097372760446188,1.1027348304063036,56.50604275980034,0.10001618824560589,40.82261518019374,0.10000640538867343
study,267.13087748834903,30.525474183670198,339.3819879020671,0.45964176744061624,131.6818513133532,0.10000041111433101,101.84500414096252,25.24730185664257,197.48450465832562,26.143356277743017
style,5.689934769297597,7.013063331611336,5.403243265380526,1.0913919286541656,17.88809904078897,0.10000018074068244,13.083911668499564,19.424008500072535,56.75914011844258,7.54720719615748
su,0.10000083759206772,0.10001309651300831,0.10000068457042789,2.0688282026378753,0.10000077650166488,113.6105700853264,0.10000317933897539,0.10003783581614635,0.6466897586184506,5.073855542793746
sua,0.10000646429488391,2.650521641818971,1.0076957180290758,0.10000497647680305,0.10011521042780946,272.09529867765826,1.6463238720267255,0.10001959786809939,0.10001035469446762,0.10000348638728812
sub,4.658142089955854,0.10000927804928503,0.1000579584989469,0.1000234215030335,0.10000438043293125,19.154815502377893,0.10003703738605203,2.458036024569675,8.588840237202497,2.640034069649257
subdue,0.10000396698875404,27.501735446225098,0.10002031382222933,10.190728021782823,10.306294715852685,0.10000002474212033,0.10004164862538636,5.043870645677598,0.1000054244877914,8.457299791503534
subito,0.10000000000060362,0.10000000000032877,0.10000000000035396,0.10000000000025022,0.10000000000073267,34.099999999970514,0.100000000000209,0.10000000000047726,0.10000000000021853,0.10000000000030712
subject,107.8120177592899,185.98112199741718,309.7443332610521,120.843389440158,167.99101388287383,0.10000011602503435,122.35426817227057,76.30496619601773,50.39467426109199,364.4742149134671
subjection,0.10004978014679858,5.109273311002482,4.751933950889936,8.319047941443843,22.582073985884538,0.1000000513890108,14.156146195307388,1.6145732314424683,0.10002374969536013,4.166877802443091
subjective,0.10002558225557252,25.892186303471174,29.205512757975878,18.399392035934238,0.10003493235670882,0.10000005847599337,0.10000671632214675,0.10001718589815985,2.9028226284872263,0.10000179857337302
sublime,0.1000084898830591,5.939756133656092,19.952528450074784,16.20627444250909,15.20613568673491,4.125840902969001,33.86065726331325,83.98868922517153,9.520098766349426,0.10001063900842384
submission,0.10004670702725664,0.1000245469343064,36.61789076087635,12.969339035624849,8.294302918428698,0.10000006536237234,26.452147190498106,2.5066561034401977,4.108891466495753,10.750701204960121
submit,30.03293271877401,3.1408328863424932,62.82156713772155,4.216907070898686,28.329811228999453,0.1000000431780198,13.992668643328864,0.10003085962918068,0.7499541821958902,36.51529522857324
subordinate,0.4215450036057754,16.269713064977378,41.21664039719023,6.831390121482636,5.132771534621899,0.10000007484243509,0.10002007274974742,9.453426442576069,0.1000070439066615,10.374486243756271
subsequent,8.35912055113898,7.082758449576932,8.923698039934596,22.729838480289224,0.10004263992302044,0.10000011184594268,0.10002983711043482,5.4647992415698905,15.1235976156977,16.01611503255966
subsequently,36.83761439582803,4.267178907279838,0.10002811783984494,11.786478322757814,0.10002783987017001,0.10000005883056708,0.100021078750631,0.10001046039190203,11.498433057830288,14.110207760312813
subsidiarity,0.10001390080125516,28.230516175108956,0.10000318827129889,0.10001416222792017,0.10001343734495566,0.10000000318708854,0.1000028445121554,0.10000200647164485,6.969434119447636,0.10000016247939923
substance,0.10007408553318337,10.24932017099269,31.052102975309158,44.055705213498435,7.1854543307135055,0.10000020146830449,0.10002340023352312,23.017461661048667,3.1770669988768447,54.96279096199668
substantial,9.536380675729294,6.109811356337398,7.788303013137749,5.440772982503098,0.10002405492691878,0.10000006138594311,4.497022444322493,12.602641734263395,7.724963111039098,0.10008056596333416
substitute,21.499602306881275,8.299266454706625,27.81952004927075,0.10002114088888907,6.021084696143767,0.10000002966212206,0.1000297069728437,9.323942287715417,9.697864289185851,14.03866903824143
subtle,0.10002084083789825,8.144881465463882,8.542316620020705,0.1000199021092128,2.287900742270425,0.10000009727953127,21.087032597990362,0.10004384568707363,2.4369333902437194,0.10085049774769353
succeed,6.031115851958158,37.50991390966065,55.60818546698147,26.182167742977,0.1000281952757843,0.10000006771518564,68.08452993996268,4.832241390988926,9.741986805519353,17.809830628619093
success,2.8407824062579548,18.319986135909573,18.795377340482663,0.10004463578576478,2.891087845240802,0.10000009609631354,88.48463431985029,0.10002638552708397,16.596252591544363,2.7718082429348656
successful,1.2347967447172257,5.728491216204114,3.915736418031768,0.10003659614873847,0.10002806063582574,0.10000017776833257,42.38535199654563,0.10002534645773661,17.153899038369193,5.181634404759787
successfully,6.834596239892392,2.1744198140819404,4.717622104540328,0.10001661643020911,4.944193918774369,0.1000000102500787,17.856457507834904,0.10001238599682459,7.072677958010241,0.10000344390570826
succession,11.055320891565373,4.683695910862394,3.5361608139016187,8.170645935185018,0.10002902463904897,0.10000013413764017,16.678313929116527,20.32425717029429,19.56599502623298,6.7855811637138155
successive,6.735571924167833,8.363911058236349,0.10049839618911492,0.1086186653633447,7.691951431846511,1.100205970191664,0.10003310427574691,8.451176997915695,7.279105308904426,2.068927142495962
successor,56.809879070764225,7.092103215323511,0.32844749021581193,25.82334121021135,0.10002411276620998,0.10000008640903352,78.38414291679901,23.001574642724883,103.29033266899265,141.07015458545723
sue,0.10001020445526893,0.10000000000367994,0.1000066564162681,0.10000245824657555,0.10000060135744594,45.100007160406264,0.10003423055016453,0.1000068884826058,0.10000000000244691,3.099931799915943
suffer,2.626515088358027,70.99168815578301,34.373111873435334,400.9490872513483,3.713201346123639,0.10000009878298004,280.10064161922315,13.693488885519493,37.79298088908308,50.65928479200527
suffering,0.10001559361871006,51.95579922943111,1.4337993780532827,717.48215055149,0.10001972588097402,0.1000001862373292,85.57222352682376,22.525499390822496,14.484021635641508,1.2464707816847713
suffers,0.10002764912945174,1.9771576166032505,0.10002055878945178,19.23828440325581,0.10002630292049419,0.10000002687960383,15.928453245277828,0.10003573405626398,2.2661972387639175,3.0897972239745544
suffice,13.237538058779483,12.511143195440551,40.214546946011325,0.10003663879370304,7.999896202124709,0.10000004429433805,1.000304550226672,9.077453574611106,2.34550271170672,16.413578077649674
sufficient,39.584679558942376,53.73499897284057,80.48630285709136,5.8126576073274885,19.891106808841165,0.10000129388980057,24.53321136395551,14.203637524026467,26.090637675152106,52.562766337590034
sufficiently,17.871462613662697,0.10002727010446337,35.32203189147814,0.10123080325393843,26.868761797973477,0.10000004763497775,36.42907537944251,7.720224808186645,12.275202151691678,21.21198323623126
suggest,20.618794932632103,42.670453263500875,19.04368491085269,28.03747313976739,6.870443721489391,0.10000005346419524,16.59628127479812,17.687078224309914,31.855829122844288,14.519961355999326
suggestion,7.657469323161885,6.655432060419206,7.82562944397209,2.6204598860291597,0.10003500507141963,0.10000006791561676,2.106567945396213,9.316920639938807,27.55906640399105,12.058419223747359
sui,0.10008833451052788,0.10000544471902212,0.1000081020271081,4.225995323669077,0.10001569661522074,33.973829697173954,0.1000081267175128,0.100025650483072,0.10000282475500606,0.10002079909444964
suit,7.3302490832026574,1.6809527805553126,17.39672878217853,0.10003652462786135,13.475923560332504,0.1000609080685639,39.79602338084291,3.7009145297622497,23.319509236766685,29.09960121324915
suitable,143.93661542112,30.602501677000202,11.50174701786082,2.281642427052399,36.78542889819272,0.10000004009629418,62.08966244055358,8.590073612020028,121.11300368594418,200.99932477981258
suitably,29.365183839658492,10.58320865995561,0.10003021624351457,0.1000110693344973,0.10002722535701296,0.10000008749689991,0.10003777583467018,0.10003939446763095,14.527355663718314,13.924106067600277
sul,0.10000000000056573,0.10000000000030812,0.10000000000033174,0.10000000000023451,0.10000000000068672,65.09999999997089,0.10000000000019589,0.10000000000044729,0.10000000000020481,0.10000000000028783
sulla,0.10000000000069137,0.10000000000037654,0.1000000000004054,0.10000000000028658,0.10000000000083917,96.09999999997021,0.10000000000023937,0.10000000000054661,0.10000000000025028,0.10000000000035175
sulle,0.10000000000056027,0.10000000010746615,0.10000597253280356,0.10000000766657775,0.10000000000068004,34.10000008618389,0.10000000000019398,0.10000000000044297,2.0999939334056514,0.10000000000028506
sum,0.10002299070701051,28.115421151870617,22.70476086447244,46.721378863256874,17.42994653027371,1.1028208588037898,11.553017630177157,0.10003461295096049,17.577547241014997,37.595049256092345
summa,6.990062911454215,7.843320777542096,0.10003735751943094,42.87291443058505,4.56101492130831,5.104184663858149,0.1000277865607108,6.228405266532733,0.10002597178983817,0.10000591251261587
summarize,3.0497892210205957,2.4115370011373285,10.178163218305546,8.27549850747511,0.10001900533752947,0.10000006150140105,0.10004459734468985,3.9540335769848842,7.730875252330551,0.10003955819660598
summary,2.940596138596258,2.9540899375246807,26.426088807507547,6.696481561758657,1.467661884136905,0.10000006139699173,1.6863884244215945,0.10004493066583896,18.31408114463283,14.314567108985823
summit,0.10001706605097982,8.302987226394325,5.855155265067849,21.365465738630682,0.10004087522332332,0.10000007587816218,11.648284650377159,16.359416236217893,31.022915492091887,4.145717373724593
summon,0.10012807680343071,7.221940805660178,7.4329406393509005,15.033012994006484,0.10002755362105943,0.10000002366938879,17.319153859640487,7.206617615722874,0.10003268537175092,170.38614574580555
summons,0.10002784789829147,8.70080653511576,0.10001723395369724,34.04427805909251,0.10001650821538381,0.10000008180795628,0.10001852222196736,0.10003640237330029,3.647976653562415,32.00682215545429
sun,0.10001424123437773,21.02130937716533,0.7739261211532499,30.39479759580376,0.10002081994149396,0.10000003905563676,26.871238714551673,28.64846145034672,1.5439319240125031,1.4462997163846452
sunday,9.821477202966317,17.684469345471417,0.10002255542172873,33.413232115718095,0.10003261248769206,0.10000007837249933,0.10001785625573179,341.90212868141185,18.85111895063803,16.927500600951493
suo,2.129068917114383,0.10000406605753134,0.10000038370466989,0.10001997224676722,0.10003376985046468,206.0708207960457,0.10000511229488945,0.10001221856464558,0.10000016905726232,0.10003459488932812
suoi,0.10000000000065783,0.10000000000035825,0.10000000000038571,0.10000000000027268,0.1000000000007984,98.09999999997041,0.10000000000022775,0.10000000000052006,0.10000000000023813,0.10000000000033467
superficial,0.10000821164555006,15.900286719490847,13.444872135408696,24.828422823589793,0.10000881093911927,0.10000007023222239,0.10001903029049104,0.10002754027645784,3.2263497148206,0.1000049430432496
superfluous,0.10001353883345038,13.392050696075154,3.6724353576377595,0.10002297777629189,0.1000326251991426,0.10000000931694575,13.723494047772563,0.100038991064086,1.7124049568067141,4.999506799169486
superior,149.4998768021935,0.10002975548458698,133.2631104584839,3.8830559665636977,0.10002636085747335,0.10000010828023964,24.91239447434967,0.1000305252579017,38.662161400855354,158.37931414733475
superiori,0.10000000000046688,0.10000000000025427,0.10000000000027376,0.10000000000019353,0.10000000000056666,43.099999999971374,0.10000000000016164,0.10000000000036913,0.10000000000016901,0.10000000000023754
superiority,0.10002327898586909,11.341575816737354,4.707007709194999,14.082506124014271,2.792245505956809,0.10000002667468376,0.10002852882878586,0.1000295887447513,9.576577786201103,0.10000563435392877
supernatural,1.4576518251209116,3.9087654908986535,196.4960377700188,27.209493242296446,52.10791311825227,0.10000003721926701,38.42467347159358,75.09542625153426,0.10003278724972184,0.10000600550826452
superstition,0.1000117888492714,0.10000560526544547,12.14968693324784,0.10002667062530175,0.10003646767321844,0.10000005549909172,39.73972639847848,0.10001683803243018,2.655322281796838,7.855166960240702
supper,3.308824059696736,0.10000925318456436,0.1000099337813992,22.662924434448122,0.1000071962043061,0.10000001565888003,0.10001005312307228,47.10146733366104,9.323616517008098,1.1031312029723117
supplication,3.0286177031127086,0.10001490626005839,0.10001612430522627,0.10001458420151192,5.831194422948916,0.10000002405249264,39.376858480378495,67.83366186161989,3.4296001851105373,0.10002170773248353
supply,5.661743505427851,29.01115309027311,0.10002042436099347,0.10000981678397942,45.3564051606856,0.10000004724909106,71.60410930423556,6.306594445643242,0.10001742470727903,33.659946780359036
support,14.840835805776363,149.40309657964934,36.30138470801872,57.220544873970546,22.192485792381664,0.10000023752733125,225.5360894463311,3.675705921578861,177.71034882573133,154.0195078086992
supporter,0.10001362239129437,1.2274733852250732,0.10010898045885805,0.1000043726972452,0.10025427486468329,0.10000001911282258,0.10004508369287816,0.10000447603340887,0.10000132701365633,61.97209445804196
suppose,0.10001486573739024,12.824861063476645,36.84054664091375,0.10003492231298505,0.10007033776981779,0.10000000884107327,2.457446446514758,5.913582603128922,1.9721698409708652,11.591273269958297
suppress,14.89978823409974,14.260854526090016,30.89633870028374,0.10002228546205558,8.432963495969979,0.10000012008577652,0.10004558028760195,0.12000168738117428,0.10001575516435042,35.98996961484038
suppression,9.792272655522542,2.7280513404637317,12.570258174851492,0.10001232577588333,0.10002044451914172,0.10000023593806973,6.066859512273745,0.10001230356087291,0.10001703216450591,6.342495974649522
supreme,202.79204748570837,4.494431646172532,144.51272500335642,61.638347440253874,88.49669338474784,0.10000006689453901,310.9270475480213,136.73867154889365,50.86572350924474,131.43431236637147
sur,0.10001390274955885,1.0312944337798664,0.10000119894936528,6.164294331567806,0.1000000000041717,27.104310346208802,0.10001043128098669,0.10005120434848895,0.10002376831565966,0.10000038254110576
sure,11.588103962357938,18.96953589744886,54.30675916866229,35.9618107983638,5.899022004400563,0.10000008518141854,117.84964709347491,0.10003068324111919,41.37977296503005,3.845317341496334
surely,2.3759648553590518,0.49010424080870685,16.273067724414897,5.8611451910114205,3.236232089047229,0.10000009741133556,150.97152366598223,20.249726602780743,4.262040635255693,4.180194897576891
surpass,0.10002252463290238,0.10265284399725977,35.88349943686475,26.313166264061945,12.220825888513446,0.1000000283629019,19.747036628571827,42.99442206159163,6.2778609800922,5.26051334297047
surprise,3.7215108391663345,6.655354201582642,12.783027468805392,16.993658357719696,9.367172552338909,0.10000005433299786,16.337211191884634,7.703282291412206,1.2923647589617526,2.0464182834334936
surprising,1.9900407291624709,6.360693421334209,14.052764198835423,13.06078151260932,4.591007046847386,0.1000001387252919,5.807537397974306,1.8535431751886458,2.1808292664024247,1.0028031125356587
surrender,0.1000056375647607,5.613049730570215,14.14256870630497,11.125096778330603,2.138541880575035,0.10000004331496014,0.10004337954701974,0.13129338353648995,0.10002886671473525,10.449371593167166
surround,0.14024241841305327,13.830477448656314,5.813000165441087,9.235082129298688,0.10003287962194181,0.10000007050049749,42.08180939924559,30.363667996123517,7.2356641462758455,0.10002334608738464
surroundings,0.1000061578855299,14.1887313872245,5.895145790706472,0.10005333512408297,0.1000267139971873,0.100000003577709,0.10002373285963465,0.27318553375694704,30.042825227241202,0.10000211729699028
survive,0.10007903613409377,10.97138162013597,13.645235443409279,2.1824737277160717,0.1000661965835922,0.10000632597906739,0.10007503794176666,0.10002392883312822,0.10000396910488701,15.60065471371864
suspect,0.10003529677217742,2.601539624932023,13.686929075735883,0.10000770241543651,5.370869724767405,0.298796333141878,0.10002554411601171,0.10001323404906151,0.10000120459543785,39.54178225916848
suspend,8.232431371960455,0.10001810913226203,2.5117348827026045,0.10003852842222559,0.1000089371406975,0.10000000579648366,0.1000330375303844,0.10002440768658172,0.10001206629242124,101.55569865303535
suspension,5.132843016237627,0.1000006623657197,0.10000852345935601,0.10000471986065311,0.10000156712399451,0.10000000170412397,0.10001049666871968,0.1000130776967631,0.10001253847166006,60.06710539627489
suspicion,6.400690105052344,7.728079232707061,2.838474083371188,9.783434340905929,1.3612823362806459,0.10000004091496725,47.05161258399097,0.10001029241694416,0.10001920856073215,42.536397775487295
sustain,5.858322591953904,52.41387832656695,7.369295913674756,43.10297112818397,5.575970223994663,0.10000010883846142,65.50029518027485,19.245129744930086,106.66417704821481,7.1699597330258324
sustenance,13.688574755876722,14.214427210175092,4.391011884214895,0.10002082891629295,0.1000722772741657,0.10000173548281492,0.10005873003051036,0.10004261085195093,8.02316152315002,27.18262844360581
sway,0.10003388559526624,2.7107271912372015,28.089369399239654,0.10001265487203286,0.10004214651233848,0.10000000001079627,0.10009527704480735,2.4226062717164933,0.10000590683163521,9.17710726652519
swear,18.93939440373802,0.1000121501552647,3.3975284859556996,0.10000148084911734,0.10001700221470043,0.10000001674855995,0.10002971855378827,0.10001033446033798,0.10000073608177543,57.96300567104775
sweet,0.10000537550563143,0.1000143474629327,3.612898095232279,1.920490626601666,0.10002674027937655,0.10000036814005621,65.58739131852352,78.16412718879016,0.10000967222785694,0.21503626695101574
sweetness,0.10001457650837298,0.10000760027679376,0.10001966673977265,0.10001063112463063,2.6897721664195684,0.10000047471241652,12.594820345447111,36.015297810176094,0.10000803672471124,0.10004869162659513
sword,0.1000086476106907,9.036459678389717,0.10001853656030403,17.224148845120965,0.10002650650050099,0.1000001147319193,40.156118349972246,20.055045397375885,0.10001968519404793,26.028154238251222
symbol,1.2814871599607838,1.8040435782559874,19.216438994076157,66.22387469774169,0.10003791955631437,0.10000010847896816,2.619943397696029,47.25329244765111,27.300853958035837,0.10002773819883391
synagogue,0.10000815656752052,0.10002265246457494,0.10001472149024497,14.577458106136225,4.390298023739662,0.10000005714440999,0.10001480542328113,0.10002848297692084,10.254430024824707,8.177724968960447
synod,15.672734144893699,0.10001036977209893,0.10000906324455891,7.974469428504418,0.10001833096163612,0.10000004215325814,0.10001845221625992,0.10001953670216503,1122.7752186479624,713.9775019833401
synodal,0.10002117200238336,0.10000822277583209,0.10000571244236088,1.283694016801823,0.10000224949555186,0.10000000665712631,0.10000638137523905,0.37687056645187833,64.42553676137537,30.313854910369724
synthesis,3.0244355619486925,27.021748393669004,19.646715333128466,22.18560656344517,0.1000115833484672,0.10000019154878786,0.10000885966013262,0.10001405667859949,57.621452492388265,0.10000696393809445
syrian,27.336823236398715,0.10001021315611414,0.10000415149933753,0.10002096309446232,0.1000170480691073,0.10000001145371826,0.10001309935990883,8.549666884812718,1.386825853975166,5.126618537926631
system,0.10002657119648276,324.7370865901918,166.72612900358843,10.836643573364627,0.10003504019949465,0.10000005673200343,0.10003388078400258,0.10000715636480631,0.10001970088115429,0.10001842640486316
systematic,0.10003173274309837,13.351085023927155,16.278739914168522,4.183278675437169,0.10000629208695705,0.10000000131268187,0.10001513961246117,0.10000365009004307,55.58683734549091,0.10000222488653182
sé,0.1000000000006605,0.10000000000035975,0.10000000000038732,0.10000000000027381,0.10000000000080174,37.09999999997021,0.1000000000002287,0.10000000000052225,0.10000000000023912,0.10000000000033606
tabernacle,2.9109487252426574,0.10003413782597705,0.10001461436948746,4.191133811282642,0.1000271831399463,0.10000001444103437,3.8675286308949106,37.59174451955411,0.10005086518175457,2.938517497701915
table,12.007149666968132,11.635811846122268,2.5022033504969947,7.7224157337948025,0.10002316194942952,0.10000041470035663,0.10001904777960913,60.83715157854574,13.50559261116179,45.48963258815947
take,468.1959525944589,618.4257317402004,450.0706588207218,634.4701951316842,132.10524614296276,0.10000015224998045,448.75675152015987,261.0947452779576,631.501913175639,623.2788054436284
tal,0.10000000000059536,0.10000000000032425,0.10000000000034909,0.10000000000024678,0.1000000000007226,71.09999999997072,0.10000000000020613,0.10000000000047068,0.10000000000021553,0.10000000000030289
tale,0.10000001710472373,0.10000183616351893,0.10000076594735924,0.10001532565798786,0.1000011722353429,210.1621703472245,0.10000329138030632,0.10000235132465948,1.08590471363714,2.0519001791267746
talent,0.10004084613335251,40.00366687821662,12.733362950282734,0.10002969149706656,12.888348182514031,0.10000002644597734,35.550698641285216,0.14375797732560158,22.01074904612751,5.369345759818994
talk,0.10002331688895952,18.214033095740522,3.520476021296245,15.481473280512219,0.10002487496343322,0.10000007416425373,11.104894295138013,0.10002810391935438,13.345709865001474,12.933337072038421
talus,0.10000001234323838,0.10000000000027887,0.10000000000030024,0.10000000000021227,0.10000000000062155,96.09999998762852,0.10000000000017731,0.1000000000004049,0.1000000000001854,0.1000000000002605
tanti,0.10000000000057216,0.10000000000031156,0.10000000000033543,0.10000000000023712,0.10000000000069433,52.099999999970805,0.10000000000019807,0.10000000000045227,0.10000000000020709,0.10000000000029105
tanto,0.100000094497751,0.10000000000041732,0.1000000000004493,0.10000007701187627,0.10000000000093004,173.09999884814388,0.10000009395474521,0.10000070983274507,0.1000000000002774,0.10000017652994231
task,75.15122573280456,114.56259079695837,160.4339393949675,81.94056055362522,15.885982088832142,0.10000004073987728,121.300548965322,0.10002499541983302,566.1544625503514,51.37066488064647
taste,0.10002792327952129,4.803365514147381,6.388612176422566,12.786527885093406,0.10037492318726354,0.10000087929813654,13.400454814388942,17.851382918585514,8.369228901656887,0.10002406360194935
taught,0.10002709683388768,5.325357494290805,27.6908943079476,6.164747526862405,22.281254148314318,0.10000002798770087,27.708404577950223,7.2752216837574935,8.590998981370612,7.763094154340001
tax,0.1000217909982303,12.968611418356277,4.134252161581428,6.3275277718790175,5.258616839369745,0.10000002723948252,0.10003379691663938,0.10002467558593682,0.10003623263390284,31.810875285084347
te,10.126691397736879,1.5596674047334171,6.960521439499605,0.10007226101369572,0.100000000010532,28.714788523417635,0.10001216744081866,0.10005485504073738,1.1381304931697453,0.1000614574444833
teach,71.76902918561473,83.01681228626383,369.91864718862365,118.23370583793628,215.1132233230174,0.10000005588060472,375.2287688724109,156.53638928655496,204.81256137006727,137.2708625932948
teacher,102.45681768690223,0.47842318666898065,152.22223114376243,47.64204003072304,62.61531498432484,0.10000031976266978,130.99167846734738,19.151042747963423,183.40111005361743,16.94134137858999
teaching,56.33992856364654,143.8966907371963,528.7407453686012,139.25014775693856,184.37052826755968,0.10000004806426474,350.00442160716744,79.92837578081901,281.06147028772165,86.30769158195027
tear,0.1000132375193241,11.97447386222568,0.41041884203745893,23.05530860531437,0.10002855859347326,0.10000007360562144,173.41813106887628,2.3997028894953525,0.10003496783265642,14.34188789416379
technical,5.636274879340585,128.14543770061817,31.608929970647388,0.10003932752338725,0.10001585706843479,0.10000001452939236,0.10001731697157251,0.10001527838743837,3.0092669275006547,0.10000272714142726
technique,0.10000262788291825,52.01655041485222,20.418141735194766,0.10001306887426471,0.10001449830402935,0.10000000968865112,0.10000920965631081,0.10000532488681906,10.865260645965801,0.10000246450756066
technological,1.3184038085833127,85.19634597102852,0.10002966701972489,3.045270782394151,0.10000340747394415,0.10000000824849639,0.10000706134939193,0.10000749880288787,1.8399249006837979,0.10000689416043768
technology,0.10001896533705484,165.78032137497425,0.1000223165435985,14.015580672384926,0.10000576829121732,0.10000004206998804,0.10000534432026796,0.10001369950753862,7.504031560777222,0.10000025558446328
television,1.8379474260821471,1.0125432640737169,66.64331513764188,0.10004386653048986,0.10003222971444184,0.1000000345028537,0.10001490905957339,1.7312889584537032,12.274810333796523,0.1000038398341848
tell,3.1479497947449757,38.67865670697198,63.313436630467386,174.48116443964472,1.2537474368611732,0.10000018121839685,80.82499247042688,5.172929638920228,19.925608315933736,31.101514384470065
temeraria,0.10000000000016222,0.10000000000008837,0.10000000000009514,0.10000000000006726,0.1000000000001969,47.09999999997316,0.10000000000005617,0.10000000000012826,0.10000000000005874,0.10000000000008254
temper,0.10000953099406466,0.10000959433510855,8.374427344509064,0.10002490055947841,9.592121325263184,0.10000009929945021,22.94940103655557,4.12003932273339,0.10000535175280852,2.463961493742189
templar,0.10000001167980659,0.10000000368859567,0.10000000000008162,0.1000000000000577,0.10000005505461632,0.10000000000010893,0.10000038556294721,0.10000000073318813,0.10000000000005038,47.0999995432398
temple,0.1000246175595415,0.10002758178013861,0.653504048338552,23.851254438893303,0.10003219885949516,0.10000010472594317,30.15757003761789,117.72089992358973,14.091025677530201,46.12566137076963
tempo,0.10000000000142424,0.100005070924817,0.10002324221726158,0.10001613294708295,0.10000000000172873,316.10000671110714,0.10000731469835333,0.10000000000112624,1.0999415279156946,0.10000000000072477
temporal,0.1000264600398399,17.161983152869517,89.70232876004911,10.490953446168831,52.2988702559802,0.10000003463375734,25.219252954035408,13.321650854941888,41.48591853477687,122.11901554616712
tempore,0.10010430430170517,1.1281404108718598,10.082778504352259,0.10001514356409054,0.10000674069055047,29.088904008304244,0.10000546539803626,0.10001224010193274,0.10003157895937026,0.10000160315709092
tempt,0.10006525305589897,17.903977930244825,6.232808021744995,28.93846170280499,3.0076237159311483,0.10000003534191723,0.10004406747870562,0.10004181088747435,13.690873372389646,4.8261040897111736
temptation,0.10002693156209655,48.27143651082635,18.054390469105932,73.7127961211305,0.10002945104172367,0.10000004855712322,10.024634281273277,12.188357001010068,37.34831684678749,0.10001233839096742
ten,11.720247620808466,3.4074114112750205,14.45690426281213,8.626342208119874,0.10001808431425567,0.10000002552827397,0.10002189343149548,9.521727176229314,4.23681589602484,38.7305114211283
tend,2.313827859924706,80.99775225946746,86.39108561168646,20.131016146114455,25.48150851317427,0.10000003180197485,15.18986500904219,9.040131103436725,32.81018025150611,5.544633213497349
tendency,1.5134261236108637,46.195490612851614,93.13383411322008,16.79162744445799,5.317474468416641,0.1000000369930345,4.4852017472897545,1.9322587979800536,46.43067304515389,0.10001360969587741
tender,0.10004390743835181,9.215713747210014,1.7382487894917849,16.583929705438074,0.1000598112267421,0.10000060304781302,75.0038878653672,14.992609584422274,5.369930366456395,14.79557561952783
tenderness,0.10002539371382252,19.20753694213004,5.893562233294083,29.169636747886134,0.100031326377313,0.10000010515056461,14.676911419419199,4.03978873654858,1.6125008380993437,0.1000062570581507
tenet,0.10000917645843625,0.10001706907972169,19.526591410215527,0.10000416516012474,15.723329460549275,1.0999916577233324,0.10006645003887145,4.499580787506264,0.10000756522620613,0.6504022576809291
tenor,0.10003073294578958,2.059274262681066,0.10002790734556521,0.10000794985886362,0.10005428316329346,0.10000000141184953,0.10006594383678342,0.10002276576894123,1.1663092625153537,32.07420689005963
tenore,0.10008610483502106,0.10000000000221054,0.10000001454352703,0.1000000174230702,0.10000573506685409,34.09990021874264,0.10000263505174241,0.10000285951097015,0.10000241284982302,0.10000000187469794
tension,1.3938536752389818,27.072722927230206,0.10004320280370788,35.55006666723493,0.10000481929051828,0.10000003604231009,0.10000401397168615,0.10000643264583509,41.38329272878218,0.10000549651576497
tenth,6.011320991703899,0.10004877676010587,1.1084878215418101,2.9362159649610766,0.10007167585144582,0.1000000875835599,10.476959311654182,0.10001276888990097,16.94730335108945,24.11957924957579
tenuto,0.1000000000006271,0.10000000000034155,0.10000000000036774,0.10000000000025995,0.10000000000076116,39.09999999997042,0.10000000000021712,0.10000000000049582,0.10000000000022703,0.10000000000031906
term,14.162550359851975,126.85983579474646,138.42612207459973,44.79679488518146,1.3258939240384813,0.10000087914070703,0.1000230761812562,17.262840267503204,80.53248590104933,55.43345283738347
terrible,0.10000803231698283,13.79219302548795,9.949167757856863,5.4818703442709005,0.10002645086686415,1.7580723923252721,88.51860214738599,0.1000206175545212,0.10001402788190253,0.1000252037374918
territory,60.04602055205811,15.685414099210204,0.10001429012281216,4.492008416843771,0.10001119868778166,0.10000059663478261,49.53047892279296,0.1000257180109814,44.206378771613046,47.639647433714096
tertiary,0.10000400809443136,0.10000260665903814,0.1000053369464293,0.10000054157973262,0.10000331690078147,0.10000001587870976,0.10001012331407289,36.858803619999165,0.10000000000063616,1.3411704305079961
tertullian,5.129646985065062,0.10001596615592304,7.710653603444404,0.10005315736651955,14.861169736208126,0.10000003406699305,0.10002924145825787,8.447687764856589,10.350728434322916,0.10001507671199637
test,17.554986738373067,4.589159296111747,29.239855346145802,39.92046505818141,0.10005638532804578,0.10000006205470789,0.10003391317167916,0.10002167593519755,23.932574862882355,3.362846661456864
testament,0.10002442670677143,0.1000200025945584,18.415353062833862,267.79124764771854,16.43450284232954,0.10001640656301944,0.10001768244534014,50.85212365942441,30.109760452502798,17.9969338165676
testify,7.1201265056252465,6.334591474541073,7.6533989425672315,3.9398634384593696,0.10004085351932034,0.10000001445581423,34.89263847933312,27.056679720252692,23.264611259492607,20.5380493113983
testimony,12.025436693601577,1.364943740584874,8.72015747611193,63.31365393715954,29.08116876541691,0.10000003892201569,109.80376230810012,71.96523405332499,52.33768486725894,39.287958119176345
text,81.8787543938858,7.006115809917833,9.732445625265154,218.04637590018717,36.232372024428145,0.100001016418813,0.10001360018503297,8.757854248786511,113.29064261420898,95.85542476640822
thank,0.10002741310834257,17.613119788812643,0.1000272666499009,28.082969442364373,0.1000239104914142,0.10000003383828544,37.02334766393543,0.1000353124143321,27.933378491904072,2.847070676139927
thanks,4.782885028273166,23.76264436193333,0.10002367167182956,114.80355506212307,0.10001504024873616,0.10000002809364518,110.68409253334592,60.303664978056695,106.12819761690344,14.234921679027384
thanksgiving,1.5449510754333045,0.1000140552932225,0.10001834429378001,10.154598977361182,0.10001878563837363,0.10000001167711685,8.907677184188309,43.30231712003411,29.570395857139456,1.12000858861678
thatthe,0.10001074628019274,8.858857398566748,0.10001491322112491,24.85580312868865,0.1000215531700011,0.10000000534759504,0.10000316300455991,0.10001196138095703,2.0925536551805384,2.5927234749123587
thecatechism,0.10000805933214457,1.9812422200421158,0.10001677191450656,0.10002037745562642,0.10000000798451077,0.10000003031869666,0.10000104694809196,0.1000050429352554,102.21870607597728,0.10000036692519514
thee,0.1000058061842333,0.10000615804072964,4.939424978564312,0.10004795496445419,19.30742157957084,0.10000003644016199,39.23653412438324,93.72056317632979,1.2959905204536295,0.10000566476191981
theholy,23.034549322608513,12.57346724708404,0.1000133863873154,75.73099803495394,0.10001422836324478,0.10000209999670344,0.10000957940727093,0.10000935126239767,31.06092874356495,0.10000800614480554
theme,0.10001072258663875,27.6564367488556,8.623529957061784,87.78594441431697,0.10002354335801124,0.10000009252497417,0.10001178078501294,0.10002828254667351,82.49275605167466,0.941258405982045
thence,0.10000903039680328,0.10000204015380744,3.103637303305648,0.10000868049787684,11.120873874078415,0.10000000000292346,16.724984949314848,8.021818413513556,0.10000648498395394,3.528659223530737
theodore,3.5244866713651475,0.10001473060711356,0.10003864496274036,0.10001930111291,0.10001629931391866,0.10000057562648206,0.10002053096819347,0.10001582724678025,0.10002372901391829,38.675363689518115
theologiae,1.0225576308477837,9.238986676404597,1.9123151317052427,31.22155340723774,0.10002249090295123,3.102591740106799,0.10001019231470129,0.10004630800564503,0.10191035581995354,0.10000606633622323
theologian,24.175463233801853,0.10003997541317416,125.4278375744313,1.1222064346704492,7.864905201212957,0.10000007051061066,0.10001209224463381,18.756750343631932,49.93920472981353,9.413580343951729
theological,41.64227578871749,3.238366237142699,114.42430993570149,45.53016276461061,0.641325973278804,0.10000006955484526,0.10001979952554631,15.45408964946311,249.76943577430782,0.10001400740708498
theology,36.22823606631541,6.988319849419623,326.5447470287295,10.62008735048233,1.8011749104389456,0.10000010923140482,0.100017628901761,22.672823281207283,107.19109698939916,12.753496785567425
theoretical,0.10004318961154282,4.005236377548398,29.631194647675166,5.594435799014702,0.10001727861391856,0.1000000109641971,0.1000113228875138,0.10000388919109067,8.169055810223346,0.10000167401886845
theory,0.10001648252962128,22.297082832560076,151.9504407396773,2.085042449817816,0.10003563879492934,0.10000003974853995,0.1000284343906295,0.10002194495567165,1.782903967975572,4.384427469208084
thereafter,7.888166549030997,0.10004709927379225,4.6460433415406746,0.10006235390286107,0.10007341160487847,0.10000014006143547,0.10004627357795377,6.294130777706688,0.10000815045455946,19.571421902443312
thereby,0.10003182182579541,27.613518365844776,46.51060124512483,19.166862722890272,13.698949712037969,0.1000000579155899,52.067888652514334,16.27193104620578,30.167487538016175,35.30272883728251
therefore,166.74859990213582,138.65866680631797,485.5410446444314,336.2196656757538,388.1868409069756,0.10000006765865305,638.6499660087136,259.12370639042035,415.3035913292956,608.467918267963
therein,8.328359998328182,0.7549588744193322,9.20410694669429,8.783217547344046,16.85386352229652,0.10000006455204657,29.70903539203322,3.35586800495347,0.100037180369716,3.8105524686377636
thereof,4.311577721131106,1.9933857691551689,5.249981992156304,0.10002248096936574,7.583996803187256,0.10000007944258757,0.7098806768740312,11.796484235479952,0.10001515271313391,7.054655088575181
thing,1.5714499005318805,249.313598003825,477.50870692016997,260.37029310287727,499.70107922591444,0.10000018359381542,760.7810363779411,352.7527706074513,122.69475949854966,796.2063061788139
think,31.0995265105318,166.72037454155583,163.6190421352573,154.27729411584414,67.29114134841484,0.10000016032285196,263.1172379518717,70.4032493947758,36.86487671087768,190.50725713021188
thinking,0.10001711355603937,60.81063027784765,54.933516193932455,29.772527707695083,0.1000320034415426,0.10000005724378924,4.174689710067683,0.1000210518535636,30.202721034324945,4.705844849704805
third,79.23211325987477,59.01033918859885,19.28553886026363,58.386934599687905,12.656870949149527,0.10000006980147041,0.10002711696733765,76.12447539806213,105.98250617062992,127.12119438663082
thirst,0.1000266653509759,14.387097280870242,0.10002354485503412,39.20429027601958,0.10003398222476627,0.10000008312734997,23.192340790690462,1.825942858677616,33.784982671336856,0.20526184649086496
thirty,0.10001827943753594,0.10001490291247712,0.10002092804050473,10.418240283728705,0.1000085309136316,0.10000005931781128,5.599158755419765,0.1000391517662774,5.058499568209348,32.32399953994619
thomas,21.19928098787218,23.163330908443196,114.19217818785268,48.14356293546147,38.40779355896424,0.1000003943432537,0.10002515535077361,76.11154553446953,5.223963412068497,9.358318924843006
thorn,0.10000433069409752,0.10007431903694365,0.10002429511620721,5.363203117890258,0.10001089895022429,0.10000006710662873,8.088775357287627,11.486493613042832,2.2000398676246453,9.361374132872301
thorough,8.34626527004204,3.709213040166055,2.1323553157523785,0.10001834258541904,7.680152615486698,0.10000000381350223,11.192358641652321,0.10002709151011632,11.068799396748007,0.5708102818780231
thoroughly,0.10003335145088182,0.4724317344656498,17.26996826650509,0.10002528108978734,21.26492855706733,0.10000173950669533,44.83861448911558,17.29785227622479,4.0399520835703715,12.516192220645287
thou,0.10000385308399105,0.8739656935698478,28.235675701796886,8.982868807998226,59.15760654045102,0.10000025066057541,79.83917164118134,125.91602046567051,0.6946810424895333,0.10000600280408513
though,50.31752212377355,66.77875558165287,155.24837852118563,170.54910104519846,63.68316424785655,0.10000018383301439,230.91529265391776,155.70064300589016,62.146075110837245,168.56106752551833
thought,0.1000301186665984,34.97779669516383,282.0500463402692,132.27352493997606,5.9740163227115675,0.10000008424720432,209.09324117870872,17.906688747556814,22.22943029535394,15.29522527700865
thousand,0.10001420050715856,24.883645383234036,15.978522649797528,56.3136716579254,0.10002061807509227,0.10000011976605205,62.85470782431395,12.219907519344169,10.575317149883075,15.874192876828003
threat,0.1000185625380336,73.19897889471152,14.797328045820063,80.346965680527,0.10002578553260474,0.10000003760033085,26.296061063125975,0.10002261692087333,0.5512225469381264,43.40937676596497
threaten,0.10003212773756362,56.06350275366288,23.760102795175857,37.01671749613781,0.724614663337022,0.10000004327842611,124.60205112841922,1.0504663124532854,3.7389953555663227,11.843517323889422
three,101.26175637804613,46.3936978701335,43.559422356763086,39.68763833724765,0.10002948963148019,0.10000015165268906,1.9394759101570656,71.52697535553719,70.78907390021615,307.6419302502809
threefold,0.10001163753137265,4.5742290941339805,0.10002774502435845,33.54360174311244,2.5397049528657343,0.10000004268322658,0.10003169704083913,0.10004532526795303,25.740387334207362,6.101960427782798
threshold,0.1000139442654759,0.10003529655217487,0.10002692685901493,28.405955662003034,1.5286488809357937,0.10000001496383674,0.10001665742455666,4.619040737705871,26.846199453330367,0.10006242560356322
throne,0.10002025841330354,0.10003333960844009,0.10001994367996243,10.049252855735318,1.9585842135650773,0.1000000888688159,17.57893002462356,46.862918884387845,0.10001413241314185,8.050226258406258
throughout,17.572138531175977,52.28154005993413,11.176014378589159,72.42446315125976,1.3419401417325634,0.1000005810977663,165.49848909360387,107.80705773857785,160.89279970626282,44.905556617428296
throw,0.10001877601027163,21.9964440207345,25.196426839081226,7.839146306589374,0.10003273591443292,0.10000003845325113,52.29310253485697,7.557552067313164,1.004426771087268,14.812849909614144
thus,51.0399068947157,245.80510538707426,337.30333215315085,599.4305445515915,139.55061231493295,0.10000017325640262,436.7293943056606,199.86797987077574,408.48402607524235,196.68909827326283
thy,0.10001052993559796,0.10001152916268738,3.1744683836459586,9.057546936924423,16.168480831654282,0.10000039012288071,93.10038633010693,148.58860359748832,1.5104848851517907,0.10000658551376185
thérèse,62.25939600299238,0.10002259261688896,0.10000092643162631,0.10004222215299996,0.100000000002429,0.10000000000157391,0.10000408149643449,0.10003104731806488,2.9405030742866005,0.10000005248376782
tie,4.316775645245346,9.468787418069242,7.449808453593769,9.73048002109061,17.310990059630242,0.10000012022907688,17.73158567996472,13.887312675316371,16.816431103273956,0.18782882321940322
till,0.10002552752955848,19.453515056998153,9.829257822933918,0.10002840971796081,9.25426000541048,0.10000000808738824,9.48726760313678,15.149173304597962,0.10000975733296236,11.426462503954713
tim,0.100033854545059,0.10000815508410467,0.6172461511178513,15.223889069797531,0.10002960745422067,0.1000000947068213,19.908237228925767,0.10007099144804231,3.6504780872195193,0.10000675936637467
time,463.7003371285261,493.64561723022354,528.1814283849425,1323.535976003039,191.3222044012226,0.10000014220517808,1354.133325834266,448.44218016233924,787.3893517652219,626.549578947675
timely,24.65202080134444,20.588062685194476,0.10001866801672223,0.10002908238303262,0.10002346181302717,0.10000007707875698,51.28769349875986,0.10003294014084604,18.331469931122548,1.6406488538165096
timore,0.10000028291541335,0.10000000000036868,0.10000002908264807,0.1000002326397999,0.10000000000082165,34.09999693355604,0.10000024131227919,0.10000182331393208,0.10000000000024507,0.10000045714918684
timothy,0.10002470656704106,0.10000794773563855,1.1396980560805325,11.527564327706125,5.399990785844042,0.10000001657341563,29.811169886640325,0.10002285756656754,9.528234651210239,11.193286763768581
tire,3.862388254603197,0.10002996808702527,0.10501329773864314,23.981308392463912,0.10004131296184847,0.10005571529036889,15.055261995090877,0.10002640604407194,6.495867470973866,0.10000718638081217
tireless,0.1000140091930258,7.187977188638321,0.10002478280680535,3.8265326195424514,0.1000202340369575,0.10000011013490588,25.00878140152552,0.1000314062004696,7.376613938334205,0.10000430929318894
tit,0.3007627988397209,0.10000215113516192,0.10003339145683937,8.624552754228871,0.1000830286001942,13.424257596280453,0.10005108162385166,0.1000415023756085,2.5878081784182747,10.562407516599539
tithe,0.10000087845113192,0.10000011717368097,0.10000112960656113,0.10000027785442607,0.10000077637872569,0.10000001246192966,0.1000016598171845,0.1000022088748547,0.100000000000166,77.09999293933338
title,20.23687399687218,0.8610059595543494,26.186415708176792,12.567834343811574,17.073247482420207,0.10000041625900762,37.354160228033415,65.74907684486564,26.30558519937568,89.56579982028818
titolo,0.10000000000044468,0.10000000000024219,0.10000000000026076,0.10000000000018433,0.10000000000053973,55.09999999997156,0.10000000000015395,0.10000000000035157,0.10000000000016097,0.10000000000022623
tm,0.10004164462834622,0.10000292784864279,0.10002994536007559,7.91994173192691,0.100020338985181,0.10000000851986487,0.1000867610998517,0.10002875598715255,26.043432704788014,7.336415180434246
today,9.04825565283863,446.471064350489,255.2320876198003,206.4067385760229,1.9506533803988853,0.10000005075227239,79.94752887353094,90.58028287632857,519.3565482454612,4.906840374040989
together,83.32042327400146,192.80651722877562,33.48073390309399,303.66781028612536,118.99776789563441,0.10000024537627641,196.42016184587555,191.74071226092292,311.5998530149295,222.86602004492963
toil,0.10004666565223885,26.59639866767805,7.173214172000236,2.2106211284973583,9.028982240775122,0.10000000521393165,103.28303317839358,0.10002188623654186,0.6654265320863904,8.74225552308865
token,0.10000894983735832,0.10001777255165734,5.862382377268036,0.10002840482132022,3.3596485154636633,0.10000010698750915,77.649230142648,1.5286531117720559,0.10002336852450874,0.10000724985352934
tolerate,9.372406984385663,20.58895796695615,16.90148509780142,0.1000214231745416,23.682407761603873,0.10000004146898744,0.10003781754638982,0.10003036155479009,0.10001045145307914,32.954642093749506
tomb,0.2884828900127051,0.10002915677422218,0.10000731832284651,14.726843694916546,0.1000088311501725,0.10000003209629298,30.13176764786233,32.846886724772055,5.505822584306515,0.100151119487879
tome,0.10003936558751951,0.10000332067190133,0.1000054620743421,0.10000651126227117,0.1000059957123781,2.006395007865194,0.10001952439720736,0.10001812813663664,0.10000011393318077,36.19350657018237
tomo,0.1000000000004256,0.10000000000023178,0.10000000000024954,0.1000000000001764,0.10000000000051652,54.099999999971665,0.10000000000014735,0.10000000000033646,0.10000000000015406,0.10000000000021653
tomorrow,0.1000198776954884,12.438175338624065,10.729918027639464,12.131798575031889,0.10001185666018074,0.10000007622947936,0.10002712727162884,0.10001196787769298,0.10003501002145791,0.1000021426727969
tongue,0.10001443400584914,0.10001502353689797,0.10003222086646017,9.66435979192285,4.016193534424172,0.10000042747827564,32.411863578024814,26.45654663701279,9.333285128545635,19.71768922386494
tool,0.10000134855248462,15.049540693848547,3.9363780108213753,2.782803831666472,0.10001223733749659,0.10000001187047249,1.2904146898005555,0.10003008639394335,13.440818490467855,0.10000059893263244
top,0.10001288663731178,0.10003478700732109,0.10000830703050287,0.10000676145617342,0.10000928072077836,0.10000005063495572,0.10001787843599146,3.6765976532674394,0.10000352114216533,82.52330887347958
topic,4.8569677022651145,4.065811740433695,11.928572375627406,2.2820495347233556,0.10003601940483028,0.10000001793528869,6.311240330182213,0.10003025320762,9.751904568356851,12.503387457499011
torment,0.10000516432992797,0.10001882857995853,0.25491019140443877,17.95000184976811,0.10004206124841915,0.10000000922254075,27.42556301795297,10.944209260706561,0.10002164394138374,0.9252279725385879
torture,0.1000106499694094,3.8437641629906674,4.39162236931969,1.779589695780151,0.10001824075847035,0.10000006310825207,25.439088341424213,0.1000233436474037,3.4894970878794953,8.656386044779934
total,4.586474805432447,30.15070178944342,18.690816454931056,56.306586283902185,0.10002356834868467,0.10000005430479082,0.10002206086231853,0.10002300609516462,131.02534645936444,14.840005516999225
totality,0.10000671879662913,17.478706530005148,26.03734660132925,5.775096042552938,0.10001346922694866,0.10000006257563647,0.10000645197584547,0.10001251588803287,27.108781780419648,0.10002982697327828
totally,0.7506879475983431,0.10156020834017933,8.261368985261665,69.77385546169688,9.161385454285151,0.10000062742544721,19.544231490535406,1.6826490817107764,36.30501202044823,52.319248722347645
totius,3.3483124610534256,0.10000225591368087,0.10002137465389196,0.10001473774645601,0.1000009423628876,3.028126795121394,0.10000061596420354,0.10000373582008064,35.92351541417967,0.10000166701709677
touch,35.565718211061004,23.38834902043184,36.27331162879053,118.79499894253502,29.368285763374367,0.10000006417528959,64.26127128940239,21.72765307848218,28.612391927023907,11.908020074383582
toward,8.643237727809462,2.0207836090215094,80.04717697274081,19.86835776816907,13.268421521492304,0.1000000488967145,210.14562252938205,33.22119676386404,127.58518328932564,0.10001976897662065
towards,12.692974947109516,286.68175403083325,123.52616270517008,340.6078138445255,29.967824419306208,0.10000005220200915,185.16629616009465,112.7437349462692,180.323002384366,40.19043650978717
town,0.10001434700175488,11.924284660192303,0.10001254925855109,10.369317185047956,0.10002685230203356,0.10000011116690954,44.60240233724305,6.312048398560318,2.9211567458798804,33.470736813032175
tra,0.10006958571680134,0.10000019455004651,0.10001340059469015,0.10000007802865325,0.10000201325240297,64.1022503048223,0.10000460439439891,0.10001260767253388,0.10000000000109527,2.097647210808606
trace,0.10026926811113959,6.797270208650933,33.82947843154905,5.617541205031204,0.10003811994071295,0.10000003387726464,18.52982954641131,14.312184521880427,9.462794607272626,1.1505940569136213
trade,0.10001545164609522,88.38712697967536,5.285942141300717,0.1000274433901883,0.10006734651046355,0.10000007886080724,0.10005399320845176,5.085475777007643,0.10002397594181958,20.64126681207458
tradition,110.1408524532568,53.941846247949385,137.97287082749614,225.52209008200788,9.595883082297407,0.10000007762578898,0.10002747924732669,30.44964094213781,361.2263235275969,31.950465280051965
traditional,19.376920193958693,23.225149822141823,39.24191512853756,0.10003452495503427,3.630446604193332,0.1000001456289933,0.10002268338849818,16.549798263325656,89.28670137084988,3.389011262683032
traditionally,0.1000195001446455,0.9552185447240499,4.749995808740739,0.10003821446811026,0.10002895412012965,0.10000037669122949,0.10002198833931486,2.8038764924243096,29.89079788881992,0.1000022312124709
tragedy,0.10000886461841078,13.588519885389879,0.10002452496529253,20.814182274262556,0.10000455027433285,0.10000025767846595,0.1000214779164042,0.10001736511873636,4.897218351629334,0.10000244790176563
tragic,0.10001809700330631,42.90288057752049,0.10620091329887903,32.72442693925714,0.10001094101095505,0.10000003723728024,2.784515360367603,0.10001106091512132,1.9819289682323968,0.1000071048854638
train,18.288687874267044,10.847705486672151,15.816690252804223,0.10001577467110948,21.13603292809118,0.10000001360456162,104.63778966448855,0.1000250287934354,80.22691643026089,3.746136546032916
training,45.44538653022479,30.104822056844036,18.469007059677647,0.10001478464919074,23.391809234802782,0.10000002302326096,74.3496825537592,0.10001678135542118,95.8392514322771,0.10000954311078332
trample,0.10000469075015073,15.083412705054537,4.591693249941209,0.10002881039705895,6.743183584303237,0.1000001010660174,22.877586004178706,0.10001130476998421,0.10000995525102886,7.204069594016856
tranquillity,0.10000696979960218,3.101573202043138,4.1981545780584515,0.10001382601339777,7.064114702765286,0.10000006858056214,69.85188745098687,0.10001283580304096,0.1000046473743859,6.284231718336101
transcend,0.10001148903327003,55.711183254500725,13.495722104622772,25.813605505061446,0.10000884033179556,0.10000011565892936,0.10001708402908362,7.379401934510087,0.10002996168846745,0.10001971028597992
transcendence,0.10000782335086118,13.418949347051269,1.2651444144393826,13.282361882895731,0.10000249776016833,0.10000015407023245,0.10000316942854796,0.10000383499975914,13.433526517344765,0.10000035845467875
transcendent,0.1000240022051794,46.56237196287649,34.1430097080841,27.69127226108136,0.10000402398649838,0.10000004971501972,0.10000407452136312,0.10001328677174126,19.003298541803364,0.10000208873638723
transfer,48.8628555747903,29.305512391726726,0.10004927155732136,5.607970563082774,0.10003192980424942,0.10000006340954072,0.10002499622943968,0.10004586250615297,0.10004167593712845,73.6234676705652
transfigure,0.10003116798810913,3.1249568544039015,4.990753378673279,27.18413541041899,0.10000208602093869,0.10000003005612292,0.10001987572423948,0.10001660210012522,0.10003543767989177,0.10004915659852066
transform,0.10000811829320959,33.39223310966652,15.483566804477908,115.49694350778209,0.10001081256353689,0.1000000250255246,3.7016353628077017,7.578543257767667,91.94704776565632,0.10001123566440721
transformation,0.17947809810936932,28.48667862436073,17.440226379039807,40.20070065268148,0.10002002359575751,0.10000001325659333,0.10002097497245445,0.10003282255487503,36.192822610319354,0.10001980077064217
transgression,0.1000097232169578,0.10003962659174429,8.057581516202356,16.41983326702999,0.10002729190355442,0.10000000507232251,0.10001725917911516,0.10003456796308231,0.10001487925276874,20.822441863299407
translate,24.15589906012636,4.774407174469402,0.10003402898942111,20.88880363110783,5.063457234364517,0.10000013190082939,0.10003263133904614,0.10003143517000568,37.164953964937276,36.55238070724081
translation,23.27592241380064,0.10003138295920787,4.726260243944963,8.686952989069985,0.10001587143875261,0.10000194179612339,0.10002876388722451,0.10002898512803572,6.844757422783102,90.96599998485263
transmission,3.3063244041998034,0.10003246962910724,7.068744244893136,12.667150841395417,11.489481736635424,0.1000000033223845,0.10001208584328362,0.10000332889790223,57.18617127622656,4.882079608664495
transmit,8.20908421513118,4.605740529430731,42.08559472721711,28.56405113025941,8.510264431727618,0.10000004700175054,0.1000334239422965,7.536557894453269,138.2607636822746,6.02790991820936
tratta,0.10000000005059881,0.10002870647738715,1.0967285753229392,0.10015086337767247,0.10177894188217079,59.10007794556999,0.10088480293368436,0.10000104015634245,0.10000000001832567,0.1003491209348987
trattato,0.10000000000024178,0.10000000000013168,0.10000000000014178,0.10000000000010023,0.10000000000029349,40.09999999997266,0.10000000000008372,0.10000000000019116,0.10000000000008753,0.10000000000012302
travel,51.556330020654066,11.24793181537063,0.10002375147937329,13.830595541427211,0.10001934769517304,0.10000003127108731,0.10004280897741118,1.5261714101743802,17.697679033602235,25.74120623900137
tre,0.10000000000072892,0.10000000000039701,0.10000000000042743,0.10000000000030215,0.10000000000088474,45.09999999996988,0.10000000000025237,0.10000000000057631,0.10000000000026389,0.10000000000037086
treasure,5.497367277920403,12.79504818649286,19.502645748277565,123.09391218177572,10.396888975401257,0.10000028601040997,64.50636837243916,96.09951636868253,42.45287901636167,3.5553735862964992
treasury,7.080989905616631,0.10002181673338632,4.949095693150741,9.506281386379174,0.10002405930242306,0.10000005524825391,9.810512468660617,25.61983001920185,0.10002477699884917,18.633219818385513
treat,17.66696972224273,77.81761852874833,89.92537832200529,21.013042481288625,43.17484690681482,0.10000007159123293,30.68140361860641,12.712754146816957,16.488024744859192,78.41996145668595
treatise,2.8876965462695834,1.5208618345465663,9.672643260552725,0.10002458417319177,0.10005281325222508,0.10000008087504031,0.10002555343506243,8.721365988639183,1.3632718303678517,22.434057507522564
treatment,2.072854796030482,23.212404333099318,43.03089502326656,4.224356503645914,0.22875787220905636,0.100000034407975,0.10003879677900993,0.10002823971290445,10.518900018270982,6.411764382208373
treaty,0.10002219512920112,0.10002082151625424,36.55233702682978,0.1000119391780473,0.10003290230366294,0.10000028016108718,0.10008912874402279,0.10002246653646431,0.10000038737217128,16.647462851881087
tree,0.10002564445839174,6.444436891728801,16.3564136994199,25.903002633846068,0.10003197482567362,0.10000070159411763,11.011931659564647,17.87543481247702,2.9507989801532633,1.1579230015687325
tremendous,0.10000940504802981,12.148311537705862,6.578527979394038,0.10003396331197822,0.10003407851513205,0.10000002470728281,18.372952714233815,0.10002638815332533,3.3759473719469746,2.024156536635387
trend,0.10000796459538741,28.57492082565003,12.967649044296854,0.9972019379258176,0.10002054314822381,0.10000004461481583,0.10001390665405638,0.10001903866659734,7.86016450686808,0.10000218732591339
trent,106.92680541892915,0.10000413200792366,33.41963678930264,0.8188062586198472,26.925154636503958,0.10000005097387496,36.83014968712547,23.673262583999627,0.38399222955999346,18.822188212678295
trento,0.10003074727435261,0.10000000000151137,0.10000000000162713,0.10000000000115024,0.10002242637048382,64.09991718649326,0.1000129726402981,0.10000000000219438,0.1000000000010048,0.10001666710728742
trial,6.226932537332494,4.644636832766754,14.777540271139758,52.68061378757334,0.10002844161294025,0.10000005974280761,109.45771889638372,1.49864351691276,19.873524206050437,16.640361450143608
tribe,0.10002583090882854,0.10002289719495404,9.270859563339881,0.100038229558991,0.1000299735419315,0.10000001241062685,0.10009046084662977,1.5341886096168713,10.557843088167926,20.03690133394004
tribulation,0.10003395248667091,0.10001081892734864,0.1000207782510478,21.187636495641712,0.10002503542140194,0.10000003835981278,50.72554450713257,0.10002936395584733,0.20572868366332142,5.280970325846345
tribunal,34.22648956099936,0.10001456910615693,11.6438650324496,0.10001933811093404,2.9350027472671507,0.10000008476298734,9.644644948225174,0.10001419460739606,0.1000208256321843,3.0499286985597944
tribute,0.1000086124467211,3.8026824316837344,0.10002254080629844,0.10001479716716181,0.10002033576016331,0.10000002040557454,51.228682457144195,16.33211700300713,0.10002706553483359,4.0364247357577865
tridentino,0.10000000000080803,0.10000000000044007,0.10000000000047378,0.10000000000033495,0.10000000000098068,46.09999999996942,0.10000000000027974,0.10000000000063881,0.1000000000002925,0.10000000000041111
trinitarian,0.10000707541235293,5.697671576831908,0.10000725078548947,30.13836194494564,0.10000423290737334,0.1000000189026991,0.10000198632265858,0.10001266226341639,49.463933127167415,0.10000012428552331
trinity,0.10001727122511037,7.052698955096076,0.10001181038042407,79.32391324085056,0.10001077658700483,0.10000004665352163,0.1000179649929091,80.36348417864815,67.93990114044968,42.819944614840885
triumph,0.10000941680771332,15.196548600595026,10.787991275332262,9.074589633610163,0.10002338411228676,0.1000000867067466,86.42044745033647,42.95904223890604,0.6823758277352193,3.578972085518108
triumphant,0.10000493754362365,0.10002041999446218,2.4025713117519487,2.0641243550255908,0.10002475252922158,0.10000000891401553,10.427016010358848,18.066439807147187,0.10000886389061736,3.5397895325536397
triune,2.4483145365650927,0.4708532234918891,0.21802893463691428,39.61137231885851,0.10000804996019654,0.10000005635178331,0.10001309672090972,0.1000333710763055,9.751350510046304,0.10002590197107927
troppo,0.10000000000048995,0.10000000000026685,0.10000000000028729,0.1000000000002031,0.10000000000059467,42.09999999997124,0.10000000000016963,0.10000000000038735,0.10000000000017738,0.10000000000024926
trouble,0.10001818889483152,11.989524778728411,15.283291030489018,8.816960974084404,0.10002988983229166,0.10000006373184554,107.05975180315961,11.181840229909811,5.532543692138575,38.836039348694456
troubled,0.10002047965302763,4.152788743697393,0.10002188055503171,6.671146502545117,0.10000597717921768,0.10000029241645546,23.685480131232787,0.10004421724735772,0.8904565721225713,0.10003520300040061
true,15.416655242538065,339.91416577305796,600.2245285778188,415.85535427214154,245.8259869937183,0.1000000555257179,349.62427183413456,161.8023606729059,397.50842128964604,216.7282552881776
truly,9.247072443767875,116.36141383337784,46.53305418673807,168.07065256088245,75.70806615558091,0.10000020172570687,135.39753209951905,140.66532270150842,202.43555404614136,110.48133177042223
trust,0.1000246344406885,52.08617818322203,17.011857650183497,119.75643404209387,0.10002461120891877,0.10000006391197142,214.23801818743087,40.761476568877924,83.62171697540987,21.224269082890007
trustworthy,0.10002363247829663,0.10000686698199143,0.10001671433032927,18.451045584051528,0.10002427561559077,0.10000001582675666,0.10001971383874417,0.10002011632620297,0.6770409645143999,34.17180211576139
truth,0.10001940226014477,288.7841038360771,1608.561695448715,1139.9160553174022,152.2137751954721,0.10000005403868698,464.5247774256862,179.95930848179097,312.74964130388213,144.09062353434751
try,5.688869263228491,56.882980140638495,95.85064442605045,50.54717492792246,0.10002510141949761,0.10000007471780757,142.5078381452599,0.10002661210496218,17.152429170528727,66.07001213779606
tu,0.10002189488258398,0.10000110098696376,0.10003470308300316,0.1000109383636663,0.10006149209037743,35.11156895499819,0.10004922266933255,2.0882347173698705,0.10000511913070101,0.10001185613809882
turn,13.820965953594653,130.07133311631202,114.78570650024879,252.22926896924054,20.54891312961598,0.1000001671424021,305.1014591102921,62.98093423167244,77.77089378457883,59.590525036965104
tutta,0.10000000000059697,0.10000000000032513,0.10000000000035006,0.10000000000024746,0.10000000000072463,95.09999999997073,0.10000000000020672,0.100000000000472,0.10000000000021612,0.10000000000030372
tuttavia,0.10000000000068925,0.10000000000037539,0.10000000000040415,0.10000000000028571,0.10000000000083657,135.09999999997024,0.10000000000023863,0.10000000000054493,0.10000000000024951,0.10000000000035068
tutte,0.10000000000064936,0.10000000000035365,0.10000000000038077,0.10000000000026918,0.10000000000078817,180.09999999997044,0.10000000000022483,0.10000000000051341,0.10000000000023508,0.10000000000033038
tutti,0.10000000000089147,0.10004094329323276,0.10000000000052273,0.10000318395204534,0.100000000001082,491.09995424199053,0.1000011956479233,0.1000000000007048,0.10000000000032272,0.10000043502812059
tutto,0.10000362507491167,0.10000000000137771,0.10000000000148256,0.10000000000104807,0.1000000000030687,200.0999895674019,0.10000229442106105,0.10000451305629433,0.10000000000091545,0.10000000000128714
twelve,0.4709044923125637,0.10002590181990588,0.10001823505789854,10.404942915869881,0.10001669996939298,0.10000001352342415,0.10002505031191948,20.095500739668083,59.881268268660484,25.6472976825022
twentieth,0.1000318946161338,6.553549712231242,5.96217015587644,20.010962520774846,0.10002759693010291,0.10000008137831648,9.556965166071068,0.1000247785320811,5.097285657925105,4.418982435318371
twenty,0.10004453624419145,20.908384522430293,6.091823638585543,4.36835838824145,0.10002034970869222,0.100000017945745,7.061632774651331,0.1000203310938564,5.224136357486636,20.94557908326298
two,174.42698588169785,130.11316485530978,146.3405061695698,290.39761076859367,90.60204296267067,0.10000008040663345,8.770047164082891,68.84567936058431,193.63097228632236,365.7729904704244
twofold,0.10005709857763713,13.473739686257982,22.123391994704154,5.474834577999087,0.10003760768382434,0.10000006002394139,11.967276578651308,14.849438358000915,10.492651669550112,4.318572368180672
type,6.748557994863792,73.39121164689091,46.452823359316746,1.1447980574444752,5.72501937238578,0.10000004414504539,16.531091914128094,16.52446503481161,32.18282504635256,18.199207529311806
typical,1.996261873688256,19.010536880206836,2.497362502717215,6.591984817654777,0.10001009021513169,0.10000011781765558,0.10000916392465785,0.1000161840987433,23.43629544497709,1.0675229243906905
ufficio,0.10000000000066542,0.10000000000036241,0.10000000000039018,0.10000000000027583,0.10000000000080768,38.099999999970194,0.10000000000023039,0.1000000000005261,0.10000000000024088,0.10000000000033857
ultimate,0.10001893916274365,27.07103984425215,97.40850490110306,78.50162436437722,0.10001870518291531,0.10000005411945179,0.10001706712318208,5.4596503098637506,30.059123828669243,0.1000019858833864
ultimately,0.10000924914079798,35.212715279063865,12.871933242572684,53.11917919116252,0.10000774770759469,0.10000011371439123,0.10000978132502482,0.10002057340079369,14.196121373904688,0.10000344777690322
un,0.10001277635005691,1.5193376873381772,0.10001525996795121,0.10002968231234721,0.10002173908318028,901.8618193490462,5.9187167174188895,0.10001823985009066,0.10001507738150735,0.10001347096565923
una,0.1000249617636146,3.952078435143904,0.10000260287057437,0.10004183388119917,0.1000244471002517,625.2893032199283,0.10000209019446993,0.10003388441558902,1.0584882099146347,0.10000031450004118
unable,10.372531365251776,23.489064262305813,5.9661009404599215,13.089709695813644,10.945797782318857,0.10000003096519865,29.690480697821094,0.10003267928711942,7.086495135091928,33.159787410337046
unacceptable,2.5503869232097864,43.34132469228541,0.935194235278914,0.10003540948977373,0.10001609122207741,0.10000018000545659,0.10000100464684457,0.10002313180994919,3.67099811496607,1.002020216769769
unanimity,1.954001994770285,0.10005632732914067,3.0283386478202785,0.1000547912225986,0.10005526001923482,0.10000001267602748,30.317432977588155,0.10001532844069533,0.10002594358255314,0.10001871615101826
unanimous,3.2319222588658714,1.2322717912563323,2.333895670613415,4.078554281228015,7.9264821466300965,0.10000011172088705,30.751235161320654,6.594002455442294,0.10003619368311674,13.651599928864105
unanimously,14.546487186508363,8.955487692660242,0.10002981656178651,0.100032669509542,0.10006198514282567,0.1000000000063547,0.10006498066293429,9.074881935377828,0.1000389989541005,15.822914734167965
unaware,18.820936525211064,2.8028229100043207,11.072302273755593,0.1000245370065809,9.248619499361926,0.10000008104525668,0.10005630620984347,0.10003433632465927,1.270391367112414,9.384812163554635
unbridled,0.10000499366705748,9.318742904448147,0.1000134839201903,0.10001905871328147,13.513383822675399,0.10000003413528953,34.86417704408885,1.130625050582048,0.10003265915183378,0.6730009482951016
unceasing,0.10003640688477541,5.760615273111245,0.10003153246412885,20.964106418558963,6.1940658247178595,0.10000001967223171,26.03242276167789,7.897037639230716,9.751668647208783,0.10001547614103062
unceasingly,0.10001431260809043,3.0312495388724696,0.10003114944028879,38.43770906254242,5.261343568370876,0.10000007201746167,21.119799757744968,7.261108113589386,15.488710325766489,0.10003409870467041
uncertain,3.1440985332227647,7.553619133074671,13.994807176735062,0.10002634598911017,5.856077791974044,0.10000021588865056,28.667396252144762,8.342219726223133,1.9685466734958916,6.273208150900231
uncertainty,0.10004177633723883,25.593357632478813,16.911299850178022,6.200319643620514,0.10002016522504352,0.10000000564180013,0.10003405782404433,0.10004245195887851,10.059020648896237,6.735863767471641
unchangeable,0.10003883290438406,0.10001700638146765,5.879109332273178,4.771101070195718,25.66894957840868,0.10000107087054892,0.10002013998438364,0.8106206669878648,0.10002858295715585,10.370113718705676
unchanged,9.27493790424721,3.285518690849502,3.7188684072398264,5.346528156481062,8.112063701746834,0.10000016638817404,0.10002778210025857,13.052860093292947,0.10002063709443908,5.909174460226602
unconditional,0.10000623521985821,10.689266601263387,5.980260581095628,0.10004277289773639,0.10002580574487913,0.10000000438104975,0.10000698376650614,0.100002684981547,16.656759275886692,2.0736290544774563
unction,19.498884964051946,0.10001397146105558,0.10002270576716576,0.1000170270180498,0.10003094796717173,0.10000000838975605,3.6429111367688813,0.10004819387620213,0.9753168562898644,13.28275418806121
undeniable,0.10000973094931773,8.71301178357409,16.444424571118205,0.10001960059481914,0.10003589965814635,0.10000000545136316,0.10002247508897259,0.10001224496419711,23.142456381820985,0.10000730652608296
underdevelopment,0.10000009616220815,39.09997275055562,0.1000029377122355,0.10000898235293612,0.1000003638324072,0.10000000114398998,0.1000006909093927,0.10000006619390713,0.10001408686017771,0.10000002419357837
undergo,0.10000975508568045,11.847383650685149,16.13771833419167,12.427237749054088,0.10002296805674571,0.10000005316670116,29.924330269426942,0.10019304933207925,12.344219977055984,14.918884193616103
underlie,0.10001293879787072,13.171252778657745,7.8115481758353615,9.595480663212628,0.10001154075172873,0.10000009207383251,0.10002358947689956,0.10002038709862886,13.821607326910488,0.10004250686677316
undermine,0.10003484583534095,20.473417339643465,31.373534218390937,0.1000306662490896,0.10003207477165053,0.1000000292030751,0.10006750034794135,4.6576048384686635,0.10004769770338713,1.8952307889277065
understand,37.35551578810894,73.70249704502642,229.07603339679477,328.28484185176245,71.38101763183117,0.10000006870461856,167.54699984632447,52.4463498029275,137.83820225279175,62.26854231539099
understandable,3.7668385109917244,2.9313720478808882,1.7039309593084426,21.025692352761354,0.10000995937763253,0.10000017797729598,0.10003595770072254,0.10001658621736681,12.382003374082684,1.7901000733493406
understanding,9.104054867603404,75.55036633398359,147.61494040636268,98.73149804864688,15.080138120629018,0.10000005680883893,0.10002761805860484,21.76853594918721,163.70660177969248,16.24383681869409
understood,6.147769889618894,55.22690788517015,53.48272463662182,70.80508654780613,32.749935134463115,0.10000007311442738,0.10002495163205578,31.871522139710148,80.71189929778032,45.80412944375407
undertake,32.02608329866744,35.37436814849099,29.59627816580037,13.304162068843018,11.831824735258877,0.10000004030720075,146.90385005994207,11.677073828846556,54.00858095142336,52.177778702079515
undertaken,8.588755689113878,9.703730783336066,0.7517979232477365,2.3488250096329377,0.10002796769165964,0.10000005922313626,16.14160690135401,0.10001054739893234,6.341983729243944,1.8232613894077172
undertaking,6.6665288217961125,14.025634517453005,9.60707228415936,6.073973568957399,0.10002701906755225,0.10000002289435053,87.15632694362665,0.10002366356419916,37.66432040914564,12.506092748997538
undivided,0.10011236087090661,0.10004118480277174,0.10000975299132858,9.908938179873026,0.10000821074277029,0.10000048199684126,0.10001173295071104,6.50627247769648,18.84444640722755,15.140159210550767
undoubtedly,0.10001953390667559,22.28992621068299,20.545773556227278,6.194550909128929,4.436777074352297,0.10000002381788017,25.264825979592104,19.21065108617365,7.482847860050431,3.374627765724776
unemployment,0.10000298015122536,45.63350956596584,0.1000152986718603,0.1000099019817311,0.10000748381163634,0.10000010380159405,0.10002134038711886,0.10000850081171048,1.566423735784901,0.10000108843026627
unfailing,0.10002376653269794,4.964028502950159,8.925915285335204,0.10002888477485147,4.01768662548891,0.10000016245784743,8.816042285048159,12.18275463462231,16.693508643262746,0.10001120920864845
unfortunate,0.10001989960200369,0.10001853181436106,9.815624788162815,0.1000342171381614,0.10001687552999916,0.10000000285187113,41.07912975277371,0.10002852470583079,0.10002680842034292,4.405100598687912
unfortunately,1.7885808356368824,29.97343006080914,28.439635539184764,24.63189805846319,0.10002866710839152,0.10000008215009093,33.06572627758164,0.10003158478005196,22.70066094063119,0.10000795333804355
unhappy,0.10000569172908924,0.10004466966023377,0.7623343777176661,0.10003912676734557,0.10003274317728032,0.1000000117358711,69.21113696900989,0.10001616461010403,0.1000071968755923,1.3263830484114842
union,89.08098492753413,79.77053899970957,8.600501429907549,266.8358645893092,204.9694935707005,0.10000004886609308,233.38536169442798,126.99006829943563,77.44735221251034,169.81983422726617
unique,0.100038090743625,30.52468965637436,7.238058147989768,134.09566804079807,0.1000283343826301,0.10000004993003825,8.398104515493657,27.05140857949211,87.46139165136717,5.930612933080097
unit,0.10003214087564286,19.9316139519513,15.267889539903065,0.10005864540545095,0.10006263784260688,0.10000000978846339,0.10001495926661165,0.10001984614028644,0.1002982632049839,0.10001000523153313
unite,9.886921607178065,62.40532018107721,41.993285571563824,152.1865626713267,6.191909030284449,6.115890525329013,249.15794392324287,127.119198408369,90.70381240659411,40.239155674669604
united,18.14922950074323,92.87695077370677,0.8855636673989127,57.00501320658377,20.97668690663257,0.10000004383216914,122.66069446446848,65.3137865134332,51.82171373638025,4.210361186483659
unity,127.01987833916998,46.346715838606485,52.33092118634918,386.7045431092313,0.10003067125754697,0.10000005514210512,498.7714401431098,74.76484434259564,591.0775009801023,122.78412533410241
universal,66.68704667497519,201.79773258281222,123.84947400703732,93.1704131763026,2.3610113361672767,0.1000000744062927,50.83015064371634,118.1143153052161,345.6136245032104,244.47623169581865
universale,0.10000000000047309,0.10000000000025762,0.10000000000027735,0.10000000000019608,0.1000000000005741,37.09999999997129,0.10000000000016378,0.10000000000037397,0.10000000000017124,0.10000000000024066
universality,8.252078101312154,7.752892911357669,30.595328743542183,15.998120892331137,0.10000652625705331,0.10000010151378433,0.10001947630604162,0.10001868838332666,48.90152979800123,0.10000476073079108
universally,3.3202431699566257,17.18137702283084,25.073068833609533,5.633669542703218,0.1000294436997829,0.10000008907220595,0.10004336022499831,4.446622385801723,0.10001818902438274,1.94492796271654
universe,0.10003607192619658,48.40341994564454,51.958093114862706,56.818413995376666,1.3304521479899702,0.1000000558168701,0.10001960631274703,6.989536571707111,0.10001810253889701,0.10001038754788646
university,365.29178677016927,33.228822621307465,40.47583121105717,0.10001166176920233,0.11214369492336321,0.10000011230834208,0.10002936820573805,0.10001123946674756,50.73650548655907,29.75485783394328
unjust,0.10002640795112806,73.01661622993976,26.665874225337483,0.1000276946490663,46.955681606601914,0.10000003905277584,0.1000366853892364,0.10001721482944659,4.908619564297197,58.953100331615914
unjustly,0.10002897556242415,11.467050017809107,0.10003583380073301,0.10003053304698303,16.754881152279385,0.10000000447294301,0.10006521098789518,0.6074460793528035,1.6900276446557232,42.98043454760049
unknown,0.10003563894438663,7.34894584449895,17.931779865846117,28.93861534829554,0.10003064059407347,0.10000006246031592,48.952595304602,0.10002658450112749,3.395684749989787,11.032285959923298
unlawful,0.1000423662583831,0.7210493565373808,9.012722873510448,0.10001620288738057,28.991100783158327,0.1000000777501171,0.10003582827218337,0.10017461176071214,0.10000815633069712,25.674849743182925
unless,51.66008605552292,84.78096882261131,27.347829626929126,0.1000283464078357,87.01282804364979,0.10000004425762146,50.698756149211924,26.168439873558444,33.961886406206204,378.1691766313083
unlike,0.10002406025407307,3.600646900842412,4.359551155676653,15.00951726821686,0.1000322180777318,0.10000005472236959,8.426676793122423,0.10007792220314773,2.3967428425255957,4.806730783994846
unlimited,0.10001197287686506,14.384222155699597,15.744727350982632,0.10018941513108848,0.10001354236037988,0.1000000624436358,0.10002648227973827,6.826807036343338,0.10000537512990298,1.4439966064695033
uno,0.10000214886680796,0.10000783313634772,0.10002334286539304,1.2349709699573999,0.10000000000184706,80.09762929866494,0.10000263902107358,0.10000076792588171,1.9673628075828922,0.10000019176697164
unto,0.10001353894319231,1.9178219629604563,3.194877563273705,36.09391058810327,35.75311939891571,1.1105276889507563,75.20058991663333,109.12039319047025,5.831046703112687,14.677699448263937
unum,0.5404115655528166,0.10000960955685083,0.10001433667772987,0.10002452312754534,0.1000024185645446,5.085881646885554,0.100017348083712,0.10002772885080187,40.67360616359755,0.10000465886764208
unwilling,0.10001768943005086,0.11065981069037734,6.712354878696656,3.0702171981267363,0.10005354606689867,0.1000000335422683,7.589838138308066,3.607046692257658,0.10000344016018407,25.509808572369714
unworthy,3.0930468426565745,5.486644241765475,24.05522491806107,0.100025284176551,3.246803531136979,0.10000011979097541,70.57286221527603,14.60081992793538,0.10006957767462449,50.644503341180624
uomini,0.10000000000068034,0.10000000000037053,0.10000000000039892,0.10000000000028202,0.10000000000082575,107.09999999997031,0.10000000000023555,0.1000000000005379,0.1000000000002463,0.10000000000034613
uomo,0.10000000000045536,0.10000000000024802,0.10000000000026703,0.10000000000018877,0.1000000000005527,59.09999999997152,0.10000000000015766,0.10000000000036004,0.10000000000016486,0.10000000000023168
upheaval,0.10014081696444971,12.497180929429753,17.78968151042406,0.10002298898542392,4.2227518417873995,0.10000003654345183,0.1000658982472546,0.10001580369756954,0.10003810765497641,1.890102065778758
uphold,0.10003865007702947,25.216577099193493,12.61206966395624,8.03423449592118,9.393681419647253,0.10000003937572383,21.19615999381689,8.408267927795123,2.3671123240215572,6.571858385837045
upon,44.49079383946941,152.66439926750704,401.60798121609594,317.2289450538198,213.21843408533604,0.10000019083332515,773.860536046457,327.07891083540875,170.46887892264576,154.281120542091
upper,2.3196090459382015,3.029638436448036,0.10001762597978998,88.43500210638473,0.10002889716293745,0.10000001879119456,9.018418613827157,0.10003091543436961,0.10002293923540281,2.697231400471008
upright,0.10003082978021346,0.8090504895457942,20.618951745221512,7.539489329679658,15.429191483743587,0.10000010791097061,34.379767257085305,0.10002251517511544,2.9572560598288535,11.966240181676516
urban,34.51456255864677,24.21343961506655,0.10002659252809452,0.1000105008519325,0.1000339761985669,0.10000002207955515,8.661099532598714,0.10002549336191795,14.935962790239985,23.174838918120862
urge,9.28108400026344,22.684568295161508,22.01327283683138,5.593689155601073,13.240083036140964,0.10000003976457729,259.7982465111026,48.96313601628854,51.99250026406872,43.33341984443952
urgency,3.4044361826514606,22.156417838568384,0.1000284412190075,0.10001998094913017,0.10001089431243806,0.10000000711081411,2.612242070342053,3.4613123639195247,42.99389328945625,4.971638931146734
urgent,14.016795194392767,89.5689109760421,43.93262595891066,2.100130916394618,0.10003224234563714,0.10000005904984455,25.72124658404213,0.10003413466844109,120.0999083407269,23.260315593076488
urgently,0.10001473267904078,25.60096514279435,2.2509864331731237,0.10002710104946279,1.7651991406298209,0.10000011639357308,33.692223649140395,8.06996023032624,15.56916647216386,3.7514569813141603
us,0.10003873272331827,6.650242684709088,9.626341924205013,0.10000800349265491,0.10001924101503963,0.10000006989243308,136.4007947236706,4.73931251856144,0.1000042610294807,15.08323784044375
usage,38.05392569277006,0.5387827173025442,17.38511554040406,0.10004805664801114,0.1022763304362497,0.10005301238539333,0.10001969970920384,0.10004051104866367,2.2107617177851027,3.308976721091416
use,388.1478823267962,448.897026117655,419.55497453762433,70.69421422773259,280.14364411052435,0.10000030794266274,213.56133911156843,152.23949369333548,200.3372730584586,294.3241525080273
useful,17.10999107120855,30.779945762853988,46.31847485043801,0.1000183228455265,34.21613357982699,0.10000004989726853,89.01196567098151,2.1910746386419757,55.47638966662448,44.6960063863612
usefulness,8.787127955067406,3.726507105994546,12.653596095586936,0.10002258244600847,4.385441678477677,0.10000000356962628,0.10001949385929078,3.5474957921492685,12.499776718159026,0.10001257439511659
useless,0.10001755060059771,15.270339011650776,44.606908354813335,0.1000279168754244,0.10003190513895419,0.10000178903956755,16.796890548644964,1.9326884478515203,0.10002242691365194,18.893072048148937
uso,0.1000000000011266,0.10000000000061343,0.1000000000006603,0.10000000000046684,0.1000000000013667,57.09999999996761,0.10000000000038986,0.10000000000089053,0.1000000000004079,0.10000000000057344
usual,12.721032318306646,0.10003160104570641,8.178691273676536,10.008414878530496,0.10002858704570385,0.10000003492088558,22.833184371794413,0.10003891449648916,3.0299992230085793,12.828578796815195
usually,23.240705287216716,26.86292762756747,5.212748923565392,10.638517518460581,9.586880948721216,0.1000000511171127,13.568907064576514,8.695408759514914,9.091402365226523,23.002501453685635
usurp,0.10001234045428273,6.300503431882851,6.931692549919355,0.10001193544070455,0.10008680999272776,0.10000006887774916,0.10004234959012068,0.10000755632612048,0.1000160788982352,29.067626878306093
usury,0.10000374964658675,2.75973258941654,0.10001284586331043,0.10000171515617207,0.10003979542894657,0.1000000010608072,0.10001931801394143,0.10000499978117151,0.1000006804734744,42.44018430498995
ut,17.106185101407835,0.10004712012819582,4.67064164759361,18.098396751829988,0.10001373798240715,90.79527916213125,0.10001453915160904,0.26960132148145066,0.6598139549214492,0.1000066630473861
utility,0.10000986545271084,7.007753479160518,14.173951889847551,0.10002097315907886,0.10002648666129647,0.10000001813746366,18.5570465396714,21.586732532100896,0.10001630176723465,12.174441913754109
utmost,0.10003346561129194,0.10002928921001757,6.964226318622913,0.10001888070209605,24.800908052420546,0.10000009285040999,72.23020461444662,4.718504882805519,0.100009375596666,13.786065027447975
utter,0.10003215137720571,7.945773426496035,11.93868988581313,44.094160986796616,18.880765514737995,0.10000004177152261,28.472125699963517,19.164274257938633,0.10001653900016375,8.204161495786638
utterance,0.1000065798629251,0.10000750345239301,6.4658826586291305,5.028427288785992,0.10004055409753641,0.10000003580756264,14.94843147520194,1.7276418139260346,4.319360584536728,7.110201505377125
utterly,0.10003007063772598,0.10002471205782414,19.240844939076684,0.10002453103959151,19.534034894533402,0.10000006342207118,45.34618930064083,0.1000260829533508,1.7388824311506093,44.639942974156504
vacancy,30.492125794263828,0.1000003363773582,0.10000016352659867,0.10000025570741668,0.1000000000004663,0.10000000398982004,0.10000052356847419,0.10000126018586733,0.10000000000013914,18.707871662316002
vacant,36.56807806584099,0.10008211130864288,0.1001840037605547,0.10007097931496352,0.10004060831784863,0.10000000227158261,0.10019760502493391,0.10007984931012144,0.1000002949214552,52.63126647897211
vain,3.1043853055506143,10.886405134231605,37.03311722840524,6.849352925722686,0.2173603650475469,4.280388813438913,131.43952197295434,6.618800517128454,2.113200068987168,13.457467668151407
valid,60.69888752339364,27.643334782621366,54.354794129987454,17.9378626525084,8.431373353146393,0.10000007985566482,0.10001759734235403,0.1000340347648654,52.87997952135651,40.75371632470409
validity,24.4091878579113,21.84338873631715,21.466610523668745,0.10003319320658995,0.10002028781327876,0.10000005247057123,0.10000850507026585,0.10001775886291375,11.512843572369288,25.267889512021043
valuable,0.10002841366830718,24.881525699927558,6.5827007946576375,6.204389247734773,4.779520976366912,0.1000000567305682,26.78160766916844,0.1000301536205768,69.38817767295022,1.0820193148178663
value,0.10030370696431505,467.4113252360259,281.06982687243493,99.58087271199808,24.679564784250875,0.10000040266036771,3.1963451004239274,37.09002765549511,515.9899716792377,17.7817618501775
vanity,0.1000067642873551,0.10003364318901967,7.111153969476211,0.10003740569541036,0.10001884699115858,0.10000003769790355,20.112624329798642,9.076006198797383,0.10000970672264223,0.10010909703314656
variance,17.333956840854214,0.10000936996542574,2.590591963272698,0.10000544764146532,28.798147340997424,0.10000000134716293,0.10003312084032717,0.10001400852895918,0.10000105862496322,10.677240847711795
varied,0.1000134645810149,2.7042189822843667,12.819444047113766,22.830329471356013,8.391882281742543,0.10000001987400518,17.84454373677377,0.11304773230273875,34.037270591830094,1.0592496717836093
variety,0.5358464631860121,55.22654556035621,15.214782942768947,5.799507446661656,0.1000294455793646,0.1000001975169854,25.338739354053516,25.216118424190345,113.38071733133411,15.087712834012946
various,108.48958886934489,341.3982425555304,127.87312454723804,143.2854810870486,69.66988370255532,0.10000020725784511,55.08917454428533,29.453677480587107,490.69742554588186,118.9434014599332
vary,5.308982465774252,20.389464759447016,37.30958300994387,0.1000258727239041,1.5086147620769308,0.10000005824272667,11.83895831324617,0.10003418651603972,36.24432495878566,0.10001161292640434
vast,0.1000164742007614,59.15996379831276,40.35310620337903,31.9887958422575,0.10002957047531968,0.10000073008259953,65.09449408198253,10.324960079037245,42.67862597236797,0.10000724760393717
vatican,191.2247974585342,29.553315058649414,49.446843647835976,444.42498331218917,0.10011652525012998,0.10000006818911446,0.10002564782540502,29.306342656650028,725.0321772746264,9.711398349926027
vaticana,7.844711587407273,0.10003597850161434,0.10001311064509513,16.11585600933164,0.10001907184753314,2.000185953079541,0.1000130328673848,0.10001080692927074,21.439151441164448,0.10000300795683488
vedere,0.10000000000034348,0.10000000000018706,0.1000000000002014,0.10000000000014238,0.10000000000041688,42.09999999997208,0.10000000000011891,0.10000000000027154,0.10000000000012434,0.10000000000017474
veil,0.10016093869997619,0.10002028374819054,1.2932107313856112,6.191652048964083,0.10003273234437403,0.10000002112260738,5.957656078210273,27.62619212850979,0.10002168354308665,0.4310533531171681
vel,0.10000053990814968,0.10000000000177185,0.10000006042885101,0.10000018982033915,0.10000000000395085,57.09999770727119,0.10000014325568855,0.10000108233682002,0.10000000000117855,0.10000027694378133
venerabile,0.10000000000155208,0.10000000000084534,0.10000000000091015,0.1000000000006434,0.10000000000188389,42.09999999996509,0.10000000000053738,0.10000000000122716,0.1000000000005619,0.10000000000078967
venerabili,0.10000000000111002,0.10000000000060452,0.10000000000065086,0.10000000000046012,0.10000000000134722,187.09999999996782,0.1000000000003843,0.10000000000087758,0.10000000000040182,0.10000000000056472
venerable,25.071693612000495,8.635396458116588,50.48866636146791,0.1000214434033465,31.931711406244833,0.10000024359602623,1675.3469657938206,145.28809943867836,0.10001892904306171,46.93742631332996
venerate,0.10003102473751191,0.10001491448743409,0.10001896133289591,7.699150615621982,0.10002591502746416,0.10000038330125674,23.74139741492412,79.45823612125754,0.10003292643638495,15.50109172256105
veneration,13.531807468103882,0.10002279348727604,6.06229404577142,1.6422001497927974,0.10002049250091788,0.10000004079414786,26.92005295849089,99.66279580623122,15.355565610115555,3.5252406343760527
venga,0.10000000000062295,0.10000000000033923,0.10000000000036524,0.10000000000025819,0.10000000000075597,43.09999999997047,0.10000000000021565,0.10000000000049243,0.10000000000022548,0.1000000000003169
vengono,0.10000000000071496,0.10000000000038932,0.10000000000041916,0.10000000000029631,0.10000000000086763,46.09999999996996,0.1000000000002475,0.10000000000056515,0.10000000000025877,0.1000000000003637
venture,1.9291122922436745,4.2762285057777305,12.991566381609752,0.1000344128778987,9.200438563993949,0.10000008503371112,0.10006478668833706,0.10002860439734519,7.588585232995188,12.613941133957065
vera,0.10001315677775256,0.1000113460557549,2.1497655108857665,0.10007208535175341,0.10002522844767503,32.098269660644306,0.10004457595213558,0.10002253459677672,1.0517656226002492,0.10001027825900728
verbum,0.10002330179907813,0.10000575981662217,0.10002006820782854,43.994687771328586,0.10001687386869396,5.949905448183855,0.10000153528460586,0.10001592874184517,21.355321804201193,0.10000150835935616
verify,7.548857130497142,8.434643208215105,29.614439378444906,0.10003915428566788,2.713102220761993,0.10000004169359752,0.10002596036599623,1.5987689815977948,1.580379037283818,3.209744886484759
veritate,0.10002124810438986,47.82148769429715,1.3783515347471191,0.1000232828123424,0.10002185929194003,0.10000001500961926,0.10001273690352094,0.10004540905510503,0.10003408636512856,0.10000213313428957
verità,0.10000000000055374,0.10000000000030154,0.10000000000032466,0.10000000000022952,0.10000000000067204,92.09999999997096,0.1000000000001917,0.10000000000043777,0.10000000000020044,0.1000000000002817
vernacular,26.966644474368767,0.10000058203370817,0.1000171951880456,0.10000109240619219,4.6037443127166044,0.1000001707236619,0.10005367093670518,0.10001500653826216,0.10000190967358978,9.729521585191364
vero,0.10000479219274393,0.10000874100093393,1.3503890455574137,0.10021871143135537,0.10001227620292122,53.84934970503441,0.10001031042121834,0.10000344631453266,0.10000000000185218,0.10000297137073871
verse,0.10003074753251132,1.8446921478779403,20.40189221626183,11.6284640196878,0.13343551275773147,0.10000017519058993,0.10002602653506006,3.5888883492085344,0.10001753758364391,4.002553267040729
version,12.73863603628225,0.10001465712281536,0.10002248008686729,13.173064306393593,13.565117796656839,0.10000010656000922,0.10000953845847067,0.1000078467489483,0.9642353431170672,24.058891888305844
verso,0.10000000000109067,0.10000000000059397,0.1000000000006395,0.10000000000045209,0.10000000000132371,94.09999999996789,0.10000000000037759,0.10000000000086226,0.10000000000039481,0.10000000000055485
vescovi,0.10000000000071232,0.10000000000038793,0.10000000000041767,0.10000000000029527,0.10000000000086456,366.0999999999702,0.10000000000024661,0.10000000000056317,0.10000000000025787,0.1000000000003624
vescovo,0.10000000000059052,0.10000000000032161,0.10000000000034627,0.10000000000024478,0.10000000000071675,305.0999999999709,0.10000000000020445,0.1000000000004669,0.10000000000021378,0.10000000000030045
vesper,0.5897463468364634,0.10003010681689127,0.10001657890887565,0.10001872546725725,0.10000254307359276,0.1000002755847277,0.10001606047738015,33.58066237422878,1.655414231827902,1.5740927564835034
vessel,1.4581414331368747,0.10005795252861172,0.8741861603572012,7.2234985136086225,0.1000187452084009,0.10000209146422834,0.10004645601598665,9.717530467961812,0.10003434679200132,17.22648383250324
vestment,19.716192510832766,0.5526566544350442,0.10001648310434931,0.10001220542132756,0.1000131283039562,0.10000009037634278,7.1733824207246855,0.10004642065988889,0.10001675500695525,7.9576633308147775
vi,71.74165396664975,159.76355726813887,6.173242597235228,139.31423991904475,1.6811034431064913,328.88270657476613,0.10002599094774019,31.7292285513631,239.5052641434983,19.1089775448893
via,0.10005242789447902,2.929316828718484,0.10000630974818121,3.9890660839315295,0.10000286338660923,32.10000476843873,0.10004878794169438,0.1000527144095737,4.6569977576448895,1.8244514574671418
vianney,1.4243691590694334,0.10000316106102562,0.10000962365684216,0.10003556217891675,0.1000003742715651,0.10000000000118658,37.77545947996134,0.10006045746999542,0.10006149057945905,0.10000069142358313
vicar,94.43698741608986,0.10001555303087492,3.160190578313107,0.10000806701311883,0.10002901757187105,0.10000001924634207,99.4285433345456,11.281443959614846,0.10002230606972438,90.19275974823336
vicari,0.10000000000089329,0.10000000000048652,0.10000000000052384,0.10000000000037029,0.10000000000108428,49.09999999996894,0.10000000000030929,0.1000000000007063,0.1000000000003234,0.10000000000045449
vicario,0.10000006285646565,0.10000000000061748,0.10000000000066497,0.10000000000047037,0.10000000000137665,79.09999993711226,0.1000000000003925,0.10000000000089644,0.10000000000041047,0.10000000000057699
vice,0.10006901891101343,8.292477710770836,3.23565135242787,0.10002684830594237,26.420287329613746,5.242493972622479,123.76781812307999,8.511787471704297,1.1941215949627275,26.1352665771839
victim,0.6692162928224281,64.1958017045723,13.845672633733173,4.701018825119489,0.10002143431806453,0.10000004056573863,25.041277547485883,100.53225393831148,28.023998790382183,1.7907387923412015
victory,0.10001458808278917,8.933782141106107,0.10008979382527229,44.45307722913101,0.10001569185629348,0.10000001493656664,87.00238365256772,27.941713292471928,0.10002382155125465,1.168899774165466
viene,0.10000000000046037,0.1000000000002507,0.1000000000002699,0.1000000000001908,0.10000000000055867,133.09999999997157,0.10000000000015936,0.10000000000036391,0.10000000000016664,0.10000000000023418
view,74.24092515190998,214.5480371493293,194.27851878575768,85.4573412272668,47.61077432717452,0.10000006547710637,21.530157710294652,12.228749729604592,120.92920997889348,48.07628587395343
vigil,0.15302451696946692,0.10005281046158394,0.10001674400467106,6.468445911664551,0.1000148429164562,0.10000194610683373,6.837323745462122,26.024070799756192,9.360244376592238,1.756804305698517
vigilance,14.913956910734159,0.10001158598911615,26.657392733783674,0.10001890620066307,0.1000351771117321,0.1000000680406963,102.89326860492618,0.10002281256499225,7.096725617324609,2.9385675830253377
vigilant,0.5835684774716077,0.10001673701109869,16.802107471655656,0.10002032839910695,0.10003070828480845,0.1000000669138409,34.64583048207812,0.19111385369222245,27.741506343863424,11.635805530309467
vigor,0.10002198403378498,0.1000101585880919,31.246926599840624,0.10001859473886987,5.319126131870847,0.10000015216238874,43.63288459516347,2.06757268531781,12.233417433447958,0.1000216645517494
vigorous,3.756969494424396,4.846128904372592,0.10002663153677585,0.10003696753488693,0.10004161038131985,0.10000006676933249,48.80901415973115,8.457700730644016,13.122414968448524,1.6076664657877022
vigorously,2.7327226902212245,3.62762361659426,12.379456785925203,0.10002231032132913,14.785605325741797,0.10000001050231933,0.10005802990256445,5.61563612773718,4.536404036105532,16.022471066551184
vigour,0.10001397997453836,5.62208942161382,0.10002728765287859,0.10004715945879358,0.10005970646318413,0.10000002056461212,0.1000444532360839,0.10010846263710058,23.569075857338998,6.108533650591313
vii,36.39943487012592,4.6232527820189055,19.067076456655375,19.805937991690044,10.182296584336983,19.129150453546075,0.10004247736352612,13.239749776141046,11.676816225261566,32.776242382464645
viii,71.760739693917,2.776474430441698,8.7572915186405,17.170736421421772,0.1000293446459389,45.42247530051398,25.089638670013517,11.928465553677654,5.144759944806019,49.84938912154546
village,0.10001417596459178,2.734833852908594,0.10001005876796015,1.740935322660456,0.10002251844860774,0.10000003647258508,23.49140742753407,4.221365911672421,9.696164206816054,6.715246488427813
vindicate,0.10003286894120632,0.1000244826730961,5.229566089572394,0.10001590978242977,12.865677676986317,0.10000001615592208,0.10006636352982522,6.723828546835369,6.0043684345340775,6.6764196105994085
vine,0.1000056333815889,6.195098839893575,0.3868791756218015,0.10003171414624573,0.10008430675163013,0.10000134744593389,0.10003628797202807,8.191949777377802,57.298798686971885,13.427114230052695
vineyard,0.10000951996819744,3.7612923223220514,0.10002378711816631,0.1000142628455247,0.10002682243081837,0.10000001906304476,48.70207065089903,0.1000171751139742,42.45776544944543,16.478779990510308
violate,0.1000320973086477,40.28841020554634,42.92112211763116,3.278495408736034,42.0314272999032,3.109316360865092,0.10003482416659736,0.9229607665435636,4.0980314189961335,54.150169499911286
violation,0.10003978238185185,33.67509793867005,21.36307623310229,4.336357441444166,13.893784002946385,0.10000008347806572,0.10003806040806537,4.727022449844247,5.851789138758445,22.85279486859674
violence,0.10002791102345665,177.89858306219048,19.96555400781564,3.557959977368787,9.813823036200205,0.10000009903421823,90.37211197360614,0.19150424080659034,29.662461310012596,14.337974381602656
violent,0.10002912484618913,36.886265006990705,12.847679147743273,0.10002195076733335,0.10003329027198067,0.4093293311725277,42.52583022254982,0.10002628203034629,3.9937821739721113,15.93700346925325
violently,0.10001212741103947,8.526092037237749,0.10005558004970429,0.10000910734425984,0.10007254832184481,0.10000022847464528,0.10009529272506794,3.338552258791683,3.201761512978371,26.333349306181187
virgin,1.2799160026031804,0.10002622667323027,0.10002612546181991,126.62350352665617,0.10002792817705178,0.10000011891798159,70.97897504874355,901.5192196778424,68.32781942723527,16.87048591736178
virginal,0.10000730111931755,0.10000624070465555,0.10001350859592413,22.937900311575113,0.10002653573165544,0.1000000007754771,0.10000943833543531,33.565567266382544,4.440421173460457,1.4560482230694534
virginity,0.10000668838766773,0.1000028307506569,0.10001214499598908,30.498311411804153,93.82452459616628,0.10000087941091326,0.10001285879652959,46.21330212338771,11.889984257213992,1.0738422088235926
virtue,24.625075411415562,38.38780996302581,133.14496094866448,46.088253580750056,76.51225309916357,0.10000021878153621,815.172591711347,249.40531324798042,144.78780119887125,85.77594061966374
virtuous,0.10000645312133383,2.2754969357404944,2.152188104247723,0.10002229930787945,6.617964045501169,0.10000002433915128,35.243155553145904,0.10002205657358047,1.6834354202559039,8.627709107431205
virtù,0.10000000000075165,0.10000000000040933,0.10000000000044071,0.10000000000031155,0.10000000000091225,69.09999999996981,0.10000000000026023,0.10000000000059425,0.1000000000002721,0.10000000000038238
visible,9.403445914177825,15.083330979346881,36.88523477848036,88.70613004129903,0.18339474640121395,0.1000000497884898,1.4903172336888175,66.47159949080456,93.50726997692344,6.169276788734388
vision,0.9895289821754074,81.73815109803036,46.31605497624298,103.69731051071304,0.10001745662188039,0.10000004281562064,0.10002042177633753,24.11660908068095,47.74229267625827,0.10001475438439782
visit,14.070131846592421,2.100722605047131,1.4905779958327987,34.25467789825604,0.10001192003669215,0.10000006909245694,47.674135809381305,70.92964527816915,50.51333453070001,67.76676204654714
visita,0.10000000000022762,0.10000000000012395,0.10000000000013345,0.10000000000009435,0.10000000000027624,57.09999999997281,0.10000000000007879,0.10000000000017993,0.1000000000000824,0.10000000000011579
visitation,5.581988405357001,0.10000860805942173,0.10001200669281261,6.838979723119766,0.10001821533738531,0.10000007497340575,0.1000347899601611,12.540819127881184,0.9626782948228667,59.575460753475305
visite,0.10000000000019747,0.10000000000010754,0.10000000000011579,0.10000000000008186,0.10000000000023966,48.09999999997295,0.10000000000006837,0.10000000000015612,0.10000000000007149,0.10000000000010047
visitor,0.10004331072311842,0.10003872930841068,1.952288632949202,0.1000296796833397,0.10003351072899982,0.10000001562394828,0.1000797741421931,0.10005048998032408,4.732210310732129,34.6152255456406
vita,0.10006001655457797,0.10001658070219037,2.137474270210609,8.644508242777823,0.10000545233276863,81.29114914197123,0.1000270562683476,0.10003562092549126,2.9035777359980974,1.5231458818763444
vitae,0.10000883920754892,51.26898379274812,3.234770130298152,0.10002446642199622,9.648008878818152,1.588501026361566,0.10000914320758844,4.3632251842873195,7.496460985811508,0.10000755255051719
vital,1.4128836373374953,30.964020623821842,66.68077367972602,4.813241915267344,0.10001493800777433,0.10000009925723004,4.973229424863455,8.122496807987023,85.59339877952497,1.239940093849191
vitality,2.1503614253137564,0.10003622385835666,14.742084277856858,0.10281212136773821,0.10002178660502727,0.1000000225040737,0.1000260125787323,0.10002620369935174,60.404626988331856,0.10000493754850866
vocation,36.1692544986361,73.89066656747552,39.55399467293351,230.01656754798927,0.10002155234807464,0.10000000942953821,42.53635922691957,0.10001282484289631,685.5219913506071,1.01113174848856
vogliamo,0.10000000000082017,0.10000000000044669,0.10000000000048091,0.10000000000033997,0.10000000000099547,85.09999999996946,0.10000000000028396,0.10000000000064843,0.10000000000029691,0.10000000000041728
voi,0.10000000000086544,0.10000000000047127,0.10000000000050739,0.10000000000035869,0.10000000000105028,293.09999999996927,0.1000000000002996,0.10000000000068414,0.10000000000031325,0.10000000000044024
voice,25.66369547841424,38.819046454305365,43.783836811543146,109.14803119724405,10.196177202121888,0.10000015827135052,220.94221539992702,92.35015164354478,72.91421224351036,31.082633410780762
void,17.374050826291544,4.903482559510253,0.10004442696515499,0.10002830555487367,14.74710503462733,0.10000002454433686,0.10003237003121675,0.10004210721347782,2.8133229725269433,94.6618913723653
vol,154.08850676472537,11.465194510467487,8.403692876542284,0.1000285895862541,0.10000681053521622,1.7805059977000226,0.10001901465672557,11.29804293614416,0.10003338521257152,4.563969114082586
volontà,0.10000000000076434,0.10000000000041624,0.10000000000044815,0.10000000000031681,0.10000000000092762,46.09999999996967,0.10000000000026461,0.10000000000060424,0.10000000000027667,0.10000000000038883
volta,0.10000515594388597,0.10001078918990128,0.10001241177072559,1.0999019027135921,0.10000004537670085,191.100017784267,0.10002773077777002,0.10000987401657983,0.10000429823906995,0.10001000748913434
volume,13.887066808604118,0.10002126380764545,0.10010931990351443,0.1000082475526359,4.6718173868145145,1.1042917603019102,0.30367950142400607,9.183059392508914,0.10000169415458247,12.449944624606742
voluntarily,0.1000199724940939,0.10002142575493699,7.7155748416619,3.2439944888675614,0.10006202710449463,0.10000004160270308,18.97001818039202,0.10002418242474594,0.10003785844131498,7.470246980896093
voluntary,2.0674241147829817,0.10000848716964796,19.055263522489092,9.019742579758116,0.10003110264560118,0.10000051132195896,12.445803156618627,26.657980157078857,2.537107930629458,1.9166384371684073
vostra,0.10000000000098978,0.10000000000053899,0.1000000000005803,0.10000000000041025,0.10000000000120125,141.0999999999685,0.10000000000034269,0.10000000000078246,0.10000000000035827,0.10000000000050349
vostre,0.10000000000113875,0.10000000000062012,0.10000000000066765,0.10000000000047199,0.100000000001382,84.0999999999676,0.10000000000039423,0.10000000000090023,0.1000000000004122,0.10000000000057929
vostri,0.10000000000072415,0.1000000000003944,0.10000000000042464,0.1000000000003002,0.10000000000087898,66.09999999996998,0.10000000000025074,0.10000000000057258,0.10000000000026216,0.10000000000036843
vostro,0.10000000000079681,0.10000000000043388,0.10000000000046713,0.10000000000033024,0.10000000000096694,59.09999999996955,0.10000000000027584,0.10000000000062988,0.1000000000002884,0.1000000000004053
vote,95.78987953131312,9.986352504385572,6.704610268380118,0.10002188595010307,0.10001739013483261,0.10001252852915711,0.10002545981447589,0.1000056679797523,0.10001044637851615,53.91906431686905
voti,0.10000000000033266,0.10000000000018115,0.10000000000019504,0.10000000000013788,0.10000000000040372,95.09999999997228,0.10000000000011516,0.10000000000026296,0.10000000000012041,0.10000000000016923
voto,0.10000000000041159,0.10000000000022417,0.10000000000024137,0.10000000000017062,0.10000000000049965,50.09999999997173,0.10000000000014253,0.10000000000032544,0.10000000000014901,0.10000000000020941
vow,10.976654430105844,0.10001334532838731,30.106155093603903,9.9252948563355,30.016324535555086,0.10000005772730279,0.175328031816641,19.442828248705215,7.594225067105577,60.56317633338925
vulnerable,0.10000450028343974,44.07239537043362,0.1000076658603904,0.10002051524798215,0.10000697984405077,0.10000001319263956,0.10000433321228612,0.10000156319475946,4.127558904703217,0.10000015387030502
wag,0.10001488055791495,0.10009438069976057,1.9034125122280843,0.10000572350356302,0.10004550941161834,0.10000007242669584,41.296390609181586,0.10001392106499499,0.10000115319228811,0.1000212374288734
wage,0.10000291050685228,63.49394102279527,7.4552172171669495,0.10001026918412186,21.370791109000127,0.10000000317151457,19.9546469465515,0.10001127110970144,0.10003595465410513,4.225343295573225
wait,15.088467865177133,17.253407164273725,3.8849757878491156,46.050629410206994,0.10001742246118905,0.10000006457398636,27.076409845384834,4.922989962057294,8.96980801950965,12.553294458167022
walk,0.10002840329411375,7.104054135847157,19.227314906172253,61.48290728824249,0.10002542434125393,0.10000062609094083,70.65169580817293,5.465368164711194,39.09327624816858,14.675328994620422
wall,0.8904111806314543,24.151817802644103,5.547171667413276,17.403307315410878,0.10002443271784658,0.10000006344659502,58.8890009127316,0.10003583764539704,0.10003404991097985,17.718196737093663
wander,0.10001338141351211,0.1000115905627824,6.298829220963486,0.10002275606821827,0.10002311772391012,0.10000004750899563,33.796943048412764,4.332330397939243,0.10003318379223078,12.971793255314742
want,37.22278795288062,87.38873561309019,53.70194056912709,121.23183536558591,19.917272053700042,0.10000023174921079,274.2060713123021,29.875285343183357,12.130928403286081,67.22514315475908
war,0.10002050255139228,230.63912406080058,0.320034731297585,6.316213890974879,0.10001565340588588,0.10000007791745143,319.57523064066805,0.10002343870990467,0.10002308497468793,28.649313918402814
ward,0.10000875308357358,0.10001055942923645,2.918199850914275,3.5730391633181684,0.10003541297196898,0.1000000000048776,35.8086495546084,0.1000126424796617,0.10000848766354263,0.10003557527088767
warfare,0.10001778758012103,4.919761442652831,0.17775002344547297,0.10001021831785073,0.10004117362293218,0.1000000000035022,26.846008059601402,6.456323750644815,0.10006059333440266,0.10002695041097366
warm,9.249675447093471,7.548581691121863,6.673207874651159,12.535840941679217,0.1000214523765113,0.10000003983830273,19.387422687507648,0.10003668565158397,1.3263036818421519,0.9789094978606745
warn,2.647881777383611,8.693008332433083,39.87449589699594,0.10114486458994834,15.287699329648637,0.10000037201744116,89.43464453983334,14.471540525356312,0.10002342155030326,76.28956093985873
warning,0.10002820247622356,6.953871105624773,18.530588429389173,3.404342056337401,0.10002411280348253,0.10000041219489365,70.93424538077481,16.89538344130036,0.100023657780103,61.88149320098919
wash,8.424478026830613,0.10001508492577123,0.10002235044396884,8.058534367830797,0.1000154810367643,0.10000060796361744,15.493778150603475,22.786251083296083,10.205964922799678,1.6309399239494942
waste,0.1000117184975039,54.7928483386958,0.24150712404907582,10.726766797440863,0.10003253634824939,0.10000001919498834,33.451446473606076,0.10002667269076065,0.1000304387045909,9.287329880445169
watch,9.439285031211197,3.60577578249846,21.465915584556573,7.644213822427306,0.10003177865269032,0.10000008103531847,116.31130214602634,21.536015747457647,2.2967661945705835,15.500693831212986
watchful,6.280985598907366,0.5959653993709515,16.90906796330362,0.10002153287291422,9.322282303921153,0.10000000151821423,22.431168322715845,8.517637176518218,4.440096275369997,8.30277542515245
watchfulness,0.1000097713760229,0.1000040727998986,5.985937252792992,0.10001798022557289,0.10004286305291994,0.10000002880511293,33.21253742423863,0.10001585703851543,0.10003151740969227,0.10140323196524843
water,20.182844427619827,86.98354687945206,0.1000207899723923,108.00486883597941,0.10001832596908054,0.10000006408297114,16.167525295665076,86.76355399867063,11.563286354671476,49.03433502759759
wave,0.10000750678160511,5.311081161468643,4.354247647732433,1.3487303166984435,0.10003676404395417,0.10000014520486006,38.861287373141494,0.10003293071528836,1.3900877683506185,6.334488385498039
way,252.53156178291002,782.4161461021757,655.9158621727627,1524.1337668391193,247.69633894592891,0.1000000880958293,434.0547783435372,296.61864199484927,1129.8215816705756,745.7113220597095
weak,1.5243331810649474,84.5306013751026,10.270251961930333,24.829803083555536,7.094583663447426,0.10000001749552202,72.21240596534953,24.478096065131844,19.158080741437285,9.801843945139861
weaken,2.074484827694786,22.53978252207969,17.84504933689627,4.698695216793926,16.41358874909988,0.10000002643181355,92.19123047278357,3.8980562117798025,15.269319014996737,6.969793621091381
weakness,9.170650151770518,11.031149048153049,45.96520698062624,110.23700296585127,0.10002886204558319,0.10000004036075469,63.4933723490892,0.10002482647591963,20.65760326834836,5.1449615069437735
wealth,0.10002265781487557,108.91557231191125,5.344386506369246,10.612314035085834,13.597703031580657,0.10000002649988157,79.06462070610054,6.175006652969797,29.33453893448863,3.7558351368403593
wealthy,0.10002481672724564,33.06747101697634,8.264283784086397,0.10002373829141033,0.10010847185435436,0.10000000137322534,0.10011678250125625,0.10007589297293168,0.1000102424741019,6.967885252201545
weapon,0.10000392180183829,40.169298836514756,9.276312779619271,0.10001998820627837,8.395732948835619,0.10000008807792268,59.721600880299675,0.5550381674998089,0.1000211626968402,4.481971226152352
wear,4.018147707533728,8.22541882202168,0.10001878442430444,0.10002028084100094,0.10003642340111375,0.10000007258005933,13.901396328614807,8.61804140016215,0.10002516742240801,84.7368950126884
weary,0.10000228721415669,4.79259053592396,0.10001371430053804,6.449597710655188,7.927194515378274,0.10000006060691172,21.264845167049003,0.6524185619392474,0.10002049737297364,1.5133169492476282
wedlock,0.10000056436668815,0.10000092546567477,0.1000047410258615,0.10000249633409083,36.099934172487984,0.10000000000104083,0.10001448303729542,0.10001433932628842,0.10000003482027654,0.10002824302861892
week,13.104654351382683,6.361717495781807,0.1000232582755973,8.733770108482984,0.1000172124801571,0.10000022289184092,0.10001994304844566,67.3130537246706,8.775956003700594,11.310787678975132
weep,0.10000881230267768,0.10027608648624879,0.10001384518752139,19.152021153760735,0.10001208534954206,0.10000008768903373,29.024612410353807,0.10003633711432183,2.123003974459242,0.1000152069918343
weigh,8.021503379533684,11.68682457539136,24.045921812087276,13.79314621551027,6.133477153619743,0.100000046827788,48.446740628972016,14.717829509446329,0.1000468558075186,18.95450982246026
weight,6.8267799688204205,10.293667105835029,22.929738630505113,0.1172858035205229,11.924284580910028,0.10000005560347834,50.579198678688115,0.10002540970126343,0.10003218625290393,6.028987579806751
weighty,9.161583347310744,0.10004330496226965,6.675341660880467,0.10001589012930695,12.534983891065966,0.10000008984866943,28.027977352533266,0.1000299369729734,0.10001042977961147,0.10001409623952354
welcome,5.147764840366544,45.145628588799504,11.9974546803949,71.64158742630116,0.10002839473651788,0.10000006039070151,61.75301719219606,0.10002934290831422,99.10101534030447,9.913474133263154
welfare,15.08159634246776,59.769500795907305,31.537400615619106,0.10001540384608425,54.29928306288353,0.10000005330183631,206.3572834140456,0.1000180409480182,0.10001401494067756,2.5548882557680765
well,155.3603639983826,287.7956225905531,246.87839299754543,101.789950075649,203.13638184457645,0.10000010397564471,739.0316616404642,91.85390145645194,464.506542168117,219.5471831239489
west,26.694424406053336,13.661825839068387,0.10002662663446042,86.77897569389435,0.100013306598659,0.10000007215477637,19.742876920112472,21.874721230108054,27.846388927323222,0.10074697772662668
western,39.383212678656456,14.04834595811428,1.0546128483003303,0.1000440562619751,0.10001785339904942,0.10000006755266014,0.100035064779415,4.003396884183268,15.994668140371287,52.11566644800268
whatever,16.90867136180464,50.64507642771879,94.55190339488061,65.85876483039644,98.4109117157478,0.1000001440753868,158.3667056225916,51.01921576899787,47.94466696142235,346.19408377202666
whatsoever,11.083688064444548,7.437605144189194,4.758450173708953,0.10001849696507034,54.222268500500945,0.10000008516809476,31.211371252551206,15.164137876896184,0.10001170779723872,99.82244869748938
whence,0.1000338241893935,0.10000870143306756,14.18018111814917,0.10002382867815136,35.92882346659508,0.10000084682091345,36.94294044533176,12.892124232853652,0.10000215244880817,8.555861383246357
whenever,27.357502978764135,27.554233058518687,3.2289414307840425,40.29024199349425,22.6180031052845,0.10000006910172153,53.80515545289399,6.036026857845089,5.273799818684443,23.73609523428627
whereas,0.10002203476620088,22.604600346191642,15.131485553276628,24.02480857589263,35.12558510288932,0.10000008058414304,0.10004040087125204,3.562159004247228,0.10002219502493585,11.15127670591504
whereby,11.230952644778112,22.75843335735661,14.847866700131235,72.31564131899698,36.23860920688665,0.10000003447478299,31.629216788360626,29.38200134826095,20.744986275812597,38.75229232460242
wherefore,0.10003607174895297,0.10000307227509847,0.10002453170192752,0.10000375357914651,112.9098717367907,0.10000002646390581,65.2327058905403,54.491810279062655,0.1000016639126384,13.765542973719045
wherein,0.10003879996401703,0.10116867563062952,7.186259530716168,6.441340873520801,11.076151020976928,0.10000003167756209,24.07575576203821,23.449677737476556,0.10002969802890885,0.36957786958913685
wherever,11.75301822155253,6.299499804527557,5.608500352812747,28.67035534567423,0.10003574753434523,0.10000011018556111,98.67393012495337,17.021030246398137,44.552627255719365,17.221002790298346
whether,169.30610603604094,95.26814891099446,143.8945581766652,34.06929266410013,91.84202057125802,0.1000000506868506,40.465869945589404,43.56626817619515,56.74126852470778,223.74646694342468
whilst,0.10000523957807485,0.10001385594970959,11.799972282869076,0.10001006483903976,10.196099913000811,0.10000002168354187,44.498036235798025,0.10002986074869581,0.10001600318979943,3.9058165220964196
whoever,0.10002838266006049,15.944164293053172,44.2204798678559,70.57521426060512,6.52614380274192,0.1000000506473482,0.10004271251943392,9.13459819389873,3.9772159229843327,109.32211251266678
whole,81.9466761701297,285.5856725695292,200.3776710620132,635.2435253016355,103.07771069983725,0.10000012524768251,458.2284999944572,319.8027782716597,549.5651169095461,208.07234889560777
wholeheartedly,0.10002086489763257,0.10001252961359587,2.5391937714365724,0.10002335987491767,1.1417057192495503,0.10000003488519715,14.815740082592434,3.313785294779717,14.697586622866226,1.091931719472926
wholesome,0.10000870615291663,3.064829723956681,0.10002292230043401,0.10002660105464067,12.89013445503256,0.10000003451377168,21.797473776298354,8.858681465895634,0.10004269532565033,5.888779619126271
wholly,0.7853951020927996,0.10001272287991954,14.491576202009396,12.972843712171292,69.47581868213857,0.1000000690385992,16.222326210175304,36.208797219501136,5.215897726076719,22.42733235359063
whose,48.675037382381404,72.58722360982195,141.46292218410872,141.07004879548487,44.86994589671742,0.10000019018883793,536.3591770699574,111.67238711718842,98.67848291452647,156.52477483928772
whosoever,5.879712664699659,0.10000477538745253,0.10002523911253672,0.10000990814675219,28.080874217747084,0.10000003256415498,15.791848557501856,0.10005664722102361,3.1155588236986045,3.6319091336204354
wicked,0.10000637507454793,0.2477915502149972,4.112025825769864,0.10005371587315402,16.57871375554987,0.10000004888174246,103.01669736483107,0.10002394469278167,0.10000360654803447,87.54468381223253
wickedness,0.10001436649335115,1.2752206776289792,0.10001857546270454,1.273038719078327,3.5472588485894194,0.10000003375588697,55.82118823759392,0.10003022767042577,0.10000366521358832,43.58322664821324
wide,0.10004469253538815,38.45932574446641,11.792512731475293,26.997715952041418,19.6584819138656,0.10000006113529243,79.73875112056538,6.941264925707751,18.14793989254958,6.0639629653061595
widely,0.7807569284064009,7.693233450759068,18.878155336195537,13.477428257602902,18.58022233897335,0.10000018660614078,69.19461350782731,9.821316245644914,21.07899924831611,3.3952744993180164
wider,3.115798311793093,36.44595839553625,4.678218905617424,7.165902504086032,10.940316126859035,0.10000001417043375,0.10004058782229733,5.518590507813945,17.58970070202936,3.3454739438980345
widespread,0.18211526931496008,52.55685180167142,25.92249871098458,27.158800154567913,0.10002836451914292,0.10000002507700106,20.487678336220462,9.325551991732077,46.38385994168247,2.782615403868385
widow,0.10000710941524896,5.1751501748909305,0.10001822661994104,25.817757044476604,0.10004322134191093,0.10000007535352766,9.380801397748211,5.066745848631738,0.10002639534691721,7.059450505855757
wife,3.5917246137071777,0.10002106856224129,0.10001415792173496,46.60049527225654,290.7394809630051,0.10000001679396796,0.10001555000935027,1.8269440028900021,5.623758242253501,28.2175461123131
wild,0.10001362373617517,10.364560352045201,10.10643728539579,0.10003338659132996,0.1000493124557045,0.10000328322778564,0.1000818327693281,0.10003803640535727,0.10000259851204853,18.828780288455985
will,0.10001812777534042,29.273887207521867,6.5381156202839374,67.55822851001946,79.40816752964794,0.10000027831134639,55.62919453878863,47.11083941888372,31.504298971361248,45.77724979707998
willing,0.10002439903762558,21.492526685527153,16.1766611735409,0.2662709839411881,7.506053828323805,0.10000113827212391,45.743071612291914,0.10003091384478875,13.525495814742548,28.98986345012051
willingly,9.237419940237778,0.28641401502977404,9.591919340463281,3.123518344414671,11.106040120234601,0.10000002347815401,78.56534300414846,14.67239942639734,16.126828980727172,3.190116804510568
willingness,1.3520995481593006,8.227379306937335,0.1000133449972503,16.319180126645172,0.10002944188672375,0.10000006702954833,7.972862125120187,0.10003731980432709,17.628386164805175,0.10001255429899784
win,0.10003960713495894,0.28978307827264205,11.342944409990324,5.945390658675624,0.19326552613973885,0.10000008038856409,114.43209762841124,0.10003445333297196,3.6069267207518374,11.889517836529947
wind,0.10002231111082474,7.319167959378568,2.518043585500672,11.52938553423925,3.0109120434748453,0.10000016536441342,36.205715678435425,0.10002969998738577,0.1000292103281299,2.016693811837395
wine,26.56694464613118,4.33911880853619,0.10001610546160285,9.916925457766087,0.10000884752895675,0.10000001651983703,0.10001246520089789,90.50006862799341,0.10004082675759456,33.1768641978052
wisdom,1.673396454479179,40.82815293212723,313.11879939688345,19.489860615364638,83.47396578208307,0.10000004603195602,204.3987183896729,117.33347445272513,64.29852911585523,9.285102814438773
wise,9.645484245937688,6.289450764120387,56.614410299921495,1.077309370746518,74.36412676574611,0.10000004710257254,156.31321850138264,33.76066488271147,9.74913706996581,20.086198052021068
wisely,17.057012402104384,6.564194024196584,0.10001964882910486,0.10001386037945015,38.99693282568459,0.10000004196356224,65.32507675103871,10.438702852720992,10.0054988292718,13.312548763505115
wish,69.86159114153673,92.85381109774158,262.64308147235954,277.55963811118465,70.53135441630681,0.10000006052603523,377.0755589746183,124.5693363317696,185.2031602122429,446.6024681813776
withdraw,0.10003081262476564,9.293396151785693,14.28208082615723,0.10003151283631512,6.373634233978035,0.10000001677371183,43.476597985387684,8.258344746510277,5.7948648987236675,31.221018814873798
within,69.5290725700247,364.425933643767,276.7887050520541,284.2125631608716,46.94709533324679,0.10000017450350555,21.575786913500785,53.5571701929025,389.52646493079476,235.33720802799826
without,89.65907886583413,486.46709359230647,577.6787176275209,315.70584386300277,164.1304742571647,0.10000014320973624,420.6908178776478,156.03367569808557,322.62884333186634,685.9054547430243
withstand,0.10006227726670486,0.10029579389102299,4.709641812007035,0.10093497689049673,0.10091268946277247,0.10000000001087085,16.00675834222681,0.1000277463889215,0.10004539335458232,14.58132096600014
witness,22.176152484971254,51.33319527841378,26.562958005311412,406.95396491658573,42.11235525358978,0.10000006238073247,82.10732810015574,14.881555094795507,819.907250535511,93.86524026794858
woe,0.10000834651838413,0.10002256782712281,5.8014384766465925,9.653353928492523,0.10002585016465677,0.10000003622808744,15.0187159934169,0.10001354227166834,8.251799596109876,5.774621662016739
wolf,0.10001079253222879,4.0399282434350985,0.1000438719632132,0.10004443397908742,0.10006449040066875,0.10000001481194981,0.10009014979774612,0.10010908026452861,0.10000703033122949,35.159701891955784
woman,54.64540706631628,164.92166693674002,0.10193691824097262,1018.2765438704689,196.17051415558942,0.10000021215374151,11.924076889147695,26.936625596801246,533.6454048468796,55.27782350733738
womb,0.10000816945102592,13.099164878435786,0.10001445679260564,96.65587254228294,12.082179412035385,0.10000001325301841,0.10000542605640106,34.106910414784345,2.734087260247153,5.921757426392049
wonder,0.10001379263679716,24.649717332921444,16.93107365767786,38.45396249598413,13.38060773806028,0.10000029110663797,26.760583497255016,50.74983091970715,6.7160143395171605,2.158195934803135
wonderful,0.10001032490326374,20.74127761692643,15.47626285301754,22.94610990401126,12.582207429420048,0.1000001891261113,136.35618349745405,77.44156544859574,24.156363453284964,0.10001928294805701
wonderfully,0.10000619831031828,0.10001242998539274,0.1000181894835375,12.707440818348022,10.660556875477315,0.10000000884725677,16.336202266450858,11.69573884643543,0.10001785282660941,0.10000651359920397
wondrous,0.10001005645228399,3.620224913643006,1.4158710209026775,0.10015565138314511,6.1183318090468095,0.10000007766957705,10.649217344534787,38.058784416957316,7.737381398427943,0.1000233106485673
wont,0.10001003494889109,0.10000628965412083,2.6642383840233297,0.10001024557856829,36.440193043416386,0.10000000712105736,26.466705097489754,7.896270101993968,0.10000043542121875,4.032566360139667
word,88.63453897705553,125.33455670963703,371.0398683624243,1840.2155038378266,156.69524515686473,0.10000009938097487,744.3993440376404,711.1802861024507,980.4132939988693,399.98736271751415
work,210.5441167578828,1281.0750080531834,312.47309068583996,443.5846099408681,33.353315935626654,0.10000022926672084,1061.2480552309219,284.734459148287,957.1421322976521,175.74521172013615
worker,0.8228051967184558,433.047909767662,0.10002272530296821,0.1000201235511691,0.10017122533712752,0.10000004253125894,47.29674144542641,9.725811937016976,43.606487541538755,0.10002999459442508
working,0.10001418227527907,84.4988110580323,12.276855596184957,42.106428734032264,0.10003657764296786,0.10000016097663052,0.27348989172473054,0.10003368537163701,31.34431587940063,0.10001423402962122
workman,0.10000202067903245,1.9350448551525024,0.3667721364720501,0.10001387716821845,25.920175807108354,0.10000000000225315,17.17791201108646,0.10001672234365154,0.10005820030622507,0.10000436938434126
world,58.4303241068485,1228.729722891744,328.18436402778406,1454.9600757347089,8.25048954718068,0.10000021821509537,816.7262411919784,256.8238363121525,958.1437385640212,105.65120740503306
worldgaudium,0.10000701016552818,19.174795378174693,17.666206605358013,9.628772663237188,0.10001325009269726,0.10000002825252659,0.1000011274461716,0.10000684472001198,82.93019691202123,0.10000018032758289
worldly,3.6610144014579933,7.4036967781796825,11.287139537930072,0.10003422174268212,0.10003441849214098,0.10000004234774544,73.9385892564053,0.10003154143143901,0.10004998342407057,18.20940981819988
worldwide,3.355799214642155,46.36252331358251,0.10001189902337242,0.10002588202036077,0.10000817035081538,0.10000045001225658,0.10001397641048733,0.10002313402751678,12.581591052136305,0.10000290756459425
worship,94.91471269653195,11.490250641265973,72.48351900600547,42.31198723496916,21.31562270383214,0.10000016877518049,92.83020991752615,245.29564533221247,59.089932463115304,65.16811983542826
worth,1.2311976185931763,48.62439725663427,14.247816874566329,12.504323049507294,0.10003202848409529,0.10000005756020905,5.883117024269124,17.275447154294397,3.611668977613513,1.4219999581135818
worthily,0.634950093487447,2.9280090949131448,0.10001994903868346,0.10001956987245368,0.10003312621791444,0.10000001874120996,47.2840084769244,19.36406506367452,4.700870402394533,8.688024204408832
worthy,50.196692970189595,40.199763208241826,49.435171070444795,8.062337440895925,7.727978367605269,0.1000000636745101,234.62253345711207,71.4090336027557,18.323552460609,58.92293735813243
would,109.11884835281424,540.3541785822132,819.0858724742077,381.05321581777145,192.63623702291318,0.10000014982675243,812.0720681443923,219.4032943472813,105.24315386417115,404.9331312440729
wound,0.10003835563262971,12.422265099699842,0.10003675926556846,112.97800641729872,0.10002397791296322,0.10000007909600056,66.47843168508781,18.018984647046988,8.9597349511789,14.742478027428039
wrath,0.1000158953320015,0.10001592674737403,0.10001476653658171,3.249944888828199,0.10003464402841787,0.10000002203971144,32.432227319198134,4.067353719176916,0.10001852180425914,25.650374296024136
wretched,0.1000172753072137,1.1202688895347193,0.10001663385772448,0.10000530708510211,0.10002249514623414,0.10000003891954388,50.54600786429272,0.10002804014768138,0.10000108357538387,5.6336323719007355
writ,0.10001467988214907,0.10000155681132814,0.10002046627133807,0.10001389376933979,18.771005151456997,0.10000000338355558,0.10002835587261874,14.738788706436056,0.7612008024355634,4.128926383391017
write,136.08086206948988,18.075537332193445,126.02724038531548,261.61936201856025,110.16053560242808,0.10000012043795257,222.70200261701422,125.64291555885144,65.59540421929043,191.99614007608284
writer,13.480201165786573,0.1000230368547665,25.007168608543914,4.804842107068465,85.85953283238321,0.10000004965586298,6.252222211301407,57.756074058915424,0.10002257915981363,1.5399133500106696
writing,14.575990061301654,0.1153320922502276,58.167827986268854,4.380126892849288,52.989071913328424,0.10000021515544165,72.56176292724608,63.4925845376262,11.349841471759044,113.26746190187389
wrong,5.434542300052937,29.948155247250867,34.685177814950016,11.412094030696755,32.52648313409806,0.10000003712376378,9.23531440921382,8.345706403387808,0.10001488561849065,46.21251173729101
wrongly,0.10005998005228292,3.66619754400238,10.061783020430505,0.17277599465633806,6.243774322355537,0.10000011314736634,0.10003820887182206,7.582168944252753,0.10001304654481316,14.873188825326766
wyclif,0.10000188065587912,0.10000000000010323,0.10000011564375182,0.10000012700038395,0.10000000164330212,0.10000001507092349,0.10000024374105261,0.10000000000014989,0.10000000000006863,37.099997616202224
xi,63.48576283925347,32.54919757691665,15.863679348146754,4.483949585982117,0.10002248365358223,26.269697140292433,34.59913040548633,40.090053712379195,0.10002105231544993,11.45848585522714
xii,96.21724042678885,29.190306495058863,21.88340655503379,32.731563774311994,0.10003241739169078,19.023006476113725,44.09751343024016,25.151347705924657,0.37789553508334783,29.227687183683557
xiii,60.32448434775969,64.50363948203677,36.62491940046825,10.836262907972364,48.41013715252544,38.260865192921194,56.236142070819014,74.47033823477611,0.10000939624993255,19.233201814144994
xiv,17.39113634564662,0.3505226489160923,2.1853981202950257,8.39947836075452,4.117095923136879,42.2498754609655,49.527672956694005,20.227119423578483,0.10001944377780357,3.45168131585925
xv,15.200132512056806,1.2226984567392323,0.10003262340531031,4.369435990568688,0.10001585989243855,6.499356848895878,44.59693211713627,24.37613283852768,4.435238347027556,0.10002440537123107
xvi,36.140170444053105,144.43333278291792,0.10002813321623262,4.304794420200889,0.10002532799409497,6.1566124376255065,24.959689139001988,7.628225406303413,39.026427114851195,0.15069479347286646
xxii,0.10001245014954015,0.10002344176110504,9.617958968936922,0.10003064978815403,0.10003420347503057,8.086459211991349,0.10003873369127697,11.59169423898515,0.10000723048487256,6.103740870408414
xxiii,44.659263232801706,27.254801429498873,8.090322047084612,30.98625328340995,0.10002219747236606,1.1019866670242122,0.10002216899631237,0.10002664625743389,18.517022669952613,24.090279657144475
ye,0.10000943083826537,0.10001184196087348,2.846625648315367,0.10000460854949347,0.10003612669607771,0.10000001316363134,49.44871850883857,12.004586639002357,0.10000141689721122,0.10000576556162906
year,341.45553656102345,156.44544997209942,9.821528704477558,485.6799522921709,12.233950593631333,0.10000015027822376,768.345881585928,290.0804795178046,155.2289789686286,367.6082416536252
yearn,0.10000856397363445,0.1000326662533601,6.296816231589265,0.1000295577281813,4.711006473798255,0.10000003354371412,13.515946227156515,12.475817234719102,4.500327539170177,0.10001547175152822
yearning,0.10000864860297055,7.6636166764471305,5.248912559172249,18.527877138452958,0.10001267935957608,0.10000000616474607,10.7472805428931,0.10003370226528273,19.31225321914811,0.10000482720323163
yes,0.10002194477028502,15.36450397635999,23.653971013268897,88.0412933466776,0.10002295206416242,0.10000004566514342,6.5476757109333885,0.10003073794227751,13.916386085438305,3.0760941865394047
yesterday,0.10000977867721243,1.1584830418878105,6.050590317248067,28.198272884216777,0.10004135606650169,0.10000000859036504,11.465472089284482,0.10002971286337539,4.627085120407414,0.10001569042698988
yet,14.944477669599808,303.8850837328088,182.36336086556094,313.22350178283943,86.99232945757313,0.1000000647446289,224.24929749598363,165.12581385491322,126.06782351463534,78.04831156100488
yield,0.10003841316441134,32.088291073214606,32.98105071669268,4.478597704618733,14.983598961282548,0.10000005161837415,50.31559202705539,7.147717694370777,7.012089444559036,1.793023913062362
yoke,0.10000849560162392,0.5208050368644902,10.169798788397543,0.10001136941902665,9.468771525349146,0.1000000208604427,47.17914881111883,0.10002961266228375,0.115351032601137,8.146075306793112
young,1.708418375059534,59.92005610685476,406.0676061870837,54.83070566055046,12.096076888061654,0.10000048514385014,211.76516324797203,0.10002239779888633,545.3262663236138,5.0856843275322055
youth,3.993411160056387,0.7519139963703182,234.45997949294772,48.671684717473795,11.843464495062301,0.10000009780336563,184.69416632226046,0.2260415366446158,75.15233465357716,0.10700352747677659
youthful,0.10000515754321634,0.10001842872883832,7.8411494413742355,9.01071091022473,0.4754493310563517,0.10000030788440695,12.909521835726183,5.26310702072594,0.10003318004084091,0.10000438640515451
zeal,17.48543708728301,0.7040392513490893,0.3693655012846403,0.10001666860249833,0.1850339808038853,0.10000017625158845,651.1570268079186,21.58670449614555,44.18142667507477,45.130949354962546
zealous,3.9334233667288703,0.10001046598494741,0.10002893943687652,0.10002094629757381,0.10001698828181131,0.10000018977942465,115.65892152876003,5.508195443462009,6.274865011996687,17.124517118973344
zealously,14.258488788841973,0.10001440418628654,0.10001477766926864,0.10000393476267738,0.10002866612839462,0.1000000004637023,84.61071971291753,0.5283968064976745,0.10000498945793738,9.002327918859303
zelo,0.10000005699348094,0.10000000000066335,0.10000001857835489,0.1000000222579181,0.10000000000147859,53.0999998997472,0.1000000000004217,0.100000000000963,0.10000000000044096,0.10000000239307721
